[2026-07-10T17:17:13.305+0000] {processor.py:186} INFO - Started process (PID=229) to work on /opt/airflow/dags/weather_scrape_dag.py
[2026-07-10T17:17:13.306+0000] {processor.py:914} INFO - Processing file /opt/airflow/dags/weather_scrape_dag.py for tasks to queue
[2026-07-10T17:17:13.310+0000] {logging_mixin.py:190} INFO - [2026-07-10T17:17:13.309+0000] {dagbag.py:588} INFO - Filling up the DagBag from /opt/airflow/dags/weather_scrape_dag.py
[2026-07-10T17:17:13.335+0000] {processor.py:925} INFO - DAG(s) 'weather_scrape_and_load' retrieved from /opt/airflow/dags/weather_scrape_dag.py
[2026-07-10T17:17:13.620+0000] {logging_mixin.py:190} INFO - [2026-07-10T17:17:13.619+0000] {override.py:1911} INFO - Created Permission View: can delete on DAG:weather_scrape_and_load
[2026-07-10T17:17:13.641+0000] {logging_mixin.py:190} INFO - [2026-07-10T17:17:13.641+0000] {override.py:1911} INFO - Created Permission View: can read on DAG:weather_scrape_and_load
[2026-07-10T17:17:13.655+0000] {logging_mixin.py:190} INFO - [2026-07-10T17:17:13.654+0000] {override.py:1911} INFO - Created Permission View: can edit on DAG:weather_scrape_and_load
[2026-07-10T17:17:13.669+0000] {logging_mixin.py:190} INFO - [2026-07-10T17:17:13.668+0000] {override.py:1911} INFO - Created Permission View: can delete on DAG Run:weather_scrape_and_load
[2026-07-10T17:17:13.682+0000] {logging_mixin.py:190} INFO - [2026-07-10T17:17:13.681+0000] {override.py:1911} INFO - Created Permission View: can read on DAG Run:weather_scrape_and_load
[2026-07-10T17:17:13.695+0000] {logging_mixin.py:190} INFO - [2026-07-10T17:17:13.694+0000] {override.py:1911} INFO - Created Permission View: menu access on DAG Run:weather_scrape_and_load
[2026-07-10T17:17:13.707+0000] {logging_mixin.py:190} INFO - [2026-07-10T17:17:13.706+0000] {override.py:1911} INFO - Created Permission View: can create on DAG Run:weather_scrape_and_load
[2026-07-10T17:17:13.708+0000] {logging_mixin.py:190} INFO - [2026-07-10T17:17:13.707+0000] {dag.py:3239} INFO - Sync 1 DAGs
[2026-07-10T17:17:13.961+0000] {logging_mixin.py:190} INFO - [2026-07-10T17:17:13.960+0000] {dag.py:3262} INFO - Creating ORM DAG for weather_scrape_and_load
[2026-07-10T17:17:13.988+0000] {logging_mixin.py:190} INFO - [2026-07-10T17:17:13.988+0000] {dag.py:4180} INFO - Setting next_dagrun for weather_scrape_and_load to 2026-07-10 16:00:00+00:00, run_after=2026-07-10 17:00:00+00:00
[2026-07-10T17:17:14.035+0000] {processor.py:208} INFO - Processing /opt/airflow/dags/weather_scrape_dag.py took 0.740 seconds
[2026-07-10T17:17:44.339+0000] {processor.py:186} INFO - Started process (PID=241) to work on /opt/airflow/dags/weather_scrape_dag.py
[2026-07-10T17:17:44.340+0000] {processor.py:914} INFO - Processing file /opt/airflow/dags/weather_scrape_dag.py for tasks to queue
[2026-07-10T17:17:44.344+0000] {logging_mixin.py:190} INFO - [2026-07-10T17:17:44.344+0000] {dagbag.py:588} INFO - Filling up the DagBag from /opt/airflow/dags/weather_scrape_dag.py
[2026-07-10T17:17:44.373+0000] {processor.py:925} INFO - DAG(s) 'weather_scrape_and_load' retrieved from /opt/airflow/dags/weather_scrape_dag.py
[2026-07-10T17:17:44.436+0000] {logging_mixin.py:190} INFO - [2026-07-10T17:17:44.435+0000] {dag.py:3239} INFO - Sync 1 DAGs
[2026-07-10T17:17:44.487+0000] {logging_mixin.py:190} INFO - [2026-07-10T17:17:44.487+0000] {dag.py:4180} INFO - Setting next_dagrun for weather_scrape_and_load to 2026-07-10 16:00:00+00:00, run_after=2026-07-10 17:00:00+00:00
[2026-07-10T17:17:44.532+0000] {processor.py:208} INFO - Processing /opt/airflow/dags/weather_scrape_dag.py took 0.207 seconds
[2026-07-10T17:18:14.735+0000] {processor.py:186} INFO - Started process (PID=246) to work on /opt/airflow/dags/weather_scrape_dag.py
[2026-07-10T17:18:14.745+0000] {processor.py:914} INFO - Processing file /opt/airflow/dags/weather_scrape_dag.py for tasks to queue
[2026-07-10T17:18:14.749+0000] {logging_mixin.py:190} INFO - [2026-07-10T17:18:14.749+0000] {dagbag.py:588} INFO - Filling up the DagBag from /opt/airflow/dags/weather_scrape_dag.py
[2026-07-10T17:18:14.778+0000] {processor.py:925} INFO - DAG(s) 'weather_scrape_and_load' retrieved from /opt/airflow/dags/weather_scrape_dag.py
[2026-07-10T17:18:14.840+0000] {logging_mixin.py:190} INFO - [2026-07-10T17:18:14.840+0000] {dag.py:3239} INFO - Sync 1 DAGs
[2026-07-10T17:18:14.892+0000] {logging_mixin.py:190} INFO - [2026-07-10T17:18:14.892+0000] {dag.py:4180} INFO - Setting next_dagrun for weather_scrape_and_load to 2026-07-10 16:00:00+00:00, run_after=2026-07-10 17:00:00+00:00
[2026-07-10T17:18:14.938+0000] {processor.py:208} INFO - Processing /opt/airflow/dags/weather_scrape_dag.py took 0.218 seconds
[2026-07-10T17:18:45.183+0000] {processor.py:186} INFO - Started process (PID=258) to work on /opt/airflow/dags/weather_scrape_dag.py
[2026-07-10T17:18:45.184+0000] {processor.py:914} INFO - Processing file /opt/airflow/dags/weather_scrape_dag.py for tasks to queue
[2026-07-10T17:18:45.188+0000] {logging_mixin.py:190} INFO - [2026-07-10T17:18:45.187+0000] {dagbag.py:588} INFO - Filling up the DagBag from /opt/airflow/dags/weather_scrape_dag.py
[2026-07-10T17:18:45.212+0000] {processor.py:925} INFO - DAG(s) 'weather_scrape_and_load' retrieved from /opt/airflow/dags/weather_scrape_dag.py
[2026-07-10T17:18:45.268+0000] {logging_mixin.py:190} INFO - [2026-07-10T17:18:45.267+0000] {dag.py:3239} INFO - Sync 1 DAGs
[2026-07-10T17:18:45.323+0000] {logging_mixin.py:190} INFO - [2026-07-10T17:18:45.322+0000] {dag.py:4180} INFO - Setting next_dagrun for weather_scrape_and_load to 2026-07-10 16:00:00+00:00, run_after=2026-07-10 17:00:00+00:00
[2026-07-10T17:18:45.371+0000] {processor.py:208} INFO - Processing /opt/airflow/dags/weather_scrape_dag.py took 0.202 seconds
[2026-07-10T17:19:15.614+0000] {processor.py:186} INFO - Started process (PID=278) to work on /opt/airflow/dags/weather_scrape_dag.py
[2026-07-10T17:19:15.616+0000] {processor.py:914} INFO - Processing file /opt/airflow/dags/weather_scrape_dag.py for tasks to queue
[2026-07-10T17:19:15.620+0000] {logging_mixin.py:190} INFO - [2026-07-10T17:19:15.619+0000] {dagbag.py:588} INFO - Filling up the DagBag from /opt/airflow/dags/weather_scrape_dag.py
[2026-07-10T17:19:15.644+0000] {processor.py:925} INFO - DAG(s) 'weather_scrape_and_load' retrieved from /opt/airflow/dags/weather_scrape_dag.py
[2026-07-10T17:19:15.701+0000] {logging_mixin.py:190} INFO - [2026-07-10T17:19:15.700+0000] {dag.py:3239} INFO - Sync 1 DAGs
[2026-07-10T17:19:15.755+0000] {logging_mixin.py:190} INFO - [2026-07-10T17:19:15.755+0000] {dag.py:4180} INFO - Setting next_dagrun for weather_scrape_and_load to 2026-07-10 16:00:00+00:00, run_after=2026-07-10 17:00:00+00:00
[2026-07-10T17:19:15.801+0000] {processor.py:208} INFO - Processing /opt/airflow/dags/weather_scrape_dag.py took 0.199 seconds
[2026-07-10T17:19:46.050+0000] {processor.py:186} INFO - Started process (PID=283) to work on /opt/airflow/dags/weather_scrape_dag.py
[2026-07-10T17:19:46.051+0000] {processor.py:914} INFO - Processing file /opt/airflow/dags/weather_scrape_dag.py for tasks to queue
[2026-07-10T17:19:46.055+0000] {logging_mixin.py:190} INFO - [2026-07-10T17:19:46.054+0000] {dagbag.py:588} INFO - Filling up the DagBag from /opt/airflow/dags/weather_scrape_dag.py
[2026-07-10T17:19:46.080+0000] {processor.py:925} INFO - DAG(s) 'weather_scrape_and_load' retrieved from /opt/airflow/dags/weather_scrape_dag.py
[2026-07-10T17:19:46.137+0000] {logging_mixin.py:190} INFO - [2026-07-10T17:19:46.136+0000] {dag.py:3239} INFO - Sync 1 DAGs
[2026-07-10T17:19:46.192+0000] {logging_mixin.py:190} INFO - [2026-07-10T17:19:46.192+0000] {dag.py:4180} INFO - Setting next_dagrun for weather_scrape_and_load to 2026-07-10 16:00:00+00:00, run_after=2026-07-10 17:00:00+00:00
[2026-07-10T17:19:46.237+0000] {processor.py:208} INFO - Processing /opt/airflow/dags/weather_scrape_dag.py took 0.198 seconds
[2026-07-10T17:20:16.484+0000] {processor.py:186} INFO - Started process (PID=288) to work on /opt/airflow/dags/weather_scrape_dag.py
[2026-07-10T17:20:16.493+0000] {processor.py:914} INFO - Processing file /opt/airflow/dags/weather_scrape_dag.py for tasks to queue
[2026-07-10T17:20:16.497+0000] {logging_mixin.py:190} INFO - [2026-07-10T17:20:16.496+0000] {dagbag.py:588} INFO - Filling up the DagBag from /opt/airflow/dags/weather_scrape_dag.py
[2026-07-10T17:20:16.521+0000] {processor.py:925} INFO - DAG(s) 'weather_scrape_and_load' retrieved from /opt/airflow/dags/weather_scrape_dag.py
[2026-07-10T17:20:16.580+0000] {logging_mixin.py:190} INFO - [2026-07-10T17:20:16.580+0000] {dag.py:3239} INFO - Sync 1 DAGs
[2026-07-10T17:20:16.635+0000] {logging_mixin.py:190} INFO - [2026-07-10T17:20:16.634+0000] {dag.py:4180} INFO - Setting next_dagrun for weather_scrape_and_load to 2026-07-10 16:00:00+00:00, run_after=2026-07-10 17:00:00+00:00
[2026-07-10T17:20:16.679+0000] {processor.py:208} INFO - Processing /opt/airflow/dags/weather_scrape_dag.py took 0.206 seconds
[2026-07-10T17:20:46.926+0000] {processor.py:186} INFO - Started process (PID=293) to work on /opt/airflow/dags/weather_scrape_dag.py
[2026-07-10T17:20:46.927+0000] {processor.py:914} INFO - Processing file /opt/airflow/dags/weather_scrape_dag.py for tasks to queue
[2026-07-10T17:20:46.931+0000] {logging_mixin.py:190} INFO - [2026-07-10T17:20:46.930+0000] {dagbag.py:588} INFO - Filling up the DagBag from /opt/airflow/dags/weather_scrape_dag.py
[2026-07-10T17:20:46.954+0000] {processor.py:925} INFO - DAG(s) 'weather_scrape_and_load' retrieved from /opt/airflow/dags/weather_scrape_dag.py
[2026-07-10T17:20:47.007+0000] {logging_mixin.py:190} INFO - [2026-07-10T17:20:47.006+0000] {dag.py:3239} INFO - Sync 1 DAGs
[2026-07-10T17:20:47.058+0000] {logging_mixin.py:190} INFO - [2026-07-10T17:20:47.058+0000] {dag.py:4180} INFO - Setting next_dagrun for weather_scrape_and_load to 2026-07-10 16:00:00+00:00, run_after=2026-07-10 17:00:00+00:00
[2026-07-10T17:20:47.095+0000] {processor.py:208} INFO - Processing /opt/airflow/dags/weather_scrape_dag.py took 0.180 seconds
[2026-07-10T17:21:17.148+0000] {processor.py:186} INFO - Started process (PID=298) to work on /opt/airflow/dags/weather_scrape_dag.py
[2026-07-10T17:21:17.157+0000] {processor.py:914} INFO - Processing file /opt/airflow/dags/weather_scrape_dag.py for tasks to queue
[2026-07-10T17:21:17.162+0000] {logging_mixin.py:190} INFO - [2026-07-10T17:21:17.161+0000] {dagbag.py:588} INFO - Filling up the DagBag from /opt/airflow/dags/weather_scrape_dag.py
[2026-07-10T17:21:17.183+0000] {processor.py:925} INFO - DAG(s) 'weather_scrape_and_load' retrieved from /opt/airflow/dags/weather_scrape_dag.py
[2026-07-10T17:21:17.233+0000] {logging_mixin.py:190} INFO - [2026-07-10T17:21:17.233+0000] {dag.py:3239} INFO - Sync 1 DAGs
[2026-07-10T17:21:17.281+0000] {logging_mixin.py:190} INFO - [2026-07-10T17:21:17.281+0000] {dag.py:4180} INFO - Setting next_dagrun for weather_scrape_and_load to 2026-07-10 16:00:00+00:00, run_after=2026-07-10 17:00:00+00:00
[2026-07-10T17:21:17.327+0000] {processor.py:208} INFO - Processing /opt/airflow/dags/weather_scrape_dag.py took 0.190 seconds
[2026-07-10T17:21:47.549+0000] {processor.py:186} INFO - Started process (PID=303) to work on /opt/airflow/dags/weather_scrape_dag.py
[2026-07-10T17:21:47.550+0000] {processor.py:914} INFO - Processing file /opt/airflow/dags/weather_scrape_dag.py for tasks to queue
[2026-07-10T17:21:47.554+0000] {logging_mixin.py:190} INFO - [2026-07-10T17:21:47.554+0000] {dagbag.py:588} INFO - Filling up the DagBag from /opt/airflow/dags/weather_scrape_dag.py
[2026-07-10T17:21:47.575+0000] {processor.py:925} INFO - DAG(s) 'weather_scrape_and_load' retrieved from /opt/airflow/dags/weather_scrape_dag.py
[2026-07-10T17:21:47.625+0000] {logging_mixin.py:190} INFO - [2026-07-10T17:21:47.625+0000] {dag.py:3239} INFO - Sync 1 DAGs
[2026-07-10T17:21:47.674+0000] {logging_mixin.py:190} INFO - [2026-07-10T17:21:47.674+0000] {dag.py:4180} INFO - Setting next_dagrun for weather_scrape_and_load to 2026-07-10 16:00:00+00:00, run_after=2026-07-10 17:00:00+00:00
[2026-07-10T17:21:47.717+0000] {processor.py:208} INFO - Processing /opt/airflow/dags/weather_scrape_dag.py took 0.179 seconds
[2026-07-10T17:22:17.789+0000] {processor.py:186} INFO - Started process (PID=323) to work on /opt/airflow/dags/weather_scrape_dag.py
[2026-07-10T17:22:17.791+0000] {processor.py:914} INFO - Processing file /opt/airflow/dags/weather_scrape_dag.py for tasks to queue
[2026-07-10T17:22:17.795+0000] {logging_mixin.py:190} INFO - [2026-07-10T17:22:17.795+0000] {dagbag.py:588} INFO - Filling up the DagBag from /opt/airflow/dags/weather_scrape_dag.py
[2026-07-10T17:22:17.820+0000] {processor.py:925} INFO - DAG(s) 'weather_scrape_and_load' retrieved from /opt/airflow/dags/weather_scrape_dag.py
[2026-07-10T17:22:17.877+0000] {logging_mixin.py:190} INFO - [2026-07-10T17:22:17.877+0000] {dag.py:3239} INFO - Sync 1 DAGs
[2026-07-10T17:22:17.930+0000] {logging_mixin.py:190} INFO - [2026-07-10T17:22:17.930+0000] {dag.py:4180} INFO - Setting next_dagrun for weather_scrape_and_load to 2026-07-10 16:00:00+00:00, run_after=2026-07-10 17:00:00+00:00
[2026-07-10T17:22:17.980+0000] {processor.py:208} INFO - Processing /opt/airflow/dags/weather_scrape_dag.py took 0.205 seconds
[2026-07-10T17:22:48.183+0000] {processor.py:186} INFO - Started process (PID=328) to work on /opt/airflow/dags/weather_scrape_dag.py
[2026-07-10T17:22:48.184+0000] {processor.py:914} INFO - Processing file /opt/airflow/dags/weather_scrape_dag.py for tasks to queue
[2026-07-10T17:22:48.188+0000] {logging_mixin.py:190} INFO - [2026-07-10T17:22:48.187+0000] {dagbag.py:588} INFO - Filling up the DagBag from /opt/airflow/dags/weather_scrape_dag.py
[2026-07-10T17:22:48.212+0000] {processor.py:925} INFO - DAG(s) 'weather_scrape_and_load' retrieved from /opt/airflow/dags/weather_scrape_dag.py
[2026-07-10T17:22:48.269+0000] {logging_mixin.py:190} INFO - [2026-07-10T17:22:48.269+0000] {dag.py:3239} INFO - Sync 1 DAGs
[2026-07-10T17:22:48.318+0000] {logging_mixin.py:190} INFO - [2026-07-10T17:22:48.318+0000] {dag.py:4180} INFO - Setting next_dagrun for weather_scrape_and_load to 2026-07-10 16:00:00+00:00, run_after=2026-07-10 17:00:00+00:00
[2026-07-10T17:22:48.354+0000] {processor.py:208} INFO - Processing /opt/airflow/dags/weather_scrape_dag.py took 0.185 seconds
[2026-07-10T17:23:18.457+0000] {processor.py:186} INFO - Started process (PID=333) to work on /opt/airflow/dags/weather_scrape_dag.py
[2026-07-10T17:23:18.459+0000] {processor.py:914} INFO - Processing file /opt/airflow/dags/weather_scrape_dag.py for tasks to queue
[2026-07-10T17:23:18.464+0000] {logging_mixin.py:190} INFO - [2026-07-10T17:23:18.463+0000] {dagbag.py:588} INFO - Filling up the DagBag from /opt/airflow/dags/weather_scrape_dag.py
[2026-07-10T17:23:18.492+0000] {processor.py:925} INFO - DAG(s) 'weather_scrape_and_load' retrieved from /opt/airflow/dags/weather_scrape_dag.py
[2026-07-10T17:23:18.564+0000] {logging_mixin.py:190} INFO - [2026-07-10T17:23:18.563+0000] {dag.py:3239} INFO - Sync 1 DAGs
[2026-07-10T17:23:18.624+0000] {logging_mixin.py:190} INFO - [2026-07-10T17:23:18.623+0000] {dag.py:4180} INFO - Setting next_dagrun for weather_scrape_and_load to 2026-07-10 16:00:00+00:00, run_after=2026-07-10 17:00:00+00:00
[2026-07-10T17:23:18.664+0000] {processor.py:208} INFO - Processing /opt/airflow/dags/weather_scrape_dag.py took 0.222 seconds
[2026-07-10T17:23:48.805+0000] {processor.py:186} INFO - Started process (PID=338) to work on /opt/airflow/dags/weather_scrape_dag.py
[2026-07-10T17:23:48.806+0000] {processor.py:914} INFO - Processing file /opt/airflow/dags/weather_scrape_dag.py for tasks to queue
[2026-07-10T17:23:48.810+0000] {logging_mixin.py:190} INFO - [2026-07-10T17:23:48.809+0000] {dagbag.py:588} INFO - Filling up the DagBag from /opt/airflow/dags/weather_scrape_dag.py
[2026-07-10T17:23:48.832+0000] {processor.py:925} INFO - DAG(s) 'weather_scrape_and_load' retrieved from /opt/airflow/dags/weather_scrape_dag.py
[2026-07-10T17:23:48.886+0000] {logging_mixin.py:190} INFO - [2026-07-10T17:23:48.886+0000] {dag.py:3239} INFO - Sync 1 DAGs
[2026-07-10T17:23:48.938+0000] {logging_mixin.py:190} INFO - [2026-07-10T17:23:48.938+0000] {dag.py:4180} INFO - Setting next_dagrun for weather_scrape_and_load to 2026-07-10 16:00:00+00:00, run_after=2026-07-10 17:00:00+00:00
[2026-07-10T17:23:48.978+0000] {processor.py:208} INFO - Processing /opt/airflow/dags/weather_scrape_dag.py took 0.185 seconds
[2026-07-10T17:24:19.131+0000] {processor.py:186} INFO - Started process (PID=358) to work on /opt/airflow/dags/weather_scrape_dag.py
[2026-07-10T17:24:19.140+0000] {processor.py:914} INFO - Processing file /opt/airflow/dags/weather_scrape_dag.py for tasks to queue
[2026-07-10T17:24:19.143+0000] {logging_mixin.py:190} INFO - [2026-07-10T17:24:19.143+0000] {dagbag.py:588} INFO - Filling up the DagBag from /opt/airflow/dags/weather_scrape_dag.py
[2026-07-10T17:24:19.165+0000] {processor.py:925} INFO - DAG(s) 'weather_scrape_and_load' retrieved from /opt/airflow/dags/weather_scrape_dag.py
[2026-07-10T17:24:19.216+0000] {logging_mixin.py:190} INFO - [2026-07-10T17:24:19.215+0000] {dag.py:3239} INFO - Sync 1 DAGs
[2026-07-10T17:24:19.262+0000] {logging_mixin.py:190} INFO - [2026-07-10T17:24:19.262+0000] {dag.py:4180} INFO - Setting next_dagrun for weather_scrape_and_load to 2026-07-10 16:00:00+00:00, run_after=2026-07-10 17:00:00+00:00
[2026-07-10T17:24:19.308+0000] {processor.py:208} INFO - Processing /opt/airflow/dags/weather_scrape_dag.py took 0.188 seconds
[2026-07-10T17:24:49.417+0000] {processor.py:186} INFO - Started process (PID=378) to work on /opt/airflow/dags/weather_scrape_dag.py
[2026-07-10T17:24:49.418+0000] {processor.py:914} INFO - Processing file /opt/airflow/dags/weather_scrape_dag.py for tasks to queue
[2026-07-10T17:24:49.423+0000] {logging_mixin.py:190} INFO - [2026-07-10T17:24:49.421+0000] {dagbag.py:588} INFO - Filling up the DagBag from /opt/airflow/dags/weather_scrape_dag.py
[2026-07-10T17:24:49.445+0000] {processor.py:925} INFO - DAG(s) 'weather_scrape_and_load' retrieved from /opt/airflow/dags/weather_scrape_dag.py
[2026-07-10T17:24:49.503+0000] {logging_mixin.py:190} INFO - [2026-07-10T17:24:49.502+0000] {dag.py:3239} INFO - Sync 1 DAGs
[2026-07-10T17:24:49.559+0000] {logging_mixin.py:190} INFO - [2026-07-10T17:24:49.559+0000] {dag.py:4180} INFO - Setting next_dagrun for weather_scrape_and_load to 2026-07-10 16:00:00+00:00, run_after=2026-07-10 17:00:00+00:00
[2026-07-10T17:24:49.608+0000] {processor.py:208} INFO - Processing /opt/airflow/dags/weather_scrape_dag.py took 0.202 seconds
[2026-07-10T17:25:19.755+0000] {processor.py:186} INFO - Started process (PID=383) to work on /opt/airflow/dags/weather_scrape_dag.py
[2026-07-10T17:25:19.764+0000] {processor.py:914} INFO - Processing file /opt/airflow/dags/weather_scrape_dag.py for tasks to queue
[2026-07-10T17:25:19.768+0000] {logging_mixin.py:190} INFO - [2026-07-10T17:25:19.768+0000] {dagbag.py:588} INFO - Filling up the DagBag from /opt/airflow/dags/weather_scrape_dag.py
[2026-07-10T17:25:19.793+0000] {processor.py:925} INFO - DAG(s) 'weather_scrape_and_load' retrieved from /opt/airflow/dags/weather_scrape_dag.py
[2026-07-10T17:25:19.848+0000] {logging_mixin.py:190} INFO - [2026-07-10T17:25:19.847+0000] {dag.py:3239} INFO - Sync 1 DAGs
[2026-07-10T17:25:19.901+0000] {logging_mixin.py:190} INFO - [2026-07-10T17:25:19.901+0000] {dag.py:4180} INFO - Setting next_dagrun for weather_scrape_and_load to 2026-07-10 16:00:00+00:00, run_after=2026-07-10 17:00:00+00:00
[2026-07-10T17:25:19.941+0000] {processor.py:208} INFO - Processing /opt/airflow/dags/weather_scrape_dag.py took 0.197 seconds
[2026-07-10T17:25:50.075+0000] {processor.py:186} INFO - Started process (PID=388) to work on /opt/airflow/dags/weather_scrape_dag.py
[2026-07-10T17:25:50.076+0000] {processor.py:914} INFO - Processing file /opt/airflow/dags/weather_scrape_dag.py for tasks to queue
[2026-07-10T17:25:50.081+0000] {logging_mixin.py:190} INFO - [2026-07-10T17:25:50.080+0000] {dagbag.py:588} INFO - Filling up the DagBag from /opt/airflow/dags/weather_scrape_dag.py
[2026-07-10T17:25:50.107+0000] {processor.py:925} INFO - DAG(s) 'weather_scrape_and_load' retrieved from /opt/airflow/dags/weather_scrape_dag.py
[2026-07-10T17:25:50.179+0000] {logging_mixin.py:190} INFO - [2026-07-10T17:25:50.178+0000] {dag.py:3239} INFO - Sync 1 DAGs
[2026-07-10T17:25:50.261+0000] {logging_mixin.py:190} INFO - [2026-07-10T17:25:50.260+0000] {dag.py:4180} INFO - Setting next_dagrun for weather_scrape_and_load to 2026-07-10 16:00:00+00:00, run_after=2026-07-10 17:00:00+00:00
[2026-07-10T17:25:50.327+0000] {processor.py:208} INFO - Processing /opt/airflow/dags/weather_scrape_dag.py took 0.268 seconds
[2026-07-10T17:26:20.586+0000] {processor.py:186} INFO - Started process (PID=393) to work on /opt/airflow/dags/weather_scrape_dag.py
[2026-07-10T17:26:20.595+0000] {processor.py:914} INFO - Processing file /opt/airflow/dags/weather_scrape_dag.py for tasks to queue
[2026-07-10T17:26:20.599+0000] {logging_mixin.py:190} INFO - [2026-07-10T17:26:20.599+0000] {dagbag.py:588} INFO - Filling up the DagBag from /opt/airflow/dags/weather_scrape_dag.py
[2026-07-10T17:26:20.621+0000] {processor.py:925} INFO - DAG(s) 'weather_scrape_and_load' retrieved from /opt/airflow/dags/weather_scrape_dag.py
[2026-07-10T17:26:20.684+0000] {logging_mixin.py:190} INFO - [2026-07-10T17:26:20.683+0000] {dag.py:3239} INFO - Sync 1 DAGs
[2026-07-10T17:26:20.739+0000] {logging_mixin.py:190} INFO - [2026-07-10T17:26:20.739+0000] {dag.py:4180} INFO - Setting next_dagrun for weather_scrape_and_load to 2026-07-10 16:00:00+00:00, run_after=2026-07-10 17:00:00+00:00
[2026-07-10T17:26:20.785+0000] {processor.py:208} INFO - Processing /opt/airflow/dags/weather_scrape_dag.py took 0.210 seconds
[2026-07-10T17:26:51.036+0000] {processor.py:186} INFO - Started process (PID=398) to work on /opt/airflow/dags/weather_scrape_dag.py
[2026-07-10T17:26:51.037+0000] {processor.py:914} INFO - Processing file /opt/airflow/dags/weather_scrape_dag.py for tasks to queue
[2026-07-10T17:26:51.042+0000] {logging_mixin.py:190} INFO - [2026-07-10T17:26:51.041+0000] {dagbag.py:588} INFO - Filling up the DagBag from /opt/airflow/dags/weather_scrape_dag.py
[2026-07-10T17:26:51.064+0000] {processor.py:925} INFO - DAG(s) 'weather_scrape_and_load' retrieved from /opt/airflow/dags/weather_scrape_dag.py
[2026-07-10T17:26:51.120+0000] {logging_mixin.py:190} INFO - [2026-07-10T17:26:51.119+0000] {dag.py:3239} INFO - Sync 1 DAGs
[2026-07-10T17:26:51.173+0000] {logging_mixin.py:190} INFO - [2026-07-10T17:26:51.172+0000] {dag.py:4180} INFO - Setting next_dagrun for weather_scrape_and_load to 2026-07-10 16:00:00+00:00, run_after=2026-07-10 17:00:00+00:00
[2026-07-10T17:26:51.207+0000] {processor.py:208} INFO - Processing /opt/airflow/dags/weather_scrape_dag.py took 0.183 seconds
[2026-07-10T17:27:21.259+0000] {processor.py:186} INFO - Started process (PID=403) to work on /opt/airflow/dags/weather_scrape_dag.py
[2026-07-10T17:27:21.260+0000] {processor.py:914} INFO - Processing file /opt/airflow/dags/weather_scrape_dag.py for tasks to queue
[2026-07-10T17:27:21.263+0000] {logging_mixin.py:190} INFO - [2026-07-10T17:27:21.263+0000] {dagbag.py:588} INFO - Filling up the DagBag from /opt/airflow/dags/weather_scrape_dag.py
[2026-07-10T17:27:21.285+0000] {processor.py:925} INFO - DAG(s) 'weather_scrape_and_load' retrieved from /opt/airflow/dags/weather_scrape_dag.py
[2026-07-10T17:27:21.344+0000] {logging_mixin.py:190} INFO - [2026-07-10T17:27:21.343+0000] {dag.py:3239} INFO - Sync 1 DAGs
[2026-07-10T17:27:21.397+0000] {logging_mixin.py:190} INFO - [2026-07-10T17:27:21.396+0000] {dag.py:4180} INFO - Setting next_dagrun for weather_scrape_and_load to 2026-07-10 16:00:00+00:00, run_after=2026-07-10 17:00:00+00:00
[2026-07-10T17:27:21.455+0000] {processor.py:208} INFO - Processing /opt/airflow/dags/weather_scrape_dag.py took 0.206 seconds
[2026-07-10T17:27:51.675+0000] {processor.py:186} INFO - Started process (PID=408) to work on /opt/airflow/dags/weather_scrape_dag.py
[2026-07-10T17:27:51.677+0000] {processor.py:914} INFO - Processing file /opt/airflow/dags/weather_scrape_dag.py for tasks to queue
[2026-07-10T17:27:51.680+0000] {logging_mixin.py:190} INFO - [2026-07-10T17:27:51.680+0000] {dagbag.py:588} INFO - Filling up the DagBag from /opt/airflow/dags/weather_scrape_dag.py
[2026-07-10T17:27:51.706+0000] {processor.py:925} INFO - DAG(s) 'weather_scrape_and_load' retrieved from /opt/airflow/dags/weather_scrape_dag.py
[2026-07-10T17:27:51.783+0000] {logging_mixin.py:190} INFO - [2026-07-10T17:27:51.783+0000] {dag.py:3239} INFO - Sync 1 DAGs
[2026-07-10T17:27:51.844+0000] {logging_mixin.py:190} INFO - [2026-07-10T17:27:51.844+0000] {dag.py:4180} INFO - Setting next_dagrun for weather_scrape_and_load to 2026-07-10 16:00:00+00:00, run_after=2026-07-10 17:00:00+00:00
[2026-07-10T17:27:51.895+0000] {processor.py:208} INFO - Processing /opt/airflow/dags/weather_scrape_dag.py took 0.234 seconds
[2026-07-10T17:28:22.143+0000] {processor.py:186} INFO - Started process (PID=413) to work on /opt/airflow/dags/weather_scrape_dag.py
[2026-07-10T17:28:22.144+0000] {processor.py:914} INFO - Processing file /opt/airflow/dags/weather_scrape_dag.py for tasks to queue
[2026-07-10T17:28:22.150+0000] {logging_mixin.py:190} INFO - [2026-07-10T17:28:22.148+0000] {dagbag.py:588} INFO - Filling up the DagBag from /opt/airflow/dags/weather_scrape_dag.py
[2026-07-10T17:28:22.179+0000] {processor.py:925} INFO - DAG(s) 'weather_scrape_and_load' retrieved from /opt/airflow/dags/weather_scrape_dag.py
[2026-07-10T17:28:22.246+0000] {logging_mixin.py:190} INFO - [2026-07-10T17:28:22.245+0000] {dag.py:3239} INFO - Sync 1 DAGs
[2026-07-10T17:28:22.308+0000] {logging_mixin.py:190} INFO - [2026-07-10T17:28:22.308+0000] {dag.py:4180} INFO - Setting next_dagrun for weather_scrape_and_load to 2026-07-10 16:00:00+00:00, run_after=2026-07-10 17:00:00+00:00
[2026-07-10T17:28:22.351+0000] {processor.py:208} INFO - Processing /opt/airflow/dags/weather_scrape_dag.py took 0.221 seconds
[2026-07-10T17:28:52.595+0000] {processor.py:186} INFO - Started process (PID=418) to work on /opt/airflow/dags/weather_scrape_dag.py
[2026-07-10T17:28:52.604+0000] {processor.py:914} INFO - Processing file /opt/airflow/dags/weather_scrape_dag.py for tasks to queue
[2026-07-10T17:28:52.609+0000] {logging_mixin.py:190} INFO - [2026-07-10T17:28:52.608+0000] {dagbag.py:588} INFO - Filling up the DagBag from /opt/airflow/dags/weather_scrape_dag.py
[2026-07-10T17:28:52.631+0000] {processor.py:925} INFO - DAG(s) 'weather_scrape_and_load' retrieved from /opt/airflow/dags/weather_scrape_dag.py
[2026-07-10T17:28:52.688+0000] {logging_mixin.py:190} INFO - [2026-07-10T17:28:52.687+0000] {dag.py:3239} INFO - Sync 1 DAGs
[2026-07-10T17:28:52.740+0000] {logging_mixin.py:190} INFO - [2026-07-10T17:28:52.739+0000] {dag.py:4180} INFO - Setting next_dagrun for weather_scrape_and_load to 2026-07-10 16:00:00+00:00, run_after=2026-07-10 17:00:00+00:00
[2026-07-10T17:28:52.786+0000] {processor.py:208} INFO - Processing /opt/airflow/dags/weather_scrape_dag.py took 0.202 seconds
[2026-07-10T17:29:23.037+0000] {processor.py:186} INFO - Started process (PID=423) to work on /opt/airflow/dags/weather_scrape_dag.py
[2026-07-10T17:29:23.038+0000] {processor.py:914} INFO - Processing file /opt/airflow/dags/weather_scrape_dag.py for tasks to queue
[2026-07-10T17:29:23.044+0000] {logging_mixin.py:190} INFO - [2026-07-10T17:29:23.043+0000] {dagbag.py:588} INFO - Filling up the DagBag from /opt/airflow/dags/weather_scrape_dag.py
[2026-07-10T17:29:23.069+0000] {processor.py:925} INFO - DAG(s) 'weather_scrape_and_load' retrieved from /opt/airflow/dags/weather_scrape_dag.py
[2026-07-10T17:29:23.129+0000] {logging_mixin.py:190} INFO - [2026-07-10T17:29:23.129+0000] {dag.py:3239} INFO - Sync 1 DAGs
[2026-07-10T17:29:23.182+0000] {logging_mixin.py:190} INFO - [2026-07-10T17:29:23.182+0000] {dag.py:4180} INFO - Setting next_dagrun for weather_scrape_and_load to 2026-07-10 16:00:00+00:00, run_after=2026-07-10 17:00:00+00:00
[2026-07-10T17:29:23.233+0000] {processor.py:208} INFO - Processing /opt/airflow/dags/weather_scrape_dag.py took 0.209 seconds
[2026-07-10T17:29:53.495+0000] {processor.py:186} INFO - Started process (PID=428) to work on /opt/airflow/dags/weather_scrape_dag.py
[2026-07-10T17:29:53.500+0000] {processor.py:914} INFO - Processing file /opt/airflow/dags/weather_scrape_dag.py for tasks to queue
[2026-07-10T17:29:53.506+0000] {logging_mixin.py:190} INFO - [2026-07-10T17:29:53.505+0000] {dagbag.py:588} INFO - Filling up the DagBag from /opt/airflow/dags/weather_scrape_dag.py
[2026-07-10T17:29:53.531+0000] {processor.py:925} INFO - DAG(s) 'weather_scrape_and_load' retrieved from /opt/airflow/dags/weather_scrape_dag.py
[2026-07-10T17:29:53.589+0000] {logging_mixin.py:190} INFO - [2026-07-10T17:29:53.589+0000] {dag.py:3239} INFO - Sync 1 DAGs
[2026-07-10T17:29:53.651+0000] {logging_mixin.py:190} INFO - [2026-07-10T17:29:53.651+0000] {dag.py:4180} INFO - Setting next_dagrun for weather_scrape_and_load to 2026-07-10 16:00:00+00:00, run_after=2026-07-10 17:00:00+00:00
[2026-07-10T17:29:53.695+0000] {processor.py:208} INFO - Processing /opt/airflow/dags/weather_scrape_dag.py took 0.213 seconds
[2026-07-10T17:30:39.110+0000] {processor.py:186} INFO - Started process (PID=217) to work on /opt/airflow/dags/weather_scrape_dag.py
[2026-07-10T17:30:39.112+0000] {processor.py:914} INFO - Processing file /opt/airflow/dags/weather_scrape_dag.py for tasks to queue
[2026-07-10T17:30:39.116+0000] {logging_mixin.py:190} INFO - [2026-07-10T17:30:39.115+0000] {dagbag.py:588} INFO - Filling up the DagBag from /opt/airflow/dags/weather_scrape_dag.py
[2026-07-10T17:30:39.137+0000] {processor.py:925} INFO - DAG(s) 'weather_scrape_and_load' retrieved from /opt/airflow/dags/weather_scrape_dag.py
[2026-07-10T17:30:39.231+0000] {logging_mixin.py:190} INFO - [2026-07-10T17:30:39.230+0000] {dag.py:3239} INFO - Sync 1 DAGs
[2026-07-10T17:30:39.284+0000] {logging_mixin.py:190} INFO - [2026-07-10T17:30:39.284+0000] {dag.py:4180} INFO - Setting next_dagrun for weather_scrape_and_load to 2026-07-10 16:00:00+00:00, run_after=2026-07-10 17:00:00+00:00
[2026-07-10T17:30:39.329+0000] {processor.py:208} INFO - Processing /opt/airflow/dags/weather_scrape_dag.py took 0.231 seconds
[2026-07-10T17:31:09.610+0000] {processor.py:186} INFO - Started process (PID=232) to work on /opt/airflow/dags/weather_scrape_dag.py
[2026-07-10T17:31:09.612+0000] {processor.py:914} INFO - Processing file /opt/airflow/dags/weather_scrape_dag.py for tasks to queue
[2026-07-10T17:31:09.616+0000] {logging_mixin.py:190} INFO - [2026-07-10T17:31:09.615+0000] {dagbag.py:588} INFO - Filling up the DagBag from /opt/airflow/dags/weather_scrape_dag.py
[2026-07-10T17:31:09.645+0000] {processor.py:925} INFO - DAG(s) 'weather_scrape_and_load' retrieved from /opt/airflow/dags/weather_scrape_dag.py
[2026-07-10T17:31:09.699+0000] {logging_mixin.py:190} INFO - [2026-07-10T17:31:09.699+0000] {dag.py:3239} INFO - Sync 1 DAGs
[2026-07-10T17:31:09.750+0000] {logging_mixin.py:190} INFO - [2026-07-10T17:31:09.750+0000] {dag.py:4180} INFO - Setting next_dagrun for weather_scrape_and_load to 2026-07-10 16:00:00+00:00, run_after=2026-07-10 17:00:00+00:00
[2026-07-10T17:31:09.788+0000] {processor.py:208} INFO - Processing /opt/airflow/dags/weather_scrape_dag.py took 0.189 seconds
[2026-07-10T17:31:40.047+0000] {processor.py:186} INFO - Started process (PID=259) to work on /opt/airflow/dags/weather_scrape_dag.py
[2026-07-10T17:31:40.056+0000] {processor.py:914} INFO - Processing file /opt/airflow/dags/weather_scrape_dag.py for tasks to queue
[2026-07-10T17:31:40.060+0000] {logging_mixin.py:190} INFO - [2026-07-10T17:31:40.060+0000] {dagbag.py:588} INFO - Filling up the DagBag from /opt/airflow/dags/weather_scrape_dag.py
[2026-07-10T17:31:40.083+0000] {processor.py:925} INFO - DAG(s) 'weather_scrape_and_load' retrieved from /opt/airflow/dags/weather_scrape_dag.py
[2026-07-10T17:31:40.138+0000] {logging_mixin.py:190} INFO - [2026-07-10T17:31:40.137+0000] {dag.py:3239} INFO - Sync 1 DAGs
[2026-07-10T17:31:40.186+0000] {logging_mixin.py:190} INFO - [2026-07-10T17:31:40.186+0000] {dag.py:4180} INFO - Setting next_dagrun for weather_scrape_and_load to 2026-07-10 16:00:00+00:00, run_after=2026-07-10 17:00:00+00:00
[2026-07-10T17:31:40.242+0000] {processor.py:208} INFO - Processing /opt/airflow/dags/weather_scrape_dag.py took 0.207 seconds
[2026-07-10T17:32:10.513+0000] {processor.py:186} INFO - Started process (PID=264) to work on /opt/airflow/dags/weather_scrape_dag.py
[2026-07-10T17:32:10.514+0000] {processor.py:914} INFO - Processing file /opt/airflow/dags/weather_scrape_dag.py for tasks to queue
[2026-07-10T17:32:10.518+0000] {logging_mixin.py:190} INFO - [2026-07-10T17:32:10.518+0000] {dagbag.py:588} INFO - Filling up the DagBag from /opt/airflow/dags/weather_scrape_dag.py
[2026-07-10T17:32:10.541+0000] {processor.py:925} INFO - DAG(s) 'weather_scrape_and_load' retrieved from /opt/airflow/dags/weather_scrape_dag.py
[2026-07-10T17:32:10.600+0000] {logging_mixin.py:190} INFO - [2026-07-10T17:32:10.600+0000] {dag.py:3239} INFO - Sync 1 DAGs
[2026-07-10T17:32:10.668+0000] {logging_mixin.py:190} INFO - [2026-07-10T17:32:10.667+0000] {dag.py:4180} INFO - Setting next_dagrun for weather_scrape_and_load to 2026-07-10 16:00:00+00:00, run_after=2026-07-10 17:00:00+00:00
[2026-07-10T17:32:10.718+0000] {processor.py:208} INFO - Processing /opt/airflow/dags/weather_scrape_dag.py took 0.216 seconds
[2026-07-10T17:32:40.987+0000] {processor.py:186} INFO - Started process (PID=269) to work on /opt/airflow/dags/weather_scrape_dag.py
[2026-07-10T17:32:40.989+0000] {processor.py:914} INFO - Processing file /opt/airflow/dags/weather_scrape_dag.py for tasks to queue
[2026-07-10T17:32:40.994+0000] {logging_mixin.py:190} INFO - [2026-07-10T17:32:40.993+0000] {dagbag.py:588} INFO - Filling up the DagBag from /opt/airflow/dags/weather_scrape_dag.py
[2026-07-10T17:32:41.021+0000] {processor.py:925} INFO - DAG(s) 'weather_scrape_and_load' retrieved from /opt/airflow/dags/weather_scrape_dag.py
[2026-07-10T17:32:41.077+0000] {logging_mixin.py:190} INFO - [2026-07-10T17:32:41.077+0000] {dag.py:3239} INFO - Sync 1 DAGs
[2026-07-10T17:32:41.128+0000] {logging_mixin.py:190} INFO - [2026-07-10T17:32:41.128+0000] {dag.py:4180} INFO - Setting next_dagrun for weather_scrape_and_load to 2026-07-10 16:00:00+00:00, run_after=2026-07-10 17:00:00+00:00
[2026-07-10T17:32:41.171+0000] {processor.py:208} INFO - Processing /opt/airflow/dags/weather_scrape_dag.py took 0.197 seconds
[2026-07-10T17:33:11.248+0000] {processor.py:186} INFO - Started process (PID=274) to work on /opt/airflow/dags/weather_scrape_dag.py
[2026-07-10T17:33:11.257+0000] {processor.py:914} INFO - Processing file /opt/airflow/dags/weather_scrape_dag.py for tasks to queue
[2026-07-10T17:33:11.260+0000] {logging_mixin.py:190} INFO - [2026-07-10T17:33:11.260+0000] {dagbag.py:588} INFO - Filling up the DagBag from /opt/airflow/dags/weather_scrape_dag.py
[2026-07-10T17:33:11.281+0000] {processor.py:925} INFO - DAG(s) 'weather_scrape_and_load' retrieved from /opt/airflow/dags/weather_scrape_dag.py
[2026-07-10T17:33:11.335+0000] {logging_mixin.py:190} INFO - [2026-07-10T17:33:11.334+0000] {dag.py:3239} INFO - Sync 1 DAGs
[2026-07-10T17:33:11.385+0000] {logging_mixin.py:190} INFO - [2026-07-10T17:33:11.385+0000] {dag.py:4180} INFO - Setting next_dagrun for weather_scrape_and_load to 2026-07-10 16:00:00+00:00, run_after=2026-07-10 17:00:00+00:00
[2026-07-10T17:33:11.430+0000] {processor.py:208} INFO - Processing /opt/airflow/dags/weather_scrape_dag.py took 0.192 seconds
[2026-07-10T17:33:41.667+0000] {processor.py:186} INFO - Started process (PID=279) to work on /opt/airflow/dags/weather_scrape_dag.py
[2026-07-10T17:33:41.668+0000] {processor.py:914} INFO - Processing file /opt/airflow/dags/weather_scrape_dag.py for tasks to queue
[2026-07-10T17:33:41.672+0000] {logging_mixin.py:190} INFO - [2026-07-10T17:33:41.671+0000] {dagbag.py:588} INFO - Filling up the DagBag from /opt/airflow/dags/weather_scrape_dag.py
[2026-07-10T17:33:41.697+0000] {processor.py:925} INFO - DAG(s) 'weather_scrape_and_load' retrieved from /opt/airflow/dags/weather_scrape_dag.py
[2026-07-10T17:33:41.769+0000] {logging_mixin.py:190} INFO - [2026-07-10T17:33:41.769+0000] {dag.py:3239} INFO - Sync 1 DAGs
[2026-07-10T17:33:41.822+0000] {logging_mixin.py:190} INFO - [2026-07-10T17:33:41.822+0000] {dag.py:4180} INFO - Setting next_dagrun for weather_scrape_and_load to 2026-07-10 16:00:00+00:00, run_after=2026-07-10 17:00:00+00:00
[2026-07-10T17:33:41.870+0000] {processor.py:208} INFO - Processing /opt/airflow/dags/weather_scrape_dag.py took 0.216 seconds
[2026-07-10T17:34:41.842+0000] {processor.py:186} INFO - Started process (PID=214) to work on /opt/airflow/dags/weather_scrape_dag.py
[2026-07-10T17:34:41.844+0000] {processor.py:914} INFO - Processing file /opt/airflow/dags/weather_scrape_dag.py for tasks to queue
[2026-07-10T17:34:41.848+0000] {logging_mixin.py:190} INFO - [2026-07-10T17:34:41.847+0000] {dagbag.py:588} INFO - Filling up the DagBag from /opt/airflow/dags/weather_scrape_dag.py
[2026-07-10T17:34:41.872+0000] {processor.py:925} INFO - DAG(s) 'weather_scrape_and_load' retrieved from /opt/airflow/dags/weather_scrape_dag.py
[2026-07-10T17:34:41.970+0000] {logging_mixin.py:190} INFO - [2026-07-10T17:34:41.970+0000] {dag.py:3239} INFO - Sync 1 DAGs
[2026-07-10T17:34:42.022+0000] {logging_mixin.py:190} INFO - [2026-07-10T17:34:42.022+0000] {dag.py:4180} INFO - Setting next_dagrun for weather_scrape_and_load to 2026-07-10 16:00:00+00:00, run_after=2026-07-10 17:00:00+00:00
[2026-07-10T17:34:42.060+0000] {processor.py:208} INFO - Processing /opt/airflow/dags/weather_scrape_dag.py took 0.233 seconds
[2026-07-10T17:35:12.318+0000] {processor.py:186} INFO - Started process (PID=256) to work on /opt/airflow/dags/weather_scrape_dag.py
[2026-07-10T17:35:12.319+0000] {processor.py:914} INFO - Processing file /opt/airflow/dags/weather_scrape_dag.py for tasks to queue
[2026-07-10T17:35:12.324+0000] {logging_mixin.py:190} INFO - [2026-07-10T17:35:12.323+0000] {dagbag.py:588} INFO - Filling up the DagBag from /opt/airflow/dags/weather_scrape_dag.py
[2026-07-10T17:35:12.347+0000] {processor.py:925} INFO - DAG(s) 'weather_scrape_and_load' retrieved from /opt/airflow/dags/weather_scrape_dag.py
[2026-07-10T17:35:12.415+0000] {logging_mixin.py:190} INFO - [2026-07-10T17:35:12.414+0000] {dag.py:3239} INFO - Sync 1 DAGs
[2026-07-10T17:35:12.476+0000] {logging_mixin.py:190} INFO - [2026-07-10T17:35:12.475+0000] {dag.py:4180} INFO - Setting next_dagrun for weather_scrape_and_load to 2026-07-10 16:00:00+00:00, run_after=2026-07-10 17:00:00+00:00
[2026-07-10T17:35:12.519+0000] {processor.py:208} INFO - Processing /opt/airflow/dags/weather_scrape_dag.py took 0.212 seconds
[2026-07-10T17:35:42.770+0000] {processor.py:186} INFO - Started process (PID=271) to work on /opt/airflow/dags/weather_scrape_dag.py
[2026-07-10T17:35:42.779+0000] {processor.py:914} INFO - Processing file /opt/airflow/dags/weather_scrape_dag.py for tasks to queue
[2026-07-10T17:35:42.785+0000] {logging_mixin.py:190} INFO - [2026-07-10T17:35:42.785+0000] {dagbag.py:588} INFO - Filling up the DagBag from /opt/airflow/dags/weather_scrape_dag.py
[2026-07-10T17:35:42.812+0000] {processor.py:925} INFO - DAG(s) 'weather_scrape_and_load' retrieved from /opt/airflow/dags/weather_scrape_dag.py
[2026-07-10T17:35:42.873+0000] {logging_mixin.py:190} INFO - [2026-07-10T17:35:42.872+0000] {dag.py:3239} INFO - Sync 1 DAGs
[2026-07-10T17:35:42.931+0000] {logging_mixin.py:190} INFO - [2026-07-10T17:35:42.931+0000] {dag.py:4180} INFO - Setting next_dagrun for weather_scrape_and_load to 2026-07-10 16:00:00+00:00, run_after=2026-07-10 17:00:00+00:00
[2026-07-10T17:35:42.971+0000] {processor.py:208} INFO - Processing /opt/airflow/dags/weather_scrape_dag.py took 0.213 seconds
[2026-07-10T17:36:13.222+0000] {processor.py:186} INFO - Started process (PID=276) to work on /opt/airflow/dags/weather_scrape_dag.py
[2026-07-10T17:36:13.223+0000] {processor.py:914} INFO - Processing file /opt/airflow/dags/weather_scrape_dag.py for tasks to queue
[2026-07-10T17:36:13.228+0000] {logging_mixin.py:190} INFO - [2026-07-10T17:36:13.227+0000] {dagbag.py:588} INFO - Filling up the DagBag from /opt/airflow/dags/weather_scrape_dag.py
[2026-07-10T17:36:13.252+0000] {processor.py:925} INFO - DAG(s) 'weather_scrape_and_load' retrieved from /opt/airflow/dags/weather_scrape_dag.py
[2026-07-10T17:36:13.307+0000] {logging_mixin.py:190} INFO - [2026-07-10T17:36:13.306+0000] {dag.py:3239} INFO - Sync 1 DAGs
[2026-07-10T17:36:13.359+0000] {logging_mixin.py:190} INFO - [2026-07-10T17:36:13.359+0000] {dag.py:4180} INFO - Setting next_dagrun for weather_scrape_and_load to 2026-07-10 16:00:00+00:00, run_after=2026-07-10 17:00:00+00:00
[2026-07-10T17:36:13.400+0000] {processor.py:208} INFO - Processing /opt/airflow/dags/weather_scrape_dag.py took 0.190 seconds
[2026-07-10T17:36:43.664+0000] {processor.py:186} INFO - Started process (PID=281) to work on /opt/airflow/dags/weather_scrape_dag.py
[2026-07-10T17:36:43.665+0000] {processor.py:914} INFO - Processing file /opt/airflow/dags/weather_scrape_dag.py for tasks to queue
[2026-07-10T17:36:43.670+0000] {logging_mixin.py:190} INFO - [2026-07-10T17:36:43.670+0000] {dagbag.py:588} INFO - Filling up the DagBag from /opt/airflow/dags/weather_scrape_dag.py
[2026-07-10T17:36:43.702+0000] {processor.py:925} INFO - DAG(s) 'weather_scrape_and_load' retrieved from /opt/airflow/dags/weather_scrape_dag.py
[2026-07-10T17:36:43.787+0000] {logging_mixin.py:190} INFO - [2026-07-10T17:36:43.786+0000] {dag.py:3239} INFO - Sync 1 DAGs
[2026-07-10T17:36:43.854+0000] {logging_mixin.py:190} INFO - [2026-07-10T17:36:43.853+0000] {dag.py:4180} INFO - Setting next_dagrun for weather_scrape_and_load to 2026-07-10 16:00:00+00:00, run_after=2026-07-10 17:00:00+00:00
[2026-07-10T17:36:43.908+0000] {processor.py:208} INFO - Processing /opt/airflow/dags/weather_scrape_dag.py took 0.261 seconds
[2026-07-10T17:37:14.169+0000] {processor.py:186} INFO - Started process (PID=294) to work on /opt/airflow/dags/weather_scrape_dag.py
[2026-07-10T17:37:14.170+0000] {processor.py:914} INFO - Processing file /opt/airflow/dags/weather_scrape_dag.py for tasks to queue
[2026-07-10T17:37:14.174+0000] {logging_mixin.py:190} INFO - [2026-07-10T17:37:14.173+0000] {dagbag.py:588} INFO - Filling up the DagBag from /opt/airflow/dags/weather_scrape_dag.py
[2026-07-10T17:37:14.198+0000] {processor.py:925} INFO - DAG(s) 'weather_scrape_and_load' retrieved from /opt/airflow/dags/weather_scrape_dag.py
[2026-07-10T17:37:14.268+0000] {logging_mixin.py:190} INFO - [2026-07-10T17:37:14.268+0000] {dag.py:3239} INFO - Sync 1 DAGs
[2026-07-10T17:37:14.328+0000] {logging_mixin.py:190} INFO - [2026-07-10T17:37:14.327+0000] {dag.py:4180} INFO - Setting next_dagrun for weather_scrape_and_load to 2026-07-10 16:00:00+00:00, run_after=2026-07-10 17:00:00+00:00
[2026-07-10T17:37:14.371+0000] {processor.py:208} INFO - Processing /opt/airflow/dags/weather_scrape_dag.py took 0.213 seconds
[2026-07-10T17:37:44.620+0000] {processor.py:186} INFO - Started process (PID=299) to work on /opt/airflow/dags/weather_scrape_dag.py
[2026-07-10T17:37:44.621+0000] {processor.py:914} INFO - Processing file /opt/airflow/dags/weather_scrape_dag.py for tasks to queue
[2026-07-10T17:37:44.625+0000] {logging_mixin.py:190} INFO - [2026-07-10T17:37:44.624+0000] {dagbag.py:588} INFO - Filling up the DagBag from /opt/airflow/dags/weather_scrape_dag.py
[2026-07-10T17:37:44.649+0000] {processor.py:925} INFO - DAG(s) 'weather_scrape_and_load' retrieved from /opt/airflow/dags/weather_scrape_dag.py
[2026-07-10T17:37:44.705+0000] {logging_mixin.py:190} INFO - [2026-07-10T17:37:44.704+0000] {dag.py:3239} INFO - Sync 1 DAGs
[2026-07-10T17:37:44.758+0000] {logging_mixin.py:190} INFO - [2026-07-10T17:37:44.757+0000] {dag.py:4180} INFO - Setting next_dagrun for weather_scrape_and_load to 2026-07-10 16:00:00+00:00, run_after=2026-07-10 17:00:00+00:00
[2026-07-10T17:37:44.796+0000] {processor.py:208} INFO - Processing /opt/airflow/dags/weather_scrape_dag.py took 0.190 seconds
[2026-07-10T17:38:15.033+0000] {processor.py:186} INFO - Started process (PID=304) to work on /opt/airflow/dags/weather_scrape_dag.py
[2026-07-10T17:38:15.042+0000] {processor.py:914} INFO - Processing file /opt/airflow/dags/weather_scrape_dag.py for tasks to queue
[2026-07-10T17:38:15.046+0000] {logging_mixin.py:190} INFO - [2026-07-10T17:38:15.045+0000] {dagbag.py:588} INFO - Filling up the DagBag from /opt/airflow/dags/weather_scrape_dag.py
[2026-07-10T17:38:15.069+0000] {processor.py:925} INFO - DAG(s) 'weather_scrape_and_load' retrieved from /opt/airflow/dags/weather_scrape_dag.py
[2026-07-10T17:38:15.123+0000] {logging_mixin.py:190} INFO - [2026-07-10T17:38:15.122+0000] {dag.py:3239} INFO - Sync 1 DAGs
[2026-07-10T17:38:15.175+0000] {logging_mixin.py:190} INFO - [2026-07-10T17:38:15.174+0000] {dag.py:4180} INFO - Setting next_dagrun for weather_scrape_and_load to 2026-07-10 16:00:00+00:00, run_after=2026-07-10 17:00:00+00:00
[2026-07-10T17:38:15.211+0000] {processor.py:208} INFO - Processing /opt/airflow/dags/weather_scrape_dag.py took 0.190 seconds
[2026-07-10T17:38:45.466+0000] {processor.py:186} INFO - Started process (PID=309) to work on /opt/airflow/dags/weather_scrape_dag.py
[2026-07-10T17:38:45.467+0000] {processor.py:914} INFO - Processing file /opt/airflow/dags/weather_scrape_dag.py for tasks to queue
[2026-07-10T17:38:45.471+0000] {logging_mixin.py:190} INFO - [2026-07-10T17:38:45.470+0000] {dagbag.py:588} INFO - Filling up the DagBag from /opt/airflow/dags/weather_scrape_dag.py
[2026-07-10T17:38:45.493+0000] {processor.py:925} INFO - DAG(s) 'weather_scrape_and_load' retrieved from /opt/airflow/dags/weather_scrape_dag.py
[2026-07-10T17:38:45.547+0000] {logging_mixin.py:190} INFO - [2026-07-10T17:38:45.547+0000] {dag.py:3239} INFO - Sync 1 DAGs
[2026-07-10T17:38:45.599+0000] {logging_mixin.py:190} INFO - [2026-07-10T17:38:45.599+0000] {dag.py:4180} INFO - Setting next_dagrun for weather_scrape_and_load to 2026-07-10 16:00:00+00:00, run_after=2026-07-10 17:00:00+00:00
[2026-07-10T17:38:45.642+0000] {processor.py:208} INFO - Processing /opt/airflow/dags/weather_scrape_dag.py took 0.187 seconds
[2026-07-10T17:39:15.884+0000] {processor.py:186} INFO - Started process (PID=314) to work on /opt/airflow/dags/weather_scrape_dag.py
[2026-07-10T17:39:15.893+0000] {processor.py:914} INFO - Processing file /opt/airflow/dags/weather_scrape_dag.py for tasks to queue
[2026-07-10T17:39:15.898+0000] {logging_mixin.py:190} INFO - [2026-07-10T17:39:15.897+0000] {dagbag.py:588} INFO - Filling up the DagBag from /opt/airflow/dags/weather_scrape_dag.py
[2026-07-10T17:39:15.922+0000] {processor.py:925} INFO - DAG(s) 'weather_scrape_and_load' retrieved from /opt/airflow/dags/weather_scrape_dag.py
[2026-07-10T17:39:15.978+0000] {logging_mixin.py:190} INFO - [2026-07-10T17:39:15.977+0000] {dag.py:3239} INFO - Sync 1 DAGs
[2026-07-10T17:39:16.035+0000] {logging_mixin.py:190} INFO - [2026-07-10T17:39:16.034+0000] {dag.py:4180} INFO - Setting next_dagrun for weather_scrape_and_load to 2026-07-10 16:00:00+00:00, run_after=2026-07-10 17:00:00+00:00
[2026-07-10T17:39:16.086+0000] {processor.py:208} INFO - Processing /opt/airflow/dags/weather_scrape_dag.py took 0.213 seconds
[2026-07-10T17:39:46.330+0000] {processor.py:186} INFO - Started process (PID=319) to work on /opt/airflow/dags/weather_scrape_dag.py
[2026-07-10T17:39:46.331+0000] {processor.py:914} INFO - Processing file /opt/airflow/dags/weather_scrape_dag.py for tasks to queue
[2026-07-10T17:39:46.335+0000] {logging_mixin.py:190} INFO - [2026-07-10T17:39:46.335+0000] {dagbag.py:588} INFO - Filling up the DagBag from /opt/airflow/dags/weather_scrape_dag.py
[2026-07-10T17:39:46.357+0000] {processor.py:925} INFO - DAG(s) 'weather_scrape_and_load' retrieved from /opt/airflow/dags/weather_scrape_dag.py
[2026-07-10T17:39:46.411+0000] {logging_mixin.py:190} INFO - [2026-07-10T17:39:46.410+0000] {dag.py:3239} INFO - Sync 1 DAGs
[2026-07-10T17:39:46.461+0000] {logging_mixin.py:190} INFO - [2026-07-10T17:39:46.460+0000] {dag.py:4180} INFO - Setting next_dagrun for weather_scrape_and_load to 2026-07-10 16:00:00+00:00, run_after=2026-07-10 17:00:00+00:00
[2026-07-10T17:39:46.504+0000] {processor.py:208} INFO - Processing /opt/airflow/dags/weather_scrape_dag.py took 0.184 seconds
[2026-07-10T17:40:16.747+0000] {processor.py:186} INFO - Started process (PID=324) to work on /opt/airflow/dags/weather_scrape_dag.py
[2026-07-10T17:40:16.756+0000] {processor.py:914} INFO - Processing file /opt/airflow/dags/weather_scrape_dag.py for tasks to queue
[2026-07-10T17:40:16.760+0000] {logging_mixin.py:190} INFO - [2026-07-10T17:40:16.759+0000] {dagbag.py:588} INFO - Filling up the DagBag from /opt/airflow/dags/weather_scrape_dag.py
[2026-07-10T17:40:16.783+0000] {processor.py:925} INFO - DAG(s) 'weather_scrape_and_load' retrieved from /opt/airflow/dags/weather_scrape_dag.py
[2026-07-10T17:40:16.841+0000] {logging_mixin.py:190} INFO - [2026-07-10T17:40:16.840+0000] {dag.py:3239} INFO - Sync 1 DAGs
[2026-07-10T17:40:16.894+0000] {logging_mixin.py:190} INFO - [2026-07-10T17:40:16.894+0000] {dag.py:4180} INFO - Setting next_dagrun for weather_scrape_and_load to 2026-07-10 16:00:00+00:00, run_after=2026-07-10 17:00:00+00:00
[2026-07-10T17:40:16.939+0000] {processor.py:208} INFO - Processing /opt/airflow/dags/weather_scrape_dag.py took 0.204 seconds
[2026-07-10T17:40:47.201+0000] {processor.py:186} INFO - Started process (PID=329) to work on /opt/airflow/dags/weather_scrape_dag.py
[2026-07-10T17:40:47.202+0000] {processor.py:914} INFO - Processing file /opt/airflow/dags/weather_scrape_dag.py for tasks to queue
[2026-07-10T17:40:47.206+0000] {logging_mixin.py:190} INFO - [2026-07-10T17:40:47.205+0000] {dagbag.py:588} INFO - Filling up the DagBag from /opt/airflow/dags/weather_scrape_dag.py
[2026-07-10T17:40:47.229+0000] {processor.py:925} INFO - DAG(s) 'weather_scrape_and_load' retrieved from /opt/airflow/dags/weather_scrape_dag.py
[2026-07-10T17:40:47.283+0000] {logging_mixin.py:190} INFO - [2026-07-10T17:40:47.283+0000] {dag.py:3239} INFO - Sync 1 DAGs
[2026-07-10T17:40:47.340+0000] {logging_mixin.py:190} INFO - [2026-07-10T17:40:47.339+0000] {dag.py:4180} INFO - Setting next_dagrun for weather_scrape_and_load to 2026-07-10 16:00:00+00:00, run_after=2026-07-10 17:00:00+00:00
[2026-07-10T17:40:47.389+0000] {processor.py:208} INFO - Processing /opt/airflow/dags/weather_scrape_dag.py took 0.202 seconds
[2026-07-10T17:41:17.637+0000] {processor.py:186} INFO - Started process (PID=334) to work on /opt/airflow/dags/weather_scrape_dag.py
[2026-07-10T17:41:17.646+0000] {processor.py:914} INFO - Processing file /opt/airflow/dags/weather_scrape_dag.py for tasks to queue
[2026-07-10T17:41:17.650+0000] {logging_mixin.py:190} INFO - [2026-07-10T17:41:17.649+0000] {dagbag.py:588} INFO - Filling up the DagBag from /opt/airflow/dags/weather_scrape_dag.py
[2026-07-10T17:41:17.675+0000] {processor.py:925} INFO - DAG(s) 'weather_scrape_and_load' retrieved from /opt/airflow/dags/weather_scrape_dag.py
[2026-07-10T17:41:17.734+0000] {logging_mixin.py:190} INFO - [2026-07-10T17:41:17.733+0000] {dag.py:3239} INFO - Sync 1 DAGs
[2026-07-10T17:41:17.790+0000] {logging_mixin.py:190} INFO - [2026-07-10T17:41:17.789+0000] {dag.py:4180} INFO - Setting next_dagrun for weather_scrape_and_load to 2026-07-10 16:00:00+00:00, run_after=2026-07-10 17:00:00+00:00
[2026-07-10T17:41:18.060+0000] {processor.py:208} INFO - Processing /opt/airflow/dags/weather_scrape_dag.py took 0.435 seconds
[2026-07-10T17:42:09.105+0000] {processor.py:186} INFO - Started process (PID=211) to work on /opt/airflow/dags/weather_scrape_dag.py
[2026-07-10T17:42:09.107+0000] {processor.py:914} INFO - Processing file /opt/airflow/dags/weather_scrape_dag.py for tasks to queue
[2026-07-10T17:42:09.111+0000] {logging_mixin.py:190} INFO - [2026-07-10T17:42:09.110+0000] {dagbag.py:588} INFO - Filling up the DagBag from /opt/airflow/dags/weather_scrape_dag.py
[2026-07-10T17:42:09.143+0000] {processor.py:925} INFO - DAG(s) 'weather_scrape_and_load' retrieved from /opt/airflow/dags/weather_scrape_dag.py
[2026-07-10T17:42:09.235+0000] {logging_mixin.py:190} INFO - [2026-07-10T17:42:09.234+0000] {dag.py:3239} INFO - Sync 1 DAGs
[2026-07-10T17:42:09.282+0000] {logging_mixin.py:190} INFO - [2026-07-10T17:42:09.281+0000] {dag.py:4180} INFO - Setting next_dagrun for weather_scrape_and_load to 2026-07-10 16:00:00+00:00, run_after=2026-07-10 17:00:00+00:00
[2026-07-10T17:42:09.314+0000] {processor.py:208} INFO - Processing /opt/airflow/dags/weather_scrape_dag.py took 0.225 seconds
[2026-07-10T17:42:39.566+0000] {processor.py:186} INFO - Started process (PID=226) to work on /opt/airflow/dags/weather_scrape_dag.py
[2026-07-10T17:42:39.567+0000] {processor.py:914} INFO - Processing file /opt/airflow/dags/weather_scrape_dag.py for tasks to queue
[2026-07-10T17:42:39.572+0000] {logging_mixin.py:190} INFO - [2026-07-10T17:42:39.571+0000] {dagbag.py:588} INFO - Filling up the DagBag from /opt/airflow/dags/weather_scrape_dag.py
[2026-07-10T17:42:39.594+0000] {processor.py:925} INFO - DAG(s) 'weather_scrape_and_load' retrieved from /opt/airflow/dags/weather_scrape_dag.py
[2026-07-10T17:42:39.648+0000] {logging_mixin.py:190} INFO - [2026-07-10T17:42:39.647+0000] {dag.py:3239} INFO - Sync 1 DAGs
[2026-07-10T17:42:39.700+0000] {logging_mixin.py:190} INFO - [2026-07-10T17:42:39.699+0000] {dag.py:4180} INFO - Setting next_dagrun for weather_scrape_and_load to 2026-07-10 16:00:00+00:00, run_after=2026-07-10 17:00:00+00:00
[2026-07-10T17:42:39.738+0000] {processor.py:208} INFO - Processing /opt/airflow/dags/weather_scrape_dag.py took 0.184 seconds
[2026-07-10T17:43:09.989+0000] {processor.py:186} INFO - Started process (PID=248) to work on /opt/airflow/dags/weather_scrape_dag.py
[2026-07-10T17:43:09.998+0000] {processor.py:914} INFO - Processing file /opt/airflow/dags/weather_scrape_dag.py for tasks to queue
[2026-07-10T17:43:10.003+0000] {logging_mixin.py:190} INFO - [2026-07-10T17:43:10.002+0000] {dagbag.py:588} INFO - Filling up the DagBag from /opt/airflow/dags/weather_scrape_dag.py
[2026-07-10T17:43:10.024+0000] {processor.py:925} INFO - DAG(s) 'weather_scrape_and_load' retrieved from /opt/airflow/dags/weather_scrape_dag.py
[2026-07-10T17:43:10.077+0000] {logging_mixin.py:190} INFO - [2026-07-10T17:43:10.076+0000] {dag.py:3239} INFO - Sync 1 DAGs
[2026-07-10T17:43:10.133+0000] {logging_mixin.py:190} INFO - [2026-07-10T17:43:10.133+0000] {dag.py:4180} INFO - Setting next_dagrun for weather_scrape_and_load to 2026-07-10 16:00:00+00:00, run_after=2026-07-10 17:00:00+00:00
[2026-07-10T17:43:10.168+0000] {processor.py:208} INFO - Processing /opt/airflow/dags/weather_scrape_dag.py took 0.190 seconds
[2026-07-10T17:43:40.414+0000] {processor.py:186} INFO - Started process (PID=284) to work on /opt/airflow/dags/weather_scrape_dag.py
[2026-07-10T17:43:40.416+0000] {processor.py:914} INFO - Processing file /opt/airflow/dags/weather_scrape_dag.py for tasks to queue
[2026-07-10T17:43:40.419+0000] {logging_mixin.py:190} INFO - [2026-07-10T17:43:40.419+0000] {dagbag.py:588} INFO - Filling up the DagBag from /opt/airflow/dags/weather_scrape_dag.py
[2026-07-10T17:43:40.445+0000] {processor.py:925} INFO - DAG(s) 'weather_scrape_and_load' retrieved from /opt/airflow/dags/weather_scrape_dag.py
[2026-07-10T17:43:40.510+0000] {logging_mixin.py:190} INFO - [2026-07-10T17:43:40.510+0000] {dag.py:3239} INFO - Sync 1 DAGs
[2026-07-10T17:43:40.574+0000] {logging_mixin.py:190} INFO - [2026-07-10T17:43:40.573+0000] {dag.py:4180} INFO - Setting next_dagrun for weather_scrape_and_load to 2026-07-10 16:00:00+00:00, run_after=2026-07-10 17:00:00+00:00
[2026-07-10T17:43:40.611+0000] {processor.py:208} INFO - Processing /opt/airflow/dags/weather_scrape_dag.py took 0.209 seconds
[2026-07-10T17:44:10.856+0000] {processor.py:186} INFO - Started process (PID=303) to work on /opt/airflow/dags/weather_scrape_dag.py
[2026-07-10T17:44:10.865+0000] {processor.py:914} INFO - Processing file /opt/airflow/dags/weather_scrape_dag.py for tasks to queue
[2026-07-10T17:44:10.869+0000] {logging_mixin.py:190} INFO - [2026-07-10T17:44:10.868+0000] {dagbag.py:588} INFO - Filling up the DagBag from /opt/airflow/dags/weather_scrape_dag.py
[2026-07-10T17:44:10.893+0000] {processor.py:925} INFO - DAG(s) 'weather_scrape_and_load' retrieved from /opt/airflow/dags/weather_scrape_dag.py
[2026-07-10T17:44:10.947+0000] {logging_mixin.py:190} INFO - [2026-07-10T17:44:10.947+0000] {dag.py:3239} INFO - Sync 1 DAGs
[2026-07-10T17:44:11.003+0000] {logging_mixin.py:190} INFO - [2026-07-10T17:44:11.002+0000] {dag.py:4180} INFO - Setting next_dagrun for weather_scrape_and_load to 2026-07-10 16:00:00+00:00, run_after=2026-07-10 17:00:00+00:00
[2026-07-10T17:44:11.055+0000] {processor.py:208} INFO - Processing /opt/airflow/dags/weather_scrape_dag.py took 0.211 seconds
[2026-07-10T17:44:41.304+0000] {processor.py:186} INFO - Started process (PID=308) to work on /opt/airflow/dags/weather_scrape_dag.py
[2026-07-10T17:44:41.305+0000] {processor.py:914} INFO - Processing file /opt/airflow/dags/weather_scrape_dag.py for tasks to queue
[2026-07-10T17:44:41.309+0000] {logging_mixin.py:190} INFO - [2026-07-10T17:44:41.308+0000] {dagbag.py:588} INFO - Filling up the DagBag from /opt/airflow/dags/weather_scrape_dag.py
[2026-07-10T17:44:41.332+0000] {processor.py:925} INFO - DAG(s) 'weather_scrape_and_load' retrieved from /opt/airflow/dags/weather_scrape_dag.py
[2026-07-10T17:44:41.383+0000] {logging_mixin.py:190} INFO - [2026-07-10T17:44:41.382+0000] {dag.py:3239} INFO - Sync 1 DAGs
[2026-07-10T17:44:41.433+0000] {logging_mixin.py:190} INFO - [2026-07-10T17:44:41.433+0000] {dag.py:4180} INFO - Setting next_dagrun for weather_scrape_and_load to 2026-07-10 16:00:00+00:00, run_after=2026-07-10 17:00:00+00:00
[2026-07-10T17:44:41.477+0000] {processor.py:208} INFO - Processing /opt/airflow/dags/weather_scrape_dag.py took 0.184 seconds
[2026-07-10T17:45:11.710+0000] {processor.py:186} INFO - Started process (PID=313) to work on /opt/airflow/dags/weather_scrape_dag.py
[2026-07-10T17:45:11.719+0000] {processor.py:914} INFO - Processing file /opt/airflow/dags/weather_scrape_dag.py for tasks to queue
[2026-07-10T17:45:11.726+0000] {logging_mixin.py:190} INFO - [2026-07-10T17:45:11.725+0000] {dagbag.py:588} INFO - Filling up the DagBag from /opt/airflow/dags/weather_scrape_dag.py
[2026-07-10T17:45:11.754+0000] {processor.py:925} INFO - DAG(s) 'weather_scrape_and_load' retrieved from /opt/airflow/dags/weather_scrape_dag.py
[2026-07-10T17:45:11.806+0000] {logging_mixin.py:190} INFO - [2026-07-10T17:45:11.805+0000] {dag.py:3239} INFO - Sync 1 DAGs
[2026-07-10T17:45:11.856+0000] {logging_mixin.py:190} INFO - [2026-07-10T17:45:11.855+0000] {dag.py:4180} INFO - Setting next_dagrun for weather_scrape_and_load to 2026-07-10 16:00:00+00:00, run_after=2026-07-10 17:00:00+00:00
[2026-07-10T17:45:11.898+0000] {processor.py:208} INFO - Processing /opt/airflow/dags/weather_scrape_dag.py took 0.200 seconds
[2026-07-10T17:45:42.137+0000] {processor.py:186} INFO - Started process (PID=318) to work on /opt/airflow/dags/weather_scrape_dag.py
[2026-07-10T17:45:42.138+0000] {processor.py:914} INFO - Processing file /opt/airflow/dags/weather_scrape_dag.py for tasks to queue
[2026-07-10T17:45:42.142+0000] {logging_mixin.py:190} INFO - [2026-07-10T17:45:42.141+0000] {dagbag.py:588} INFO - Filling up the DagBag from /opt/airflow/dags/weather_scrape_dag.py
[2026-07-10T17:45:42.164+0000] {processor.py:925} INFO - DAG(s) 'weather_scrape_and_load' retrieved from /opt/airflow/dags/weather_scrape_dag.py
[2026-07-10T17:45:42.219+0000] {logging_mixin.py:190} INFO - [2026-07-10T17:45:42.219+0000] {dag.py:3239} INFO - Sync 1 DAGs
[2026-07-10T17:45:42.267+0000] {logging_mixin.py:190} INFO - [2026-07-10T17:45:42.267+0000] {dag.py:4180} INFO - Setting next_dagrun for weather_scrape_and_load to 2026-07-10 16:00:00+00:00, run_after=2026-07-10 17:00:00+00:00
[2026-07-10T17:45:42.311+0000] {processor.py:208} INFO - Processing /opt/airflow/dags/weather_scrape_dag.py took 0.187 seconds
[2026-07-10T17:46:12.559+0000] {processor.py:186} INFO - Started process (PID=323) to work on /opt/airflow/dags/weather_scrape_dag.py
[2026-07-10T17:46:12.560+0000] {processor.py:914} INFO - Processing file /opt/airflow/dags/weather_scrape_dag.py for tasks to queue
[2026-07-10T17:46:12.564+0000] {logging_mixin.py:190} INFO - [2026-07-10T17:46:12.563+0000] {dagbag.py:588} INFO - Filling up the DagBag from /opt/airflow/dags/weather_scrape_dag.py
[2026-07-10T17:46:12.587+0000] {processor.py:925} INFO - DAG(s) 'weather_scrape_and_load' retrieved from /opt/airflow/dags/weather_scrape_dag.py
[2026-07-10T17:46:12.638+0000] {logging_mixin.py:190} INFO - [2026-07-10T17:46:12.638+0000] {dag.py:3239} INFO - Sync 1 DAGs
[2026-07-10T17:46:12.690+0000] {logging_mixin.py:190} INFO - [2026-07-10T17:46:12.689+0000] {dag.py:4180} INFO - Setting next_dagrun for weather_scrape_and_load to 2026-07-10 16:00:00+00:00, run_after=2026-07-10 17:00:00+00:00
[2026-07-10T17:46:12.733+0000] {processor.py:208} INFO - Processing /opt/airflow/dags/weather_scrape_dag.py took 0.185 seconds
[2026-07-10T17:46:42.983+0000] {processor.py:186} INFO - Started process (PID=328) to work on /opt/airflow/dags/weather_scrape_dag.py
[2026-07-10T17:46:42.993+0000] {processor.py:914} INFO - Processing file /opt/airflow/dags/weather_scrape_dag.py for tasks to queue
[2026-07-10T17:46:43.000+0000] {logging_mixin.py:190} INFO - [2026-07-10T17:46:42.999+0000] {dagbag.py:588} INFO - Filling up the DagBag from /opt/airflow/dags/weather_scrape_dag.py
[2026-07-10T17:46:43.031+0000] {processor.py:925} INFO - DAG(s) 'weather_scrape_and_load' retrieved from /opt/airflow/dags/weather_scrape_dag.py
[2026-07-10T17:46:43.102+0000] {logging_mixin.py:190} INFO - [2026-07-10T17:46:43.102+0000] {dag.py:3239} INFO - Sync 1 DAGs
[2026-07-10T17:46:43.170+0000] {logging_mixin.py:190} INFO - [2026-07-10T17:46:43.169+0000] {dag.py:4180} INFO - Setting next_dagrun for weather_scrape_and_load to 2026-07-10 16:00:00+00:00, run_after=2026-07-10 17:00:00+00:00
[2026-07-10T17:46:43.212+0000] {processor.py:208} INFO - Processing /opt/airflow/dags/weather_scrape_dag.py took 0.245 seconds
[2026-07-10T17:47:13.466+0000] {processor.py:186} INFO - Started process (PID=333) to work on /opt/airflow/dags/weather_scrape_dag.py
[2026-07-10T17:47:13.467+0000] {processor.py:914} INFO - Processing file /opt/airflow/dags/weather_scrape_dag.py for tasks to queue
[2026-07-10T17:47:13.472+0000] {logging_mixin.py:190} INFO - [2026-07-10T17:47:13.471+0000] {dagbag.py:588} INFO - Filling up the DagBag from /opt/airflow/dags/weather_scrape_dag.py
[2026-07-10T17:47:13.497+0000] {processor.py:925} INFO - DAG(s) 'weather_scrape_and_load' retrieved from /opt/airflow/dags/weather_scrape_dag.py
[2026-07-10T17:47:13.557+0000] {logging_mixin.py:190} INFO - [2026-07-10T17:47:13.556+0000] {dag.py:3239} INFO - Sync 1 DAGs
[2026-07-10T17:47:13.616+0000] {logging_mixin.py:190} INFO - [2026-07-10T17:47:13.615+0000] {dag.py:4180} INFO - Setting next_dagrun for weather_scrape_and_load to 2026-07-10 16:00:00+00:00, run_after=2026-07-10 17:00:00+00:00
[2026-07-10T17:47:13.662+0000] {processor.py:208} INFO - Processing /opt/airflow/dags/weather_scrape_dag.py took 0.209 seconds
[2026-07-10T17:47:43.912+0000] {processor.py:186} INFO - Started process (PID=344) to work on /opt/airflow/dags/weather_scrape_dag.py
[2026-07-10T17:47:43.921+0000] {processor.py:914} INFO - Processing file /opt/airflow/dags/weather_scrape_dag.py for tasks to queue
[2026-07-10T17:47:43.925+0000] {logging_mixin.py:190} INFO - [2026-07-10T17:47:43.924+0000] {dagbag.py:588} INFO - Filling up the DagBag from /opt/airflow/dags/weather_scrape_dag.py
[2026-07-10T17:47:43.948+0000] {processor.py:925} INFO - DAG(s) 'weather_scrape_and_load' retrieved from /opt/airflow/dags/weather_scrape_dag.py
[2026-07-10T17:47:44.010+0000] {logging_mixin.py:190} INFO - [2026-07-10T17:47:44.009+0000] {dag.py:3239} INFO - Sync 1 DAGs
[2026-07-10T17:47:44.069+0000] {logging_mixin.py:190} INFO - [2026-07-10T17:47:44.068+0000] {dag.py:4180} INFO - Setting next_dagrun for weather_scrape_and_load to 2026-07-10 16:00:00+00:00, run_after=2026-07-10 17:00:00+00:00
[2026-07-10T17:47:44.126+0000] {processor.py:208} INFO - Processing /opt/airflow/dags/weather_scrape_dag.py took 0.230 seconds
[2026-07-10T17:48:14.377+0000] {processor.py:186} INFO - Started process (PID=349) to work on /opt/airflow/dags/weather_scrape_dag.py
[2026-07-10T17:48:14.378+0000] {processor.py:914} INFO - Processing file /opt/airflow/dags/weather_scrape_dag.py for tasks to queue
[2026-07-10T17:48:14.382+0000] {logging_mixin.py:190} INFO - [2026-07-10T17:48:14.381+0000] {dagbag.py:588} INFO - Filling up the DagBag from /opt/airflow/dags/weather_scrape_dag.py
[2026-07-10T17:48:14.407+0000] {processor.py:925} INFO - DAG(s) 'weather_scrape_and_load' retrieved from /opt/airflow/dags/weather_scrape_dag.py
[2026-07-10T17:48:14.462+0000] {logging_mixin.py:190} INFO - [2026-07-10T17:48:14.461+0000] {dag.py:3239} INFO - Sync 1 DAGs
[2026-07-10T17:48:14.513+0000] {logging_mixin.py:190} INFO - [2026-07-10T17:48:14.513+0000] {dag.py:4180} INFO - Setting next_dagrun for weather_scrape_and_load to 2026-07-10 16:00:00+00:00, run_after=2026-07-10 17:00:00+00:00
[2026-07-10T17:48:14.557+0000] {processor.py:208} INFO - Processing /opt/airflow/dags/weather_scrape_dag.py took 0.194 seconds
[2026-07-10T17:49:10.997+0000] {processor.py:186} INFO - Started process (PID=196) to work on /opt/airflow/dags/weather_scrape_dag.py
[2026-07-10T17:49:10.999+0000] {processor.py:914} INFO - Processing file /opt/airflow/dags/weather_scrape_dag.py for tasks to queue
[2026-07-10T17:49:11.003+0000] {logging_mixin.py:190} INFO - [2026-07-10T17:49:11.002+0000] {dagbag.py:588} INFO - Filling up the DagBag from /opt/airflow/dags/weather_scrape_dag.py
[2026-07-10T17:49:11.030+0000] {processor.py:925} INFO - DAG(s) 'weather_scrape_and_load' retrieved from /opt/airflow/dags/weather_scrape_dag.py
[2026-07-10T17:49:11.129+0000] {logging_mixin.py:190} INFO - [2026-07-10T17:49:11.129+0000] {dag.py:3239} INFO - Sync 1 DAGs
[2026-07-10T17:49:11.191+0000] {logging_mixin.py:190} INFO - [2026-07-10T17:49:11.191+0000] {dag.py:4180} INFO - Setting next_dagrun for weather_scrape_and_load to 2026-07-10 16:00:00+00:00, run_after=2026-07-10 17:00:00+00:00
[2026-07-10T17:49:11.239+0000] {processor.py:208} INFO - Processing /opt/airflow/dags/weather_scrape_dag.py took 0.255 seconds
[2026-07-10T17:49:41.510+0000] {processor.py:186} INFO - Started process (PID=211) to work on /opt/airflow/dags/weather_scrape_dag.py
[2026-07-10T17:49:41.512+0000] {processor.py:914} INFO - Processing file /opt/airflow/dags/weather_scrape_dag.py for tasks to queue
[2026-07-10T17:49:41.516+0000] {logging_mixin.py:190} INFO - [2026-07-10T17:49:41.516+0000] {dagbag.py:588} INFO - Filling up the DagBag from /opt/airflow/dags/weather_scrape_dag.py
[2026-07-10T17:49:41.540+0000] {processor.py:925} INFO - DAG(s) 'weather_scrape_and_load' retrieved from /opt/airflow/dags/weather_scrape_dag.py
[2026-07-10T17:49:41.594+0000] {logging_mixin.py:190} INFO - [2026-07-10T17:49:41.594+0000] {dag.py:3239} INFO - Sync 1 DAGs
[2026-07-10T17:49:41.647+0000] {logging_mixin.py:190} INFO - [2026-07-10T17:49:41.647+0000] {dag.py:4180} INFO - Setting next_dagrun for weather_scrape_and_load to 2026-07-10 16:00:00+00:00, run_after=2026-07-10 17:00:00+00:00
[2026-07-10T17:49:41.686+0000] {processor.py:208} INFO - Processing /opt/airflow/dags/weather_scrape_dag.py took 0.189 seconds
[2026-07-10T17:50:11.941+0000] {processor.py:186} INFO - Started process (PID=226) to work on /opt/airflow/dags/weather_scrape_dag.py
[2026-07-10T17:50:11.950+0000] {processor.py:914} INFO - Processing file /opt/airflow/dags/weather_scrape_dag.py for tasks to queue
[2026-07-10T17:50:11.955+0000] {logging_mixin.py:190} INFO - [2026-07-10T17:50:11.954+0000] {dagbag.py:588} INFO - Filling up the DagBag from /opt/airflow/dags/weather_scrape_dag.py
[2026-07-10T17:50:11.977+0000] {processor.py:925} INFO - DAG(s) 'weather_scrape_and_load' retrieved from /opt/airflow/dags/weather_scrape_dag.py
[2026-07-10T17:50:12.029+0000] {logging_mixin.py:190} INFO - [2026-07-10T17:50:12.029+0000] {dag.py:3239} INFO - Sync 1 DAGs
[2026-07-10T17:50:12.083+0000] {logging_mixin.py:190} INFO - [2026-07-10T17:50:12.083+0000] {dag.py:4180} INFO - Setting next_dagrun for weather_scrape_and_load to 2026-07-10 16:00:00+00:00, run_after=2026-07-10 17:00:00+00:00
[2026-07-10T17:50:12.121+0000] {processor.py:208} INFO - Processing /opt/airflow/dags/weather_scrape_dag.py took 0.190 seconds
[2026-07-10T17:50:42.379+0000] {processor.py:186} INFO - Started process (PID=232) to work on /opt/airflow/dags/weather_scrape_dag.py
[2026-07-10T17:50:42.381+0000] {processor.py:914} INFO - Processing file /opt/airflow/dags/weather_scrape_dag.py for tasks to queue
[2026-07-10T17:50:42.385+0000] {logging_mixin.py:190} INFO - [2026-07-10T17:50:42.384+0000] {dagbag.py:588} INFO - Filling up the DagBag from /opt/airflow/dags/weather_scrape_dag.py
[2026-07-10T17:50:42.407+0000] {processor.py:925} INFO - DAG(s) 'weather_scrape_and_load' retrieved from /opt/airflow/dags/weather_scrape_dag.py
[2026-07-10T17:50:42.463+0000] {logging_mixin.py:190} INFO - [2026-07-10T17:50:42.463+0000] {dag.py:3239} INFO - Sync 1 DAGs
[2026-07-10T17:50:42.516+0000] {logging_mixin.py:190} INFO - [2026-07-10T17:50:42.516+0000] {dag.py:4180} INFO - Setting next_dagrun for weather_scrape_and_load to 2026-07-10 16:00:00+00:00, run_after=2026-07-10 17:00:00+00:00
[2026-07-10T17:50:42.559+0000] {processor.py:208} INFO - Processing /opt/airflow/dags/weather_scrape_dag.py took 0.194 seconds
[2026-07-10T17:51:12.814+0000] {processor.py:186} INFO - Started process (PID=237) to work on /opt/airflow/dags/weather_scrape_dag.py
[2026-07-10T17:51:12.823+0000] {processor.py:914} INFO - Processing file /opt/airflow/dags/weather_scrape_dag.py for tasks to queue
[2026-07-10T17:51:12.827+0000] {logging_mixin.py:190} INFO - [2026-07-10T17:51:12.826+0000] {dagbag.py:588} INFO - Filling up the DagBag from /opt/airflow/dags/weather_scrape_dag.py
[2026-07-10T17:51:12.853+0000] {processor.py:925} INFO - DAG(s) 'weather_scrape_and_load' retrieved from /opt/airflow/dags/weather_scrape_dag.py
[2026-07-10T17:51:12.912+0000] {logging_mixin.py:190} INFO - [2026-07-10T17:51:12.911+0000] {dag.py:3239} INFO - Sync 1 DAGs
[2026-07-10T17:51:12.966+0000] {logging_mixin.py:190} INFO - [2026-07-10T17:51:12.966+0000] {dag.py:4180} INFO - Setting next_dagrun for weather_scrape_and_load to 2026-07-10 16:00:00+00:00, run_after=2026-07-10 17:00:00+00:00
[2026-07-10T17:51:13.014+0000] {processor.py:208} INFO - Processing /opt/airflow/dags/weather_scrape_dag.py took 0.211 seconds
[2026-07-10T17:51:43.262+0000] {processor.py:186} INFO - Started process (PID=242) to work on /opt/airflow/dags/weather_scrape_dag.py
[2026-07-10T17:51:43.264+0000] {processor.py:914} INFO - Processing file /opt/airflow/dags/weather_scrape_dag.py for tasks to queue
[2026-07-10T17:51:43.268+0000] {logging_mixin.py:190} INFO - [2026-07-10T17:51:43.267+0000] {dagbag.py:588} INFO - Filling up the DagBag from /opt/airflow/dags/weather_scrape_dag.py
[2026-07-10T17:51:43.290+0000] {processor.py:925} INFO - DAG(s) 'weather_scrape_and_load' retrieved from /opt/airflow/dags/weather_scrape_dag.py
[2026-07-10T17:51:43.346+0000] {logging_mixin.py:190} INFO - [2026-07-10T17:51:43.345+0000] {dag.py:3239} INFO - Sync 1 DAGs
[2026-07-10T17:51:43.404+0000] {logging_mixin.py:190} INFO - [2026-07-10T17:51:43.404+0000] {dag.py:4180} INFO - Setting next_dagrun for weather_scrape_and_load to 2026-07-10 16:00:00+00:00, run_after=2026-07-10 17:00:00+00:00
[2026-07-10T17:51:43.458+0000] {processor.py:208} INFO - Processing /opt/airflow/dags/weather_scrape_dag.py took 0.208 seconds
[2026-07-10T17:52:13.705+0000] {processor.py:186} INFO - Started process (PID=264) to work on /opt/airflow/dags/weather_scrape_dag.py
[2026-07-10T17:52:13.715+0000] {processor.py:914} INFO - Processing file /opt/airflow/dags/weather_scrape_dag.py for tasks to queue
[2026-07-10T17:52:13.718+0000] {logging_mixin.py:190} INFO - [2026-07-10T17:52:13.718+0000] {dagbag.py:588} INFO - Filling up the DagBag from /opt/airflow/dags/weather_scrape_dag.py
[2026-07-10T17:52:13.741+0000] {processor.py:925} INFO - DAG(s) 'weather_scrape_and_load' retrieved from /opt/airflow/dags/weather_scrape_dag.py
[2026-07-10T17:52:13.798+0000] {logging_mixin.py:190} INFO - [2026-07-10T17:52:13.797+0000] {dag.py:3239} INFO - Sync 1 DAGs
[2026-07-10T17:52:13.850+0000] {logging_mixin.py:190} INFO - [2026-07-10T17:52:13.850+0000] {dag.py:4180} INFO - Setting next_dagrun for weather_scrape_and_load to 2026-07-10 16:00:00+00:00, run_after=2026-07-10 17:00:00+00:00
[2026-07-10T17:52:13.895+0000] {processor.py:208} INFO - Processing /opt/airflow/dags/weather_scrape_dag.py took 0.200 seconds
[2026-07-10T17:52:44.144+0000] {processor.py:186} INFO - Started process (PID=269) to work on /opt/airflow/dags/weather_scrape_dag.py
[2026-07-10T17:52:44.145+0000] {processor.py:914} INFO - Processing file /opt/airflow/dags/weather_scrape_dag.py for tasks to queue
[2026-07-10T17:52:44.149+0000] {logging_mixin.py:190} INFO - [2026-07-10T17:52:44.148+0000] {dagbag.py:588} INFO - Filling up the DagBag from /opt/airflow/dags/weather_scrape_dag.py
[2026-07-10T17:52:44.174+0000] {processor.py:925} INFO - DAG(s) 'weather_scrape_and_load' retrieved from /opt/airflow/dags/weather_scrape_dag.py
[2026-07-10T17:52:44.231+0000] {logging_mixin.py:190} INFO - [2026-07-10T17:52:44.231+0000] {dag.py:3239} INFO - Sync 1 DAGs
[2026-07-10T17:52:44.284+0000] {logging_mixin.py:190} INFO - [2026-07-10T17:52:44.283+0000] {dag.py:4180} INFO - Setting next_dagrun for weather_scrape_and_load to 2026-07-10 16:00:00+00:00, run_after=2026-07-10 17:00:00+00:00
[2026-07-10T17:52:44.332+0000] {processor.py:208} INFO - Processing /opt/airflow/dags/weather_scrape_dag.py took 0.200 seconds
[2026-07-10T17:53:14.577+0000] {processor.py:186} INFO - Started process (PID=274) to work on /opt/airflow/dags/weather_scrape_dag.py
[2026-07-10T17:53:14.579+0000] {processor.py:914} INFO - Processing file /opt/airflow/dags/weather_scrape_dag.py for tasks to queue
[2026-07-10T17:53:14.584+0000] {logging_mixin.py:190} INFO - [2026-07-10T17:53:14.583+0000] {dagbag.py:588} INFO - Filling up the DagBag from /opt/airflow/dags/weather_scrape_dag.py
[2026-07-10T17:53:14.612+0000] {processor.py:925} INFO - DAG(s) 'weather_scrape_and_load' retrieved from /opt/airflow/dags/weather_scrape_dag.py
[2026-07-10T17:53:14.687+0000] {logging_mixin.py:190} INFO - [2026-07-10T17:53:14.686+0000] {dag.py:3239} INFO - Sync 1 DAGs
[2026-07-10T17:53:14.750+0000] {logging_mixin.py:190} INFO - [2026-07-10T17:53:14.749+0000] {dag.py:4180} INFO - Setting next_dagrun for weather_scrape_and_load to 2026-07-10 16:00:00+00:00, run_after=2026-07-10 17:00:00+00:00
[2026-07-10T17:53:14.795+0000] {processor.py:208} INFO - Processing /opt/airflow/dags/weather_scrape_dag.py took 0.231 seconds
[2026-07-10T17:53:45.048+0000] {processor.py:186} INFO - Started process (PID=279) to work on /opt/airflow/dags/weather_scrape_dag.py
[2026-07-10T17:53:45.050+0000] {processor.py:914} INFO - Processing file /opt/airflow/dags/weather_scrape_dag.py for tasks to queue
[2026-07-10T17:53:45.054+0000] {logging_mixin.py:190} INFO - [2026-07-10T17:53:45.054+0000] {dagbag.py:588} INFO - Filling up the DagBag from /opt/airflow/dags/weather_scrape_dag.py
[2026-07-10T17:53:45.077+0000] {processor.py:925} INFO - DAG(s) 'weather_scrape_and_load' retrieved from /opt/airflow/dags/weather_scrape_dag.py
[2026-07-10T17:53:45.133+0000] {logging_mixin.py:190} INFO - [2026-07-10T17:53:45.133+0000] {dag.py:3239} INFO - Sync 1 DAGs
[2026-07-10T17:53:45.187+0000] {logging_mixin.py:190} INFO - [2026-07-10T17:53:45.186+0000] {dag.py:4180} INFO - Setting next_dagrun for weather_scrape_and_load to 2026-07-10 16:00:00+00:00, run_after=2026-07-10 17:00:00+00:00
[2026-07-10T17:53:45.225+0000] {processor.py:208} INFO - Processing /opt/airflow/dags/weather_scrape_dag.py took 0.189 seconds
[2026-07-10T17:54:15.291+0000] {processor.py:186} INFO - Started process (PID=284) to work on /opt/airflow/dags/weather_scrape_dag.py
[2026-07-10T17:54:15.300+0000] {processor.py:914} INFO - Processing file /opt/airflow/dags/weather_scrape_dag.py for tasks to queue
[2026-07-10T17:54:15.305+0000] {logging_mixin.py:190} INFO - [2026-07-10T17:54:15.304+0000] {dagbag.py:588} INFO - Filling up the DagBag from /opt/airflow/dags/weather_scrape_dag.py
[2026-07-10T17:54:15.329+0000] {processor.py:925} INFO - DAG(s) 'weather_scrape_and_load' retrieved from /opt/airflow/dags/weather_scrape_dag.py
[2026-07-10T17:54:15.383+0000] {logging_mixin.py:190} INFO - [2026-07-10T17:54:15.382+0000] {dag.py:3239} INFO - Sync 1 DAGs
[2026-07-10T17:54:15.435+0000] {logging_mixin.py:190} INFO - [2026-07-10T17:54:15.435+0000] {dag.py:4180} INFO - Setting next_dagrun for weather_scrape_and_load to 2026-07-10 16:00:00+00:00, run_after=2026-07-10 17:00:00+00:00
[2026-07-10T17:54:15.473+0000] {processor.py:208} INFO - Processing /opt/airflow/dags/weather_scrape_dag.py took 0.192 seconds
[2026-07-10T17:54:45.695+0000] {processor.py:186} INFO - Started process (PID=321) to work on /opt/airflow/dags/weather_scrape_dag.py
[2026-07-10T17:54:45.696+0000] {processor.py:914} INFO - Processing file /opt/airflow/dags/weather_scrape_dag.py for tasks to queue
[2026-07-10T17:54:45.700+0000] {logging_mixin.py:190} INFO - [2026-07-10T17:54:45.699+0000] {dagbag.py:588} INFO - Filling up the DagBag from /opt/airflow/dags/weather_scrape_dag.py
[2026-07-10T17:54:45.723+0000] {processor.py:925} INFO - DAG(s) 'weather_scrape_and_load' retrieved from /opt/airflow/dags/weather_scrape_dag.py
[2026-07-10T17:54:45.777+0000] {logging_mixin.py:190} INFO - [2026-07-10T17:54:45.776+0000] {dag.py:3239} INFO - Sync 1 DAGs
[2026-07-10T17:54:45.844+0000] {logging_mixin.py:190} INFO - [2026-07-10T17:54:45.843+0000] {dag.py:4180} INFO - Setting next_dagrun for weather_scrape_and_load to 2026-07-10 17:00:00+00:00, run_after=2026-07-10 18:00:00+00:00
[2026-07-10T17:54:45.891+0000] {processor.py:208} INFO - Processing /opt/airflow/dags/weather_scrape_dag.py took 0.208 seconds
[2026-07-10T17:55:16.123+0000] {processor.py:186} INFO - Started process (PID=326) to work on /opt/airflow/dags/weather_scrape_dag.py
[2026-07-10T17:55:16.125+0000] {processor.py:914} INFO - Processing file /opt/airflow/dags/weather_scrape_dag.py for tasks to queue
[2026-07-10T17:55:16.128+0000] {logging_mixin.py:190} INFO - [2026-07-10T17:55:16.128+0000] {dagbag.py:588} INFO - Filling up the DagBag from /opt/airflow/dags/weather_scrape_dag.py
[2026-07-10T17:55:16.149+0000] {processor.py:925} INFO - DAG(s) 'weather_scrape_and_load' retrieved from /opt/airflow/dags/weather_scrape_dag.py
[2026-07-10T17:55:16.207+0000] {logging_mixin.py:190} INFO - [2026-07-10T17:55:16.206+0000] {dag.py:3239} INFO - Sync 1 DAGs
[2026-07-10T17:55:16.257+0000] {logging_mixin.py:190} INFO - [2026-07-10T17:55:16.256+0000] {dag.py:4180} INFO - Setting next_dagrun for weather_scrape_and_load to 2026-07-10 17:00:00+00:00, run_after=2026-07-10 18:00:00+00:00
[2026-07-10T17:55:16.293+0000] {processor.py:208} INFO - Processing /opt/airflow/dags/weather_scrape_dag.py took 0.180 seconds
[2026-07-10T17:55:46.534+0000] {processor.py:186} INFO - Started process (PID=331) to work on /opt/airflow/dags/weather_scrape_dag.py
[2026-07-10T17:55:46.536+0000] {processor.py:914} INFO - Processing file /opt/airflow/dags/weather_scrape_dag.py for tasks to queue
[2026-07-10T17:55:46.539+0000] {logging_mixin.py:190} INFO - [2026-07-10T17:55:46.539+0000] {dagbag.py:588} INFO - Filling up the DagBag from /opt/airflow/dags/weather_scrape_dag.py
[2026-07-10T17:55:46.560+0000] {processor.py:925} INFO - DAG(s) 'weather_scrape_and_load' retrieved from /opt/airflow/dags/weather_scrape_dag.py
[2026-07-10T17:55:46.611+0000] {logging_mixin.py:190} INFO - [2026-07-10T17:55:46.610+0000] {dag.py:3239} INFO - Sync 1 DAGs
[2026-07-10T17:55:46.664+0000] {logging_mixin.py:190} INFO - [2026-07-10T17:55:46.664+0000] {dag.py:4180} INFO - Setting next_dagrun for weather_scrape_and_load to 2026-07-10 17:00:00+00:00, run_after=2026-07-10 18:00:00+00:00
[2026-07-10T17:55:46.934+0000] {processor.py:208} INFO - Processing /opt/airflow/dags/weather_scrape_dag.py took 0.410 seconds
[2026-07-10T17:56:17.214+0000] {processor.py:186} INFO - Started process (PID=336) to work on /opt/airflow/dags/weather_scrape_dag.py
[2026-07-10T17:56:17.223+0000] {processor.py:914} INFO - Processing file /opt/airflow/dags/weather_scrape_dag.py for tasks to queue
[2026-07-10T17:56:17.228+0000] {logging_mixin.py:190} INFO - [2026-07-10T17:56:17.228+0000] {dagbag.py:588} INFO - Filling up the DagBag from /opt/airflow/dags/weather_scrape_dag.py
[2026-07-10T17:56:17.257+0000] {processor.py:925} INFO - DAG(s) 'weather_scrape_and_load' retrieved from /opt/airflow/dags/weather_scrape_dag.py
[2026-07-10T17:56:17.310+0000] {logging_mixin.py:190} INFO - [2026-07-10T17:56:17.309+0000] {dag.py:3239} INFO - Sync 1 DAGs
[2026-07-10T17:56:17.581+0000] {logging_mixin.py:190} INFO - [2026-07-10T17:56:17.581+0000] {dag.py:4180} INFO - Setting next_dagrun for weather_scrape_and_load to 2026-07-10 17:00:00+00:00, run_after=2026-07-10 18:00:00+00:00
[2026-07-10T17:56:17.621+0000] {processor.py:208} INFO - Processing /opt/airflow/dags/weather_scrape_dag.py took 0.423 seconds
[2026-07-10T17:56:47.886+0000] {processor.py:186} INFO - Started process (PID=341) to work on /opt/airflow/dags/weather_scrape_dag.py
[2026-07-10T17:56:47.887+0000] {processor.py:914} INFO - Processing file /opt/airflow/dags/weather_scrape_dag.py for tasks to queue
[2026-07-10T17:56:47.891+0000] {logging_mixin.py:190} INFO - [2026-07-10T17:56:47.890+0000] {dagbag.py:588} INFO - Filling up the DagBag from /opt/airflow/dags/weather_scrape_dag.py
[2026-07-10T17:56:47.913+0000] {processor.py:925} INFO - DAG(s) 'weather_scrape_and_load' retrieved from /opt/airflow/dags/weather_scrape_dag.py
[2026-07-10T17:56:47.967+0000] {logging_mixin.py:190} INFO - [2026-07-10T17:56:47.967+0000] {dag.py:3239} INFO - Sync 1 DAGs
[2026-07-10T17:56:48.260+0000] {logging_mixin.py:190} INFO - [2026-07-10T17:56:48.260+0000] {dag.py:4180} INFO - Setting next_dagrun for weather_scrape_and_load to 2026-07-10 17:00:00+00:00, run_after=2026-07-10 18:00:00+00:00
[2026-07-10T17:56:48.331+0000] {processor.py:208} INFO - Processing /opt/airflow/dags/weather_scrape_dag.py took 0.455 seconds
[2026-07-10T17:57:18.607+0000] {processor.py:186} INFO - Started process (PID=346) to work on /opt/airflow/dags/weather_scrape_dag.py
[2026-07-10T17:57:18.617+0000] {processor.py:914} INFO - Processing file /opt/airflow/dags/weather_scrape_dag.py for tasks to queue
[2026-07-10T17:57:18.621+0000] {logging_mixin.py:190} INFO - [2026-07-10T17:57:18.620+0000] {dagbag.py:588} INFO - Filling up the DagBag from /opt/airflow/dags/weather_scrape_dag.py
[2026-07-10T17:57:18.643+0000] {processor.py:925} INFO - DAG(s) 'weather_scrape_and_load' retrieved from /opt/airflow/dags/weather_scrape_dag.py
[2026-07-10T17:57:18.924+0000] {logging_mixin.py:190} INFO - [2026-07-10T17:57:18.923+0000] {dag.py:3239} INFO - Sync 1 DAGs
[2026-07-10T17:57:18.977+0000] {logging_mixin.py:190} INFO - [2026-07-10T17:57:18.976+0000] {dag.py:4180} INFO - Setting next_dagrun for weather_scrape_and_load to 2026-07-10 17:00:00+00:00, run_after=2026-07-10 18:00:00+00:00
[2026-07-10T17:57:19.011+0000] {processor.py:208} INFO - Processing /opt/airflow/dags/weather_scrape_dag.py took 0.416 seconds
[2026-07-10T17:57:49.533+0000] {processor.py:186} INFO - Started process (PID=351) to work on /opt/airflow/dags/weather_scrape_dag.py
[2026-07-10T17:57:49.535+0000] {processor.py:914} INFO - Processing file /opt/airflow/dags/weather_scrape_dag.py for tasks to queue
[2026-07-10T17:57:49.540+0000] {logging_mixin.py:190} INFO - [2026-07-10T17:57:49.539+0000] {dagbag.py:588} INFO - Filling up the DagBag from /opt/airflow/dags/weather_scrape_dag.py
[2026-07-10T17:57:49.568+0000] {processor.py:925} INFO - DAG(s) 'weather_scrape_and_load' retrieved from /opt/airflow/dags/weather_scrape_dag.py
[2026-07-10T17:57:49.619+0000] {logging_mixin.py:190} INFO - [2026-07-10T17:57:49.618+0000] {dag.py:3239} INFO - Sync 1 DAGs
[2026-07-10T17:57:49.670+0000] {logging_mixin.py:190} INFO - [2026-07-10T17:57:49.670+0000] {dag.py:4180} INFO - Setting next_dagrun for weather_scrape_and_load to 2026-07-10 17:00:00+00:00, run_after=2026-07-10 18:00:00+00:00
[2026-07-10T17:57:49.712+0000] {processor.py:208} INFO - Processing /opt/airflow/dags/weather_scrape_dag.py took 0.196 seconds
[2026-07-10T17:58:19.957+0000] {processor.py:186} INFO - Started process (PID=356) to work on /opt/airflow/dags/weather_scrape_dag.py
[2026-07-10T17:58:19.959+0000] {processor.py:914} INFO - Processing file /opt/airflow/dags/weather_scrape_dag.py for tasks to queue
[2026-07-10T17:58:19.963+0000] {logging_mixin.py:190} INFO - [2026-07-10T17:58:19.962+0000] {dagbag.py:588} INFO - Filling up the DagBag from /opt/airflow/dags/weather_scrape_dag.py
[2026-07-10T17:58:19.988+0000] {processor.py:925} INFO - DAG(s) 'weather_scrape_and_load' retrieved from /opt/airflow/dags/weather_scrape_dag.py
[2026-07-10T17:58:20.066+0000] {logging_mixin.py:190} INFO - [2026-07-10T17:58:20.065+0000] {dag.py:3239} INFO - Sync 1 DAGs
[2026-07-10T17:58:20.145+0000] {logging_mixin.py:190} INFO - [2026-07-10T17:58:20.144+0000] {dag.py:4180} INFO - Setting next_dagrun for weather_scrape_and_load to 2026-07-10 17:00:00+00:00, run_after=2026-07-10 18:00:00+00:00
[2026-07-10T17:58:20.201+0000] {processor.py:208} INFO - Processing /opt/airflow/dags/weather_scrape_dag.py took 0.257 seconds
[2026-07-10T17:58:50.453+0000] {processor.py:186} INFO - Started process (PID=361) to work on /opt/airflow/dags/weather_scrape_dag.py
[2026-07-10T17:58:50.455+0000] {processor.py:914} INFO - Processing file /opt/airflow/dags/weather_scrape_dag.py for tasks to queue
[2026-07-10T17:58:50.458+0000] {logging_mixin.py:190} INFO - [2026-07-10T17:58:50.457+0000] {dagbag.py:588} INFO - Filling up the DagBag from /opt/airflow/dags/weather_scrape_dag.py
[2026-07-10T17:58:50.479+0000] {processor.py:925} INFO - DAG(s) 'weather_scrape_and_load' retrieved from /opt/airflow/dags/weather_scrape_dag.py
[2026-07-10T17:58:50.530+0000] {logging_mixin.py:190} INFO - [2026-07-10T17:58:50.529+0000] {dag.py:3239} INFO - Sync 1 DAGs
[2026-07-10T17:58:50.578+0000] {logging_mixin.py:190} INFO - [2026-07-10T17:58:50.578+0000] {dag.py:4180} INFO - Setting next_dagrun for weather_scrape_and_load to 2026-07-10 17:00:00+00:00, run_after=2026-07-10 18:00:00+00:00
[2026-07-10T17:58:50.612+0000] {processor.py:208} INFO - Processing /opt/airflow/dags/weather_scrape_dag.py took 0.171 seconds
[2026-07-10T17:59:20.683+0000] {processor.py:186} INFO - Started process (PID=366) to work on /opt/airflow/dags/weather_scrape_dag.py
[2026-07-10T17:59:20.692+0000] {processor.py:914} INFO - Processing file /opt/airflow/dags/weather_scrape_dag.py for tasks to queue
[2026-07-10T17:59:20.695+0000] {logging_mixin.py:190} INFO - [2026-07-10T17:59:20.695+0000] {dagbag.py:588} INFO - Filling up the DagBag from /opt/airflow/dags/weather_scrape_dag.py
[2026-07-10T17:59:20.716+0000] {processor.py:925} INFO - DAG(s) 'weather_scrape_and_load' retrieved from /opt/airflow/dags/weather_scrape_dag.py
[2026-07-10T17:59:20.764+0000] {logging_mixin.py:190} INFO - [2026-07-10T17:59:20.764+0000] {dag.py:3239} INFO - Sync 1 DAGs
[2026-07-10T17:59:20.811+0000] {logging_mixin.py:190} INFO - [2026-07-10T17:59:20.811+0000] {dag.py:4180} INFO - Setting next_dagrun for weather_scrape_and_load to 2026-07-10 17:00:00+00:00, run_after=2026-07-10 18:00:00+00:00
[2026-07-10T17:59:20.852+0000] {processor.py:208} INFO - Processing /opt/airflow/dags/weather_scrape_dag.py took 0.180 seconds
[2026-07-10T17:59:51.070+0000] {processor.py:186} INFO - Started process (PID=375) to work on /opt/airflow/dags/weather_scrape_dag.py
[2026-07-10T17:59:51.071+0000] {processor.py:914} INFO - Processing file /opt/airflow/dags/weather_scrape_dag.py for tasks to queue
[2026-07-10T17:59:51.074+0000] {logging_mixin.py:190} INFO - [2026-07-10T17:59:51.073+0000] {dagbag.py:588} INFO - Filling up the DagBag from /opt/airflow/dags/weather_scrape_dag.py
[2026-07-10T17:59:51.093+0000] {processor.py:925} INFO - DAG(s) 'weather_scrape_and_load' retrieved from /opt/airflow/dags/weather_scrape_dag.py
[2026-07-10T17:59:51.141+0000] {logging_mixin.py:190} INFO - [2026-07-10T17:59:51.141+0000] {dag.py:3239} INFO - Sync 1 DAGs
[2026-07-10T17:59:51.187+0000] {logging_mixin.py:190} INFO - [2026-07-10T17:59:51.187+0000] {dag.py:4180} INFO - Setting next_dagrun for weather_scrape_and_load to 2026-07-10 17:00:00+00:00, run_after=2026-07-10 18:00:00+00:00
[2026-07-10T17:59:51.220+0000] {processor.py:208} INFO - Processing /opt/airflow/dags/weather_scrape_dag.py took 0.162 seconds
[2026-07-10T18:00:21.293+0000] {processor.py:186} INFO - Started process (PID=404) to work on /opt/airflow/dags/weather_scrape_dag.py
[2026-07-10T18:00:21.301+0000] {processor.py:914} INFO - Processing file /opt/airflow/dags/weather_scrape_dag.py for tasks to queue
[2026-07-10T18:00:21.305+0000] {logging_mixin.py:190} INFO - [2026-07-10T18:00:21.304+0000] {dagbag.py:588} INFO - Filling up the DagBag from /opt/airflow/dags/weather_scrape_dag.py
[2026-07-10T18:00:21.326+0000] {processor.py:925} INFO - DAG(s) 'weather_scrape_and_load' retrieved from /opt/airflow/dags/weather_scrape_dag.py
[2026-07-10T18:00:21.373+0000] {logging_mixin.py:190} INFO - [2026-07-10T18:00:21.373+0000] {dag.py:3239} INFO - Sync 1 DAGs
[2026-07-10T18:00:21.418+0000] {logging_mixin.py:190} INFO - [2026-07-10T18:00:21.417+0000] {dag.py:4180} INFO - Setting next_dagrun for weather_scrape_and_load to 2026-07-10 18:00:00+00:00, run_after=2026-07-10 19:00:00+00:00
[2026-07-10T18:00:21.450+0000] {processor.py:208} INFO - Processing /opt/airflow/dags/weather_scrape_dag.py took 0.168 seconds
[2026-07-10T18:00:51.648+0000] {processor.py:186} INFO - Started process (PID=409) to work on /opt/airflow/dags/weather_scrape_dag.py
[2026-07-10T18:00:51.649+0000] {processor.py:914} INFO - Processing file /opt/airflow/dags/weather_scrape_dag.py for tasks to queue
[2026-07-10T18:00:51.653+0000] {logging_mixin.py:190} INFO - [2026-07-10T18:00:51.653+0000] {dagbag.py:588} INFO - Filling up the DagBag from /opt/airflow/dags/weather_scrape_dag.py
[2026-07-10T18:00:51.673+0000] {processor.py:925} INFO - DAG(s) 'weather_scrape_and_load' retrieved from /opt/airflow/dags/weather_scrape_dag.py
[2026-07-10T18:00:51.722+0000] {logging_mixin.py:190} INFO - [2026-07-10T18:00:51.722+0000] {dag.py:3239} INFO - Sync 1 DAGs
[2026-07-10T18:00:51.783+0000] {logging_mixin.py:190} INFO - [2026-07-10T18:00:51.782+0000] {dag.py:4180} INFO - Setting next_dagrun for weather_scrape_and_load to 2026-07-10 18:00:00+00:00, run_after=2026-07-10 19:00:00+00:00
[2026-07-10T18:00:51.826+0000] {processor.py:208} INFO - Processing /opt/airflow/dags/weather_scrape_dag.py took 0.188 seconds
[2026-07-10T18:01:21.898+0000] {processor.py:186} INFO - Started process (PID=414) to work on /opt/airflow/dags/weather_scrape_dag.py
[2026-07-10T18:01:21.907+0000] {processor.py:914} INFO - Processing file /opt/airflow/dags/weather_scrape_dag.py for tasks to queue
[2026-07-10T18:01:21.912+0000] {logging_mixin.py:190} INFO - [2026-07-10T18:01:21.911+0000] {dagbag.py:588} INFO - Filling up the DagBag from /opt/airflow/dags/weather_scrape_dag.py
[2026-07-10T18:01:21.938+0000] {processor.py:925} INFO - DAG(s) 'weather_scrape_and_load' retrieved from /opt/airflow/dags/weather_scrape_dag.py
[2026-07-10T18:01:21.987+0000] {logging_mixin.py:190} INFO - [2026-07-10T18:01:21.986+0000] {dag.py:3239} INFO - Sync 1 DAGs
[2026-07-10T18:01:22.034+0000] {logging_mixin.py:190} INFO - [2026-07-10T18:01:22.034+0000] {dag.py:4180} INFO - Setting next_dagrun for weather_scrape_and_load to 2026-07-10 18:00:00+00:00, run_after=2026-07-10 19:00:00+00:00
[2026-07-10T18:01:22.074+0000] {processor.py:208} INFO - Processing /opt/airflow/dags/weather_scrape_dag.py took 0.189 seconds
[2026-07-10T18:01:52.281+0000] {processor.py:186} INFO - Started process (PID=419) to work on /opt/airflow/dags/weather_scrape_dag.py
[2026-07-10T18:01:52.282+0000] {processor.py:914} INFO - Processing file /opt/airflow/dags/weather_scrape_dag.py for tasks to queue
[2026-07-10T18:01:52.286+0000] {logging_mixin.py:190} INFO - [2026-07-10T18:01:52.285+0000] {dagbag.py:588} INFO - Filling up the DagBag from /opt/airflow/dags/weather_scrape_dag.py
[2026-07-10T18:01:52.306+0000] {processor.py:925} INFO - DAG(s) 'weather_scrape_and_load' retrieved from /opt/airflow/dags/weather_scrape_dag.py
[2026-07-10T18:01:52.354+0000] {logging_mixin.py:190} INFO - [2026-07-10T18:01:52.354+0000] {dag.py:3239} INFO - Sync 1 DAGs
[2026-07-10T18:01:52.400+0000] {logging_mixin.py:190} INFO - [2026-07-10T18:01:52.400+0000] {dag.py:4180} INFO - Setting next_dagrun for weather_scrape_and_load to 2026-07-10 18:00:00+00:00, run_after=2026-07-10 19:00:00+00:00
[2026-07-10T18:01:52.431+0000] {processor.py:208} INFO - Processing /opt/airflow/dags/weather_scrape_dag.py took 0.161 seconds
[2026-07-10T18:02:22.520+0000] {processor.py:186} INFO - Started process (PID=424) to work on /opt/airflow/dags/weather_scrape_dag.py
[2026-07-10T18:02:22.530+0000] {processor.py:914} INFO - Processing file /opt/airflow/dags/weather_scrape_dag.py for tasks to queue
[2026-07-10T18:02:22.533+0000] {logging_mixin.py:190} INFO - [2026-07-10T18:02:22.533+0000] {dagbag.py:588} INFO - Filling up the DagBag from /opt/airflow/dags/weather_scrape_dag.py
[2026-07-10T18:02:22.554+0000] {processor.py:925} INFO - DAG(s) 'weather_scrape_and_load' retrieved from /opt/airflow/dags/weather_scrape_dag.py
[2026-07-10T18:02:22.603+0000] {logging_mixin.py:190} INFO - [2026-07-10T18:02:22.603+0000] {dag.py:3239} INFO - Sync 1 DAGs
[2026-07-10T18:02:22.649+0000] {logging_mixin.py:190} INFO - [2026-07-10T18:02:22.649+0000] {dag.py:4180} INFO - Setting next_dagrun for weather_scrape_and_load to 2026-07-10 18:00:00+00:00, run_after=2026-07-10 19:00:00+00:00
[2026-07-10T18:02:22.689+0000] {processor.py:208} INFO - Processing /opt/airflow/dags/weather_scrape_dag.py took 0.180 seconds
[2026-07-10T18:02:52.870+0000] {processor.py:186} INFO - Started process (PID=429) to work on /opt/airflow/dags/weather_scrape_dag.py
[2026-07-10T18:02:52.871+0000] {processor.py:914} INFO - Processing file /opt/airflow/dags/weather_scrape_dag.py for tasks to queue
[2026-07-10T18:02:52.875+0000] {logging_mixin.py:190} INFO - [2026-07-10T18:02:52.874+0000] {dagbag.py:588} INFO - Filling up the DagBag from /opt/airflow/dags/weather_scrape_dag.py
[2026-07-10T18:02:52.895+0000] {processor.py:925} INFO - DAG(s) 'weather_scrape_and_load' retrieved from /opt/airflow/dags/weather_scrape_dag.py
[2026-07-10T18:02:52.942+0000] {logging_mixin.py:190} INFO - [2026-07-10T18:02:52.942+0000] {dag.py:3239} INFO - Sync 1 DAGs
[2026-07-10T18:02:52.987+0000] {logging_mixin.py:190} INFO - [2026-07-10T18:02:52.987+0000] {dag.py:4180} INFO - Setting next_dagrun for weather_scrape_and_load to 2026-07-10 18:00:00+00:00, run_after=2026-07-10 19:00:00+00:00
[2026-07-10T18:02:53.024+0000] {processor.py:208} INFO - Processing /opt/airflow/dags/weather_scrape_dag.py took 0.166 seconds
[2026-07-10T18:03:23.133+0000] {processor.py:186} INFO - Started process (PID=434) to work on /opt/airflow/dags/weather_scrape_dag.py
[2026-07-10T18:03:23.135+0000] {processor.py:914} INFO - Processing file /opt/airflow/dags/weather_scrape_dag.py for tasks to queue
[2026-07-10T18:03:23.138+0000] {logging_mixin.py:190} INFO - [2026-07-10T18:03:23.137+0000] {dagbag.py:588} INFO - Filling up the DagBag from /opt/airflow/dags/weather_scrape_dag.py
[2026-07-10T18:03:23.158+0000] {processor.py:925} INFO - DAG(s) 'weather_scrape_and_load' retrieved from /opt/airflow/dags/weather_scrape_dag.py
[2026-07-10T18:03:23.209+0000] {logging_mixin.py:190} INFO - [2026-07-10T18:03:23.209+0000] {dag.py:3239} INFO - Sync 1 DAGs
[2026-07-10T18:03:23.256+0000] {logging_mixin.py:190} INFO - [2026-07-10T18:03:23.255+0000] {dag.py:4180} INFO - Setting next_dagrun for weather_scrape_and_load to 2026-07-10 18:00:00+00:00, run_after=2026-07-10 19:00:00+00:00
[2026-07-10T18:03:23.290+0000] {processor.py:208} INFO - Processing /opt/airflow/dags/weather_scrape_dag.py took 0.168 seconds
[2026-07-10T18:03:53.468+0000] {processor.py:186} INFO - Started process (PID=439) to work on /opt/airflow/dags/weather_scrape_dag.py
[2026-07-10T18:03:53.477+0000] {processor.py:914} INFO - Processing file /opt/airflow/dags/weather_scrape_dag.py for tasks to queue
[2026-07-10T18:03:53.481+0000] {logging_mixin.py:190} INFO - [2026-07-10T18:03:53.480+0000] {dagbag.py:588} INFO - Filling up the DagBag from /opt/airflow/dags/weather_scrape_dag.py
[2026-07-10T18:03:53.502+0000] {processor.py:925} INFO - DAG(s) 'weather_scrape_and_load' retrieved from /opt/airflow/dags/weather_scrape_dag.py
[2026-07-10T18:03:53.555+0000] {logging_mixin.py:190} INFO - [2026-07-10T18:03:53.554+0000] {dag.py:3239} INFO - Sync 1 DAGs
[2026-07-10T18:03:53.603+0000] {logging_mixin.py:190} INFO - [2026-07-10T18:03:53.603+0000] {dag.py:4180} INFO - Setting next_dagrun for weather_scrape_and_load to 2026-07-10 18:00:00+00:00, run_after=2026-07-10 19:00:00+00:00
[2026-07-10T18:03:53.637+0000] {processor.py:208} INFO - Processing /opt/airflow/dags/weather_scrape_dag.py took 0.180 seconds
[2026-07-10T18:04:23.751+0000] {processor.py:186} INFO - Started process (PID=444) to work on /opt/airflow/dags/weather_scrape_dag.py
[2026-07-10T18:04:23.752+0000] {processor.py:914} INFO - Processing file /opt/airflow/dags/weather_scrape_dag.py for tasks to queue
[2026-07-10T18:04:23.756+0000] {logging_mixin.py:190} INFO - [2026-07-10T18:04:23.755+0000] {dagbag.py:588} INFO - Filling up the DagBag from /opt/airflow/dags/weather_scrape_dag.py
[2026-07-10T18:04:23.777+0000] {processor.py:925} INFO - DAG(s) 'weather_scrape_and_load' retrieved from /opt/airflow/dags/weather_scrape_dag.py
[2026-07-10T18:04:23.827+0000] {logging_mixin.py:190} INFO - [2026-07-10T18:04:23.826+0000] {dag.py:3239} INFO - Sync 1 DAGs
[2026-07-10T18:04:23.873+0000] {logging_mixin.py:190} INFO - [2026-07-10T18:04:23.872+0000] {dag.py:4180} INFO - Setting next_dagrun for weather_scrape_and_load to 2026-07-10 18:00:00+00:00, run_after=2026-07-10 19:00:00+00:00
[2026-07-10T18:04:23.914+0000] {processor.py:208} INFO - Processing /opt/airflow/dags/weather_scrape_dag.py took 0.174 seconds
[2026-07-10T18:04:54.081+0000] {processor.py:186} INFO - Started process (PID=449) to work on /opt/airflow/dags/weather_scrape_dag.py
[2026-07-10T18:04:54.090+0000] {processor.py:914} INFO - Processing file /opt/airflow/dags/weather_scrape_dag.py for tasks to queue
[2026-07-10T18:04:54.095+0000] {logging_mixin.py:190} INFO - [2026-07-10T18:04:54.094+0000] {dagbag.py:588} INFO - Filling up the DagBag from /opt/airflow/dags/weather_scrape_dag.py
[2026-07-10T18:04:54.115+0000] {processor.py:925} INFO - DAG(s) 'weather_scrape_and_load' retrieved from /opt/airflow/dags/weather_scrape_dag.py
[2026-07-10T18:04:54.163+0000] {logging_mixin.py:190} INFO - [2026-07-10T18:04:54.162+0000] {dag.py:3239} INFO - Sync 1 DAGs
[2026-07-10T18:04:54.215+0000] {logging_mixin.py:190} INFO - [2026-07-10T18:04:54.215+0000] {dag.py:4180} INFO - Setting next_dagrun for weather_scrape_and_load to 2026-07-10 18:00:00+00:00, run_after=2026-07-10 19:00:00+00:00
[2026-07-10T18:04:54.254+0000] {processor.py:208} INFO - Processing /opt/airflow/dags/weather_scrape_dag.py took 0.184 seconds
[2026-07-10T18:05:24.358+0000] {processor.py:186} INFO - Started process (PID=454) to work on /opt/airflow/dags/weather_scrape_dag.py
[2026-07-10T18:05:24.359+0000] {processor.py:914} INFO - Processing file /opt/airflow/dags/weather_scrape_dag.py for tasks to queue
[2026-07-10T18:05:24.364+0000] {logging_mixin.py:190} INFO - [2026-07-10T18:05:24.363+0000] {dagbag.py:588} INFO - Filling up the DagBag from /opt/airflow/dags/weather_scrape_dag.py
[2026-07-10T18:05:24.385+0000] {processor.py:925} INFO - DAG(s) 'weather_scrape_and_load' retrieved from /opt/airflow/dags/weather_scrape_dag.py
[2026-07-10T18:05:24.436+0000] {logging_mixin.py:190} INFO - [2026-07-10T18:05:24.436+0000] {dag.py:3239} INFO - Sync 1 DAGs
[2026-07-10T18:05:24.481+0000] {logging_mixin.py:190} INFO - [2026-07-10T18:05:24.480+0000] {dag.py:4180} INFO - Setting next_dagrun for weather_scrape_and_load to 2026-07-10 18:00:00+00:00, run_after=2026-07-10 19:00:00+00:00
[2026-07-10T18:05:24.519+0000] {processor.py:208} INFO - Processing /opt/airflow/dags/weather_scrape_dag.py took 0.174 seconds
[2026-07-10T18:05:54.702+0000] {processor.py:186} INFO - Started process (PID=459) to work on /opt/airflow/dags/weather_scrape_dag.py
[2026-07-10T18:05:54.710+0000] {processor.py:914} INFO - Processing file /opt/airflow/dags/weather_scrape_dag.py for tasks to queue
[2026-07-10T18:05:54.714+0000] {logging_mixin.py:190} INFO - [2026-07-10T18:05:54.713+0000] {dagbag.py:588} INFO - Filling up the DagBag from /opt/airflow/dags/weather_scrape_dag.py
[2026-07-10T18:05:54.735+0000] {processor.py:925} INFO - DAG(s) 'weather_scrape_and_load' retrieved from /opt/airflow/dags/weather_scrape_dag.py
[2026-07-10T18:05:54.783+0000] {logging_mixin.py:190} INFO - [2026-07-10T18:05:54.783+0000] {dag.py:3239} INFO - Sync 1 DAGs
[2026-07-10T18:05:54.828+0000] {logging_mixin.py:190} INFO - [2026-07-10T18:05:54.827+0000] {dag.py:4180} INFO - Setting next_dagrun for weather_scrape_and_load to 2026-07-10 18:00:00+00:00, run_after=2026-07-10 19:00:00+00:00
[2026-07-10T18:05:54.858+0000] {processor.py:208} INFO - Processing /opt/airflow/dags/weather_scrape_dag.py took 0.168 seconds
[2026-07-10T18:06:24.967+0000] {processor.py:186} INFO - Started process (PID=464) to work on /opt/airflow/dags/weather_scrape_dag.py
[2026-07-10T18:06:24.968+0000] {processor.py:914} INFO - Processing file /opt/airflow/dags/weather_scrape_dag.py for tasks to queue
[2026-07-10T18:06:24.972+0000] {logging_mixin.py:190} INFO - [2026-07-10T18:06:24.971+0000] {dagbag.py:588} INFO - Filling up the DagBag from /opt/airflow/dags/weather_scrape_dag.py
[2026-07-10T18:06:24.992+0000] {processor.py:925} INFO - DAG(s) 'weather_scrape_and_load' retrieved from /opt/airflow/dags/weather_scrape_dag.py
[2026-07-10T18:06:25.041+0000] {logging_mixin.py:190} INFO - [2026-07-10T18:06:25.040+0000] {dag.py:3239} INFO - Sync 1 DAGs
[2026-07-10T18:06:25.084+0000] {logging_mixin.py:190} INFO - [2026-07-10T18:06:25.084+0000] {dag.py:4180} INFO - Setting next_dagrun for weather_scrape_and_load to 2026-07-10 18:00:00+00:00, run_after=2026-07-10 19:00:00+00:00
[2026-07-10T18:06:25.124+0000] {processor.py:208} INFO - Processing /opt/airflow/dags/weather_scrape_dag.py took 0.168 seconds
[2026-07-10T18:06:55.316+0000] {processor.py:186} INFO - Started process (PID=469) to work on /opt/airflow/dags/weather_scrape_dag.py
[2026-07-10T18:06:55.324+0000] {processor.py:914} INFO - Processing file /opt/airflow/dags/weather_scrape_dag.py for tasks to queue
[2026-07-10T18:06:55.328+0000] {logging_mixin.py:190} INFO - [2026-07-10T18:06:55.327+0000] {dagbag.py:588} INFO - Filling up the DagBag from /opt/airflow/dags/weather_scrape_dag.py
[2026-07-10T18:06:55.348+0000] {processor.py:925} INFO - DAG(s) 'weather_scrape_and_load' retrieved from /opt/airflow/dags/weather_scrape_dag.py
[2026-07-10T18:06:55.396+0000] {logging_mixin.py:190} INFO - [2026-07-10T18:06:55.396+0000] {dag.py:3239} INFO - Sync 1 DAGs
[2026-07-10T18:06:55.442+0000] {logging_mixin.py:190} INFO - [2026-07-10T18:06:55.442+0000] {dag.py:4180} INFO - Setting next_dagrun for weather_scrape_and_load to 2026-07-10 18:00:00+00:00, run_after=2026-07-10 19:00:00+00:00
[2026-07-10T18:06:55.484+0000] {processor.py:208} INFO - Processing /opt/airflow/dags/weather_scrape_dag.py took 0.181 seconds
[2026-07-10T18:07:25.574+0000] {processor.py:186} INFO - Started process (PID=474) to work on /opt/airflow/dags/weather_scrape_dag.py
[2026-07-10T18:07:25.575+0000] {processor.py:914} INFO - Processing file /opt/airflow/dags/weather_scrape_dag.py for tasks to queue
[2026-07-10T18:07:25.578+0000] {logging_mixin.py:190} INFO - [2026-07-10T18:07:25.578+0000] {dagbag.py:588} INFO - Filling up the DagBag from /opt/airflow/dags/weather_scrape_dag.py
[2026-07-10T18:07:25.600+0000] {processor.py:925} INFO - DAG(s) 'weather_scrape_and_load' retrieved from /opt/airflow/dags/weather_scrape_dag.py
[2026-07-10T18:07:25.651+0000] {logging_mixin.py:190} INFO - [2026-07-10T18:07:25.651+0000] {dag.py:3239} INFO - Sync 1 DAGs
[2026-07-10T18:07:25.702+0000] {logging_mixin.py:190} INFO - [2026-07-10T18:07:25.701+0000] {dag.py:4180} INFO - Setting next_dagrun for weather_scrape_and_load to 2026-07-10 18:00:00+00:00, run_after=2026-07-10 19:00:00+00:00
[2026-07-10T18:07:25.743+0000] {processor.py:208} INFO - Processing /opt/airflow/dags/weather_scrape_dag.py took 0.181 seconds
[2026-07-10T18:07:55.938+0000] {processor.py:186} INFO - Started process (PID=479) to work on /opt/airflow/dags/weather_scrape_dag.py
[2026-07-10T18:07:55.946+0000] {processor.py:914} INFO - Processing file /opt/airflow/dags/weather_scrape_dag.py for tasks to queue
[2026-07-10T18:07:55.950+0000] {logging_mixin.py:190} INFO - [2026-07-10T18:07:55.949+0000] {dagbag.py:588} INFO - Filling up the DagBag from /opt/airflow/dags/weather_scrape_dag.py
[2026-07-10T18:07:55.971+0000] {processor.py:925} INFO - DAG(s) 'weather_scrape_and_load' retrieved from /opt/airflow/dags/weather_scrape_dag.py
[2026-07-10T18:07:56.017+0000] {logging_mixin.py:190} INFO - [2026-07-10T18:07:56.017+0000] {dag.py:3239} INFO - Sync 1 DAGs
[2026-07-10T18:07:56.062+0000] {logging_mixin.py:190} INFO - [2026-07-10T18:07:56.061+0000] {dag.py:4180} INFO - Setting next_dagrun for weather_scrape_and_load to 2026-07-10 18:00:00+00:00, run_after=2026-07-10 19:00:00+00:00
[2026-07-10T18:07:56.102+0000] {processor.py:208} INFO - Processing /opt/airflow/dags/weather_scrape_dag.py took 0.175 seconds
[2026-07-10T18:08:26.190+0000] {processor.py:186} INFO - Started process (PID=484) to work on /opt/airflow/dags/weather_scrape_dag.py
[2026-07-10T18:08:26.191+0000] {processor.py:914} INFO - Processing file /opt/airflow/dags/weather_scrape_dag.py for tasks to queue
[2026-07-10T18:08:26.194+0000] {logging_mixin.py:190} INFO - [2026-07-10T18:08:26.194+0000] {dagbag.py:588} INFO - Filling up the DagBag from /opt/airflow/dags/weather_scrape_dag.py
[2026-07-10T18:08:26.215+0000] {processor.py:925} INFO - DAG(s) 'weather_scrape_and_load' retrieved from /opt/airflow/dags/weather_scrape_dag.py
[2026-07-10T18:08:26.266+0000] {logging_mixin.py:190} INFO - [2026-07-10T18:08:26.265+0000] {dag.py:3239} INFO - Sync 1 DAGs
[2026-07-10T18:08:26.311+0000] {logging_mixin.py:190} INFO - [2026-07-10T18:08:26.310+0000] {dag.py:4180} INFO - Setting next_dagrun for weather_scrape_and_load to 2026-07-10 18:00:00+00:00, run_after=2026-07-10 19:00:00+00:00
[2026-07-10T18:08:26.352+0000] {processor.py:208} INFO - Processing /opt/airflow/dags/weather_scrape_dag.py took 0.173 seconds
[2026-07-10T18:08:56.559+0000] {processor.py:186} INFO - Started process (PID=489) to work on /opt/airflow/dags/weather_scrape_dag.py
[2026-07-10T18:08:56.560+0000] {processor.py:914} INFO - Processing file /opt/airflow/dags/weather_scrape_dag.py for tasks to queue
[2026-07-10T18:08:56.566+0000] {logging_mixin.py:190} INFO - [2026-07-10T18:08:56.565+0000] {dagbag.py:588} INFO - Filling up the DagBag from /opt/airflow/dags/weather_scrape_dag.py
[2026-07-10T18:08:56.589+0000] {processor.py:925} INFO - DAG(s) 'weather_scrape_and_load' retrieved from /opt/airflow/dags/weather_scrape_dag.py
[2026-07-10T18:08:56.641+0000] {logging_mixin.py:190} INFO - [2026-07-10T18:08:56.640+0000] {dag.py:3239} INFO - Sync 1 DAGs
[2026-07-10T18:08:56.691+0000] {logging_mixin.py:190} INFO - [2026-07-10T18:08:56.691+0000] {dag.py:4180} INFO - Setting next_dagrun for weather_scrape_and_load to 2026-07-10 18:00:00+00:00, run_after=2026-07-10 19:00:00+00:00
[2026-07-10T18:08:56.747+0000] {processor.py:208} INFO - Processing /opt/airflow/dags/weather_scrape_dag.py took 0.202 seconds
[2026-07-10T18:09:26.808+0000] {processor.py:186} INFO - Started process (PID=494) to work on /opt/airflow/dags/weather_scrape_dag.py
[2026-07-10T18:09:26.809+0000] {processor.py:914} INFO - Processing file /opt/airflow/dags/weather_scrape_dag.py for tasks to queue
[2026-07-10T18:09:26.815+0000] {logging_mixin.py:190} INFO - [2026-07-10T18:09:26.814+0000] {dagbag.py:588} INFO - Filling up the DagBag from /opt/airflow/dags/weather_scrape_dag.py
[2026-07-10T18:09:26.837+0000] {processor.py:925} INFO - DAG(s) 'weather_scrape_and_load' retrieved from /opt/airflow/dags/weather_scrape_dag.py
[2026-07-10T18:09:26.887+0000] {logging_mixin.py:190} INFO - [2026-07-10T18:09:26.886+0000] {dag.py:3239} INFO - Sync 1 DAGs
[2026-07-10T18:09:26.936+0000] {logging_mixin.py:190} INFO - [2026-07-10T18:09:26.936+0000] {dag.py:4180} INFO - Setting next_dagrun for weather_scrape_and_load to 2026-07-10 18:00:00+00:00, run_after=2026-07-10 19:00:00+00:00
[2026-07-10T18:09:26.970+0000] {processor.py:208} INFO - Processing /opt/airflow/dags/weather_scrape_dag.py took 0.174 seconds
[2026-07-10T18:09:57.252+0000] {processor.py:186} INFO - Started process (PID=499) to work on /opt/airflow/dags/weather_scrape_dag.py
[2026-07-10T18:09:57.253+0000] {processor.py:914} INFO - Processing file /opt/airflow/dags/weather_scrape_dag.py for tasks to queue
[2026-07-10T18:09:57.256+0000] {logging_mixin.py:190} INFO - [2026-07-10T18:09:57.256+0000] {dagbag.py:588} INFO - Filling up the DagBag from /opt/airflow/dags/weather_scrape_dag.py
[2026-07-10T18:09:57.277+0000] {processor.py:925} INFO - DAG(s) 'weather_scrape_and_load' retrieved from /opt/airflow/dags/weather_scrape_dag.py
[2026-07-10T18:09:57.326+0000] {logging_mixin.py:190} INFO - [2026-07-10T18:09:57.325+0000] {dag.py:3239} INFO - Sync 1 DAGs
[2026-07-10T18:09:57.373+0000] {logging_mixin.py:190} INFO - [2026-07-10T18:09:57.372+0000] {dag.py:4180} INFO - Setting next_dagrun for weather_scrape_and_load to 2026-07-10 18:00:00+00:00, run_after=2026-07-10 19:00:00+00:00
[2026-07-10T18:09:57.415+0000] {processor.py:208} INFO - Processing /opt/airflow/dags/weather_scrape_dag.py took 0.175 seconds
[2026-07-10T18:10:27.475+0000] {processor.py:186} INFO - Started process (PID=504) to work on /opt/airflow/dags/weather_scrape_dag.py
[2026-07-10T18:10:27.476+0000] {processor.py:914} INFO - Processing file /opt/airflow/dags/weather_scrape_dag.py for tasks to queue
[2026-07-10T18:10:27.480+0000] {logging_mixin.py:190} INFO - [2026-07-10T18:10:27.479+0000] {dagbag.py:588} INFO - Filling up the DagBag from /opt/airflow/dags/weather_scrape_dag.py
[2026-07-10T18:10:27.500+0000] {processor.py:925} INFO - DAG(s) 'weather_scrape_and_load' retrieved from /opt/airflow/dags/weather_scrape_dag.py
[2026-07-10T18:10:27.550+0000] {logging_mixin.py:190} INFO - [2026-07-10T18:10:27.549+0000] {dag.py:3239} INFO - Sync 1 DAGs
[2026-07-10T18:10:27.603+0000] {logging_mixin.py:190} INFO - [2026-07-10T18:10:27.603+0000] {dag.py:4180} INFO - Setting next_dagrun for weather_scrape_and_load to 2026-07-10 18:00:00+00:00, run_after=2026-07-10 19:00:00+00:00
[2026-07-10T18:10:27.649+0000] {processor.py:208} INFO - Processing /opt/airflow/dags/weather_scrape_dag.py took 0.186 seconds
[2026-07-10T18:10:57.865+0000] {processor.py:186} INFO - Started process (PID=509) to work on /opt/airflow/dags/weather_scrape_dag.py
[2026-07-10T18:10:57.867+0000] {processor.py:914} INFO - Processing file /opt/airflow/dags/weather_scrape_dag.py for tasks to queue
[2026-07-10T18:10:57.870+0000] {logging_mixin.py:190} INFO - [2026-07-10T18:10:57.869+0000] {dagbag.py:588} INFO - Filling up the DagBag from /opt/airflow/dags/weather_scrape_dag.py
[2026-07-10T18:10:57.891+0000] {processor.py:925} INFO - DAG(s) 'weather_scrape_and_load' retrieved from /opt/airflow/dags/weather_scrape_dag.py
[2026-07-10T18:10:57.940+0000] {logging_mixin.py:190} INFO - [2026-07-10T18:10:57.940+0000] {dag.py:3239} INFO - Sync 1 DAGs
[2026-07-10T18:10:57.985+0000] {logging_mixin.py:190} INFO - [2026-07-10T18:10:57.984+0000] {dag.py:4180} INFO - Setting next_dagrun for weather_scrape_and_load to 2026-07-10 18:00:00+00:00, run_after=2026-07-10 19:00:00+00:00
[2026-07-10T18:10:58.023+0000] {processor.py:208} INFO - Processing /opt/airflow/dags/weather_scrape_dag.py took 0.168 seconds
[2026-07-10T18:11:28.094+0000] {processor.py:186} INFO - Started process (PID=514) to work on /opt/airflow/dags/weather_scrape_dag.py
[2026-07-10T18:11:28.095+0000] {processor.py:914} INFO - Processing file /opt/airflow/dags/weather_scrape_dag.py for tasks to queue
[2026-07-10T18:11:28.099+0000] {logging_mixin.py:190} INFO - [2026-07-10T18:11:28.098+0000] {dagbag.py:588} INFO - Filling up the DagBag from /opt/airflow/dags/weather_scrape_dag.py
[2026-07-10T18:11:28.120+0000] {processor.py:925} INFO - DAG(s) 'weather_scrape_and_load' retrieved from /opt/airflow/dags/weather_scrape_dag.py
[2026-07-10T18:11:28.167+0000] {logging_mixin.py:190} INFO - [2026-07-10T18:11:28.167+0000] {dag.py:3239} INFO - Sync 1 DAGs
[2026-07-10T18:11:28.211+0000] {logging_mixin.py:190} INFO - [2026-07-10T18:11:28.211+0000] {dag.py:4180} INFO - Setting next_dagrun for weather_scrape_and_load to 2026-07-10 18:00:00+00:00, run_after=2026-07-10 19:00:00+00:00
[2026-07-10T18:11:28.250+0000] {processor.py:208} INFO - Processing /opt/airflow/dags/weather_scrape_dag.py took 0.167 seconds
[2026-07-10T18:11:58.463+0000] {processor.py:186} INFO - Started process (PID=519) to work on /opt/airflow/dags/weather_scrape_dag.py
[2026-07-10T18:11:58.472+0000] {processor.py:914} INFO - Processing file /opt/airflow/dags/weather_scrape_dag.py for tasks to queue
[2026-07-10T18:11:58.476+0000] {logging_mixin.py:190} INFO - [2026-07-10T18:11:58.475+0000] {dagbag.py:588} INFO - Filling up the DagBag from /opt/airflow/dags/weather_scrape_dag.py
[2026-07-10T18:11:58.497+0000] {processor.py:925} INFO - DAG(s) 'weather_scrape_and_load' retrieved from /opt/airflow/dags/weather_scrape_dag.py
[2026-07-10T18:11:58.544+0000] {logging_mixin.py:190} INFO - [2026-07-10T18:11:58.544+0000] {dag.py:3239} INFO - Sync 1 DAGs
[2026-07-10T18:11:58.587+0000] {logging_mixin.py:190} INFO - [2026-07-10T18:11:58.587+0000] {dag.py:4180} INFO - Setting next_dagrun for weather_scrape_and_load to 2026-07-10 18:00:00+00:00, run_after=2026-07-10 19:00:00+00:00
[2026-07-10T18:11:58.622+0000] {processor.py:208} INFO - Processing /opt/airflow/dags/weather_scrape_dag.py took 0.169 seconds
[2026-07-10T18:12:28.704+0000] {processor.py:186} INFO - Started process (PID=524) to work on /opt/airflow/dags/weather_scrape_dag.py
[2026-07-10T18:12:28.706+0000] {processor.py:914} INFO - Processing file /opt/airflow/dags/weather_scrape_dag.py for tasks to queue
[2026-07-10T18:12:28.709+0000] {logging_mixin.py:190} INFO - [2026-07-10T18:12:28.708+0000] {dagbag.py:588} INFO - Filling up the DagBag from /opt/airflow/dags/weather_scrape_dag.py
[2026-07-10T18:12:28.730+0000] {processor.py:925} INFO - DAG(s) 'weather_scrape_and_load' retrieved from /opt/airflow/dags/weather_scrape_dag.py
[2026-07-10T18:12:28.778+0000] {logging_mixin.py:190} INFO - [2026-07-10T18:12:28.778+0000] {dag.py:3239} INFO - Sync 1 DAGs
[2026-07-10T18:12:28.822+0000] {logging_mixin.py:190} INFO - [2026-07-10T18:12:28.822+0000] {dag.py:4180} INFO - Setting next_dagrun for weather_scrape_and_load to 2026-07-10 18:00:00+00:00, run_after=2026-07-10 19:00:00+00:00
[2026-07-10T18:12:28.858+0000] {processor.py:208} INFO - Processing /opt/airflow/dags/weather_scrape_dag.py took 0.164 seconds
[2026-07-10T18:12:59.071+0000] {processor.py:186} INFO - Started process (PID=529) to work on /opt/airflow/dags/weather_scrape_dag.py
[2026-07-10T18:12:59.080+0000] {processor.py:914} INFO - Processing file /opt/airflow/dags/weather_scrape_dag.py for tasks to queue
[2026-07-10T18:12:59.084+0000] {logging_mixin.py:190} INFO - [2026-07-10T18:12:59.083+0000] {dagbag.py:588} INFO - Filling up the DagBag from /opt/airflow/dags/weather_scrape_dag.py
[2026-07-10T18:12:59.104+0000] {processor.py:925} INFO - DAG(s) 'weather_scrape_and_load' retrieved from /opt/airflow/dags/weather_scrape_dag.py
[2026-07-10T18:12:59.157+0000] {logging_mixin.py:190} INFO - [2026-07-10T18:12:59.157+0000] {dag.py:3239} INFO - Sync 1 DAGs
[2026-07-10T18:12:59.209+0000] {logging_mixin.py:190} INFO - [2026-07-10T18:12:59.209+0000] {dag.py:4180} INFO - Setting next_dagrun for weather_scrape_and_load to 2026-07-10 18:00:00+00:00, run_after=2026-07-10 19:00:00+00:00
[2026-07-10T18:12:59.246+0000] {processor.py:208} INFO - Processing /opt/airflow/dags/weather_scrape_dag.py took 0.186 seconds
[2026-07-10T18:13:29.303+0000] {processor.py:186} INFO - Started process (PID=534) to work on /opt/airflow/dags/weather_scrape_dag.py
[2026-07-10T18:13:29.304+0000] {processor.py:914} INFO - Processing file /opt/airflow/dags/weather_scrape_dag.py for tasks to queue
[2026-07-10T18:13:29.308+0000] {logging_mixin.py:190} INFO - [2026-07-10T18:13:29.308+0000] {dagbag.py:588} INFO - Filling up the DagBag from /opt/airflow/dags/weather_scrape_dag.py
[2026-07-10T18:13:29.329+0000] {processor.py:925} INFO - DAG(s) 'weather_scrape_and_load' retrieved from /opt/airflow/dags/weather_scrape_dag.py
[2026-07-10T18:13:29.377+0000] {logging_mixin.py:190} INFO - [2026-07-10T18:13:29.377+0000] {dag.py:3239} INFO - Sync 1 DAGs
[2026-07-10T18:13:29.422+0000] {logging_mixin.py:190} INFO - [2026-07-10T18:13:29.422+0000] {dag.py:4180} INFO - Setting next_dagrun for weather_scrape_and_load to 2026-07-10 18:00:00+00:00, run_after=2026-07-10 19:00:00+00:00
[2026-07-10T18:13:29.460+0000] {processor.py:208} INFO - Processing /opt/airflow/dags/weather_scrape_dag.py took 0.168 seconds
[2026-07-10T18:13:59.710+0000] {processor.py:186} INFO - Started process (PID=539) to work on /opt/airflow/dags/weather_scrape_dag.py
[2026-07-10T18:13:59.719+0000] {processor.py:914} INFO - Processing file /opt/airflow/dags/weather_scrape_dag.py for tasks to queue
[2026-07-10T18:13:59.724+0000] {logging_mixin.py:190} INFO - [2026-07-10T18:13:59.723+0000] {dagbag.py:588} INFO - Filling up the DagBag from /opt/airflow/dags/weather_scrape_dag.py
[2026-07-10T18:13:59.745+0000] {processor.py:925} INFO - DAG(s) 'weather_scrape_and_load' retrieved from /opt/airflow/dags/weather_scrape_dag.py
[2026-07-10T18:13:59.800+0000] {logging_mixin.py:190} INFO - [2026-07-10T18:13:59.799+0000] {dag.py:3239} INFO - Sync 1 DAGs
[2026-07-10T18:13:59.845+0000] {logging_mixin.py:190} INFO - [2026-07-10T18:13:59.844+0000] {dag.py:4180} INFO - Setting next_dagrun for weather_scrape_and_load to 2026-07-10 18:00:00+00:00, run_after=2026-07-10 19:00:00+00:00
[2026-07-10T18:13:59.883+0000] {processor.py:208} INFO - Processing /opt/airflow/dags/weather_scrape_dag.py took 0.183 seconds
[2026-07-10T18:14:29.958+0000] {processor.py:186} INFO - Started process (PID=544) to work on /opt/airflow/dags/weather_scrape_dag.py
[2026-07-10T18:14:29.959+0000] {processor.py:914} INFO - Processing file /opt/airflow/dags/weather_scrape_dag.py for tasks to queue
[2026-07-10T18:14:29.962+0000] {logging_mixin.py:190} INFO - [2026-07-10T18:14:29.962+0000] {dagbag.py:588} INFO - Filling up the DagBag from /opt/airflow/dags/weather_scrape_dag.py
[2026-07-10T18:14:29.983+0000] {processor.py:925} INFO - DAG(s) 'weather_scrape_and_load' retrieved from /opt/airflow/dags/weather_scrape_dag.py
[2026-07-10T18:14:30.031+0000] {logging_mixin.py:190} INFO - [2026-07-10T18:14:30.031+0000] {dag.py:3239} INFO - Sync 1 DAGs
[2026-07-10T18:14:30.074+0000] {logging_mixin.py:190} INFO - [2026-07-10T18:14:30.074+0000] {dag.py:4180} INFO - Setting next_dagrun for weather_scrape_and_load to 2026-07-10 18:00:00+00:00, run_after=2026-07-10 19:00:00+00:00
[2026-07-10T18:14:30.106+0000] {processor.py:208} INFO - Processing /opt/airflow/dags/weather_scrape_dag.py took 0.161 seconds
[2026-07-10T18:15:00.340+0000] {processor.py:186} INFO - Started process (PID=549) to work on /opt/airflow/dags/weather_scrape_dag.py
[2026-07-10T18:15:00.341+0000] {processor.py:914} INFO - Processing file /opt/airflow/dags/weather_scrape_dag.py for tasks to queue
[2026-07-10T18:15:00.344+0000] {logging_mixin.py:190} INFO - [2026-07-10T18:15:00.344+0000] {dagbag.py:588} INFO - Filling up the DagBag from /opt/airflow/dags/weather_scrape_dag.py
[2026-07-10T18:15:00.365+0000] {processor.py:925} INFO - DAG(s) 'weather_scrape_and_load' retrieved from /opt/airflow/dags/weather_scrape_dag.py
[2026-07-10T18:15:00.413+0000] {logging_mixin.py:190} INFO - [2026-07-10T18:15:00.412+0000] {dag.py:3239} INFO - Sync 1 DAGs
[2026-07-10T18:15:00.457+0000] {logging_mixin.py:190} INFO - [2026-07-10T18:15:00.456+0000] {dag.py:4180} INFO - Setting next_dagrun for weather_scrape_and_load to 2026-07-10 18:00:00+00:00, run_after=2026-07-10 19:00:00+00:00
[2026-07-10T18:15:00.497+0000] {processor.py:208} INFO - Processing /opt/airflow/dags/weather_scrape_dag.py took 0.167 seconds
[2026-07-10T18:15:30.566+0000] {processor.py:186} INFO - Started process (PID=554) to work on /opt/airflow/dags/weather_scrape_dag.py
[2026-07-10T18:15:30.567+0000] {processor.py:914} INFO - Processing file /opt/airflow/dags/weather_scrape_dag.py for tasks to queue
[2026-07-10T18:15:30.571+0000] {logging_mixin.py:190} INFO - [2026-07-10T18:15:30.570+0000] {dagbag.py:588} INFO - Filling up the DagBag from /opt/airflow/dags/weather_scrape_dag.py
[2026-07-10T18:15:30.592+0000] {processor.py:925} INFO - DAG(s) 'weather_scrape_and_load' retrieved from /opt/airflow/dags/weather_scrape_dag.py
[2026-07-10T18:15:30.644+0000] {logging_mixin.py:190} INFO - [2026-07-10T18:15:30.643+0000] {dag.py:3239} INFO - Sync 1 DAGs
[2026-07-10T18:15:30.688+0000] {logging_mixin.py:190} INFO - [2026-07-10T18:15:30.688+0000] {dag.py:4180} INFO - Setting next_dagrun for weather_scrape_and_load to 2026-07-10 18:00:00+00:00, run_after=2026-07-10 19:00:00+00:00
[2026-07-10T18:15:30.730+0000] {processor.py:208} INFO - Processing /opt/airflow/dags/weather_scrape_dag.py took 0.175 seconds
[2026-07-10T18:16:00.948+0000] {processor.py:186} INFO - Started process (PID=559) to work on /opt/airflow/dags/weather_scrape_dag.py
[2026-07-10T18:16:00.949+0000] {processor.py:914} INFO - Processing file /opt/airflow/dags/weather_scrape_dag.py for tasks to queue
[2026-07-10T18:16:00.952+0000] {logging_mixin.py:190} INFO - [2026-07-10T18:16:00.952+0000] {dagbag.py:588} INFO - Filling up the DagBag from /opt/airflow/dags/weather_scrape_dag.py
[2026-07-10T18:16:00.973+0000] {processor.py:925} INFO - DAG(s) 'weather_scrape_and_load' retrieved from /opt/airflow/dags/weather_scrape_dag.py
[2026-07-10T18:16:01.022+0000] {logging_mixin.py:190} INFO - [2026-07-10T18:16:01.021+0000] {dag.py:3239} INFO - Sync 1 DAGs
[2026-07-10T18:16:01.068+0000] {logging_mixin.py:190} INFO - [2026-07-10T18:16:01.068+0000] {dag.py:4180} INFO - Setting next_dagrun for weather_scrape_and_load to 2026-07-10 18:00:00+00:00, run_after=2026-07-10 19:00:00+00:00
[2026-07-10T18:16:01.108+0000] {processor.py:208} INFO - Processing /opt/airflow/dags/weather_scrape_dag.py took 0.171 seconds
[2026-07-10T18:16:31.184+0000] {processor.py:186} INFO - Started process (PID=564) to work on /opt/airflow/dags/weather_scrape_dag.py
[2026-07-10T18:16:31.193+0000] {processor.py:914} INFO - Processing file /opt/airflow/dags/weather_scrape_dag.py for tasks to queue
[2026-07-10T18:16:31.197+0000] {logging_mixin.py:190} INFO - [2026-07-10T18:16:31.196+0000] {dagbag.py:588} INFO - Filling up the DagBag from /opt/airflow/dags/weather_scrape_dag.py
[2026-07-10T18:16:31.217+0000] {processor.py:925} INFO - DAG(s) 'weather_scrape_and_load' retrieved from /opt/airflow/dags/weather_scrape_dag.py
[2026-07-10T18:16:31.267+0000] {logging_mixin.py:190} INFO - [2026-07-10T18:16:31.267+0000] {dag.py:3239} INFO - Sync 1 DAGs
[2026-07-10T18:16:31.313+0000] {logging_mixin.py:190} INFO - [2026-07-10T18:16:31.313+0000] {dag.py:4180} INFO - Setting next_dagrun for weather_scrape_and_load to 2026-07-10 18:00:00+00:00, run_after=2026-07-10 19:00:00+00:00
[2026-07-10T18:16:31.351+0000] {processor.py:208} INFO - Processing /opt/airflow/dags/weather_scrape_dag.py took 0.179 seconds
[2026-07-10T18:17:01.563+0000] {processor.py:186} INFO - Started process (PID=569) to work on /opt/airflow/dags/weather_scrape_dag.py
[2026-07-10T18:17:01.564+0000] {processor.py:914} INFO - Processing file /opt/airflow/dags/weather_scrape_dag.py for tasks to queue
[2026-07-10T18:17:01.568+0000] {logging_mixin.py:190} INFO - [2026-07-10T18:17:01.567+0000] {dagbag.py:588} INFO - Filling up the DagBag from /opt/airflow/dags/weather_scrape_dag.py
[2026-07-10T18:17:01.589+0000] {processor.py:925} INFO - DAG(s) 'weather_scrape_and_load' retrieved from /opt/airflow/dags/weather_scrape_dag.py
[2026-07-10T18:17:01.636+0000] {logging_mixin.py:190} INFO - [2026-07-10T18:17:01.635+0000] {dag.py:3239} INFO - Sync 1 DAGs
[2026-07-10T18:17:01.681+0000] {logging_mixin.py:190} INFO - [2026-07-10T18:17:01.681+0000] {dag.py:4180} INFO - Setting next_dagrun for weather_scrape_and_load to 2026-07-10 18:00:00+00:00, run_after=2026-07-10 19:00:00+00:00
[2026-07-10T18:17:01.712+0000] {processor.py:208} INFO - Processing /opt/airflow/dags/weather_scrape_dag.py took 0.160 seconds
[2026-07-10T18:17:31.801+0000] {processor.py:186} INFO - Started process (PID=574) to work on /opt/airflow/dags/weather_scrape_dag.py
[2026-07-10T18:17:31.811+0000] {processor.py:914} INFO - Processing file /opt/airflow/dags/weather_scrape_dag.py for tasks to queue
[2026-07-10T18:17:31.817+0000] {logging_mixin.py:190} INFO - [2026-07-10T18:17:31.816+0000] {dagbag.py:588} INFO - Filling up the DagBag from /opt/airflow/dags/weather_scrape_dag.py
[2026-07-10T18:17:31.848+0000] {processor.py:925} INFO - DAG(s) 'weather_scrape_and_load' retrieved from /opt/airflow/dags/weather_scrape_dag.py
[2026-07-10T18:17:31.900+0000] {logging_mixin.py:190} INFO - [2026-07-10T18:17:31.899+0000] {dag.py:3239} INFO - Sync 1 DAGs
[2026-07-10T18:17:31.948+0000] {logging_mixin.py:190} INFO - [2026-07-10T18:17:31.947+0000] {dag.py:4180} INFO - Setting next_dagrun for weather_scrape_and_load to 2026-07-10 18:00:00+00:00, run_after=2026-07-10 19:00:00+00:00
[2026-07-10T18:17:31.989+0000] {processor.py:208} INFO - Processing /opt/airflow/dags/weather_scrape_dag.py took 0.203 seconds
[2026-07-10T18:18:02.167+0000] {processor.py:186} INFO - Started process (PID=579) to work on /opt/airflow/dags/weather_scrape_dag.py
[2026-07-10T18:18:02.168+0000] {processor.py:914} INFO - Processing file /opt/airflow/dags/weather_scrape_dag.py for tasks to queue
[2026-07-10T18:18:02.172+0000] {logging_mixin.py:190} INFO - [2026-07-10T18:18:02.171+0000] {dagbag.py:588} INFO - Filling up the DagBag from /opt/airflow/dags/weather_scrape_dag.py
[2026-07-10T18:18:02.193+0000] {processor.py:925} INFO - DAG(s) 'weather_scrape_and_load' retrieved from /opt/airflow/dags/weather_scrape_dag.py
[2026-07-10T18:18:02.240+0000] {logging_mixin.py:190} INFO - [2026-07-10T18:18:02.240+0000] {dag.py:3239} INFO - Sync 1 DAGs
[2026-07-10T18:18:02.283+0000] {logging_mixin.py:190} INFO - [2026-07-10T18:18:02.283+0000] {dag.py:4180} INFO - Setting next_dagrun for weather_scrape_and_load to 2026-07-10 18:00:00+00:00, run_after=2026-07-10 19:00:00+00:00
[2026-07-10T18:18:02.321+0000] {processor.py:208} INFO - Processing /opt/airflow/dags/weather_scrape_dag.py took 0.166 seconds
[2026-07-10T18:18:32.416+0000] {processor.py:186} INFO - Started process (PID=584) to work on /opt/airflow/dags/weather_scrape_dag.py
[2026-07-10T18:18:32.421+0000] {processor.py:914} INFO - Processing file /opt/airflow/dags/weather_scrape_dag.py for tasks to queue
[2026-07-10T18:18:32.425+0000] {logging_mixin.py:190} INFO - [2026-07-10T18:18:32.424+0000] {dagbag.py:588} INFO - Filling up the DagBag from /opt/airflow/dags/weather_scrape_dag.py
[2026-07-10T18:18:32.444+0000] {processor.py:925} INFO - DAG(s) 'weather_scrape_and_load' retrieved from /opt/airflow/dags/weather_scrape_dag.py
[2026-07-10T18:18:32.491+0000] {logging_mixin.py:190} INFO - [2026-07-10T18:18:32.491+0000] {dag.py:3239} INFO - Sync 1 DAGs
[2026-07-10T18:18:32.543+0000] {logging_mixin.py:190} INFO - [2026-07-10T18:18:32.543+0000] {dag.py:4180} INFO - Setting next_dagrun for weather_scrape_and_load to 2026-07-10 18:00:00+00:00, run_after=2026-07-10 19:00:00+00:00
[2026-07-10T18:18:32.575+0000] {processor.py:208} INFO - Processing /opt/airflow/dags/weather_scrape_dag.py took 0.172 seconds
[2026-07-10T18:19:02.754+0000] {processor.py:186} INFO - Started process (PID=589) to work on /opt/airflow/dags/weather_scrape_dag.py
[2026-07-10T18:19:02.755+0000] {processor.py:914} INFO - Processing file /opt/airflow/dags/weather_scrape_dag.py for tasks to queue
[2026-07-10T18:19:02.758+0000] {logging_mixin.py:190} INFO - [2026-07-10T18:19:02.758+0000] {dagbag.py:588} INFO - Filling up the DagBag from /opt/airflow/dags/weather_scrape_dag.py
[2026-07-10T18:19:02.779+0000] {processor.py:925} INFO - DAG(s) 'weather_scrape_and_load' retrieved from /opt/airflow/dags/weather_scrape_dag.py
[2026-07-10T18:19:02.827+0000] {logging_mixin.py:190} INFO - [2026-07-10T18:19:02.826+0000] {dag.py:3239} INFO - Sync 1 DAGs
[2026-07-10T18:19:02.872+0000] {logging_mixin.py:190} INFO - [2026-07-10T18:19:02.872+0000] {dag.py:4180} INFO - Setting next_dagrun for weather_scrape_and_load to 2026-07-10 18:00:00+00:00, run_after=2026-07-10 19:00:00+00:00
[2026-07-10T18:19:02.914+0000] {processor.py:208} INFO - Processing /opt/airflow/dags/weather_scrape_dag.py took 0.172 seconds
[2026-07-10T18:19:33.031+0000] {processor.py:186} INFO - Started process (PID=594) to work on /opt/airflow/dags/weather_scrape_dag.py
[2026-07-10T18:19:33.032+0000] {processor.py:914} INFO - Processing file /opt/airflow/dags/weather_scrape_dag.py for tasks to queue
[2026-07-10T18:19:33.036+0000] {logging_mixin.py:190} INFO - [2026-07-10T18:19:33.035+0000] {dagbag.py:588} INFO - Filling up the DagBag from /opt/airflow/dags/weather_scrape_dag.py
[2026-07-10T18:19:33.058+0000] {processor.py:925} INFO - DAG(s) 'weather_scrape_and_load' retrieved from /opt/airflow/dags/weather_scrape_dag.py
[2026-07-10T18:19:33.107+0000] {logging_mixin.py:190} INFO - [2026-07-10T18:19:33.107+0000] {dag.py:3239} INFO - Sync 1 DAGs
[2026-07-10T18:19:33.155+0000] {logging_mixin.py:190} INFO - [2026-07-10T18:19:33.155+0000] {dag.py:4180} INFO - Setting next_dagrun for weather_scrape_and_load to 2026-07-10 18:00:00+00:00, run_after=2026-07-10 19:00:00+00:00
[2026-07-10T18:19:33.199+0000] {processor.py:208} INFO - Processing /opt/airflow/dags/weather_scrape_dag.py took 0.179 seconds
[2026-07-10T18:20:03.372+0000] {processor.py:186} INFO - Started process (PID=599) to work on /opt/airflow/dags/weather_scrape_dag.py
[2026-07-10T18:20:03.373+0000] {processor.py:914} INFO - Processing file /opt/airflow/dags/weather_scrape_dag.py for tasks to queue
[2026-07-10T18:20:03.376+0000] {logging_mixin.py:190} INFO - [2026-07-10T18:20:03.376+0000] {dagbag.py:588} INFO - Filling up the DagBag from /opt/airflow/dags/weather_scrape_dag.py
[2026-07-10T18:20:03.398+0000] {processor.py:925} INFO - DAG(s) 'weather_scrape_and_load' retrieved from /opt/airflow/dags/weather_scrape_dag.py
[2026-07-10T18:20:03.447+0000] {logging_mixin.py:190} INFO - [2026-07-10T18:20:03.446+0000] {dag.py:3239} INFO - Sync 1 DAGs
[2026-07-10T18:20:03.491+0000] {logging_mixin.py:190} INFO - [2026-07-10T18:20:03.490+0000] {dag.py:4180} INFO - Setting next_dagrun for weather_scrape_and_load to 2026-07-10 18:00:00+00:00, run_after=2026-07-10 19:00:00+00:00
[2026-07-10T18:20:03.532+0000] {processor.py:208} INFO - Processing /opt/airflow/dags/weather_scrape_dag.py took 0.171 seconds
[2026-07-10T18:20:33.660+0000] {processor.py:186} INFO - Started process (PID=604) to work on /opt/airflow/dags/weather_scrape_dag.py
[2026-07-10T18:20:33.661+0000] {processor.py:914} INFO - Processing file /opt/airflow/dags/weather_scrape_dag.py for tasks to queue
[2026-07-10T18:20:33.666+0000] {logging_mixin.py:190} INFO - [2026-07-10T18:20:33.665+0000] {dagbag.py:588} INFO - Filling up the DagBag from /opt/airflow/dags/weather_scrape_dag.py
[2026-07-10T18:20:33.687+0000] {processor.py:925} INFO - DAG(s) 'weather_scrape_and_load' retrieved from /opt/airflow/dags/weather_scrape_dag.py
[2026-07-10T18:20:33.736+0000] {logging_mixin.py:190} INFO - [2026-07-10T18:20:33.735+0000] {dag.py:3239} INFO - Sync 1 DAGs
[2026-07-10T18:20:33.782+0000] {logging_mixin.py:190} INFO - [2026-07-10T18:20:33.782+0000] {dag.py:4180} INFO - Setting next_dagrun for weather_scrape_and_load to 2026-07-10 18:00:00+00:00, run_after=2026-07-10 19:00:00+00:00
[2026-07-10T18:20:33.821+0000] {processor.py:208} INFO - Processing /opt/airflow/dags/weather_scrape_dag.py took 0.173 seconds
[2026-07-10T18:21:03.986+0000] {processor.py:186} INFO - Started process (PID=609) to work on /opt/airflow/dags/weather_scrape_dag.py
[2026-07-10T18:21:03.987+0000] {processor.py:914} INFO - Processing file /opt/airflow/dags/weather_scrape_dag.py for tasks to queue
[2026-07-10T18:21:03.992+0000] {logging_mixin.py:190} INFO - [2026-07-10T18:21:03.991+0000] {dagbag.py:588} INFO - Filling up the DagBag from /opt/airflow/dags/weather_scrape_dag.py
[2026-07-10T18:21:04.013+0000] {processor.py:925} INFO - DAG(s) 'weather_scrape_and_load' retrieved from /opt/airflow/dags/weather_scrape_dag.py
[2026-07-10T18:21:04.061+0000] {logging_mixin.py:190} INFO - [2026-07-10T18:21:04.060+0000] {dag.py:3239} INFO - Sync 1 DAGs
[2026-07-10T18:21:04.105+0000] {logging_mixin.py:190} INFO - [2026-07-10T18:21:04.105+0000] {dag.py:4180} INFO - Setting next_dagrun for weather_scrape_and_load to 2026-07-10 18:00:00+00:00, run_after=2026-07-10 19:00:00+00:00
[2026-07-10T18:21:04.147+0000] {processor.py:208} INFO - Processing /opt/airflow/dags/weather_scrape_dag.py took 0.172 seconds
[2026-07-10T18:21:34.274+0000] {processor.py:186} INFO - Started process (PID=614) to work on /opt/airflow/dags/weather_scrape_dag.py
[2026-07-10T18:21:34.283+0000] {processor.py:914} INFO - Processing file /opt/airflow/dags/weather_scrape_dag.py for tasks to queue
[2026-07-10T18:21:34.289+0000] {logging_mixin.py:190} INFO - [2026-07-10T18:21:34.288+0000] {dagbag.py:588} INFO - Filling up the DagBag from /opt/airflow/dags/weather_scrape_dag.py
[2026-07-10T18:21:34.314+0000] {processor.py:925} INFO - DAG(s) 'weather_scrape_and_load' retrieved from /opt/airflow/dags/weather_scrape_dag.py
[2026-07-10T18:21:34.364+0000] {logging_mixin.py:190} INFO - [2026-07-10T18:21:34.363+0000] {dag.py:3239} INFO - Sync 1 DAGs
[2026-07-10T18:21:34.412+0000] {logging_mixin.py:190} INFO - [2026-07-10T18:21:34.412+0000] {dag.py:4180} INFO - Setting next_dagrun for weather_scrape_and_load to 2026-07-10 18:00:00+00:00, run_after=2026-07-10 19:00:00+00:00
[2026-07-10T18:21:34.453+0000] {processor.py:208} INFO - Processing /opt/airflow/dags/weather_scrape_dag.py took 0.190 seconds
[2026-07-10T18:22:04.585+0000] {processor.py:186} INFO - Started process (PID=619) to work on /opt/airflow/dags/weather_scrape_dag.py
[2026-07-10T18:22:04.586+0000] {processor.py:914} INFO - Processing file /opt/airflow/dags/weather_scrape_dag.py for tasks to queue
[2026-07-10T18:22:04.589+0000] {logging_mixin.py:190} INFO - [2026-07-10T18:22:04.589+0000] {dagbag.py:588} INFO - Filling up the DagBag from /opt/airflow/dags/weather_scrape_dag.py
[2026-07-10T18:22:04.610+0000] {processor.py:925} INFO - DAG(s) 'weather_scrape_and_load' retrieved from /opt/airflow/dags/weather_scrape_dag.py
[2026-07-10T18:22:04.659+0000] {logging_mixin.py:190} INFO - [2026-07-10T18:22:04.659+0000] {dag.py:3239} INFO - Sync 1 DAGs
[2026-07-10T18:22:04.705+0000] {logging_mixin.py:190} INFO - [2026-07-10T18:22:04.704+0000] {dag.py:4180} INFO - Setting next_dagrun for weather_scrape_and_load to 2026-07-10 18:00:00+00:00, run_after=2026-07-10 19:00:00+00:00
[2026-07-10T18:22:04.744+0000] {processor.py:208} INFO - Processing /opt/airflow/dags/weather_scrape_dag.py took 0.171 seconds
[2026-07-10T18:22:34.897+0000] {processor.py:186} INFO - Started process (PID=624) to work on /opt/airflow/dags/weather_scrape_dag.py
[2026-07-10T18:22:34.906+0000] {processor.py:914} INFO - Processing file /opt/airflow/dags/weather_scrape_dag.py for tasks to queue
[2026-07-10T18:22:34.909+0000] {logging_mixin.py:190} INFO - [2026-07-10T18:22:34.909+0000] {dagbag.py:588} INFO - Filling up the DagBag from /opt/airflow/dags/weather_scrape_dag.py
[2026-07-10T18:22:34.930+0000] {processor.py:925} INFO - DAG(s) 'weather_scrape_and_load' retrieved from /opt/airflow/dags/weather_scrape_dag.py
[2026-07-10T18:22:34.979+0000] {logging_mixin.py:190} INFO - [2026-07-10T18:22:34.979+0000] {dag.py:3239} INFO - Sync 1 DAGs
[2026-07-10T18:22:35.024+0000] {logging_mixin.py:190} INFO - [2026-07-10T18:22:35.023+0000] {dag.py:4180} INFO - Setting next_dagrun for weather_scrape_and_load to 2026-07-10 18:00:00+00:00, run_after=2026-07-10 19:00:00+00:00
[2026-07-10T18:22:35.064+0000] {processor.py:208} INFO - Processing /opt/airflow/dags/weather_scrape_dag.py took 0.178 seconds
[2026-07-10T18:23:05.188+0000] {processor.py:186} INFO - Started process (PID=629) to work on /opt/airflow/dags/weather_scrape_dag.py
[2026-07-10T18:23:05.190+0000] {processor.py:914} INFO - Processing file /opt/airflow/dags/weather_scrape_dag.py for tasks to queue
[2026-07-10T18:23:05.193+0000] {logging_mixin.py:190} INFO - [2026-07-10T18:23:05.193+0000] {dagbag.py:588} INFO - Filling up the DagBag from /opt/airflow/dags/weather_scrape_dag.py
[2026-07-10T18:23:05.214+0000] {processor.py:925} INFO - DAG(s) 'weather_scrape_and_load' retrieved from /opt/airflow/dags/weather_scrape_dag.py
[2026-07-10T18:23:05.263+0000] {logging_mixin.py:190} INFO - [2026-07-10T18:23:05.263+0000] {dag.py:3239} INFO - Sync 1 DAGs
[2026-07-10T18:23:05.312+0000] {logging_mixin.py:190} INFO - [2026-07-10T18:23:05.312+0000] {dag.py:4180} INFO - Setting next_dagrun for weather_scrape_and_load to 2026-07-10 18:00:00+00:00, run_after=2026-07-10 19:00:00+00:00
[2026-07-10T18:23:05.352+0000] {processor.py:208} INFO - Processing /opt/airflow/dags/weather_scrape_dag.py took 0.175 seconds
[2026-07-10T18:23:35.516+0000] {processor.py:186} INFO - Started process (PID=634) to work on /opt/airflow/dags/weather_scrape_dag.py
[2026-07-10T18:23:35.525+0000] {processor.py:914} INFO - Processing file /opt/airflow/dags/weather_scrape_dag.py for tasks to queue
[2026-07-10T18:23:35.528+0000] {logging_mixin.py:190} INFO - [2026-07-10T18:23:35.528+0000] {dagbag.py:588} INFO - Filling up the DagBag from /opt/airflow/dags/weather_scrape_dag.py
[2026-07-10T18:23:35.549+0000] {processor.py:925} INFO - DAG(s) 'weather_scrape_and_load' retrieved from /opt/airflow/dags/weather_scrape_dag.py
[2026-07-10T18:23:35.597+0000] {logging_mixin.py:190} INFO - [2026-07-10T18:23:35.596+0000] {dag.py:3239} INFO - Sync 1 DAGs
[2026-07-10T18:23:35.640+0000] {logging_mixin.py:190} INFO - [2026-07-10T18:23:35.640+0000] {dag.py:4180} INFO - Setting next_dagrun for weather_scrape_and_load to 2026-07-10 18:00:00+00:00, run_after=2026-07-10 19:00:00+00:00
[2026-07-10T18:23:35.680+0000] {processor.py:208} INFO - Processing /opt/airflow/dags/weather_scrape_dag.py took 0.175 seconds
[2026-07-10T18:24:05.797+0000] {processor.py:186} INFO - Started process (PID=639) to work on /opt/airflow/dags/weather_scrape_dag.py
[2026-07-10T18:24:05.798+0000] {processor.py:914} INFO - Processing file /opt/airflow/dags/weather_scrape_dag.py for tasks to queue
[2026-07-10T18:24:05.802+0000] {logging_mixin.py:190} INFO - [2026-07-10T18:24:05.801+0000] {dagbag.py:588} INFO - Filling up the DagBag from /opt/airflow/dags/weather_scrape_dag.py
[2026-07-10T18:24:05.824+0000] {processor.py:925} INFO - DAG(s) 'weather_scrape_and_load' retrieved from /opt/airflow/dags/weather_scrape_dag.py
[2026-07-10T18:24:05.871+0000] {logging_mixin.py:190} INFO - [2026-07-10T18:24:05.870+0000] {dag.py:3239} INFO - Sync 1 DAGs
[2026-07-10T18:24:05.917+0000] {logging_mixin.py:190} INFO - [2026-07-10T18:24:05.917+0000] {dag.py:4180} INFO - Setting next_dagrun for weather_scrape_and_load to 2026-07-10 18:00:00+00:00, run_after=2026-07-10 19:00:00+00:00
[2026-07-10T18:24:05.959+0000] {processor.py:208} INFO - Processing /opt/airflow/dags/weather_scrape_dag.py took 0.173 seconds
[2026-07-10T18:24:36.147+0000] {processor.py:186} INFO - Started process (PID=644) to work on /opt/airflow/dags/weather_scrape_dag.py
[2026-07-10T18:24:36.155+0000] {processor.py:914} INFO - Processing file /opt/airflow/dags/weather_scrape_dag.py for tasks to queue
[2026-07-10T18:24:36.159+0000] {logging_mixin.py:190} INFO - [2026-07-10T18:24:36.159+0000] {dagbag.py:588} INFO - Filling up the DagBag from /opt/airflow/dags/weather_scrape_dag.py
[2026-07-10T18:24:36.180+0000] {processor.py:925} INFO - DAG(s) 'weather_scrape_and_load' retrieved from /opt/airflow/dags/weather_scrape_dag.py
[2026-07-10T18:24:36.232+0000] {logging_mixin.py:190} INFO - [2026-07-10T18:24:36.231+0000] {dag.py:3239} INFO - Sync 1 DAGs
[2026-07-10T18:24:36.276+0000] {logging_mixin.py:190} INFO - [2026-07-10T18:24:36.276+0000] {dag.py:4180} INFO - Setting next_dagrun for weather_scrape_and_load to 2026-07-10 18:00:00+00:00, run_after=2026-07-10 19:00:00+00:00
[2026-07-10T18:24:36.307+0000] {processor.py:208} INFO - Processing /opt/airflow/dags/weather_scrape_dag.py took 0.171 seconds
[2026-07-10T18:25:06.399+0000] {processor.py:186} INFO - Started process (PID=649) to work on /opt/airflow/dags/weather_scrape_dag.py
[2026-07-10T18:25:06.400+0000] {processor.py:914} INFO - Processing file /opt/airflow/dags/weather_scrape_dag.py for tasks to queue
[2026-07-10T18:25:06.404+0000] {logging_mixin.py:190} INFO - [2026-07-10T18:25:06.404+0000] {dagbag.py:588} INFO - Filling up the DagBag from /opt/airflow/dags/weather_scrape_dag.py
[2026-07-10T18:25:06.425+0000] {processor.py:925} INFO - DAG(s) 'weather_scrape_and_load' retrieved from /opt/airflow/dags/weather_scrape_dag.py
[2026-07-10T18:25:06.473+0000] {logging_mixin.py:190} INFO - [2026-07-10T18:25:06.473+0000] {dag.py:3239} INFO - Sync 1 DAGs
[2026-07-10T18:25:06.518+0000] {logging_mixin.py:190} INFO - [2026-07-10T18:25:06.518+0000] {dag.py:4180} INFO - Setting next_dagrun for weather_scrape_and_load to 2026-07-10 18:00:00+00:00, run_after=2026-07-10 19:00:00+00:00
[2026-07-10T18:25:06.558+0000] {processor.py:208} INFO - Processing /opt/airflow/dags/weather_scrape_dag.py took 0.170 seconds
[2026-07-10T18:25:36.769+0000] {processor.py:186} INFO - Started process (PID=654) to work on /opt/airflow/dags/weather_scrape_dag.py
[2026-07-10T18:25:36.778+0000] {processor.py:914} INFO - Processing file /opt/airflow/dags/weather_scrape_dag.py for tasks to queue
[2026-07-10T18:25:36.781+0000] {logging_mixin.py:190} INFO - [2026-07-10T18:25:36.781+0000] {dagbag.py:588} INFO - Filling up the DagBag from /opt/airflow/dags/weather_scrape_dag.py
[2026-07-10T18:25:36.802+0000] {processor.py:925} INFO - DAG(s) 'weather_scrape_and_load' retrieved from /opt/airflow/dags/weather_scrape_dag.py
[2026-07-10T18:25:36.848+0000] {logging_mixin.py:190} INFO - [2026-07-10T18:25:36.848+0000] {dag.py:3239} INFO - Sync 1 DAGs
[2026-07-10T18:25:36.894+0000] {logging_mixin.py:190} INFO - [2026-07-10T18:25:36.894+0000] {dag.py:4180} INFO - Setting next_dagrun for weather_scrape_and_load to 2026-07-10 18:00:00+00:00, run_after=2026-07-10 19:00:00+00:00
[2026-07-10T18:25:36.929+0000] {processor.py:208} INFO - Processing /opt/airflow/dags/weather_scrape_dag.py took 0.171 seconds
[2026-07-10T18:26:07.005+0000] {processor.py:186} INFO - Started process (PID=659) to work on /opt/airflow/dags/weather_scrape_dag.py
[2026-07-10T18:26:07.007+0000] {processor.py:914} INFO - Processing file /opt/airflow/dags/weather_scrape_dag.py for tasks to queue
[2026-07-10T18:26:07.010+0000] {logging_mixin.py:190} INFO - [2026-07-10T18:26:07.010+0000] {dagbag.py:588} INFO - Filling up the DagBag from /opt/airflow/dags/weather_scrape_dag.py
[2026-07-10T18:26:07.032+0000] {processor.py:925} INFO - DAG(s) 'weather_scrape_and_load' retrieved from /opt/airflow/dags/weather_scrape_dag.py
[2026-07-10T18:26:07.084+0000] {logging_mixin.py:190} INFO - [2026-07-10T18:26:07.083+0000] {dag.py:3239} INFO - Sync 1 DAGs
[2026-07-10T18:26:07.130+0000] {logging_mixin.py:190} INFO - [2026-07-10T18:26:07.130+0000] {dag.py:4180} INFO - Setting next_dagrun for weather_scrape_and_load to 2026-07-10 18:00:00+00:00, run_after=2026-07-10 19:00:00+00:00
[2026-07-10T18:26:07.175+0000] {processor.py:208} INFO - Processing /opt/airflow/dags/weather_scrape_dag.py took 0.183 seconds
[2026-07-10T18:26:37.382+0000] {processor.py:186} INFO - Started process (PID=664) to work on /opt/airflow/dags/weather_scrape_dag.py
[2026-07-10T18:26:37.392+0000] {processor.py:914} INFO - Processing file /opt/airflow/dags/weather_scrape_dag.py for tasks to queue
[2026-07-10T18:26:37.396+0000] {logging_mixin.py:190} INFO - [2026-07-10T18:26:37.395+0000] {dagbag.py:588} INFO - Filling up the DagBag from /opt/airflow/dags/weather_scrape_dag.py
[2026-07-10T18:26:37.423+0000] {processor.py:925} INFO - DAG(s) 'weather_scrape_and_load' retrieved from /opt/airflow/dags/weather_scrape_dag.py
[2026-07-10T18:26:37.478+0000] {logging_mixin.py:190} INFO - [2026-07-10T18:26:37.477+0000] {dag.py:3239} INFO - Sync 1 DAGs
[2026-07-10T18:26:37.533+0000] {logging_mixin.py:190} INFO - [2026-07-10T18:26:37.533+0000] {dag.py:4180} INFO - Setting next_dagrun for weather_scrape_and_load to 2026-07-10 18:00:00+00:00, run_after=2026-07-10 19:00:00+00:00
[2026-07-10T18:26:37.585+0000] {processor.py:208} INFO - Processing /opt/airflow/dags/weather_scrape_dag.py took 0.217 seconds
[2026-07-10T18:27:07.845+0000] {processor.py:186} INFO - Started process (PID=669) to work on /opt/airflow/dags/weather_scrape_dag.py
[2026-07-10T18:27:07.846+0000] {processor.py:914} INFO - Processing file /opt/airflow/dags/weather_scrape_dag.py for tasks to queue
[2026-07-10T18:27:07.850+0000] {logging_mixin.py:190} INFO - [2026-07-10T18:27:07.849+0000] {dagbag.py:588} INFO - Filling up the DagBag from /opt/airflow/dags/weather_scrape_dag.py
[2026-07-10T18:27:07.874+0000] {processor.py:925} INFO - DAG(s) 'weather_scrape_and_load' retrieved from /opt/airflow/dags/weather_scrape_dag.py
[2026-07-10T18:27:07.931+0000] {logging_mixin.py:190} INFO - [2026-07-10T18:27:07.931+0000] {dag.py:3239} INFO - Sync 1 DAGs
[2026-07-10T18:27:07.987+0000] {logging_mixin.py:190} INFO - [2026-07-10T18:27:07.987+0000] {dag.py:4180} INFO - Setting next_dagrun for weather_scrape_and_load to 2026-07-10 18:00:00+00:00, run_after=2026-07-10 19:00:00+00:00
[2026-07-10T18:27:08.032+0000] {processor.py:208} INFO - Processing /opt/airflow/dags/weather_scrape_dag.py took 0.200 seconds
[2026-07-10T18:27:38.276+0000] {processor.py:186} INFO - Started process (PID=674) to work on /opt/airflow/dags/weather_scrape_dag.py
[2026-07-10T18:27:38.285+0000] {processor.py:914} INFO - Processing file /opt/airflow/dags/weather_scrape_dag.py for tasks to queue
[2026-07-10T18:27:38.290+0000] {logging_mixin.py:190} INFO - [2026-07-10T18:27:38.289+0000] {dagbag.py:588} INFO - Filling up the DagBag from /opt/airflow/dags/weather_scrape_dag.py
[2026-07-10T18:27:38.320+0000] {processor.py:925} INFO - DAG(s) 'weather_scrape_and_load' retrieved from /opt/airflow/dags/weather_scrape_dag.py
[2026-07-10T18:27:38.396+0000] {logging_mixin.py:190} INFO - [2026-07-10T18:27:38.395+0000] {dag.py:3239} INFO - Sync 1 DAGs
[2026-07-10T18:27:38.456+0000] {logging_mixin.py:190} INFO - [2026-07-10T18:27:38.455+0000] {dag.py:4180} INFO - Setting next_dagrun for weather_scrape_and_load to 2026-07-10 18:00:00+00:00, run_after=2026-07-10 19:00:00+00:00
[2026-07-10T18:27:38.500+0000] {processor.py:208} INFO - Processing /opt/airflow/dags/weather_scrape_dag.py took 0.239 seconds
[2026-07-10T18:28:08.754+0000] {processor.py:186} INFO - Started process (PID=679) to work on /opt/airflow/dags/weather_scrape_dag.py
[2026-07-10T18:28:08.763+0000] {processor.py:914} INFO - Processing file /opt/airflow/dags/weather_scrape_dag.py for tasks to queue
[2026-07-10T18:28:08.767+0000] {logging_mixin.py:190} INFO - [2026-07-10T18:28:08.766+0000] {dagbag.py:588} INFO - Filling up the DagBag from /opt/airflow/dags/weather_scrape_dag.py
[2026-07-10T18:28:08.789+0000] {processor.py:925} INFO - DAG(s) 'weather_scrape_and_load' retrieved from /opt/airflow/dags/weather_scrape_dag.py
[2026-07-10T18:28:08.839+0000] {logging_mixin.py:190} INFO - [2026-07-10T18:28:08.839+0000] {dag.py:3239} INFO - Sync 1 DAGs
[2026-07-10T18:28:08.884+0000] {logging_mixin.py:190} INFO - [2026-07-10T18:28:08.884+0000] {dag.py:4180} INFO - Setting next_dagrun for weather_scrape_and_load to 2026-07-10 18:00:00+00:00, run_after=2026-07-10 19:00:00+00:00
[2026-07-10T18:28:08.925+0000] {processor.py:208} INFO - Processing /opt/airflow/dags/weather_scrape_dag.py took 0.183 seconds
[2026-07-10T18:28:39.165+0000] {processor.py:186} INFO - Started process (PID=684) to work on /opt/airflow/dags/weather_scrape_dag.py
[2026-07-10T18:28:39.174+0000] {processor.py:914} INFO - Processing file /opt/airflow/dags/weather_scrape_dag.py for tasks to queue
[2026-07-10T18:28:39.178+0000] {logging_mixin.py:190} INFO - [2026-07-10T18:28:39.177+0000] {dagbag.py:588} INFO - Filling up the DagBag from /opt/airflow/dags/weather_scrape_dag.py
[2026-07-10T18:28:39.199+0000] {processor.py:925} INFO - DAG(s) 'weather_scrape_and_load' retrieved from /opt/airflow/dags/weather_scrape_dag.py
[2026-07-10T18:28:39.250+0000] {logging_mixin.py:190} INFO - [2026-07-10T18:28:39.250+0000] {dag.py:3239} INFO - Sync 1 DAGs
[2026-07-10T18:28:39.298+0000] {logging_mixin.py:190} INFO - [2026-07-10T18:28:39.298+0000] {dag.py:4180} INFO - Setting next_dagrun for weather_scrape_and_load to 2026-07-10 18:00:00+00:00, run_after=2026-07-10 19:00:00+00:00
[2026-07-10T18:28:39.339+0000] {processor.py:208} INFO - Processing /opt/airflow/dags/weather_scrape_dag.py took 0.185 seconds
[2026-07-10T18:29:09.590+0000] {processor.py:186} INFO - Started process (PID=689) to work on /opt/airflow/dags/weather_scrape_dag.py
[2026-07-10T18:29:09.591+0000] {processor.py:914} INFO - Processing file /opt/airflow/dags/weather_scrape_dag.py for tasks to queue
[2026-07-10T18:29:09.596+0000] {logging_mixin.py:190} INFO - [2026-07-10T18:29:09.596+0000] {dagbag.py:588} INFO - Filling up the DagBag from /opt/airflow/dags/weather_scrape_dag.py
[2026-07-10T18:29:09.620+0000] {processor.py:925} INFO - DAG(s) 'weather_scrape_and_load' retrieved from /opt/airflow/dags/weather_scrape_dag.py
[2026-07-10T18:29:09.684+0000] {logging_mixin.py:190} INFO - [2026-07-10T18:29:09.683+0000] {dag.py:3239} INFO - Sync 1 DAGs
[2026-07-10T18:29:09.742+0000] {logging_mixin.py:190} INFO - [2026-07-10T18:29:09.742+0000] {dag.py:4180} INFO - Setting next_dagrun for weather_scrape_and_load to 2026-07-10 18:00:00+00:00, run_after=2026-07-10 19:00:00+00:00
[2026-07-10T18:29:09.776+0000] {processor.py:208} INFO - Processing /opt/airflow/dags/weather_scrape_dag.py took 0.200 seconds
[2026-07-10T18:29:40.019+0000] {processor.py:186} INFO - Started process (PID=694) to work on /opt/airflow/dags/weather_scrape_dag.py
[2026-07-10T18:29:40.020+0000] {processor.py:914} INFO - Processing file /opt/airflow/dags/weather_scrape_dag.py for tasks to queue
[2026-07-10T18:29:40.025+0000] {logging_mixin.py:190} INFO - [2026-07-10T18:29:40.024+0000] {dagbag.py:588} INFO - Filling up the DagBag from /opt/airflow/dags/weather_scrape_dag.py
[2026-07-10T18:29:40.047+0000] {processor.py:925} INFO - DAG(s) 'weather_scrape_and_load' retrieved from /opt/airflow/dags/weather_scrape_dag.py
[2026-07-10T18:29:40.102+0000] {logging_mixin.py:190} INFO - [2026-07-10T18:29:40.101+0000] {dag.py:3239} INFO - Sync 1 DAGs
[2026-07-10T18:29:40.155+0000] {logging_mixin.py:190} INFO - [2026-07-10T18:29:40.155+0000] {dag.py:4180} INFO - Setting next_dagrun for weather_scrape_and_load to 2026-07-10 18:00:00+00:00, run_after=2026-07-10 19:00:00+00:00
[2026-07-10T18:29:40.206+0000] {processor.py:208} INFO - Processing /opt/airflow/dags/weather_scrape_dag.py took 0.202 seconds
[2026-07-10T18:30:10.448+0000] {processor.py:186} INFO - Started process (PID=699) to work on /opt/airflow/dags/weather_scrape_dag.py
[2026-07-10T18:30:10.457+0000] {processor.py:914} INFO - Processing file /opt/airflow/dags/weather_scrape_dag.py for tasks to queue
[2026-07-10T18:30:10.460+0000] {logging_mixin.py:190} INFO - [2026-07-10T18:30:10.460+0000] {dagbag.py:588} INFO - Filling up the DagBag from /opt/airflow/dags/weather_scrape_dag.py
[2026-07-10T18:30:10.482+0000] {processor.py:925} INFO - DAG(s) 'weather_scrape_and_load' retrieved from /opt/airflow/dags/weather_scrape_dag.py
[2026-07-10T18:30:10.532+0000] {logging_mixin.py:190} INFO - [2026-07-10T18:30:10.532+0000] {dag.py:3239} INFO - Sync 1 DAGs
[2026-07-10T18:30:10.580+0000] {logging_mixin.py:190} INFO - [2026-07-10T18:30:10.580+0000] {dag.py:4180} INFO - Setting next_dagrun for weather_scrape_and_load to 2026-07-10 18:00:00+00:00, run_after=2026-07-10 19:00:00+00:00
[2026-07-10T18:30:10.619+0000] {processor.py:208} INFO - Processing /opt/airflow/dags/weather_scrape_dag.py took 0.183 seconds
[2026-07-10T18:30:40.852+0000] {processor.py:186} INFO - Started process (PID=704) to work on /opt/airflow/dags/weather_scrape_dag.py
[2026-07-10T18:30:40.853+0000] {processor.py:914} INFO - Processing file /opt/airflow/dags/weather_scrape_dag.py for tasks to queue
[2026-07-10T18:30:40.857+0000] {logging_mixin.py:190} INFO - [2026-07-10T18:30:40.856+0000] {dagbag.py:588} INFO - Filling up the DagBag from /opt/airflow/dags/weather_scrape_dag.py
[2026-07-10T18:30:40.878+0000] {processor.py:925} INFO - DAG(s) 'weather_scrape_and_load' retrieved from /opt/airflow/dags/weather_scrape_dag.py
[2026-07-10T18:30:40.931+0000] {logging_mixin.py:190} INFO - [2026-07-10T18:30:40.931+0000] {dag.py:3239} INFO - Sync 1 DAGs
[2026-07-10T18:30:40.992+0000] {logging_mixin.py:190} INFO - [2026-07-10T18:30:40.991+0000] {dag.py:4180} INFO - Setting next_dagrun for weather_scrape_and_load to 2026-07-10 18:00:00+00:00, run_after=2026-07-10 19:00:00+00:00
[2026-07-10T18:30:41.035+0000] {processor.py:208} INFO - Processing /opt/airflow/dags/weather_scrape_dag.py took 0.194 seconds
[2026-07-10T18:31:11.269+0000] {processor.py:186} INFO - Started process (PID=709) to work on /opt/airflow/dags/weather_scrape_dag.py
[2026-07-10T18:31:11.278+0000] {processor.py:914} INFO - Processing file /opt/airflow/dags/weather_scrape_dag.py for tasks to queue
[2026-07-10T18:31:11.282+0000] {logging_mixin.py:190} INFO - [2026-07-10T18:31:11.281+0000] {dagbag.py:588} INFO - Filling up the DagBag from /opt/airflow/dags/weather_scrape_dag.py
[2026-07-10T18:31:11.303+0000] {processor.py:925} INFO - DAG(s) 'weather_scrape_and_load' retrieved from /opt/airflow/dags/weather_scrape_dag.py
[2026-07-10T18:31:11.357+0000] {logging_mixin.py:190} INFO - [2026-07-10T18:31:11.356+0000] {dag.py:3239} INFO - Sync 1 DAGs
[2026-07-10T18:31:11.409+0000] {logging_mixin.py:190} INFO - [2026-07-10T18:31:11.409+0000] {dag.py:4180} INFO - Setting next_dagrun for weather_scrape_and_load to 2026-07-10 18:00:00+00:00, run_after=2026-07-10 19:00:00+00:00
[2026-07-10T18:31:11.445+0000] {processor.py:208} INFO - Processing /opt/airflow/dags/weather_scrape_dag.py took 0.187 seconds
[2026-07-10T18:31:41.685+0000] {processor.py:186} INFO - Started process (PID=714) to work on /opt/airflow/dags/weather_scrape_dag.py
[2026-07-10T18:31:41.686+0000] {processor.py:914} INFO - Processing file /opt/airflow/dags/weather_scrape_dag.py for tasks to queue
[2026-07-10T18:31:41.690+0000] {logging_mixin.py:190} INFO - [2026-07-10T18:31:41.689+0000] {dagbag.py:588} INFO - Filling up the DagBag from /opt/airflow/dags/weather_scrape_dag.py
[2026-07-10T18:31:41.711+0000] {processor.py:925} INFO - DAG(s) 'weather_scrape_and_load' retrieved from /opt/airflow/dags/weather_scrape_dag.py
[2026-07-10T18:31:41.763+0000] {logging_mixin.py:190} INFO - [2026-07-10T18:31:41.762+0000] {dag.py:3239} INFO - Sync 1 DAGs
[2026-07-10T18:31:41.814+0000] {logging_mixin.py:190} INFO - [2026-07-10T18:31:41.814+0000] {dag.py:4180} INFO - Setting next_dagrun for weather_scrape_and_load to 2026-07-10 18:00:00+00:00, run_after=2026-07-10 19:00:00+00:00
[2026-07-10T18:31:41.853+0000] {processor.py:208} INFO - Processing /opt/airflow/dags/weather_scrape_dag.py took 0.179 seconds
[2026-07-10T18:32:12.086+0000] {processor.py:186} INFO - Started process (PID=719) to work on /opt/airflow/dags/weather_scrape_dag.py
[2026-07-10T18:32:12.095+0000] {processor.py:914} INFO - Processing file /opt/airflow/dags/weather_scrape_dag.py for tasks to queue
[2026-07-10T18:32:12.098+0000] {logging_mixin.py:190} INFO - [2026-07-10T18:32:12.098+0000] {dagbag.py:588} INFO - Filling up the DagBag from /opt/airflow/dags/weather_scrape_dag.py
[2026-07-10T18:32:12.120+0000] {processor.py:925} INFO - DAG(s) 'weather_scrape_and_load' retrieved from /opt/airflow/dags/weather_scrape_dag.py
[2026-07-10T18:32:12.169+0000] {logging_mixin.py:190} INFO - [2026-07-10T18:32:12.168+0000] {dag.py:3239} INFO - Sync 1 DAGs
[2026-07-10T18:32:12.216+0000] {logging_mixin.py:190} INFO - [2026-07-10T18:32:12.215+0000] {dag.py:4180} INFO - Setting next_dagrun for weather_scrape_and_load to 2026-07-10 18:00:00+00:00, run_after=2026-07-10 19:00:00+00:00
[2026-07-10T18:32:12.248+0000] {processor.py:208} INFO - Processing /opt/airflow/dags/weather_scrape_dag.py took 0.174 seconds
[2026-07-10T18:32:42.303+0000] {processor.py:186} INFO - Started process (PID=724) to work on /opt/airflow/dags/weather_scrape_dag.py
[2026-07-10T18:32:42.305+0000] {processor.py:914} INFO - Processing file /opt/airflow/dags/weather_scrape_dag.py for tasks to queue
[2026-07-10T18:32:42.309+0000] {logging_mixin.py:190} INFO - [2026-07-10T18:32:42.308+0000] {dagbag.py:588} INFO - Filling up the DagBag from /opt/airflow/dags/weather_scrape_dag.py
[2026-07-10T18:32:42.330+0000] {processor.py:925} INFO - DAG(s) 'weather_scrape_and_load' retrieved from /opt/airflow/dags/weather_scrape_dag.py
[2026-07-10T18:32:42.378+0000] {logging_mixin.py:190} INFO - [2026-07-10T18:32:42.378+0000] {dag.py:3239} INFO - Sync 1 DAGs
[2026-07-10T18:32:42.429+0000] {logging_mixin.py:190} INFO - [2026-07-10T18:32:42.429+0000] {dag.py:4180} INFO - Setting next_dagrun for weather_scrape_and_load to 2026-07-10 18:00:00+00:00, run_after=2026-07-10 19:00:00+00:00
[2026-07-10T18:32:42.470+0000] {processor.py:208} INFO - Processing /opt/airflow/dags/weather_scrape_dag.py took 0.177 seconds
[2026-07-10T18:33:12.680+0000] {processor.py:186} INFO - Started process (PID=729) to work on /opt/airflow/dags/weather_scrape_dag.py
[2026-07-10T18:33:12.689+0000] {processor.py:914} INFO - Processing file /opt/airflow/dags/weather_scrape_dag.py for tasks to queue
[2026-07-10T18:33:12.694+0000] {logging_mixin.py:190} INFO - [2026-07-10T18:33:12.693+0000] {dagbag.py:588} INFO - Filling up the DagBag from /opt/airflow/dags/weather_scrape_dag.py
[2026-07-10T18:33:12.717+0000] {processor.py:925} INFO - DAG(s) 'weather_scrape_and_load' retrieved from /opt/airflow/dags/weather_scrape_dag.py
[2026-07-10T18:33:12.769+0000] {logging_mixin.py:190} INFO - [2026-07-10T18:33:12.769+0000] {dag.py:3239} INFO - Sync 1 DAGs
[2026-07-10T18:33:12.826+0000] {logging_mixin.py:190} INFO - [2026-07-10T18:33:12.826+0000] {dag.py:4180} INFO - Setting next_dagrun for weather_scrape_and_load to 2026-07-10 18:00:00+00:00, run_after=2026-07-10 19:00:00+00:00
[2026-07-10T18:33:12.872+0000] {processor.py:208} INFO - Processing /opt/airflow/dags/weather_scrape_dag.py took 0.204 seconds
[2026-07-10T18:33:43.111+0000] {processor.py:186} INFO - Started process (PID=734) to work on /opt/airflow/dags/weather_scrape_dag.py
[2026-07-10T18:33:43.112+0000] {processor.py:914} INFO - Processing file /opt/airflow/dags/weather_scrape_dag.py for tasks to queue
[2026-07-10T18:33:43.117+0000] {logging_mixin.py:190} INFO - [2026-07-10T18:33:43.116+0000] {dagbag.py:588} INFO - Filling up the DagBag from /opt/airflow/dags/weather_scrape_dag.py
[2026-07-10T18:33:43.138+0000] {processor.py:925} INFO - DAG(s) 'weather_scrape_and_load' retrieved from /opt/airflow/dags/weather_scrape_dag.py
[2026-07-10T18:33:43.187+0000] {logging_mixin.py:190} INFO - [2026-07-10T18:33:43.186+0000] {dag.py:3239} INFO - Sync 1 DAGs
[2026-07-10T18:33:43.233+0000] {logging_mixin.py:190} INFO - [2026-07-10T18:33:43.233+0000] {dag.py:4180} INFO - Setting next_dagrun for weather_scrape_and_load to 2026-07-10 18:00:00+00:00, run_after=2026-07-10 19:00:00+00:00
[2026-07-10T18:33:43.272+0000] {processor.py:208} INFO - Processing /opt/airflow/dags/weather_scrape_dag.py took 0.172 seconds
[2026-07-10T18:34:13.339+0000] {processor.py:186} INFO - Started process (PID=739) to work on /opt/airflow/dags/weather_scrape_dag.py
[2026-07-10T18:34:13.348+0000] {processor.py:914} INFO - Processing file /opt/airflow/dags/weather_scrape_dag.py for tasks to queue
[2026-07-10T18:34:13.352+0000] {logging_mixin.py:190} INFO - [2026-07-10T18:34:13.351+0000] {dagbag.py:588} INFO - Filling up the DagBag from /opt/airflow/dags/weather_scrape_dag.py
[2026-07-10T18:34:13.375+0000] {processor.py:925} INFO - DAG(s) 'weather_scrape_and_load' retrieved from /opt/airflow/dags/weather_scrape_dag.py
[2026-07-10T18:34:13.426+0000] {logging_mixin.py:190} INFO - [2026-07-10T18:34:13.425+0000] {dag.py:3239} INFO - Sync 1 DAGs
[2026-07-10T18:34:13.472+0000] {logging_mixin.py:190} INFO - [2026-07-10T18:34:13.471+0000] {dag.py:4180} INFO - Setting next_dagrun for weather_scrape_and_load to 2026-07-10 18:00:00+00:00, run_after=2026-07-10 19:00:00+00:00
[2026-07-10T18:34:13.512+0000] {processor.py:208} INFO - Processing /opt/airflow/dags/weather_scrape_dag.py took 0.187 seconds
[2026-07-10T18:34:43.717+0000] {processor.py:186} INFO - Started process (PID=744) to work on /opt/airflow/dags/weather_scrape_dag.py
[2026-07-10T18:34:43.718+0000] {processor.py:914} INFO - Processing file /opt/airflow/dags/weather_scrape_dag.py for tasks to queue
[2026-07-10T18:34:43.721+0000] {logging_mixin.py:190} INFO - [2026-07-10T18:34:43.721+0000] {dagbag.py:588} INFO - Filling up the DagBag from /opt/airflow/dags/weather_scrape_dag.py
[2026-07-10T18:34:43.745+0000] {processor.py:925} INFO - DAG(s) 'weather_scrape_and_load' retrieved from /opt/airflow/dags/weather_scrape_dag.py
[2026-07-10T18:34:43.801+0000] {logging_mixin.py:190} INFO - [2026-07-10T18:34:43.800+0000] {dag.py:3239} INFO - Sync 1 DAGs
[2026-07-10T18:34:43.847+0000] {logging_mixin.py:190} INFO - [2026-07-10T18:34:43.846+0000] {dag.py:4180} INFO - Setting next_dagrun for weather_scrape_and_load to 2026-07-10 18:00:00+00:00, run_after=2026-07-10 19:00:00+00:00
[2026-07-10T18:34:43.889+0000] {processor.py:208} INFO - Processing /opt/airflow/dags/weather_scrape_dag.py took 0.184 seconds
[2026-07-10T18:35:13.951+0000] {processor.py:186} INFO - Started process (PID=749) to work on /opt/airflow/dags/weather_scrape_dag.py
[2026-07-10T18:35:13.952+0000] {processor.py:914} INFO - Processing file /opt/airflow/dags/weather_scrape_dag.py for tasks to queue
[2026-07-10T18:35:13.956+0000] {logging_mixin.py:190} INFO - [2026-07-10T18:35:13.955+0000] {dagbag.py:588} INFO - Filling up the DagBag from /opt/airflow/dags/weather_scrape_dag.py
[2026-07-10T18:35:13.982+0000] {processor.py:925} INFO - DAG(s) 'weather_scrape_and_load' retrieved from /opt/airflow/dags/weather_scrape_dag.py
[2026-07-10T18:35:14.055+0000] {logging_mixin.py:190} INFO - [2026-07-10T18:35:14.054+0000] {dag.py:3239} INFO - Sync 1 DAGs
[2026-07-10T18:35:14.115+0000] {logging_mixin.py:190} INFO - [2026-07-10T18:35:14.115+0000] {dag.py:4180} INFO - Setting next_dagrun for weather_scrape_and_load to 2026-07-10 18:00:00+00:00, run_after=2026-07-10 19:00:00+00:00
[2026-07-10T18:35:14.164+0000] {processor.py:208} INFO - Processing /opt/airflow/dags/weather_scrape_dag.py took 0.225 seconds
[2026-07-10T18:35:44.359+0000] {processor.py:186} INFO - Started process (PID=754) to work on /opt/airflow/dags/weather_scrape_dag.py
[2026-07-10T18:35:44.368+0000] {processor.py:914} INFO - Processing file /opt/airflow/dags/weather_scrape_dag.py for tasks to queue
[2026-07-10T18:35:44.372+0000] {logging_mixin.py:190} INFO - [2026-07-10T18:35:44.371+0000] {dagbag.py:588} INFO - Filling up the DagBag from /opt/airflow/dags/weather_scrape_dag.py
[2026-07-10T18:35:44.396+0000] {processor.py:925} INFO - DAG(s) 'weather_scrape_and_load' retrieved from /opt/airflow/dags/weather_scrape_dag.py
[2026-07-10T18:35:44.446+0000] {logging_mixin.py:190} INFO - [2026-07-10T18:35:44.446+0000] {dag.py:3239} INFO - Sync 1 DAGs
[2026-07-10T18:35:44.497+0000] {logging_mixin.py:190} INFO - [2026-07-10T18:35:44.497+0000] {dag.py:4180} INFO - Setting next_dagrun for weather_scrape_and_load to 2026-07-10 18:00:00+00:00, run_after=2026-07-10 19:00:00+00:00
[2026-07-10T18:35:44.538+0000] {processor.py:208} INFO - Processing /opt/airflow/dags/weather_scrape_dag.py took 0.191 seconds
[2026-07-10T18:36:14.632+0000] {processor.py:186} INFO - Started process (PID=759) to work on /opt/airflow/dags/weather_scrape_dag.py
[2026-07-10T18:36:14.634+0000] {processor.py:914} INFO - Processing file /opt/airflow/dags/weather_scrape_dag.py for tasks to queue
[2026-07-10T18:36:14.638+0000] {logging_mixin.py:190} INFO - [2026-07-10T18:36:14.636+0000] {dagbag.py:588} INFO - Filling up the DagBag from /opt/airflow/dags/weather_scrape_dag.py
[2026-07-10T18:36:14.660+0000] {processor.py:925} INFO - DAG(s) 'weather_scrape_and_load' retrieved from /opt/airflow/dags/weather_scrape_dag.py
[2026-07-10T18:36:14.718+0000] {logging_mixin.py:190} INFO - [2026-07-10T18:36:14.718+0000] {dag.py:3239} INFO - Sync 1 DAGs
[2026-07-10T18:36:14.775+0000] {logging_mixin.py:190} INFO - [2026-07-10T18:36:14.774+0000] {dag.py:4180} INFO - Setting next_dagrun for weather_scrape_and_load to 2026-07-10 18:00:00+00:00, run_after=2026-07-10 19:00:00+00:00
[2026-07-10T18:36:14.820+0000] {processor.py:208} INFO - Processing /opt/airflow/dags/weather_scrape_dag.py took 0.200 seconds
[2026-07-10T18:36:45.035+0000] {processor.py:186} INFO - Started process (PID=764) to work on /opt/airflow/dags/weather_scrape_dag.py
[2026-07-10T18:36:45.036+0000] {processor.py:914} INFO - Processing file /opt/airflow/dags/weather_scrape_dag.py for tasks to queue
[2026-07-10T18:36:45.040+0000] {logging_mixin.py:190} INFO - [2026-07-10T18:36:45.040+0000] {dagbag.py:588} INFO - Filling up the DagBag from /opt/airflow/dags/weather_scrape_dag.py
[2026-07-10T18:36:45.062+0000] {processor.py:925} INFO - DAG(s) 'weather_scrape_and_load' retrieved from /opt/airflow/dags/weather_scrape_dag.py
[2026-07-10T18:36:45.113+0000] {logging_mixin.py:190} INFO - [2026-07-10T18:36:45.112+0000] {dag.py:3239} INFO - Sync 1 DAGs
[2026-07-10T18:36:45.158+0000] {logging_mixin.py:190} INFO - [2026-07-10T18:36:45.158+0000] {dag.py:4180} INFO - Setting next_dagrun for weather_scrape_and_load to 2026-07-10 18:00:00+00:00, run_after=2026-07-10 19:00:00+00:00
[2026-07-10T18:36:45.200+0000] {processor.py:208} INFO - Processing /opt/airflow/dags/weather_scrape_dag.py took 0.176 seconds
[2026-07-10T18:37:15.335+0000] {processor.py:186} INFO - Started process (PID=769) to work on /opt/airflow/dags/weather_scrape_dag.py
[2026-07-10T18:37:15.337+0000] {processor.py:914} INFO - Processing file /opt/airflow/dags/weather_scrape_dag.py for tasks to queue
[2026-07-10T18:37:15.341+0000] {logging_mixin.py:190} INFO - [2026-07-10T18:37:15.341+0000] {dagbag.py:588} INFO - Filling up the DagBag from /opt/airflow/dags/weather_scrape_dag.py
[2026-07-10T18:37:15.363+0000] {processor.py:925} INFO - DAG(s) 'weather_scrape_and_load' retrieved from /opt/airflow/dags/weather_scrape_dag.py
[2026-07-10T18:37:15.412+0000] {logging_mixin.py:190} INFO - [2026-07-10T18:37:15.411+0000] {dag.py:3239} INFO - Sync 1 DAGs
[2026-07-10T18:37:15.457+0000] {logging_mixin.py:190} INFO - [2026-07-10T18:37:15.457+0000] {dag.py:4180} INFO - Setting next_dagrun for weather_scrape_and_load to 2026-07-10 18:00:00+00:00, run_after=2026-07-10 19:00:00+00:00
[2026-07-10T18:37:15.496+0000] {processor.py:208} INFO - Processing /opt/airflow/dags/weather_scrape_dag.py took 0.171 seconds
[2026-07-10T18:37:45.661+0000] {processor.py:186} INFO - Started process (PID=774) to work on /opt/airflow/dags/weather_scrape_dag.py
[2026-07-10T18:37:45.662+0000] {processor.py:914} INFO - Processing file /opt/airflow/dags/weather_scrape_dag.py for tasks to queue
[2026-07-10T18:37:45.667+0000] {logging_mixin.py:190} INFO - [2026-07-10T18:37:45.666+0000] {dagbag.py:588} INFO - Filling up the DagBag from /opt/airflow/dags/weather_scrape_dag.py
[2026-07-10T18:37:45.690+0000] {processor.py:925} INFO - DAG(s) 'weather_scrape_and_load' retrieved from /opt/airflow/dags/weather_scrape_dag.py
[2026-07-10T18:37:45.743+0000] {logging_mixin.py:190} INFO - [2026-07-10T18:37:45.742+0000] {dag.py:3239} INFO - Sync 1 DAGs
[2026-07-10T18:37:45.798+0000] {logging_mixin.py:190} INFO - [2026-07-10T18:37:45.797+0000] {dag.py:4180} INFO - Setting next_dagrun for weather_scrape_and_load to 2026-07-10 18:00:00+00:00, run_after=2026-07-10 19:00:00+00:00
[2026-07-10T18:37:45.847+0000] {processor.py:208} INFO - Processing /opt/airflow/dags/weather_scrape_dag.py took 0.199 seconds
[2026-07-10T18:38:15.940+0000] {processor.py:186} INFO - Started process (PID=779) to work on /opt/airflow/dags/weather_scrape_dag.py
[2026-07-10T18:38:15.949+0000] {processor.py:914} INFO - Processing file /opt/airflow/dags/weather_scrape_dag.py for tasks to queue
[2026-07-10T18:38:15.952+0000] {logging_mixin.py:190} INFO - [2026-07-10T18:38:15.952+0000] {dagbag.py:588} INFO - Filling up the DagBag from /opt/airflow/dags/weather_scrape_dag.py
[2026-07-10T18:38:15.975+0000] {processor.py:925} INFO - DAG(s) 'weather_scrape_and_load' retrieved from /opt/airflow/dags/weather_scrape_dag.py
[2026-07-10T18:38:16.031+0000] {logging_mixin.py:190} INFO - [2026-07-10T18:38:16.030+0000] {dag.py:3239} INFO - Sync 1 DAGs
[2026-07-10T18:38:16.093+0000] {logging_mixin.py:190} INFO - [2026-07-10T18:38:16.093+0000] {dag.py:4180} INFO - Setting next_dagrun for weather_scrape_and_load to 2026-07-10 18:00:00+00:00, run_after=2026-07-10 19:00:00+00:00
[2026-07-10T18:38:16.131+0000] {processor.py:208} INFO - Processing /opt/airflow/dags/weather_scrape_dag.py took 0.203 seconds
[2026-07-10T18:38:46.325+0000] {processor.py:186} INFO - Started process (PID=784) to work on /opt/airflow/dags/weather_scrape_dag.py
[2026-07-10T18:38:46.327+0000] {processor.py:914} INFO - Processing file /opt/airflow/dags/weather_scrape_dag.py for tasks to queue
[2026-07-10T18:38:46.332+0000] {logging_mixin.py:190} INFO - [2026-07-10T18:38:46.331+0000] {dagbag.py:588} INFO - Filling up the DagBag from /opt/airflow/dags/weather_scrape_dag.py
[2026-07-10T18:38:46.363+0000] {processor.py:925} INFO - DAG(s) 'weather_scrape_and_load' retrieved from /opt/airflow/dags/weather_scrape_dag.py
[2026-07-10T18:38:46.427+0000] {logging_mixin.py:190} INFO - [2026-07-10T18:38:46.426+0000] {dag.py:3239} INFO - Sync 1 DAGs
[2026-07-10T18:38:46.483+0000] {logging_mixin.py:190} INFO - [2026-07-10T18:38:46.482+0000] {dag.py:4180} INFO - Setting next_dagrun for weather_scrape_and_load to 2026-07-10 18:00:00+00:00, run_after=2026-07-10 19:00:00+00:00
[2026-07-10T18:38:46.524+0000] {processor.py:208} INFO - Processing /opt/airflow/dags/weather_scrape_dag.py took 0.217 seconds
[2026-07-10T18:39:16.632+0000] {processor.py:186} INFO - Started process (PID=789) to work on /opt/airflow/dags/weather_scrape_dag.py
[2026-07-10T18:39:16.641+0000] {processor.py:914} INFO - Processing file /opt/airflow/dags/weather_scrape_dag.py for tasks to queue
[2026-07-10T18:39:16.645+0000] {logging_mixin.py:190} INFO - [2026-07-10T18:39:16.644+0000] {dagbag.py:588} INFO - Filling up the DagBag from /opt/airflow/dags/weather_scrape_dag.py
[2026-07-10T18:39:16.673+0000] {processor.py:925} INFO - DAG(s) 'weather_scrape_and_load' retrieved from /opt/airflow/dags/weather_scrape_dag.py
[2026-07-10T18:39:16.734+0000] {logging_mixin.py:190} INFO - [2026-07-10T18:39:16.734+0000] {dag.py:3239} INFO - Sync 1 DAGs
[2026-07-10T18:39:16.809+0000] {logging_mixin.py:190} INFO - [2026-07-10T18:39:16.809+0000] {dag.py:4180} INFO - Setting next_dagrun for weather_scrape_and_load to 2026-07-10 18:00:00+00:00, run_after=2026-07-10 19:00:00+00:00
[2026-07-10T18:39:16.861+0000] {processor.py:208} INFO - Processing /opt/airflow/dags/weather_scrape_dag.py took 0.241 seconds
[2026-07-10T18:39:47.014+0000] {processor.py:186} INFO - Started process (PID=794) to work on /opt/airflow/dags/weather_scrape_dag.py
[2026-07-10T18:39:47.016+0000] {processor.py:914} INFO - Processing file /opt/airflow/dags/weather_scrape_dag.py for tasks to queue
[2026-07-10T18:39:47.019+0000] {logging_mixin.py:190} INFO - [2026-07-10T18:39:47.019+0000] {dagbag.py:588} INFO - Filling up the DagBag from /opt/airflow/dags/weather_scrape_dag.py
[2026-07-10T18:39:47.043+0000] {processor.py:925} INFO - DAG(s) 'weather_scrape_and_load' retrieved from /opt/airflow/dags/weather_scrape_dag.py
[2026-07-10T18:39:47.096+0000] {logging_mixin.py:190} INFO - [2026-07-10T18:39:47.095+0000] {dag.py:3239} INFO - Sync 1 DAGs
[2026-07-10T18:39:47.146+0000] {logging_mixin.py:190} INFO - [2026-07-10T18:39:47.146+0000] {dag.py:4180} INFO - Setting next_dagrun for weather_scrape_and_load to 2026-07-10 18:00:00+00:00, run_after=2026-07-10 19:00:00+00:00
[2026-07-10T18:39:47.189+0000] {processor.py:208} INFO - Processing /opt/airflow/dags/weather_scrape_dag.py took 0.187 seconds
[2026-07-10T18:40:17.299+0000] {processor.py:186} INFO - Started process (PID=799) to work on /opt/airflow/dags/weather_scrape_dag.py
[2026-07-10T18:40:17.308+0000] {processor.py:914} INFO - Processing file /opt/airflow/dags/weather_scrape_dag.py for tasks to queue
[2026-07-10T18:40:17.313+0000] {logging_mixin.py:190} INFO - [2026-07-10T18:40:17.313+0000] {dagbag.py:588} INFO - Filling up the DagBag from /opt/airflow/dags/weather_scrape_dag.py
[2026-07-10T18:40:17.336+0000] {processor.py:925} INFO - DAG(s) 'weather_scrape_and_load' retrieved from /opt/airflow/dags/weather_scrape_dag.py
[2026-07-10T18:40:17.391+0000] {logging_mixin.py:190} INFO - [2026-07-10T18:40:17.391+0000] {dag.py:3239} INFO - Sync 1 DAGs
[2026-07-10T18:40:17.453+0000] {logging_mixin.py:190} INFO - [2026-07-10T18:40:17.452+0000] {dag.py:4180} INFO - Setting next_dagrun for weather_scrape_and_load to 2026-07-10 18:00:00+00:00, run_after=2026-07-10 19:00:00+00:00
[2026-07-10T18:40:17.506+0000] {processor.py:208} INFO - Processing /opt/airflow/dags/weather_scrape_dag.py took 0.220 seconds
[2026-07-10T18:40:47.642+0000] {processor.py:186} INFO - Started process (PID=804) to work on /opt/airflow/dags/weather_scrape_dag.py
[2026-07-10T18:40:47.644+0000] {processor.py:914} INFO - Processing file /opt/airflow/dags/weather_scrape_dag.py for tasks to queue
[2026-07-10T18:40:47.651+0000] {logging_mixin.py:190} INFO - [2026-07-10T18:40:47.650+0000] {dagbag.py:588} INFO - Filling up the DagBag from /opt/airflow/dags/weather_scrape_dag.py
[2026-07-10T18:40:47.682+0000] {processor.py:925} INFO - DAG(s) 'weather_scrape_and_load' retrieved from /opt/airflow/dags/weather_scrape_dag.py
[2026-07-10T18:40:47.747+0000] {logging_mixin.py:190} INFO - [2026-07-10T18:40:47.746+0000] {dag.py:3239} INFO - Sync 1 DAGs
[2026-07-10T18:40:47.807+0000] {logging_mixin.py:190} INFO - [2026-07-10T18:40:47.807+0000] {dag.py:4180} INFO - Setting next_dagrun for weather_scrape_and_load to 2026-07-10 18:00:00+00:00, run_after=2026-07-10 19:00:00+00:00
[2026-07-10T18:40:47.853+0000] {processor.py:208} INFO - Processing /opt/airflow/dags/weather_scrape_dag.py took 0.223 seconds
[2026-07-10T18:41:17.962+0000] {processor.py:186} INFO - Started process (PID=809) to work on /opt/airflow/dags/weather_scrape_dag.py
[2026-07-10T18:41:17.970+0000] {processor.py:914} INFO - Processing file /opt/airflow/dags/weather_scrape_dag.py for tasks to queue
[2026-07-10T18:41:17.975+0000] {logging_mixin.py:190} INFO - [2026-07-10T18:41:17.975+0000] {dagbag.py:588} INFO - Filling up the DagBag from /opt/airflow/dags/weather_scrape_dag.py
[2026-07-10T18:41:17.998+0000] {processor.py:925} INFO - DAG(s) 'weather_scrape_and_load' retrieved from /opt/airflow/dags/weather_scrape_dag.py
[2026-07-10T18:41:18.052+0000] {logging_mixin.py:190} INFO - [2026-07-10T18:41:18.051+0000] {dag.py:3239} INFO - Sync 1 DAGs
[2026-07-10T18:41:18.105+0000] {logging_mixin.py:190} INFO - [2026-07-10T18:41:18.105+0000] {dag.py:4180} INFO - Setting next_dagrun for weather_scrape_and_load to 2026-07-10 18:00:00+00:00, run_after=2026-07-10 19:00:00+00:00
[2026-07-10T18:41:18.149+0000] {processor.py:208} INFO - Processing /opt/airflow/dags/weather_scrape_dag.py took 0.199 seconds
[2026-07-10T18:41:48.303+0000] {processor.py:186} INFO - Started process (PID=814) to work on /opt/airflow/dags/weather_scrape_dag.py
[2026-07-10T18:41:48.304+0000] {processor.py:914} INFO - Processing file /opt/airflow/dags/weather_scrape_dag.py for tasks to queue
[2026-07-10T18:41:48.308+0000] {logging_mixin.py:190} INFO - [2026-07-10T18:41:48.307+0000] {dagbag.py:588} INFO - Filling up the DagBag from /opt/airflow/dags/weather_scrape_dag.py
[2026-07-10T18:41:48.329+0000] {processor.py:925} INFO - DAG(s) 'weather_scrape_and_load' retrieved from /opt/airflow/dags/weather_scrape_dag.py
[2026-07-10T18:41:48.379+0000] {logging_mixin.py:190} INFO - [2026-07-10T18:41:48.378+0000] {dag.py:3239} INFO - Sync 1 DAGs
[2026-07-10T18:41:48.428+0000] {logging_mixin.py:190} INFO - [2026-07-10T18:41:48.428+0000] {dag.py:4180} INFO - Setting next_dagrun for weather_scrape_and_load to 2026-07-10 18:00:00+00:00, run_after=2026-07-10 19:00:00+00:00
[2026-07-10T18:41:48.468+0000] {processor.py:208} INFO - Processing /opt/airflow/dags/weather_scrape_dag.py took 0.177 seconds
[2026-07-10T18:42:18.583+0000] {processor.py:186} INFO - Started process (PID=819) to work on /opt/airflow/dags/weather_scrape_dag.py
[2026-07-10T18:42:18.592+0000] {processor.py:914} INFO - Processing file /opt/airflow/dags/weather_scrape_dag.py for tasks to queue
[2026-07-10T18:42:18.596+0000] {logging_mixin.py:190} INFO - [2026-07-10T18:42:18.595+0000] {dagbag.py:588} INFO - Filling up the DagBag from /opt/airflow/dags/weather_scrape_dag.py
[2026-07-10T18:42:18.619+0000] {processor.py:925} INFO - DAG(s) 'weather_scrape_and_load' retrieved from /opt/airflow/dags/weather_scrape_dag.py
[2026-07-10T18:42:18.669+0000] {logging_mixin.py:190} INFO - [2026-07-10T18:42:18.669+0000] {dag.py:3239} INFO - Sync 1 DAGs
[2026-07-10T18:42:18.717+0000] {logging_mixin.py:190} INFO - [2026-07-10T18:42:18.716+0000] {dag.py:4180} INFO - Setting next_dagrun for weather_scrape_and_load to 2026-07-10 18:00:00+00:00, run_after=2026-07-10 19:00:00+00:00
[2026-07-10T18:42:18.758+0000] {processor.py:208} INFO - Processing /opt/airflow/dags/weather_scrape_dag.py took 0.187 seconds
[2026-07-10T18:42:48.909+0000] {processor.py:186} INFO - Started process (PID=824) to work on /opt/airflow/dags/weather_scrape_dag.py
[2026-07-10T18:42:48.910+0000] {processor.py:914} INFO - Processing file /opt/airflow/dags/weather_scrape_dag.py for tasks to queue
[2026-07-10T18:42:48.914+0000] {logging_mixin.py:190} INFO - [2026-07-10T18:42:48.913+0000] {dagbag.py:588} INFO - Filling up the DagBag from /opt/airflow/dags/weather_scrape_dag.py
[2026-07-10T18:42:48.935+0000] {processor.py:925} INFO - DAG(s) 'weather_scrape_and_load' retrieved from /opt/airflow/dags/weather_scrape_dag.py
[2026-07-10T18:42:48.984+0000] {logging_mixin.py:190} INFO - [2026-07-10T18:42:48.984+0000] {dag.py:3239} INFO - Sync 1 DAGs
[2026-07-10T18:42:49.041+0000] {logging_mixin.py:190} INFO - [2026-07-10T18:42:49.041+0000] {dag.py:4180} INFO - Setting next_dagrun for weather_scrape_and_load to 2026-07-10 18:00:00+00:00, run_after=2026-07-10 19:00:00+00:00
[2026-07-10T18:42:49.084+0000] {processor.py:208} INFO - Processing /opt/airflow/dags/weather_scrape_dag.py took 0.192 seconds
[2026-07-10T18:43:19.195+0000] {processor.py:186} INFO - Started process (PID=829) to work on /opt/airflow/dags/weather_scrape_dag.py
[2026-07-10T18:43:19.196+0000] {processor.py:914} INFO - Processing file /opt/airflow/dags/weather_scrape_dag.py for tasks to queue
[2026-07-10T18:43:19.200+0000] {logging_mixin.py:190} INFO - [2026-07-10T18:43:19.199+0000] {dagbag.py:588} INFO - Filling up the DagBag from /opt/airflow/dags/weather_scrape_dag.py
[2026-07-10T18:43:19.223+0000] {processor.py:925} INFO - DAG(s) 'weather_scrape_and_load' retrieved from /opt/airflow/dags/weather_scrape_dag.py
[2026-07-10T18:43:19.280+0000] {logging_mixin.py:190} INFO - [2026-07-10T18:43:19.279+0000] {dag.py:3239} INFO - Sync 1 DAGs
[2026-07-10T18:43:19.326+0000] {logging_mixin.py:190} INFO - [2026-07-10T18:43:19.325+0000] {dag.py:4180} INFO - Setting next_dagrun for weather_scrape_and_load to 2026-07-10 18:00:00+00:00, run_after=2026-07-10 19:00:00+00:00
[2026-07-10T18:43:19.364+0000] {processor.py:208} INFO - Processing /opt/airflow/dags/weather_scrape_dag.py took 0.181 seconds
[2026-07-10T18:43:49.512+0000] {processor.py:186} INFO - Started process (PID=834) to work on /opt/airflow/dags/weather_scrape_dag.py
[2026-07-10T18:43:49.513+0000] {processor.py:914} INFO - Processing file /opt/airflow/dags/weather_scrape_dag.py for tasks to queue
[2026-07-10T18:43:49.517+0000] {logging_mixin.py:190} INFO - [2026-07-10T18:43:49.516+0000] {dagbag.py:588} INFO - Filling up the DagBag from /opt/airflow/dags/weather_scrape_dag.py
[2026-07-10T18:43:49.540+0000] {processor.py:925} INFO - DAG(s) 'weather_scrape_and_load' retrieved from /opt/airflow/dags/weather_scrape_dag.py
[2026-07-10T18:43:49.592+0000] {logging_mixin.py:190} INFO - [2026-07-10T18:43:49.591+0000] {dag.py:3239} INFO - Sync 1 DAGs
[2026-07-10T18:43:49.638+0000] {logging_mixin.py:190} INFO - [2026-07-10T18:43:49.638+0000] {dag.py:4180} INFO - Setting next_dagrun for weather_scrape_and_load to 2026-07-10 18:00:00+00:00, run_after=2026-07-10 19:00:00+00:00
[2026-07-10T18:43:49.682+0000] {processor.py:208} INFO - Processing /opt/airflow/dags/weather_scrape_dag.py took 0.181 seconds
[2026-07-10T18:44:19.818+0000] {processor.py:186} INFO - Started process (PID=839) to work on /opt/airflow/dags/weather_scrape_dag.py
[2026-07-10T18:44:19.819+0000] {processor.py:914} INFO - Processing file /opt/airflow/dags/weather_scrape_dag.py for tasks to queue
[2026-07-10T18:44:19.824+0000] {logging_mixin.py:190} INFO - [2026-07-10T18:44:19.823+0000] {dagbag.py:588} INFO - Filling up the DagBag from /opt/airflow/dags/weather_scrape_dag.py
[2026-07-10T18:44:19.846+0000] {processor.py:925} INFO - DAG(s) 'weather_scrape_and_load' retrieved from /opt/airflow/dags/weather_scrape_dag.py
[2026-07-10T18:44:19.901+0000] {logging_mixin.py:190} INFO - [2026-07-10T18:44:19.900+0000] {dag.py:3239} INFO - Sync 1 DAGs
[2026-07-10T18:44:19.954+0000] {logging_mixin.py:190} INFO - [2026-07-10T18:44:19.953+0000] {dag.py:4180} INFO - Setting next_dagrun for weather_scrape_and_load to 2026-07-10 18:00:00+00:00, run_after=2026-07-10 19:00:00+00:00
[2026-07-10T18:44:19.997+0000] {processor.py:208} INFO - Processing /opt/airflow/dags/weather_scrape_dag.py took 0.192 seconds
[2026-07-10T18:44:50.148+0000] {processor.py:186} INFO - Started process (PID=844) to work on /opt/airflow/dags/weather_scrape_dag.py
[2026-07-10T18:44:50.150+0000] {processor.py:914} INFO - Processing file /opt/airflow/dags/weather_scrape_dag.py for tasks to queue
[2026-07-10T18:44:50.154+0000] {logging_mixin.py:190} INFO - [2026-07-10T18:44:50.153+0000] {dagbag.py:588} INFO - Filling up the DagBag from /opt/airflow/dags/weather_scrape_dag.py
[2026-07-10T18:44:50.175+0000] {processor.py:925} INFO - DAG(s) 'weather_scrape_and_load' retrieved from /opt/airflow/dags/weather_scrape_dag.py
[2026-07-10T18:44:50.231+0000] {logging_mixin.py:190} INFO - [2026-07-10T18:44:50.230+0000] {dag.py:3239} INFO - Sync 1 DAGs
[2026-07-10T18:44:50.285+0000] {logging_mixin.py:190} INFO - [2026-07-10T18:44:50.284+0000] {dag.py:4180} INFO - Setting next_dagrun for weather_scrape_and_load to 2026-07-10 18:00:00+00:00, run_after=2026-07-10 19:00:00+00:00
[2026-07-10T18:44:50.324+0000] {processor.py:208} INFO - Processing /opt/airflow/dags/weather_scrape_dag.py took 0.188 seconds
[2026-07-10T18:45:20.448+0000] {processor.py:186} INFO - Started process (PID=849) to work on /opt/airflow/dags/weather_scrape_dag.py
[2026-07-10T18:45:20.449+0000] {processor.py:914} INFO - Processing file /opt/airflow/dags/weather_scrape_dag.py for tasks to queue
[2026-07-10T18:45:20.454+0000] {logging_mixin.py:190} INFO - [2026-07-10T18:45:20.453+0000] {dagbag.py:588} INFO - Filling up the DagBag from /opt/airflow/dags/weather_scrape_dag.py
[2026-07-10T18:45:20.475+0000] {processor.py:925} INFO - DAG(s) 'weather_scrape_and_load' retrieved from /opt/airflow/dags/weather_scrape_dag.py
[2026-07-10T18:45:20.525+0000] {logging_mixin.py:190} INFO - [2026-07-10T18:45:20.525+0000] {dag.py:3239} INFO - Sync 1 DAGs
[2026-07-10T18:45:20.571+0000] {logging_mixin.py:190} INFO - [2026-07-10T18:45:20.570+0000] {dag.py:4180} INFO - Setting next_dagrun for weather_scrape_and_load to 2026-07-10 18:00:00+00:00, run_after=2026-07-10 19:00:00+00:00
[2026-07-10T18:45:20.601+0000] {processor.py:208} INFO - Processing /opt/airflow/dags/weather_scrape_dag.py took 0.165 seconds
[2026-07-10T18:45:50.781+0000] {processor.py:186} INFO - Started process (PID=854) to work on /opt/airflow/dags/weather_scrape_dag.py
[2026-07-10T18:45:50.783+0000] {processor.py:914} INFO - Processing file /opt/airflow/dags/weather_scrape_dag.py for tasks to queue
[2026-07-10T18:45:50.788+0000] {logging_mixin.py:190} INFO - [2026-07-10T18:45:50.787+0000] {dagbag.py:588} INFO - Filling up the DagBag from /opt/airflow/dags/weather_scrape_dag.py
[2026-07-10T18:45:50.821+0000] {processor.py:925} INFO - DAG(s) 'weather_scrape_and_load' retrieved from /opt/airflow/dags/weather_scrape_dag.py
[2026-07-10T18:45:50.882+0000] {logging_mixin.py:190} INFO - [2026-07-10T18:45:50.882+0000] {dag.py:3239} INFO - Sync 1 DAGs
[2026-07-10T18:45:50.953+0000] {logging_mixin.py:190} INFO - [2026-07-10T18:45:50.952+0000] {dag.py:4180} INFO - Setting next_dagrun for weather_scrape_and_load to 2026-07-10 18:00:00+00:00, run_after=2026-07-10 19:00:00+00:00
[2026-07-10T18:45:50.996+0000] {processor.py:208} INFO - Processing /opt/airflow/dags/weather_scrape_dag.py took 0.231 seconds
[2026-07-10T18:46:21.064+0000] {processor.py:186} INFO - Started process (PID=859) to work on /opt/airflow/dags/weather_scrape_dag.py
[2026-07-10T18:46:21.066+0000] {processor.py:914} INFO - Processing file /opt/airflow/dags/weather_scrape_dag.py for tasks to queue
[2026-07-10T18:46:21.069+0000] {logging_mixin.py:190} INFO - [2026-07-10T18:46:21.069+0000] {dagbag.py:588} INFO - Filling up the DagBag from /opt/airflow/dags/weather_scrape_dag.py
[2026-07-10T18:46:21.092+0000] {processor.py:925} INFO - DAG(s) 'weather_scrape_and_load' retrieved from /opt/airflow/dags/weather_scrape_dag.py
[2026-07-10T18:46:21.145+0000] {logging_mixin.py:190} INFO - [2026-07-10T18:46:21.144+0000] {dag.py:3239} INFO - Sync 1 DAGs
[2026-07-10T18:46:21.204+0000] {logging_mixin.py:190} INFO - [2026-07-10T18:46:21.203+0000] {dag.py:4180} INFO - Setting next_dagrun for weather_scrape_and_load to 2026-07-10 18:00:00+00:00, run_after=2026-07-10 19:00:00+00:00
[2026-07-10T18:46:21.237+0000] {processor.py:208} INFO - Processing /opt/airflow/dags/weather_scrape_dag.py took 0.186 seconds
[2026-07-10T18:46:51.462+0000] {processor.py:186} INFO - Started process (PID=864) to work on /opt/airflow/dags/weather_scrape_dag.py
[2026-07-10T18:46:51.471+0000] {processor.py:914} INFO - Processing file /opt/airflow/dags/weather_scrape_dag.py for tasks to queue
[2026-07-10T18:46:51.474+0000] {logging_mixin.py:190} INFO - [2026-07-10T18:46:51.474+0000] {dagbag.py:588} INFO - Filling up the DagBag from /opt/airflow/dags/weather_scrape_dag.py
[2026-07-10T18:46:51.497+0000] {processor.py:925} INFO - DAG(s) 'weather_scrape_and_load' retrieved from /opt/airflow/dags/weather_scrape_dag.py
[2026-07-10T18:46:51.565+0000] {logging_mixin.py:190} INFO - [2026-07-10T18:46:51.564+0000] {dag.py:3239} INFO - Sync 1 DAGs
[2026-07-10T18:46:51.616+0000] {logging_mixin.py:190} INFO - [2026-07-10T18:46:51.616+0000] {dag.py:4180} INFO - Setting next_dagrun for weather_scrape_and_load to 2026-07-10 18:00:00+00:00, run_after=2026-07-10 19:00:00+00:00
[2026-07-10T18:46:51.660+0000] {processor.py:208} INFO - Processing /opt/airflow/dags/weather_scrape_dag.py took 0.214 seconds
[2026-07-10T18:47:21.902+0000] {processor.py:186} INFO - Started process (PID=869) to work on /opt/airflow/dags/weather_scrape_dag.py
[2026-07-10T18:47:21.904+0000] {processor.py:914} INFO - Processing file /opt/airflow/dags/weather_scrape_dag.py for tasks to queue
[2026-07-10T18:47:21.907+0000] {logging_mixin.py:190} INFO - [2026-07-10T18:47:21.907+0000] {dagbag.py:588} INFO - Filling up the DagBag from /opt/airflow/dags/weather_scrape_dag.py
[2026-07-10T18:47:21.931+0000] {processor.py:925} INFO - DAG(s) 'weather_scrape_and_load' retrieved from /opt/airflow/dags/weather_scrape_dag.py
[2026-07-10T18:47:21.987+0000] {logging_mixin.py:190} INFO - [2026-07-10T18:47:21.987+0000] {dag.py:3239} INFO - Sync 1 DAGs
[2026-07-10T18:47:22.040+0000] {logging_mixin.py:190} INFO - [2026-07-10T18:47:22.040+0000] {dag.py:4180} INFO - Setting next_dagrun for weather_scrape_and_load to 2026-07-10 18:00:00+00:00, run_after=2026-07-10 19:00:00+00:00
[2026-07-10T18:47:22.083+0000] {processor.py:208} INFO - Processing /opt/airflow/dags/weather_scrape_dag.py took 0.194 seconds
[2026-07-10T18:47:52.333+0000] {processor.py:186} INFO - Started process (PID=874) to work on /opt/airflow/dags/weather_scrape_dag.py
[2026-07-10T18:47:52.342+0000] {processor.py:914} INFO - Processing file /opt/airflow/dags/weather_scrape_dag.py for tasks to queue
[2026-07-10T18:47:52.346+0000] {logging_mixin.py:190} INFO - [2026-07-10T18:47:52.346+0000] {dagbag.py:588} INFO - Filling up the DagBag from /opt/airflow/dags/weather_scrape_dag.py
[2026-07-10T18:47:52.369+0000] {processor.py:925} INFO - DAG(s) 'weather_scrape_and_load' retrieved from /opt/airflow/dags/weather_scrape_dag.py
[2026-07-10T18:47:52.421+0000] {logging_mixin.py:190} INFO - [2026-07-10T18:47:52.420+0000] {dag.py:3239} INFO - Sync 1 DAGs
[2026-07-10T18:47:52.471+0000] {logging_mixin.py:190} INFO - [2026-07-10T18:47:52.470+0000] {dag.py:4180} INFO - Setting next_dagrun for weather_scrape_and_load to 2026-07-10 18:00:00+00:00, run_after=2026-07-10 19:00:00+00:00
[2026-07-10T18:47:52.524+0000] {processor.py:208} INFO - Processing /opt/airflow/dags/weather_scrape_dag.py took 0.204 seconds
[2026-07-10T18:48:22.765+0000] {processor.py:186} INFO - Started process (PID=879) to work on /opt/airflow/dags/weather_scrape_dag.py
[2026-07-10T18:48:22.766+0000] {processor.py:914} INFO - Processing file /opt/airflow/dags/weather_scrape_dag.py for tasks to queue
[2026-07-10T18:48:22.771+0000] {logging_mixin.py:190} INFO - [2026-07-10T18:48:22.770+0000] {dagbag.py:588} INFO - Filling up the DagBag from /opt/airflow/dags/weather_scrape_dag.py
[2026-07-10T18:48:22.797+0000] {processor.py:925} INFO - DAG(s) 'weather_scrape_and_load' retrieved from /opt/airflow/dags/weather_scrape_dag.py
[2026-07-10T18:48:22.857+0000] {logging_mixin.py:190} INFO - [2026-07-10T18:48:22.856+0000] {dag.py:3239} INFO - Sync 1 DAGs
[2026-07-10T18:48:22.917+0000] {logging_mixin.py:190} INFO - [2026-07-10T18:48:22.917+0000] {dag.py:4180} INFO - Setting next_dagrun for weather_scrape_and_load to 2026-07-10 18:00:00+00:00, run_after=2026-07-10 19:00:00+00:00
[2026-07-10T18:48:22.953+0000] {processor.py:208} INFO - Processing /opt/airflow/dags/weather_scrape_dag.py took 0.203 seconds
[2026-07-10T18:48:53.216+0000] {processor.py:186} INFO - Started process (PID=884) to work on /opt/airflow/dags/weather_scrape_dag.py
[2026-07-10T18:48:53.225+0000] {processor.py:914} INFO - Processing file /opt/airflow/dags/weather_scrape_dag.py for tasks to queue
[2026-07-10T18:48:53.232+0000] {logging_mixin.py:190} INFO - [2026-07-10T18:48:53.230+0000] {dagbag.py:588} INFO - Filling up the DagBag from /opt/airflow/dags/weather_scrape_dag.py
[2026-07-10T18:48:53.258+0000] {processor.py:925} INFO - DAG(s) 'weather_scrape_and_load' retrieved from /opt/airflow/dags/weather_scrape_dag.py
[2026-07-10T18:48:53.326+0000] {logging_mixin.py:190} INFO - [2026-07-10T18:48:53.326+0000] {dag.py:3239} INFO - Sync 1 DAGs
[2026-07-10T18:48:53.389+0000] {logging_mixin.py:190} INFO - [2026-07-10T18:48:53.389+0000] {dag.py:4180} INFO - Setting next_dagrun for weather_scrape_and_load to 2026-07-10 18:00:00+00:00, run_after=2026-07-10 19:00:00+00:00
[2026-07-10T18:48:53.429+0000] {processor.py:208} INFO - Processing /opt/airflow/dags/weather_scrape_dag.py took 0.224 seconds
[2026-07-10T18:49:23.670+0000] {processor.py:186} INFO - Started process (PID=889) to work on /opt/airflow/dags/weather_scrape_dag.py
[2026-07-10T18:49:23.673+0000] {processor.py:914} INFO - Processing file /opt/airflow/dags/weather_scrape_dag.py for tasks to queue
[2026-07-10T18:49:23.677+0000] {logging_mixin.py:190} INFO - [2026-07-10T18:49:23.676+0000] {dagbag.py:588} INFO - Filling up the DagBag from /opt/airflow/dags/weather_scrape_dag.py
[2026-07-10T18:49:23.702+0000] {processor.py:925} INFO - DAG(s) 'weather_scrape_and_load' retrieved from /opt/airflow/dags/weather_scrape_dag.py
[2026-07-10T18:49:23.764+0000] {logging_mixin.py:190} INFO - [2026-07-10T18:49:23.763+0000] {dag.py:3239} INFO - Sync 1 DAGs
[2026-07-10T18:49:23.820+0000] {logging_mixin.py:190} INFO - [2026-07-10T18:49:23.820+0000] {dag.py:4180} INFO - Setting next_dagrun for weather_scrape_and_load to 2026-07-10 18:00:00+00:00, run_after=2026-07-10 19:00:00+00:00
[2026-07-10T18:49:23.859+0000] {processor.py:208} INFO - Processing /opt/airflow/dags/weather_scrape_dag.py took 0.202 seconds
[2026-07-10T18:49:54.124+0000] {processor.py:186} INFO - Started process (PID=894) to work on /opt/airflow/dags/weather_scrape_dag.py
[2026-07-10T18:49:54.132+0000] {processor.py:914} INFO - Processing file /opt/airflow/dags/weather_scrape_dag.py for tasks to queue
[2026-07-10T18:49:54.135+0000] {logging_mixin.py:190} INFO - [2026-07-10T18:49:54.135+0000] {dagbag.py:588} INFO - Filling up the DagBag from /opt/airflow/dags/weather_scrape_dag.py
[2026-07-10T18:49:54.157+0000] {processor.py:925} INFO - DAG(s) 'weather_scrape_and_load' retrieved from /opt/airflow/dags/weather_scrape_dag.py
[2026-07-10T18:49:54.208+0000] {logging_mixin.py:190} INFO - [2026-07-10T18:49:54.207+0000] {dag.py:3239} INFO - Sync 1 DAGs
[2026-07-10T18:49:54.263+0000] {logging_mixin.py:190} INFO - [2026-07-10T18:49:54.262+0000] {dag.py:4180} INFO - Setting next_dagrun for weather_scrape_and_load to 2026-07-10 18:00:00+00:00, run_after=2026-07-10 19:00:00+00:00
[2026-07-10T18:49:54.297+0000] {processor.py:208} INFO - Processing /opt/airflow/dags/weather_scrape_dag.py took 0.186 seconds
[2026-07-10T18:50:24.541+0000] {processor.py:186} INFO - Started process (PID=899) to work on /opt/airflow/dags/weather_scrape_dag.py
[2026-07-10T18:50:24.542+0000] {processor.py:914} INFO - Processing file /opt/airflow/dags/weather_scrape_dag.py for tasks to queue
[2026-07-10T18:50:24.545+0000] {logging_mixin.py:190} INFO - [2026-07-10T18:50:24.545+0000] {dagbag.py:588} INFO - Filling up the DagBag from /opt/airflow/dags/weather_scrape_dag.py
[2026-07-10T18:50:24.566+0000] {processor.py:925} INFO - DAG(s) 'weather_scrape_and_load' retrieved from /opt/airflow/dags/weather_scrape_dag.py
[2026-07-10T18:50:24.616+0000] {logging_mixin.py:190} INFO - [2026-07-10T18:50:24.615+0000] {dag.py:3239} INFO - Sync 1 DAGs
[2026-07-10T18:50:24.664+0000] {logging_mixin.py:190} INFO - [2026-07-10T18:50:24.663+0000] {dag.py:4180} INFO - Setting next_dagrun for weather_scrape_and_load to 2026-07-10 18:00:00+00:00, run_after=2026-07-10 19:00:00+00:00
[2026-07-10T18:50:24.695+0000] {processor.py:208} INFO - Processing /opt/airflow/dags/weather_scrape_dag.py took 0.167 seconds
[2026-07-10T18:50:54.746+0000] {processor.py:186} INFO - Started process (PID=904) to work on /opt/airflow/dags/weather_scrape_dag.py
[2026-07-10T18:50:54.747+0000] {processor.py:914} INFO - Processing file /opt/airflow/dags/weather_scrape_dag.py for tasks to queue
[2026-07-10T18:50:54.751+0000] {logging_mixin.py:190} INFO - [2026-07-10T18:50:54.750+0000] {dagbag.py:588} INFO - Filling up the DagBag from /opt/airflow/dags/weather_scrape_dag.py
[2026-07-10T18:50:54.771+0000] {processor.py:925} INFO - DAG(s) 'weather_scrape_and_load' retrieved from /opt/airflow/dags/weather_scrape_dag.py
[2026-07-10T18:50:54.825+0000] {logging_mixin.py:190} INFO - [2026-07-10T18:50:54.824+0000] {dag.py:3239} INFO - Sync 1 DAGs
[2026-07-10T18:50:54.872+0000] {logging_mixin.py:190} INFO - [2026-07-10T18:50:54.871+0000] {dag.py:4180} INFO - Setting next_dagrun for weather_scrape_and_load to 2026-07-10 18:00:00+00:00, run_after=2026-07-10 19:00:00+00:00
[2026-07-10T18:50:54.911+0000] {processor.py:208} INFO - Processing /opt/airflow/dags/weather_scrape_dag.py took 0.176 seconds
[2026-07-10T18:51:25.134+0000] {processor.py:186} INFO - Started process (PID=909) to work on /opt/airflow/dags/weather_scrape_dag.py
[2026-07-10T18:51:25.143+0000] {processor.py:914} INFO - Processing file /opt/airflow/dags/weather_scrape_dag.py for tasks to queue
[2026-07-10T18:51:25.147+0000] {logging_mixin.py:190} INFO - [2026-07-10T18:51:25.146+0000] {dagbag.py:588} INFO - Filling up the DagBag from /opt/airflow/dags/weather_scrape_dag.py
[2026-07-10T18:51:25.168+0000] {processor.py:925} INFO - DAG(s) 'weather_scrape_and_load' retrieved from /opt/airflow/dags/weather_scrape_dag.py
[2026-07-10T18:51:25.223+0000] {logging_mixin.py:190} INFO - [2026-07-10T18:51:25.222+0000] {dag.py:3239} INFO - Sync 1 DAGs
[2026-07-10T18:51:25.268+0000] {logging_mixin.py:190} INFO - [2026-07-10T18:51:25.268+0000] {dag.py:4180} INFO - Setting next_dagrun for weather_scrape_and_load to 2026-07-10 18:00:00+00:00, run_after=2026-07-10 19:00:00+00:00
[2026-07-10T18:51:25.301+0000] {processor.py:208} INFO - Processing /opt/airflow/dags/weather_scrape_dag.py took 0.178 seconds
[2026-07-10T18:51:55.363+0000] {processor.py:186} INFO - Started process (PID=914) to work on /opt/airflow/dags/weather_scrape_dag.py
[2026-07-10T18:51:55.365+0000] {processor.py:914} INFO - Processing file /opt/airflow/dags/weather_scrape_dag.py for tasks to queue
[2026-07-10T18:51:55.369+0000] {logging_mixin.py:190} INFO - [2026-07-10T18:51:55.368+0000] {dagbag.py:588} INFO - Filling up the DagBag from /opt/airflow/dags/weather_scrape_dag.py
[2026-07-10T18:51:55.396+0000] {processor.py:925} INFO - DAG(s) 'weather_scrape_and_load' retrieved from /opt/airflow/dags/weather_scrape_dag.py
[2026-07-10T18:51:55.453+0000] {logging_mixin.py:190} INFO - [2026-07-10T18:51:55.452+0000] {dag.py:3239} INFO - Sync 1 DAGs
[2026-07-10T18:51:55.513+0000] {logging_mixin.py:190} INFO - [2026-07-10T18:51:55.512+0000] {dag.py:4180} INFO - Setting next_dagrun for weather_scrape_and_load to 2026-07-10 18:00:00+00:00, run_after=2026-07-10 19:00:00+00:00
[2026-07-10T18:51:55.562+0000] {processor.py:208} INFO - Processing /opt/airflow/dags/weather_scrape_dag.py took 0.211 seconds
[2026-07-10T18:52:25.755+0000] {processor.py:186} INFO - Started process (PID=919) to work on /opt/airflow/dags/weather_scrape_dag.py
[2026-07-10T18:52:25.756+0000] {processor.py:914} INFO - Processing file /opt/airflow/dags/weather_scrape_dag.py for tasks to queue
[2026-07-10T18:52:25.760+0000] {logging_mixin.py:190} INFO - [2026-07-10T18:52:25.760+0000] {dagbag.py:588} INFO - Filling up the DagBag from /opt/airflow/dags/weather_scrape_dag.py
[2026-07-10T18:52:25.783+0000] {processor.py:925} INFO - DAG(s) 'weather_scrape_and_load' retrieved from /opt/airflow/dags/weather_scrape_dag.py
[2026-07-10T18:52:25.832+0000] {logging_mixin.py:190} INFO - [2026-07-10T18:52:25.832+0000] {dag.py:3239} INFO - Sync 1 DAGs
[2026-07-10T18:52:25.878+0000] {logging_mixin.py:190} INFO - [2026-07-10T18:52:25.878+0000] {dag.py:4180} INFO - Setting next_dagrun for weather_scrape_and_load to 2026-07-10 18:00:00+00:00, run_after=2026-07-10 19:00:00+00:00
[2026-07-10T18:52:25.922+0000] {processor.py:208} INFO - Processing /opt/airflow/dags/weather_scrape_dag.py took 0.179 seconds
[2026-07-10T18:52:55.987+0000] {processor.py:186} INFO - Started process (PID=924) to work on /opt/airflow/dags/weather_scrape_dag.py
[2026-07-10T18:52:55.988+0000] {processor.py:914} INFO - Processing file /opt/airflow/dags/weather_scrape_dag.py for tasks to queue
[2026-07-10T18:52:55.993+0000] {logging_mixin.py:190} INFO - [2026-07-10T18:52:55.992+0000] {dagbag.py:588} INFO - Filling up the DagBag from /opt/airflow/dags/weather_scrape_dag.py
[2026-07-10T18:52:56.013+0000] {processor.py:925} INFO - DAG(s) 'weather_scrape_and_load' retrieved from /opt/airflow/dags/weather_scrape_dag.py
[2026-07-10T18:52:56.063+0000] {logging_mixin.py:190} INFO - [2026-07-10T18:52:56.063+0000] {dag.py:3239} INFO - Sync 1 DAGs
[2026-07-10T18:52:56.111+0000] {logging_mixin.py:190} INFO - [2026-07-10T18:52:56.110+0000] {dag.py:4180} INFO - Setting next_dagrun for weather_scrape_and_load to 2026-07-10 18:00:00+00:00, run_after=2026-07-10 19:00:00+00:00
[2026-07-10T18:52:56.151+0000] {processor.py:208} INFO - Processing /opt/airflow/dags/weather_scrape_dag.py took 0.175 seconds
[2026-07-10T18:53:26.346+0000] {processor.py:186} INFO - Started process (PID=929) to work on /opt/airflow/dags/weather_scrape_dag.py
[2026-07-10T18:53:26.354+0000] {processor.py:914} INFO - Processing file /opt/airflow/dags/weather_scrape_dag.py for tasks to queue
[2026-07-10T18:53:26.359+0000] {logging_mixin.py:190} INFO - [2026-07-10T18:53:26.358+0000] {dagbag.py:588} INFO - Filling up the DagBag from /opt/airflow/dags/weather_scrape_dag.py
[2026-07-10T18:53:26.379+0000] {processor.py:925} INFO - DAG(s) 'weather_scrape_and_load' retrieved from /opt/airflow/dags/weather_scrape_dag.py
[2026-07-10T18:53:26.428+0000] {logging_mixin.py:190} INFO - [2026-07-10T18:53:26.428+0000] {dag.py:3239} INFO - Sync 1 DAGs
[2026-07-10T18:53:26.475+0000] {logging_mixin.py:190} INFO - [2026-07-10T18:53:26.475+0000] {dag.py:4180} INFO - Setting next_dagrun for weather_scrape_and_load to 2026-07-10 18:00:00+00:00, run_after=2026-07-10 19:00:00+00:00
[2026-07-10T18:53:26.515+0000] {processor.py:208} INFO - Processing /opt/airflow/dags/weather_scrape_dag.py took 0.181 seconds
[2026-07-10T18:53:56.590+0000] {processor.py:186} INFO - Started process (PID=934) to work on /opt/airflow/dags/weather_scrape_dag.py
[2026-07-10T18:53:56.599+0000] {processor.py:914} INFO - Processing file /opt/airflow/dags/weather_scrape_dag.py for tasks to queue
[2026-07-10T18:53:56.605+0000] {logging_mixin.py:190} INFO - [2026-07-10T18:53:56.604+0000] {dagbag.py:588} INFO - Filling up the DagBag from /opt/airflow/dags/weather_scrape_dag.py
[2026-07-10T18:53:56.630+0000] {processor.py:925} INFO - DAG(s) 'weather_scrape_and_load' retrieved from /opt/airflow/dags/weather_scrape_dag.py
[2026-07-10T18:53:56.689+0000] {logging_mixin.py:190} INFO - [2026-07-10T18:53:56.689+0000] {dag.py:3239} INFO - Sync 1 DAGs
[2026-07-10T18:53:56.768+0000] {logging_mixin.py:190} INFO - [2026-07-10T18:53:56.767+0000] {dag.py:4180} INFO - Setting next_dagrun for weather_scrape_and_load to 2026-07-10 18:00:00+00:00, run_after=2026-07-10 19:00:00+00:00
[2026-07-10T18:53:56.818+0000] {processor.py:208} INFO - Processing /opt/airflow/dags/weather_scrape_dag.py took 0.240 seconds
[2026-07-10T18:54:26.985+0000] {processor.py:186} INFO - Started process (PID=939) to work on /opt/airflow/dags/weather_scrape_dag.py
[2026-07-10T18:54:26.987+0000] {processor.py:914} INFO - Processing file /opt/airflow/dags/weather_scrape_dag.py for tasks to queue
[2026-07-10T18:54:26.990+0000] {logging_mixin.py:190} INFO - [2026-07-10T18:54:26.990+0000] {dagbag.py:588} INFO - Filling up the DagBag from /opt/airflow/dags/weather_scrape_dag.py
[2026-07-10T18:54:27.014+0000] {processor.py:925} INFO - DAG(s) 'weather_scrape_and_load' retrieved from /opt/airflow/dags/weather_scrape_dag.py
[2026-07-10T18:54:27.070+0000] {logging_mixin.py:190} INFO - [2026-07-10T18:54:27.069+0000] {dag.py:3239} INFO - Sync 1 DAGs
[2026-07-10T18:54:27.126+0000] {logging_mixin.py:190} INFO - [2026-07-10T18:54:27.125+0000] {dag.py:4180} INFO - Setting next_dagrun for weather_scrape_and_load to 2026-07-10 18:00:00+00:00, run_after=2026-07-10 19:00:00+00:00
[2026-07-10T18:54:27.178+0000] {processor.py:208} INFO - Processing /opt/airflow/dags/weather_scrape_dag.py took 0.206 seconds
[2026-07-10T18:54:57.246+0000] {processor.py:186} INFO - Started process (PID=944) to work on /opt/airflow/dags/weather_scrape_dag.py
[2026-07-10T18:54:57.248+0000] {processor.py:914} INFO - Processing file /opt/airflow/dags/weather_scrape_dag.py for tasks to queue
[2026-07-10T18:54:57.251+0000] {logging_mixin.py:190} INFO - [2026-07-10T18:54:57.251+0000] {dagbag.py:588} INFO - Filling up the DagBag from /opt/airflow/dags/weather_scrape_dag.py
[2026-07-10T18:54:57.273+0000] {processor.py:925} INFO - DAG(s) 'weather_scrape_and_load' retrieved from /opt/airflow/dags/weather_scrape_dag.py
[2026-07-10T18:54:57.322+0000] {logging_mixin.py:190} INFO - [2026-07-10T18:54:57.322+0000] {dag.py:3239} INFO - Sync 1 DAGs
[2026-07-10T18:54:57.370+0000] {logging_mixin.py:190} INFO - [2026-07-10T18:54:57.369+0000] {dag.py:4180} INFO - Setting next_dagrun for weather_scrape_and_load to 2026-07-10 18:00:00+00:00, run_after=2026-07-10 19:00:00+00:00
[2026-07-10T18:54:57.410+0000] {processor.py:208} INFO - Processing /opt/airflow/dags/weather_scrape_dag.py took 0.175 seconds
[2026-07-10T18:55:27.627+0000] {processor.py:186} INFO - Started process (PID=949) to work on /opt/airflow/dags/weather_scrape_dag.py
[2026-07-10T18:55:27.629+0000] {processor.py:914} INFO - Processing file /opt/airflow/dags/weather_scrape_dag.py for tasks to queue
[2026-07-10T18:55:27.632+0000] {logging_mixin.py:190} INFO - [2026-07-10T18:55:27.632+0000] {dagbag.py:588} INFO - Filling up the DagBag from /opt/airflow/dags/weather_scrape_dag.py
[2026-07-10T18:55:27.654+0000] {processor.py:925} INFO - DAG(s) 'weather_scrape_and_load' retrieved from /opt/airflow/dags/weather_scrape_dag.py
[2026-07-10T18:55:27.707+0000] {logging_mixin.py:190} INFO - [2026-07-10T18:55:27.707+0000] {dag.py:3239} INFO - Sync 1 DAGs
[2026-07-10T18:55:27.757+0000] {logging_mixin.py:190} INFO - [2026-07-10T18:55:27.756+0000] {dag.py:4180} INFO - Setting next_dagrun for weather_scrape_and_load to 2026-07-10 18:00:00+00:00, run_after=2026-07-10 19:00:00+00:00
[2026-07-10T18:55:27.809+0000] {processor.py:208} INFO - Processing /opt/airflow/dags/weather_scrape_dag.py took 0.192 seconds
[2026-07-10T18:55:58.044+0000] {processor.py:186} INFO - Started process (PID=954) to work on /opt/airflow/dags/weather_scrape_dag.py
[2026-07-10T18:55:58.054+0000] {processor.py:914} INFO - Processing file /opt/airflow/dags/weather_scrape_dag.py for tasks to queue
[2026-07-10T18:55:58.060+0000] {logging_mixin.py:190} INFO - [2026-07-10T18:55:58.059+0000] {dagbag.py:588} INFO - Filling up the DagBag from /opt/airflow/dags/weather_scrape_dag.py
[2026-07-10T18:55:58.094+0000] {processor.py:925} INFO - DAG(s) 'weather_scrape_and_load' retrieved from /opt/airflow/dags/weather_scrape_dag.py
[2026-07-10T18:55:58.149+0000] {logging_mixin.py:190} INFO - [2026-07-10T18:55:58.148+0000] {dag.py:3239} INFO - Sync 1 DAGs
[2026-07-10T18:55:58.203+0000] {logging_mixin.py:190} INFO - [2026-07-10T18:55:58.202+0000] {dag.py:4180} INFO - Setting next_dagrun for weather_scrape_and_load to 2026-07-10 18:00:00+00:00, run_after=2026-07-10 19:00:00+00:00
[2026-07-10T18:55:58.237+0000] {processor.py:208} INFO - Processing /opt/airflow/dags/weather_scrape_dag.py took 0.211 seconds
[2026-07-10T18:56:28.482+0000] {processor.py:186} INFO - Started process (PID=959) to work on /opt/airflow/dags/weather_scrape_dag.py
[2026-07-10T18:56:28.491+0000] {processor.py:914} INFO - Processing file /opt/airflow/dags/weather_scrape_dag.py for tasks to queue
[2026-07-10T18:56:28.495+0000] {logging_mixin.py:190} INFO - [2026-07-10T18:56:28.494+0000] {dagbag.py:588} INFO - Filling up the DagBag from /opt/airflow/dags/weather_scrape_dag.py
[2026-07-10T18:56:28.516+0000] {processor.py:925} INFO - DAG(s) 'weather_scrape_and_load' retrieved from /opt/airflow/dags/weather_scrape_dag.py
[2026-07-10T18:56:28.565+0000] {logging_mixin.py:190} INFO - [2026-07-10T18:56:28.565+0000] {dag.py:3239} INFO - Sync 1 DAGs
[2026-07-10T18:56:28.613+0000] {logging_mixin.py:190} INFO - [2026-07-10T18:56:28.612+0000] {dag.py:4180} INFO - Setting next_dagrun for weather_scrape_and_load to 2026-07-10 18:00:00+00:00, run_after=2026-07-10 19:00:00+00:00
[2026-07-10T18:56:28.655+0000] {processor.py:208} INFO - Processing /opt/airflow/dags/weather_scrape_dag.py took 0.183 seconds
[2026-07-10T18:56:58.894+0000] {processor.py:186} INFO - Started process (PID=964) to work on /opt/airflow/dags/weather_scrape_dag.py
[2026-07-10T18:56:58.895+0000] {processor.py:914} INFO - Processing file /opt/airflow/dags/weather_scrape_dag.py for tasks to queue
[2026-07-10T18:56:58.900+0000] {logging_mixin.py:190} INFO - [2026-07-10T18:56:58.899+0000] {dagbag.py:588} INFO - Filling up the DagBag from /opt/airflow/dags/weather_scrape_dag.py
[2026-07-10T18:56:58.922+0000] {processor.py:925} INFO - DAG(s) 'weather_scrape_and_load' retrieved from /opt/airflow/dags/weather_scrape_dag.py
[2026-07-10T18:56:58.974+0000] {logging_mixin.py:190} INFO - [2026-07-10T18:56:58.973+0000] {dag.py:3239} INFO - Sync 1 DAGs
[2026-07-10T18:56:59.023+0000] {logging_mixin.py:190} INFO - [2026-07-10T18:56:59.023+0000] {dag.py:4180} INFO - Setting next_dagrun for weather_scrape_and_load to 2026-07-10 18:00:00+00:00, run_after=2026-07-10 19:00:00+00:00
[2026-07-10T18:56:59.066+0000] {processor.py:208} INFO - Processing /opt/airflow/dags/weather_scrape_dag.py took 0.182 seconds
[2026-07-10T18:57:29.295+0000] {processor.py:186} INFO - Started process (PID=969) to work on /opt/airflow/dags/weather_scrape_dag.py
[2026-07-10T18:57:29.296+0000] {processor.py:914} INFO - Processing file /opt/airflow/dags/weather_scrape_dag.py for tasks to queue
[2026-07-10T18:57:29.300+0000] {logging_mixin.py:190} INFO - [2026-07-10T18:57:29.300+0000] {dagbag.py:588} INFO - Filling up the DagBag from /opt/airflow/dags/weather_scrape_dag.py
[2026-07-10T18:57:29.321+0000] {processor.py:925} INFO - DAG(s) 'weather_scrape_and_load' retrieved from /opt/airflow/dags/weather_scrape_dag.py
[2026-07-10T18:57:29.371+0000] {logging_mixin.py:190} INFO - [2026-07-10T18:57:29.371+0000] {dag.py:3239} INFO - Sync 1 DAGs
[2026-07-10T18:57:29.418+0000] {logging_mixin.py:190} INFO - [2026-07-10T18:57:29.418+0000] {dag.py:4180} INFO - Setting next_dagrun for weather_scrape_and_load to 2026-07-10 18:00:00+00:00, run_after=2026-07-10 19:00:00+00:00
[2026-07-10T18:57:29.460+0000] {processor.py:208} INFO - Processing /opt/airflow/dags/weather_scrape_dag.py took 0.176 seconds
[2026-07-10T18:57:59.699+0000] {processor.py:186} INFO - Started process (PID=974) to work on /opt/airflow/dags/weather_scrape_dag.py
[2026-07-10T18:57:59.708+0000] {processor.py:914} INFO - Processing file /opt/airflow/dags/weather_scrape_dag.py for tasks to queue
[2026-07-10T18:57:59.713+0000] {logging_mixin.py:190} INFO - [2026-07-10T18:57:59.712+0000] {dagbag.py:588} INFO - Filling up the DagBag from /opt/airflow/dags/weather_scrape_dag.py
[2026-07-10T18:57:59.736+0000] {processor.py:925} INFO - DAG(s) 'weather_scrape_and_load' retrieved from /opt/airflow/dags/weather_scrape_dag.py
[2026-07-10T18:57:59.792+0000] {logging_mixin.py:190} INFO - [2026-07-10T18:57:59.791+0000] {dag.py:3239} INFO - Sync 1 DAGs
[2026-07-10T18:57:59.843+0000] {logging_mixin.py:190} INFO - [2026-07-10T18:57:59.842+0000] {dag.py:4180} INFO - Setting next_dagrun for weather_scrape_and_load to 2026-07-10 18:00:00+00:00, run_after=2026-07-10 19:00:00+00:00
[2026-07-10T18:57:59.878+0000] {processor.py:208} INFO - Processing /opt/airflow/dags/weather_scrape_dag.py took 0.191 seconds
[2026-07-10T18:58:30.115+0000] {processor.py:186} INFO - Started process (PID=979) to work on /opt/airflow/dags/weather_scrape_dag.py
[2026-07-10T18:58:30.116+0000] {processor.py:914} INFO - Processing file /opt/airflow/dags/weather_scrape_dag.py for tasks to queue
[2026-07-10T18:58:30.120+0000] {logging_mixin.py:190} INFO - [2026-07-10T18:58:30.119+0000] {dagbag.py:588} INFO - Filling up the DagBag from /opt/airflow/dags/weather_scrape_dag.py
[2026-07-10T18:58:30.141+0000] {processor.py:925} INFO - DAG(s) 'weather_scrape_and_load' retrieved from /opt/airflow/dags/weather_scrape_dag.py
[2026-07-10T18:58:30.190+0000] {logging_mixin.py:190} INFO - [2026-07-10T18:58:30.189+0000] {dag.py:3239} INFO - Sync 1 DAGs
[2026-07-10T18:58:30.238+0000] {logging_mixin.py:190} INFO - [2026-07-10T18:58:30.237+0000] {dag.py:4180} INFO - Setting next_dagrun for weather_scrape_and_load to 2026-07-10 18:00:00+00:00, run_after=2026-07-10 19:00:00+00:00
[2026-07-10T18:58:30.278+0000] {processor.py:208} INFO - Processing /opt/airflow/dags/weather_scrape_dag.py took 0.175 seconds
[2026-07-10T18:59:00.530+0000] {processor.py:186} INFO - Started process (PID=984) to work on /opt/airflow/dags/weather_scrape_dag.py
[2026-07-10T18:59:00.539+0000] {processor.py:914} INFO - Processing file /opt/airflow/dags/weather_scrape_dag.py for tasks to queue
[2026-07-10T18:59:00.542+0000] {logging_mixin.py:190} INFO - [2026-07-10T18:59:00.542+0000] {dagbag.py:588} INFO - Filling up the DagBag from /opt/airflow/dags/weather_scrape_dag.py
[2026-07-10T18:59:00.565+0000] {processor.py:925} INFO - DAG(s) 'weather_scrape_and_load' retrieved from /opt/airflow/dags/weather_scrape_dag.py
[2026-07-10T18:59:00.618+0000] {logging_mixin.py:190} INFO - [2026-07-10T18:59:00.617+0000] {dag.py:3239} INFO - Sync 1 DAGs
[2026-07-10T18:59:00.665+0000] {logging_mixin.py:190} INFO - [2026-07-10T18:59:00.665+0000] {dag.py:4180} INFO - Setting next_dagrun for weather_scrape_and_load to 2026-07-10 18:00:00+00:00, run_after=2026-07-10 19:00:00+00:00
[2026-07-10T18:59:00.698+0000] {processor.py:208} INFO - Processing /opt/airflow/dags/weather_scrape_dag.py took 0.181 seconds
[2026-07-10T18:59:30.753+0000] {processor.py:186} INFO - Started process (PID=989) to work on /opt/airflow/dags/weather_scrape_dag.py
[2026-07-10T18:59:30.754+0000] {processor.py:914} INFO - Processing file /opt/airflow/dags/weather_scrape_dag.py for tasks to queue
[2026-07-10T18:59:30.757+0000] {logging_mixin.py:190} INFO - [2026-07-10T18:59:30.757+0000] {dagbag.py:588} INFO - Filling up the DagBag from /opt/airflow/dags/weather_scrape_dag.py
[2026-07-10T18:59:30.779+0000] {processor.py:925} INFO - DAG(s) 'weather_scrape_and_load' retrieved from /opt/airflow/dags/weather_scrape_dag.py
[2026-07-10T18:59:30.829+0000] {logging_mixin.py:190} INFO - [2026-07-10T18:59:30.828+0000] {dag.py:3239} INFO - Sync 1 DAGs
[2026-07-10T18:59:30.874+0000] {logging_mixin.py:190} INFO - [2026-07-10T18:59:30.874+0000] {dag.py:4180} INFO - Setting next_dagrun for weather_scrape_and_load to 2026-07-10 18:00:00+00:00, run_after=2026-07-10 19:00:00+00:00
[2026-07-10T18:59:30.914+0000] {processor.py:208} INFO - Processing /opt/airflow/dags/weather_scrape_dag.py took 0.172 seconds
[2026-07-10T19:00:01.142+0000] {processor.py:186} INFO - Started process (PID=998) to work on /opt/airflow/dags/weather_scrape_dag.py
[2026-07-10T19:00:01.144+0000] {processor.py:914} INFO - Processing file /opt/airflow/dags/weather_scrape_dag.py for tasks to queue
[2026-07-10T19:00:01.147+0000] {logging_mixin.py:190} INFO - [2026-07-10T19:00:01.147+0000] {dagbag.py:588} INFO - Filling up the DagBag from /opt/airflow/dags/weather_scrape_dag.py
[2026-07-10T19:00:01.169+0000] {processor.py:925} INFO - DAG(s) 'weather_scrape_and_load' retrieved from /opt/airflow/dags/weather_scrape_dag.py
[2026-07-10T19:00:01.217+0000] {logging_mixin.py:190} INFO - [2026-07-10T19:00:01.216+0000] {dag.py:3239} INFO - Sync 1 DAGs
[2026-07-10T19:00:01.273+0000] {logging_mixin.py:190} INFO - [2026-07-10T19:00:01.273+0000] {dag.py:4180} INFO - Setting next_dagrun for weather_scrape_and_load to 2026-07-10 19:00:00+00:00, run_after=2026-07-10 20:00:00+00:00
[2026-07-10T19:00:01.308+0000] {processor.py:208} INFO - Processing /opt/airflow/dags/weather_scrape_dag.py took 0.177 seconds
[2026-07-10T19:00:31.361+0000] {processor.py:186} INFO - Started process (PID=1015) to work on /opt/airflow/dags/weather_scrape_dag.py
[2026-07-10T19:00:31.362+0000] {processor.py:914} INFO - Processing file /opt/airflow/dags/weather_scrape_dag.py for tasks to queue
[2026-07-10T19:00:31.365+0000] {logging_mixin.py:190} INFO - [2026-07-10T19:00:31.365+0000] {dagbag.py:588} INFO - Filling up the DagBag from /opt/airflow/dags/weather_scrape_dag.py
[2026-07-10T19:00:31.387+0000] {processor.py:925} INFO - DAG(s) 'weather_scrape_and_load' retrieved from /opt/airflow/dags/weather_scrape_dag.py
[2026-07-10T19:00:31.436+0000] {logging_mixin.py:190} INFO - [2026-07-10T19:00:31.436+0000] {dag.py:3239} INFO - Sync 1 DAGs
[2026-07-10T19:00:31.482+0000] {logging_mixin.py:190} INFO - [2026-07-10T19:00:31.482+0000] {dag.py:4180} INFO - Setting next_dagrun for weather_scrape_and_load to 2026-07-10 19:00:00+00:00, run_after=2026-07-10 20:00:00+00:00
[2026-07-10T19:00:31.526+0000] {processor.py:208} INFO - Processing /opt/airflow/dags/weather_scrape_dag.py took 0.177 seconds
[2026-07-10T19:01:01.752+0000] {processor.py:186} INFO - Started process (PID=1020) to work on /opt/airflow/dags/weather_scrape_dag.py
[2026-07-10T19:01:01.761+0000] {processor.py:914} INFO - Processing file /opt/airflow/dags/weather_scrape_dag.py for tasks to queue
[2026-07-10T19:01:01.765+0000] {logging_mixin.py:190} INFO - [2026-07-10T19:01:01.765+0000] {dagbag.py:588} INFO - Filling up the DagBag from /opt/airflow/dags/weather_scrape_dag.py
[2026-07-10T19:01:01.788+0000] {processor.py:925} INFO - DAG(s) 'weather_scrape_and_load' retrieved from /opt/airflow/dags/weather_scrape_dag.py
[2026-07-10T19:01:01.839+0000] {logging_mixin.py:190} INFO - [2026-07-10T19:01:01.838+0000] {dag.py:3239} INFO - Sync 1 DAGs
[2026-07-10T19:01:01.898+0000] {logging_mixin.py:190} INFO - [2026-07-10T19:01:01.898+0000] {dag.py:4180} INFO - Setting next_dagrun for weather_scrape_and_load to 2026-07-10 19:00:00+00:00, run_after=2026-07-10 20:00:00+00:00
[2026-07-10T19:01:01.944+0000] {processor.py:208} INFO - Processing /opt/airflow/dags/weather_scrape_dag.py took 0.203 seconds
[2026-07-10T19:01:32.189+0000] {processor.py:186} INFO - Started process (PID=1025) to work on /opt/airflow/dags/weather_scrape_dag.py
[2026-07-10T19:01:32.191+0000] {processor.py:914} INFO - Processing file /opt/airflow/dags/weather_scrape_dag.py for tasks to queue
[2026-07-10T19:01:32.195+0000] {logging_mixin.py:190} INFO - [2026-07-10T19:01:32.194+0000] {dagbag.py:588} INFO - Filling up the DagBag from /opt/airflow/dags/weather_scrape_dag.py
[2026-07-10T19:01:32.216+0000] {processor.py:925} INFO - DAG(s) 'weather_scrape_and_load' retrieved from /opt/airflow/dags/weather_scrape_dag.py
[2026-07-10T19:01:32.266+0000] {logging_mixin.py:190} INFO - [2026-07-10T19:01:32.265+0000] {dag.py:3239} INFO - Sync 1 DAGs
[2026-07-10T19:01:32.313+0000] {logging_mixin.py:190} INFO - [2026-07-10T19:01:32.313+0000] {dag.py:4180} INFO - Setting next_dagrun for weather_scrape_and_load to 2026-07-10 19:00:00+00:00, run_after=2026-07-10 20:00:00+00:00
[2026-07-10T19:01:32.345+0000] {processor.py:208} INFO - Processing /opt/airflow/dags/weather_scrape_dag.py took 0.167 seconds
[2026-07-10T19:02:02.405+0000] {processor.py:186} INFO - Started process (PID=1030) to work on /opt/airflow/dags/weather_scrape_dag.py
[2026-07-10T19:02:02.417+0000] {processor.py:914} INFO - Processing file /opt/airflow/dags/weather_scrape_dag.py for tasks to queue
[2026-07-10T19:02:02.421+0000] {logging_mixin.py:190} INFO - [2026-07-10T19:02:02.420+0000] {dagbag.py:588} INFO - Filling up the DagBag from /opt/airflow/dags/weather_scrape_dag.py
[2026-07-10T19:02:02.442+0000] {processor.py:925} INFO - DAG(s) 'weather_scrape_and_load' retrieved from /opt/airflow/dags/weather_scrape_dag.py
[2026-07-10T19:02:02.495+0000] {logging_mixin.py:190} INFO - [2026-07-10T19:02:02.494+0000] {dag.py:3239} INFO - Sync 1 DAGs
[2026-07-10T19:02:02.546+0000] {logging_mixin.py:190} INFO - [2026-07-10T19:02:02.545+0000] {dag.py:4180} INFO - Setting next_dagrun for weather_scrape_and_load to 2026-07-10 19:00:00+00:00, run_after=2026-07-10 20:00:00+00:00
[2026-07-10T19:02:02.586+0000] {processor.py:208} INFO - Processing /opt/airflow/dags/weather_scrape_dag.py took 0.192 seconds
[2026-07-10T19:02:32.800+0000] {processor.py:186} INFO - Started process (PID=1035) to work on /opt/airflow/dags/weather_scrape_dag.py
[2026-07-10T19:02:32.802+0000] {processor.py:914} INFO - Processing file /opt/airflow/dags/weather_scrape_dag.py for tasks to queue
[2026-07-10T19:02:32.807+0000] {logging_mixin.py:190} INFO - [2026-07-10T19:02:32.806+0000] {dagbag.py:588} INFO - Filling up the DagBag from /opt/airflow/dags/weather_scrape_dag.py
[2026-07-10T19:02:32.839+0000] {processor.py:925} INFO - DAG(s) 'weather_scrape_and_load' retrieved from /opt/airflow/dags/weather_scrape_dag.py
[2026-07-10T19:02:32.900+0000] {logging_mixin.py:190} INFO - [2026-07-10T19:02:32.899+0000] {dag.py:3239} INFO - Sync 1 DAGs
[2026-07-10T19:02:32.957+0000] {logging_mixin.py:190} INFO - [2026-07-10T19:02:32.957+0000] {dag.py:4180} INFO - Setting next_dagrun for weather_scrape_and_load to 2026-07-10 19:00:00+00:00, run_after=2026-07-10 20:00:00+00:00
[2026-07-10T19:02:33.002+0000] {processor.py:208} INFO - Processing /opt/airflow/dags/weather_scrape_dag.py took 0.220 seconds
[2026-07-10T19:03:03.238+0000] {processor.py:186} INFO - Started process (PID=1040) to work on /opt/airflow/dags/weather_scrape_dag.py
[2026-07-10T19:03:03.247+0000] {processor.py:914} INFO - Processing file /opt/airflow/dags/weather_scrape_dag.py for tasks to queue
[2026-07-10T19:03:03.251+0000] {logging_mixin.py:190} INFO - [2026-07-10T19:03:03.250+0000] {dagbag.py:588} INFO - Filling up the DagBag from /opt/airflow/dags/weather_scrape_dag.py
[2026-07-10T19:03:03.272+0000] {processor.py:925} INFO - DAG(s) 'weather_scrape_and_load' retrieved from /opt/airflow/dags/weather_scrape_dag.py
[2026-07-10T19:03:03.323+0000] {logging_mixin.py:190} INFO - [2026-07-10T19:03:03.323+0000] {dag.py:3239} INFO - Sync 1 DAGs
[2026-07-10T19:03:03.374+0000] {logging_mixin.py:190} INFO - [2026-07-10T19:03:03.373+0000] {dag.py:4180} INFO - Setting next_dagrun for weather_scrape_and_load to 2026-07-10 19:00:00+00:00, run_after=2026-07-10 20:00:00+00:00
[2026-07-10T19:03:03.408+0000] {processor.py:208} INFO - Processing /opt/airflow/dags/weather_scrape_dag.py took 0.183 seconds
[2026-07-10T19:03:33.654+0000] {processor.py:186} INFO - Started process (PID=1045) to work on /opt/airflow/dags/weather_scrape_dag.py
[2026-07-10T19:03:33.656+0000] {processor.py:914} INFO - Processing file /opt/airflow/dags/weather_scrape_dag.py for tasks to queue
[2026-07-10T19:03:33.661+0000] {logging_mixin.py:190} INFO - [2026-07-10T19:03:33.660+0000] {dagbag.py:588} INFO - Filling up the DagBag from /opt/airflow/dags/weather_scrape_dag.py
[2026-07-10T19:03:33.684+0000] {processor.py:925} INFO - DAG(s) 'weather_scrape_and_load' retrieved from /opt/airflow/dags/weather_scrape_dag.py
[2026-07-10T19:03:33.735+0000] {logging_mixin.py:190} INFO - [2026-07-10T19:03:33.734+0000] {dag.py:3239} INFO - Sync 1 DAGs
[2026-07-10T19:03:33.786+0000] {logging_mixin.py:190} INFO - [2026-07-10T19:03:33.785+0000] {dag.py:4180} INFO - Setting next_dagrun for weather_scrape_and_load to 2026-07-10 19:00:00+00:00, run_after=2026-07-10 20:00:00+00:00
[2026-07-10T19:03:33.829+0000] {processor.py:208} INFO - Processing /opt/airflow/dags/weather_scrape_dag.py took 0.193 seconds
[2026-07-10T19:04:04.071+0000] {processor.py:186} INFO - Started process (PID=1050) to work on /opt/airflow/dags/weather_scrape_dag.py
[2026-07-10T19:04:04.080+0000] {processor.py:914} INFO - Processing file /opt/airflow/dags/weather_scrape_dag.py for tasks to queue
[2026-07-10T19:04:04.084+0000] {logging_mixin.py:190} INFO - [2026-07-10T19:04:04.083+0000] {dagbag.py:588} INFO - Filling up the DagBag from /opt/airflow/dags/weather_scrape_dag.py
[2026-07-10T19:04:04.105+0000] {processor.py:925} INFO - DAG(s) 'weather_scrape_and_load' retrieved from /opt/airflow/dags/weather_scrape_dag.py
[2026-07-10T19:04:04.155+0000] {logging_mixin.py:190} INFO - [2026-07-10T19:04:04.154+0000] {dag.py:3239} INFO - Sync 1 DAGs
[2026-07-10T19:04:04.206+0000] {logging_mixin.py:190} INFO - [2026-07-10T19:04:04.205+0000] {dag.py:4180} INFO - Setting next_dagrun for weather_scrape_and_load to 2026-07-10 19:00:00+00:00, run_after=2026-07-10 20:00:00+00:00
[2026-07-10T19:04:04.249+0000] {processor.py:208} INFO - Processing /opt/airflow/dags/weather_scrape_dag.py took 0.189 seconds
[2026-07-10T19:04:34.297+0000] {processor.py:186} INFO - Started process (PID=1055) to work on /opt/airflow/dags/weather_scrape_dag.py
[2026-07-10T19:04:34.298+0000] {processor.py:914} INFO - Processing file /opt/airflow/dags/weather_scrape_dag.py for tasks to queue
[2026-07-10T19:04:34.301+0000] {logging_mixin.py:190} INFO - [2026-07-10T19:04:34.301+0000] {dagbag.py:588} INFO - Filling up the DagBag from /opt/airflow/dags/weather_scrape_dag.py
[2026-07-10T19:04:34.323+0000] {processor.py:925} INFO - DAG(s) 'weather_scrape_and_load' retrieved from /opt/airflow/dags/weather_scrape_dag.py
[2026-07-10T19:04:34.384+0000] {logging_mixin.py:190} INFO - [2026-07-10T19:04:34.384+0000] {dag.py:3239} INFO - Sync 1 DAGs
[2026-07-10T19:04:34.438+0000] {logging_mixin.py:190} INFO - [2026-07-10T19:04:34.438+0000] {dag.py:4180} INFO - Setting next_dagrun for weather_scrape_and_load to 2026-07-10 19:00:00+00:00, run_after=2026-07-10 20:00:00+00:00
[2026-07-10T19:04:34.487+0000] {processor.py:208} INFO - Processing /opt/airflow/dags/weather_scrape_dag.py took 0.201 seconds
[2026-07-10T19:05:04.707+0000] {processor.py:186} INFO - Started process (PID=1060) to work on /opt/airflow/dags/weather_scrape_dag.py
[2026-07-10T19:05:04.717+0000] {processor.py:914} INFO - Processing file /opt/airflow/dags/weather_scrape_dag.py for tasks to queue
[2026-07-10T19:05:04.723+0000] {logging_mixin.py:190} INFO - [2026-07-10T19:05:04.722+0000] {dagbag.py:588} INFO - Filling up the DagBag from /opt/airflow/dags/weather_scrape_dag.py
[2026-07-10T19:05:04.754+0000] {processor.py:925} INFO - DAG(s) 'weather_scrape_and_load' retrieved from /opt/airflow/dags/weather_scrape_dag.py
[2026-07-10T19:05:04.829+0000] {logging_mixin.py:190} INFO - [2026-07-10T19:05:04.829+0000] {dag.py:3239} INFO - Sync 1 DAGs
[2026-07-10T19:05:04.885+0000] {logging_mixin.py:190} INFO - [2026-07-10T19:05:04.885+0000] {dag.py:4180} INFO - Setting next_dagrun for weather_scrape_and_load to 2026-07-10 19:00:00+00:00, run_after=2026-07-10 20:00:00+00:00
[2026-07-10T19:05:04.931+0000] {processor.py:208} INFO - Processing /opt/airflow/dags/weather_scrape_dag.py took 0.242 seconds
[2026-07-10T19:05:35.172+0000] {processor.py:186} INFO - Started process (PID=1065) to work on /opt/airflow/dags/weather_scrape_dag.py
[2026-07-10T19:05:35.174+0000] {processor.py:914} INFO - Processing file /opt/airflow/dags/weather_scrape_dag.py for tasks to queue
[2026-07-10T19:05:35.179+0000] {logging_mixin.py:190} INFO - [2026-07-10T19:05:35.178+0000] {dagbag.py:588} INFO - Filling up the DagBag from /opt/airflow/dags/weather_scrape_dag.py
[2026-07-10T19:05:35.203+0000] {processor.py:925} INFO - DAG(s) 'weather_scrape_and_load' retrieved from /opt/airflow/dags/weather_scrape_dag.py
[2026-07-10T19:05:35.267+0000] {logging_mixin.py:190} INFO - [2026-07-10T19:05:35.267+0000] {dag.py:3239} INFO - Sync 1 DAGs
[2026-07-10T19:05:35.320+0000] {logging_mixin.py:190} INFO - [2026-07-10T19:05:35.320+0000] {dag.py:4180} INFO - Setting next_dagrun for weather_scrape_and_load to 2026-07-10 19:00:00+00:00, run_after=2026-07-10 20:00:00+00:00
[2026-07-10T19:05:35.362+0000] {processor.py:208} INFO - Processing /opt/airflow/dags/weather_scrape_dag.py took 0.202 seconds
[2026-07-10T19:06:05.597+0000] {processor.py:186} INFO - Started process (PID=1070) to work on /opt/airflow/dags/weather_scrape_dag.py
[2026-07-10T19:06:05.606+0000] {processor.py:914} INFO - Processing file /opt/airflow/dags/weather_scrape_dag.py for tasks to queue
[2026-07-10T19:06:05.610+0000] {logging_mixin.py:190} INFO - [2026-07-10T19:06:05.610+0000] {dagbag.py:588} INFO - Filling up the DagBag from /opt/airflow/dags/weather_scrape_dag.py
[2026-07-10T19:06:05.631+0000] {processor.py:925} INFO - DAG(s) 'weather_scrape_and_load' retrieved from /opt/airflow/dags/weather_scrape_dag.py
[2026-07-10T19:06:05.689+0000] {logging_mixin.py:190} INFO - [2026-07-10T19:06:05.688+0000] {dag.py:3239} INFO - Sync 1 DAGs
[2026-07-10T19:06:05.735+0000] {logging_mixin.py:190} INFO - [2026-07-10T19:06:05.734+0000] {dag.py:4180} INFO - Setting next_dagrun for weather_scrape_and_load to 2026-07-10 19:00:00+00:00, run_after=2026-07-10 20:00:00+00:00
[2026-07-10T19:06:05.775+0000] {processor.py:208} INFO - Processing /opt/airflow/dags/weather_scrape_dag.py took 0.189 seconds
[2026-07-10T19:06:36.018+0000] {processor.py:186} INFO - Started process (PID=1075) to work on /opt/airflow/dags/weather_scrape_dag.py
[2026-07-10T19:06:36.020+0000] {processor.py:914} INFO - Processing file /opt/airflow/dags/weather_scrape_dag.py for tasks to queue
[2026-07-10T19:06:36.024+0000] {logging_mixin.py:190} INFO - [2026-07-10T19:06:36.023+0000] {dagbag.py:588} INFO - Filling up the DagBag from /opt/airflow/dags/weather_scrape_dag.py
[2026-07-10T19:06:36.049+0000] {processor.py:925} INFO - DAG(s) 'weather_scrape_and_load' retrieved from /opt/airflow/dags/weather_scrape_dag.py
[2026-07-10T19:06:36.115+0000] {logging_mixin.py:190} INFO - [2026-07-10T19:06:36.115+0000] {dag.py:3239} INFO - Sync 1 DAGs
[2026-07-10T19:06:36.170+0000] {logging_mixin.py:190} INFO - [2026-07-10T19:06:36.169+0000] {dag.py:4180} INFO - Setting next_dagrun for weather_scrape_and_load to 2026-07-10 19:00:00+00:00, run_after=2026-07-10 20:00:00+00:00
[2026-07-10T19:06:36.215+0000] {processor.py:208} INFO - Processing /opt/airflow/dags/weather_scrape_dag.py took 0.212 seconds
[2026-07-10T19:07:06.466+0000] {processor.py:186} INFO - Started process (PID=1080) to work on /opt/airflow/dags/weather_scrape_dag.py
[2026-07-10T19:07:06.475+0000] {processor.py:914} INFO - Processing file /opt/airflow/dags/weather_scrape_dag.py for tasks to queue
[2026-07-10T19:07:06.479+0000] {logging_mixin.py:190} INFO - [2026-07-10T19:07:06.478+0000] {dagbag.py:588} INFO - Filling up the DagBag from /opt/airflow/dags/weather_scrape_dag.py
[2026-07-10T19:07:06.505+0000] {processor.py:925} INFO - DAG(s) 'weather_scrape_and_load' retrieved from /opt/airflow/dags/weather_scrape_dag.py
[2026-07-10T19:07:06.569+0000] {logging_mixin.py:190} INFO - [2026-07-10T19:07:06.568+0000] {dag.py:3239} INFO - Sync 1 DAGs
[2026-07-10T19:07:06.621+0000] {logging_mixin.py:190} INFO - [2026-07-10T19:07:06.620+0000] {dag.py:4180} INFO - Setting next_dagrun for weather_scrape_and_load to 2026-07-10 19:00:00+00:00, run_after=2026-07-10 20:00:00+00:00
[2026-07-10T19:07:06.664+0000] {processor.py:208} INFO - Processing /opt/airflow/dags/weather_scrape_dag.py took 0.210 seconds
[2026-07-10T19:07:36.899+0000] {processor.py:186} INFO - Started process (PID=1085) to work on /opt/airflow/dags/weather_scrape_dag.py
[2026-07-10T19:07:36.901+0000] {processor.py:914} INFO - Processing file /opt/airflow/dags/weather_scrape_dag.py for tasks to queue
[2026-07-10T19:07:36.904+0000] {logging_mixin.py:190} INFO - [2026-07-10T19:07:36.904+0000] {dagbag.py:588} INFO - Filling up the DagBag from /opt/airflow/dags/weather_scrape_dag.py
[2026-07-10T19:07:36.926+0000] {processor.py:925} INFO - DAG(s) 'weather_scrape_and_load' retrieved from /opt/airflow/dags/weather_scrape_dag.py
[2026-07-10T19:07:36.991+0000] {logging_mixin.py:190} INFO - [2026-07-10T19:07:36.990+0000] {dag.py:3239} INFO - Sync 1 DAGs
[2026-07-10T19:07:37.041+0000] {logging_mixin.py:190} INFO - [2026-07-10T19:07:37.041+0000] {dag.py:4180} INFO - Setting next_dagrun for weather_scrape_and_load to 2026-07-10 19:00:00+00:00, run_after=2026-07-10 20:00:00+00:00
[2026-07-10T19:07:37.084+0000] {processor.py:208} INFO - Processing /opt/airflow/dags/weather_scrape_dag.py took 0.196 seconds
[2026-07-10T19:08:07.316+0000] {processor.py:186} INFO - Started process (PID=1090) to work on /opt/airflow/dags/weather_scrape_dag.py
[2026-07-10T19:08:07.326+0000] {processor.py:914} INFO - Processing file /opt/airflow/dags/weather_scrape_dag.py for tasks to queue
[2026-07-10T19:08:07.329+0000] {logging_mixin.py:190} INFO - [2026-07-10T19:08:07.329+0000] {dagbag.py:588} INFO - Filling up the DagBag from /opt/airflow/dags/weather_scrape_dag.py
[2026-07-10T19:08:07.352+0000] {processor.py:925} INFO - DAG(s) 'weather_scrape_and_load' retrieved from /opt/airflow/dags/weather_scrape_dag.py
[2026-07-10T19:08:07.415+0000] {logging_mixin.py:190} INFO - [2026-07-10T19:08:07.415+0000] {dag.py:3239} INFO - Sync 1 DAGs
[2026-07-10T19:08:07.467+0000] {logging_mixin.py:190} INFO - [2026-07-10T19:08:07.466+0000] {dag.py:4180} INFO - Setting next_dagrun for weather_scrape_and_load to 2026-07-10 19:00:00+00:00, run_after=2026-07-10 20:00:00+00:00
[2026-07-10T19:08:07.502+0000] {processor.py:208} INFO - Processing /opt/airflow/dags/weather_scrape_dag.py took 0.197 seconds
[2026-07-10T19:08:37.737+0000] {processor.py:186} INFO - Started process (PID=1095) to work on /opt/airflow/dags/weather_scrape_dag.py
[2026-07-10T19:08:37.738+0000] {processor.py:914} INFO - Processing file /opt/airflow/dags/weather_scrape_dag.py for tasks to queue
[2026-07-10T19:08:37.741+0000] {logging_mixin.py:190} INFO - [2026-07-10T19:08:37.741+0000] {dagbag.py:588} INFO - Filling up the DagBag from /opt/airflow/dags/weather_scrape_dag.py
[2026-07-10T19:08:37.763+0000] {processor.py:925} INFO - DAG(s) 'weather_scrape_and_load' retrieved from /opt/airflow/dags/weather_scrape_dag.py
[2026-07-10T19:08:37.835+0000] {logging_mixin.py:190} INFO - [2026-07-10T19:08:37.834+0000] {dag.py:3239} INFO - Sync 1 DAGs
[2026-07-10T19:08:37.881+0000] {logging_mixin.py:190} INFO - [2026-07-10T19:08:37.881+0000] {dag.py:4180} INFO - Setting next_dagrun for weather_scrape_and_load to 2026-07-10 19:00:00+00:00, run_after=2026-07-10 20:00:00+00:00
[2026-07-10T19:08:37.913+0000] {processor.py:208} INFO - Processing /opt/airflow/dags/weather_scrape_dag.py took 0.188 seconds
[2026-07-10T19:09:08.141+0000] {processor.py:186} INFO - Started process (PID=1100) to work on /opt/airflow/dags/weather_scrape_dag.py
[2026-07-10T19:09:08.150+0000] {processor.py:914} INFO - Processing file /opt/airflow/dags/weather_scrape_dag.py for tasks to queue
[2026-07-10T19:09:08.155+0000] {logging_mixin.py:190} INFO - [2026-07-10T19:09:08.154+0000] {dagbag.py:588} INFO - Filling up the DagBag from /opt/airflow/dags/weather_scrape_dag.py
[2026-07-10T19:09:08.186+0000] {processor.py:925} INFO - DAG(s) 'weather_scrape_and_load' retrieved from /opt/airflow/dags/weather_scrape_dag.py
[2026-07-10T19:09:08.245+0000] {logging_mixin.py:190} INFO - [2026-07-10T19:09:08.244+0000] {dag.py:3239} INFO - Sync 1 DAGs
[2026-07-10T19:09:08.292+0000] {logging_mixin.py:190} INFO - [2026-07-10T19:09:08.291+0000] {dag.py:4180} INFO - Setting next_dagrun for weather_scrape_and_load to 2026-07-10 19:00:00+00:00, run_after=2026-07-10 20:00:00+00:00
[2026-07-10T19:09:08.333+0000] {processor.py:208} INFO - Processing /opt/airflow/dags/weather_scrape_dag.py took 0.203 seconds
[2026-07-10T19:09:38.570+0000] {processor.py:186} INFO - Started process (PID=1105) to work on /opt/airflow/dags/weather_scrape_dag.py
[2026-07-10T19:09:38.571+0000] {processor.py:914} INFO - Processing file /opt/airflow/dags/weather_scrape_dag.py for tasks to queue
[2026-07-10T19:09:38.576+0000] {logging_mixin.py:190} INFO - [2026-07-10T19:09:38.575+0000] {dagbag.py:588} INFO - Filling up the DagBag from /opt/airflow/dags/weather_scrape_dag.py
[2026-07-10T19:09:38.598+0000] {processor.py:925} INFO - DAG(s) 'weather_scrape_and_load' retrieved from /opt/airflow/dags/weather_scrape_dag.py
[2026-07-10T19:09:38.658+0000] {logging_mixin.py:190} INFO - [2026-07-10T19:09:38.657+0000] {dag.py:3239} INFO - Sync 1 DAGs
[2026-07-10T19:09:38.718+0000] {logging_mixin.py:190} INFO - [2026-07-10T19:09:38.717+0000] {dag.py:4180} INFO - Setting next_dagrun for weather_scrape_and_load to 2026-07-10 19:00:00+00:00, run_after=2026-07-10 20:00:00+00:00
[2026-07-10T19:09:38.755+0000] {processor.py:208} INFO - Processing /opt/airflow/dags/weather_scrape_dag.py took 0.198 seconds
[2026-07-10T19:10:08.996+0000] {processor.py:186} INFO - Started process (PID=1110) to work on /opt/airflow/dags/weather_scrape_dag.py
[2026-07-10T19:10:08.997+0000] {processor.py:914} INFO - Processing file /opt/airflow/dags/weather_scrape_dag.py for tasks to queue
[2026-07-10T19:10:09.002+0000] {logging_mixin.py:190} INFO - [2026-07-10T19:10:09.001+0000] {dagbag.py:588} INFO - Filling up the DagBag from /opt/airflow/dags/weather_scrape_dag.py
[2026-07-10T19:10:09.024+0000] {processor.py:925} INFO - DAG(s) 'weather_scrape_and_load' retrieved from /opt/airflow/dags/weather_scrape_dag.py
[2026-07-10T19:10:09.085+0000] {logging_mixin.py:190} INFO - [2026-07-10T19:10:09.084+0000] {dag.py:3239} INFO - Sync 1 DAGs
[2026-07-10T19:10:09.134+0000] {logging_mixin.py:190} INFO - [2026-07-10T19:10:09.133+0000] {dag.py:4180} INFO - Setting next_dagrun for weather_scrape_and_load to 2026-07-10 19:00:00+00:00, run_after=2026-07-10 20:00:00+00:00
[2026-07-10T19:10:09.175+0000] {processor.py:208} INFO - Processing /opt/airflow/dags/weather_scrape_dag.py took 0.190 seconds
[2026-07-10T19:10:39.413+0000] {processor.py:186} INFO - Started process (PID=1115) to work on /opt/airflow/dags/weather_scrape_dag.py
[2026-07-10T19:10:39.414+0000] {processor.py:914} INFO - Processing file /opt/airflow/dags/weather_scrape_dag.py for tasks to queue
[2026-07-10T19:10:39.417+0000] {logging_mixin.py:190} INFO - [2026-07-10T19:10:39.417+0000] {dagbag.py:588} INFO - Filling up the DagBag from /opt/airflow/dags/weather_scrape_dag.py
[2026-07-10T19:10:39.439+0000] {processor.py:925} INFO - DAG(s) 'weather_scrape_and_load' retrieved from /opt/airflow/dags/weather_scrape_dag.py
[2026-07-10T19:10:39.498+0000] {logging_mixin.py:190} INFO - [2026-07-10T19:10:39.498+0000] {dag.py:3239} INFO - Sync 1 DAGs
[2026-07-10T19:10:39.551+0000] {logging_mixin.py:190} INFO - [2026-07-10T19:10:39.551+0000] {dag.py:4180} INFO - Setting next_dagrun for weather_scrape_and_load to 2026-07-10 19:00:00+00:00, run_after=2026-07-10 20:00:00+00:00
[2026-07-10T19:10:39.593+0000] {processor.py:208} INFO - Processing /opt/airflow/dags/weather_scrape_dag.py took 0.192 seconds
[2026-07-10T19:11:09.866+0000] {processor.py:186} INFO - Started process (PID=1120) to work on /opt/airflow/dags/weather_scrape_dag.py
[2026-07-10T19:11:09.867+0000] {processor.py:914} INFO - Processing file /opt/airflow/dags/weather_scrape_dag.py for tasks to queue
[2026-07-10T19:11:09.871+0000] {logging_mixin.py:190} INFO - [2026-07-10T19:11:09.870+0000] {dagbag.py:588} INFO - Filling up the DagBag from /opt/airflow/dags/weather_scrape_dag.py
[2026-07-10T19:11:09.893+0000] {processor.py:925} INFO - DAG(s) 'weather_scrape_and_load' retrieved from /opt/airflow/dags/weather_scrape_dag.py
[2026-07-10T19:11:09.953+0000] {logging_mixin.py:190} INFO - [2026-07-10T19:11:09.952+0000] {dag.py:3239} INFO - Sync 1 DAGs
[2026-07-10T19:11:10.000+0000] {logging_mixin.py:190} INFO - [2026-07-10T19:11:10.000+0000] {dag.py:4180} INFO - Setting next_dagrun for weather_scrape_and_load to 2026-07-10 19:00:00+00:00, run_after=2026-07-10 20:00:00+00:00
[2026-07-10T19:11:10.042+0000] {processor.py:208} INFO - Processing /opt/airflow/dags/weather_scrape_dag.py took 0.189 seconds
[2026-07-10T19:11:40.269+0000] {processor.py:186} INFO - Started process (PID=1125) to work on /opt/airflow/dags/weather_scrape_dag.py
[2026-07-10T19:11:40.270+0000] {processor.py:914} INFO - Processing file /opt/airflow/dags/weather_scrape_dag.py for tasks to queue
[2026-07-10T19:11:40.273+0000] {logging_mixin.py:190} INFO - [2026-07-10T19:11:40.273+0000] {dagbag.py:588} INFO - Filling up the DagBag from /opt/airflow/dags/weather_scrape_dag.py
[2026-07-10T19:11:40.295+0000] {processor.py:925} INFO - DAG(s) 'weather_scrape_and_load' retrieved from /opt/airflow/dags/weather_scrape_dag.py
[2026-07-10T19:11:40.354+0000] {logging_mixin.py:190} INFO - [2026-07-10T19:11:40.353+0000] {dag.py:3239} INFO - Sync 1 DAGs
[2026-07-10T19:11:40.402+0000] {logging_mixin.py:190} INFO - [2026-07-10T19:11:40.401+0000] {dag.py:4180} INFO - Setting next_dagrun for weather_scrape_and_load to 2026-07-10 19:00:00+00:00, run_after=2026-07-10 20:00:00+00:00
[2026-07-10T19:11:40.442+0000] {processor.py:208} INFO - Processing /opt/airflow/dags/weather_scrape_dag.py took 0.186 seconds
[2026-07-10T19:12:10.678+0000] {processor.py:186} INFO - Started process (PID=1130) to work on /opt/airflow/dags/weather_scrape_dag.py
[2026-07-10T19:12:10.680+0000] {processor.py:914} INFO - Processing file /opt/airflow/dags/weather_scrape_dag.py for tasks to queue
[2026-07-10T19:12:10.684+0000] {logging_mixin.py:190} INFO - [2026-07-10T19:12:10.683+0000] {dagbag.py:588} INFO - Filling up the DagBag from /opt/airflow/dags/weather_scrape_dag.py
[2026-07-10T19:12:10.705+0000] {processor.py:925} INFO - DAG(s) 'weather_scrape_and_load' retrieved from /opt/airflow/dags/weather_scrape_dag.py
[2026-07-10T19:12:10.765+0000] {logging_mixin.py:190} INFO - [2026-07-10T19:12:10.765+0000] {dag.py:3239} INFO - Sync 1 DAGs
[2026-07-10T19:12:10.816+0000] {logging_mixin.py:190} INFO - [2026-07-10T19:12:10.816+0000] {dag.py:4180} INFO - Setting next_dagrun for weather_scrape_and_load to 2026-07-10 19:00:00+00:00, run_after=2026-07-10 20:00:00+00:00
[2026-07-10T19:12:10.858+0000] {processor.py:208} INFO - Processing /opt/airflow/dags/weather_scrape_dag.py took 0.191 seconds
[2026-07-10T19:12:41.096+0000] {processor.py:186} INFO - Started process (PID=1135) to work on /opt/airflow/dags/weather_scrape_dag.py
[2026-07-10T19:12:41.097+0000] {processor.py:914} INFO - Processing file /opt/airflow/dags/weather_scrape_dag.py for tasks to queue
[2026-07-10T19:12:41.101+0000] {logging_mixin.py:190} INFO - [2026-07-10T19:12:41.100+0000] {dagbag.py:588} INFO - Filling up the DagBag from /opt/airflow/dags/weather_scrape_dag.py
[2026-07-10T19:12:41.124+0000] {processor.py:925} INFO - DAG(s) 'weather_scrape_and_load' retrieved from /opt/airflow/dags/weather_scrape_dag.py
[2026-07-10T19:12:41.186+0000] {logging_mixin.py:190} INFO - [2026-07-10T19:12:41.186+0000] {dag.py:3239} INFO - Sync 1 DAGs
[2026-07-10T19:12:41.235+0000] {logging_mixin.py:190} INFO - [2026-07-10T19:12:41.235+0000] {dag.py:4180} INFO - Setting next_dagrun for weather_scrape_and_load to 2026-07-10 19:00:00+00:00, run_after=2026-07-10 20:00:00+00:00
[2026-07-10T19:12:41.283+0000] {processor.py:208} INFO - Processing /opt/airflow/dags/weather_scrape_dag.py took 0.199 seconds
[2026-07-10T19:13:11.525+0000] {processor.py:186} INFO - Started process (PID=1140) to work on /opt/airflow/dags/weather_scrape_dag.py
[2026-07-10T19:13:11.534+0000] {processor.py:914} INFO - Processing file /opt/airflow/dags/weather_scrape_dag.py for tasks to queue
[2026-07-10T19:13:11.538+0000] {logging_mixin.py:190} INFO - [2026-07-10T19:13:11.537+0000] {dagbag.py:588} INFO - Filling up the DagBag from /opt/airflow/dags/weather_scrape_dag.py
[2026-07-10T19:13:11.560+0000] {processor.py:925} INFO - DAG(s) 'weather_scrape_and_load' retrieved from /opt/airflow/dags/weather_scrape_dag.py
[2026-07-10T19:13:11.630+0000] {logging_mixin.py:190} INFO - [2026-07-10T19:13:11.630+0000] {dag.py:3239} INFO - Sync 1 DAGs
[2026-07-10T19:13:11.682+0000] {logging_mixin.py:190} INFO - [2026-07-10T19:13:11.682+0000] {dag.py:4180} INFO - Setting next_dagrun for weather_scrape_and_load to 2026-07-10 19:00:00+00:00, run_after=2026-07-10 20:00:00+00:00
[2026-07-10T19:13:11.726+0000] {processor.py:208} INFO - Processing /opt/airflow/dags/weather_scrape_dag.py took 0.212 seconds
[2026-07-10T19:13:41.973+0000] {processor.py:186} INFO - Started process (PID=1145) to work on /opt/airflow/dags/weather_scrape_dag.py
[2026-07-10T19:13:41.974+0000] {processor.py:914} INFO - Processing file /opt/airflow/dags/weather_scrape_dag.py for tasks to queue
[2026-07-10T19:13:41.977+0000] {logging_mixin.py:190} INFO - [2026-07-10T19:13:41.977+0000] {dagbag.py:588} INFO - Filling up the DagBag from /opt/airflow/dags/weather_scrape_dag.py
[2026-07-10T19:13:41.999+0000] {processor.py:925} INFO - DAG(s) 'weather_scrape_and_load' retrieved from /opt/airflow/dags/weather_scrape_dag.py
[2026-07-10T19:13:42.059+0000] {logging_mixin.py:190} INFO - [2026-07-10T19:13:42.058+0000] {dag.py:3239} INFO - Sync 1 DAGs
[2026-07-10T19:13:42.105+0000] {logging_mixin.py:190} INFO - [2026-07-10T19:13:42.105+0000] {dag.py:4180} INFO - Setting next_dagrun for weather_scrape_and_load to 2026-07-10 19:00:00+00:00, run_after=2026-07-10 20:00:00+00:00
[2026-07-10T19:13:42.144+0000] {processor.py:208} INFO - Processing /opt/airflow/dags/weather_scrape_dag.py took 0.183 seconds
[2026-07-10T19:14:12.386+0000] {processor.py:186} INFO - Started process (PID=1150) to work on /opt/airflow/dags/weather_scrape_dag.py
[2026-07-10T19:14:12.395+0000] {processor.py:914} INFO - Processing file /opt/airflow/dags/weather_scrape_dag.py for tasks to queue
[2026-07-10T19:14:12.400+0000] {logging_mixin.py:190} INFO - [2026-07-10T19:14:12.399+0000] {dagbag.py:588} INFO - Filling up the DagBag from /opt/airflow/dags/weather_scrape_dag.py
[2026-07-10T19:14:12.424+0000] {processor.py:925} INFO - DAG(s) 'weather_scrape_and_load' retrieved from /opt/airflow/dags/weather_scrape_dag.py
[2026-07-10T19:14:12.505+0000] {logging_mixin.py:190} INFO - [2026-07-10T19:14:12.504+0000] {dag.py:3239} INFO - Sync 1 DAGs
[2026-07-10T19:14:12.554+0000] {logging_mixin.py:190} INFO - [2026-07-10T19:14:12.554+0000] {dag.py:4180} INFO - Setting next_dagrun for weather_scrape_and_load to 2026-07-10 19:00:00+00:00, run_after=2026-07-10 20:00:00+00:00
[2026-07-10T19:14:12.592+0000] {processor.py:208} INFO - Processing /opt/airflow/dags/weather_scrape_dag.py took 0.218 seconds
[2026-07-10T19:14:42.663+0000] {processor.py:186} INFO - Started process (PID=1155) to work on /opt/airflow/dags/weather_scrape_dag.py
[2026-07-10T19:14:42.664+0000] {processor.py:914} INFO - Processing file /opt/airflow/dags/weather_scrape_dag.py for tasks to queue
[2026-07-10T19:14:42.667+0000] {logging_mixin.py:190} INFO - [2026-07-10T19:14:42.667+0000] {dagbag.py:588} INFO - Filling up the DagBag from /opt/airflow/dags/weather_scrape_dag.py
[2026-07-10T19:14:42.688+0000] {processor.py:925} INFO - DAG(s) 'weather_scrape_and_load' retrieved from /opt/airflow/dags/weather_scrape_dag.py
[2026-07-10T19:14:42.747+0000] {logging_mixin.py:190} INFO - [2026-07-10T19:14:42.747+0000] {dag.py:3239} INFO - Sync 1 DAGs
[2026-07-10T19:14:42.797+0000] {logging_mixin.py:190} INFO - [2026-07-10T19:14:42.796+0000] {dag.py:4180} INFO - Setting next_dagrun for weather_scrape_and_load to 2026-07-10 19:00:00+00:00, run_after=2026-07-10 20:00:00+00:00
[2026-07-10T19:14:42.840+0000] {processor.py:208} INFO - Processing /opt/airflow/dags/weather_scrape_dag.py took 0.189 seconds
[2026-07-10T19:15:13.061+0000] {processor.py:186} INFO - Started process (PID=1160) to work on /opt/airflow/dags/weather_scrape_dag.py
[2026-07-10T19:15:13.063+0000] {processor.py:914} INFO - Processing file /opt/airflow/dags/weather_scrape_dag.py for tasks to queue
[2026-07-10T19:15:13.068+0000] {logging_mixin.py:190} INFO - [2026-07-10T19:15:13.067+0000] {dagbag.py:588} INFO - Filling up the DagBag from /opt/airflow/dags/weather_scrape_dag.py
[2026-07-10T19:15:13.099+0000] {processor.py:925} INFO - DAG(s) 'weather_scrape_and_load' retrieved from /opt/airflow/dags/weather_scrape_dag.py
[2026-07-10T19:15:13.181+0000] {logging_mixin.py:190} INFO - [2026-07-10T19:15:13.181+0000] {dag.py:3239} INFO - Sync 1 DAGs
[2026-07-10T19:15:13.243+0000] {logging_mixin.py:190} INFO - [2026-07-10T19:15:13.243+0000] {dag.py:4180} INFO - Setting next_dagrun for weather_scrape_and_load to 2026-07-10 19:00:00+00:00, run_after=2026-07-10 20:00:00+00:00
[2026-07-10T19:15:13.286+0000] {processor.py:208} INFO - Processing /opt/airflow/dags/weather_scrape_dag.py took 0.244 seconds
[2026-07-10T19:15:43.532+0000] {processor.py:186} INFO - Started process (PID=1165) to work on /opt/airflow/dags/weather_scrape_dag.py
[2026-07-10T19:15:43.533+0000] {processor.py:914} INFO - Processing file /opt/airflow/dags/weather_scrape_dag.py for tasks to queue
[2026-07-10T19:15:43.537+0000] {logging_mixin.py:190} INFO - [2026-07-10T19:15:43.537+0000] {dagbag.py:588} INFO - Filling up the DagBag from /opt/airflow/dags/weather_scrape_dag.py
[2026-07-10T19:15:43.560+0000] {processor.py:925} INFO - DAG(s) 'weather_scrape_and_load' retrieved from /opt/airflow/dags/weather_scrape_dag.py
[2026-07-10T19:15:43.622+0000] {logging_mixin.py:190} INFO - [2026-07-10T19:15:43.621+0000] {dag.py:3239} INFO - Sync 1 DAGs
[2026-07-10T19:15:43.673+0000] {logging_mixin.py:190} INFO - [2026-07-10T19:15:43.672+0000] {dag.py:4180} INFO - Setting next_dagrun for weather_scrape_and_load to 2026-07-10 19:00:00+00:00, run_after=2026-07-10 20:00:00+00:00
[2026-07-10T19:15:43.714+0000] {processor.py:208} INFO - Processing /opt/airflow/dags/weather_scrape_dag.py took 0.193 seconds
[2026-07-10T19:16:13.992+0000] {processor.py:186} INFO - Started process (PID=1170) to work on /opt/airflow/dags/weather_scrape_dag.py
[2026-07-10T19:16:13.994+0000] {processor.py:914} INFO - Processing file /opt/airflow/dags/weather_scrape_dag.py for tasks to queue
[2026-07-10T19:16:13.999+0000] {logging_mixin.py:190} INFO - [2026-07-10T19:16:13.998+0000] {dagbag.py:588} INFO - Filling up the DagBag from /opt/airflow/dags/weather_scrape_dag.py
[2026-07-10T19:16:14.025+0000] {processor.py:925} INFO - DAG(s) 'weather_scrape_and_load' retrieved from /opt/airflow/dags/weather_scrape_dag.py
[2026-07-10T19:16:14.093+0000] {logging_mixin.py:190} INFO - [2026-07-10T19:16:14.092+0000] {dag.py:3239} INFO - Sync 1 DAGs
[2026-07-10T19:16:14.151+0000] {logging_mixin.py:190} INFO - [2026-07-10T19:16:14.151+0000] {dag.py:4180} INFO - Setting next_dagrun for weather_scrape_and_load to 2026-07-10 19:00:00+00:00, run_after=2026-07-10 20:00:00+00:00
[2026-07-10T19:16:14.186+0000] {processor.py:208} INFO - Processing /opt/airflow/dags/weather_scrape_dag.py took 0.217 seconds
[2026-07-10T19:16:44.433+0000] {processor.py:186} INFO - Started process (PID=1175) to work on /opt/airflow/dags/weather_scrape_dag.py
[2026-07-10T19:16:44.438+0000] {processor.py:914} INFO - Processing file /opt/airflow/dags/weather_scrape_dag.py for tasks to queue
[2026-07-10T19:16:44.441+0000] {logging_mixin.py:190} INFO - [2026-07-10T19:16:44.441+0000] {dagbag.py:588} INFO - Filling up the DagBag from /opt/airflow/dags/weather_scrape_dag.py
[2026-07-10T19:16:44.472+0000] {processor.py:925} INFO - DAG(s) 'weather_scrape_and_load' retrieved from /opt/airflow/dags/weather_scrape_dag.py
[2026-07-10T19:16:44.521+0000] {logging_mixin.py:190} INFO - [2026-07-10T19:16:44.520+0000] {dag.py:3239} INFO - Sync 1 DAGs
[2026-07-10T19:16:44.564+0000] {logging_mixin.py:190} INFO - [2026-07-10T19:16:44.564+0000] {dag.py:4180} INFO - Setting next_dagrun for weather_scrape_and_load to 2026-07-10 19:00:00+00:00, run_after=2026-07-10 20:00:00+00:00
[2026-07-10T19:16:44.605+0000] {processor.py:208} INFO - Processing /opt/airflow/dags/weather_scrape_dag.py took 0.182 seconds
[2026-07-10T19:17:14.654+0000] {processor.py:186} INFO - Started process (PID=1180) to work on /opt/airflow/dags/weather_scrape_dag.py
[2026-07-10T19:17:14.655+0000] {processor.py:914} INFO - Processing file /opt/airflow/dags/weather_scrape_dag.py for tasks to queue
[2026-07-10T19:17:14.659+0000] {logging_mixin.py:190} INFO - [2026-07-10T19:17:14.658+0000] {dagbag.py:588} INFO - Filling up the DagBag from /opt/airflow/dags/weather_scrape_dag.py
[2026-07-10T19:17:14.690+0000] {processor.py:925} INFO - DAG(s) 'weather_scrape_and_load' retrieved from /opt/airflow/dags/weather_scrape_dag.py
[2026-07-10T19:17:14.738+0000] {logging_mixin.py:190} INFO - [2026-07-10T19:17:14.737+0000] {dag.py:3239} INFO - Sync 1 DAGs
[2026-07-10T19:17:14.783+0000] {logging_mixin.py:190} INFO - [2026-07-10T19:17:14.783+0000] {dag.py:4180} INFO - Setting next_dagrun for weather_scrape_and_load to 2026-07-10 19:00:00+00:00, run_after=2026-07-10 20:00:00+00:00
[2026-07-10T19:17:14.823+0000] {processor.py:208} INFO - Processing /opt/airflow/dags/weather_scrape_dag.py took 0.180 seconds
[2026-07-10T19:17:45.065+0000] {processor.py:186} INFO - Started process (PID=1185) to work on /opt/airflow/dags/weather_scrape_dag.py
[2026-07-10T19:17:45.074+0000] {processor.py:914} INFO - Processing file /opt/airflow/dags/weather_scrape_dag.py for tasks to queue
[2026-07-10T19:17:45.078+0000] {logging_mixin.py:190} INFO - [2026-07-10T19:17:45.078+0000] {dagbag.py:588} INFO - Filling up the DagBag from /opt/airflow/dags/weather_scrape_dag.py
[2026-07-10T19:17:45.109+0000] {processor.py:925} INFO - DAG(s) 'weather_scrape_and_load' retrieved from /opt/airflow/dags/weather_scrape_dag.py
[2026-07-10T19:17:45.156+0000] {logging_mixin.py:190} INFO - [2026-07-10T19:17:45.155+0000] {dag.py:3239} INFO - Sync 1 DAGs
[2026-07-10T19:17:45.200+0000] {logging_mixin.py:190} INFO - [2026-07-10T19:17:45.199+0000] {dag.py:4180} INFO - Setting next_dagrun for weather_scrape_and_load to 2026-07-10 19:00:00+00:00, run_after=2026-07-10 20:00:00+00:00
[2026-07-10T19:17:45.237+0000] {processor.py:208} INFO - Processing /opt/airflow/dags/weather_scrape_dag.py took 0.183 seconds
[2026-07-10T19:18:15.298+0000] {processor.py:186} INFO - Started process (PID=1190) to work on /opt/airflow/dags/weather_scrape_dag.py
[2026-07-10T19:18:15.299+0000] {processor.py:914} INFO - Processing file /opt/airflow/dags/weather_scrape_dag.py for tasks to queue
[2026-07-10T19:18:15.303+0000] {logging_mixin.py:190} INFO - [2026-07-10T19:18:15.303+0000] {dagbag.py:588} INFO - Filling up the DagBag from /opt/airflow/dags/weather_scrape_dag.py
[2026-07-10T19:18:15.334+0000] {processor.py:925} INFO - DAG(s) 'weather_scrape_and_load' retrieved from /opt/airflow/dags/weather_scrape_dag.py
[2026-07-10T19:18:15.383+0000] {logging_mixin.py:190} INFO - [2026-07-10T19:18:15.382+0000] {dag.py:3239} INFO - Sync 1 DAGs
[2026-07-10T19:18:15.427+0000] {logging_mixin.py:190} INFO - [2026-07-10T19:18:15.426+0000] {dag.py:4180} INFO - Setting next_dagrun for weather_scrape_and_load to 2026-07-10 19:00:00+00:00, run_after=2026-07-10 20:00:00+00:00
[2026-07-10T19:18:15.467+0000] {processor.py:208} INFO - Processing /opt/airflow/dags/weather_scrape_dag.py took 0.180 seconds
[2026-07-10T19:18:45.700+0000] {processor.py:186} INFO - Started process (PID=1195) to work on /opt/airflow/dags/weather_scrape_dag.py
[2026-07-10T19:18:45.708+0000] {processor.py:914} INFO - Processing file /opt/airflow/dags/weather_scrape_dag.py for tasks to queue
[2026-07-10T19:18:45.713+0000] {logging_mixin.py:190} INFO - [2026-07-10T19:18:45.712+0000] {dagbag.py:588} INFO - Filling up the DagBag from /opt/airflow/dags/weather_scrape_dag.py
[2026-07-10T19:18:45.744+0000] {processor.py:925} INFO - DAG(s) 'weather_scrape_and_load' retrieved from /opt/airflow/dags/weather_scrape_dag.py
[2026-07-10T19:18:45.792+0000] {logging_mixin.py:190} INFO - [2026-07-10T19:18:45.791+0000] {dag.py:3239} INFO - Sync 1 DAGs
[2026-07-10T19:18:45.838+0000] {logging_mixin.py:190} INFO - [2026-07-10T19:18:45.838+0000] {dag.py:4180} INFO - Setting next_dagrun for weather_scrape_and_load to 2026-07-10 19:00:00+00:00, run_after=2026-07-10 20:00:00+00:00
[2026-07-10T19:18:45.877+0000] {processor.py:208} INFO - Processing /opt/airflow/dags/weather_scrape_dag.py took 0.187 seconds
[2026-07-10T19:19:15.932+0000] {processor.py:186} INFO - Started process (PID=1200) to work on /opt/airflow/dags/weather_scrape_dag.py
[2026-07-10T19:19:15.933+0000] {processor.py:914} INFO - Processing file /opt/airflow/dags/weather_scrape_dag.py for tasks to queue
[2026-07-10T19:19:15.937+0000] {logging_mixin.py:190} INFO - [2026-07-10T19:19:15.936+0000] {dagbag.py:588} INFO - Filling up the DagBag from /opt/airflow/dags/weather_scrape_dag.py
[2026-07-10T19:19:15.968+0000] {processor.py:925} INFO - DAG(s) 'weather_scrape_and_load' retrieved from /opt/airflow/dags/weather_scrape_dag.py
[2026-07-10T19:19:16.015+0000] {logging_mixin.py:190} INFO - [2026-07-10T19:19:16.014+0000] {dag.py:3239} INFO - Sync 1 DAGs
[2026-07-10T19:19:16.062+0000] {logging_mixin.py:190} INFO - [2026-07-10T19:19:16.062+0000] {dag.py:4180} INFO - Setting next_dagrun for weather_scrape_and_load to 2026-07-10 19:00:00+00:00, run_after=2026-07-10 20:00:00+00:00
[2026-07-10T19:19:16.103+0000] {processor.py:208} INFO - Processing /opt/airflow/dags/weather_scrape_dag.py took 0.184 seconds
[2026-07-10T19:19:46.314+0000] {processor.py:186} INFO - Started process (PID=1205) to work on /opt/airflow/dags/weather_scrape_dag.py
[2026-07-10T19:19:46.323+0000] {processor.py:914} INFO - Processing file /opt/airflow/dags/weather_scrape_dag.py for tasks to queue
[2026-07-10T19:19:46.327+0000] {logging_mixin.py:190} INFO - [2026-07-10T19:19:46.326+0000] {dagbag.py:588} INFO - Filling up the DagBag from /opt/airflow/dags/weather_scrape_dag.py
[2026-07-10T19:19:46.358+0000] {processor.py:925} INFO - DAG(s) 'weather_scrape_and_load' retrieved from /opt/airflow/dags/weather_scrape_dag.py
[2026-07-10T19:19:46.405+0000] {logging_mixin.py:190} INFO - [2026-07-10T19:19:46.405+0000] {dag.py:3239} INFO - Sync 1 DAGs
[2026-07-10T19:19:46.453+0000] {logging_mixin.py:190} INFO - [2026-07-10T19:19:46.453+0000] {dag.py:4180} INFO - Setting next_dagrun for weather_scrape_and_load to 2026-07-10 19:00:00+00:00, run_after=2026-07-10 20:00:00+00:00
[2026-07-10T19:19:46.483+0000] {processor.py:208} INFO - Processing /opt/airflow/dags/weather_scrape_dag.py took 0.180 seconds
[2026-07-10T19:20:16.548+0000] {processor.py:186} INFO - Started process (PID=1210) to work on /opt/airflow/dags/weather_scrape_dag.py
[2026-07-10T19:20:16.550+0000] {processor.py:914} INFO - Processing file /opt/airflow/dags/weather_scrape_dag.py for tasks to queue
[2026-07-10T19:20:16.554+0000] {logging_mixin.py:190} INFO - [2026-07-10T19:20:16.554+0000] {dagbag.py:588} INFO - Filling up the DagBag from /opt/airflow/dags/weather_scrape_dag.py
[2026-07-10T19:20:16.587+0000] {processor.py:925} INFO - DAG(s) 'weather_scrape_and_load' retrieved from /opt/airflow/dags/weather_scrape_dag.py
[2026-07-10T19:20:16.636+0000] {logging_mixin.py:190} INFO - [2026-07-10T19:20:16.636+0000] {dag.py:3239} INFO - Sync 1 DAGs
[2026-07-10T19:20:16.681+0000] {logging_mixin.py:190} INFO - [2026-07-10T19:20:16.681+0000] {dag.py:4180} INFO - Setting next_dagrun for weather_scrape_and_load to 2026-07-10 19:00:00+00:00, run_after=2026-07-10 20:00:00+00:00
[2026-07-10T19:20:16.719+0000] {processor.py:208} INFO - Processing /opt/airflow/dags/weather_scrape_dag.py took 0.185 seconds
[2026-07-10T19:20:46.946+0000] {processor.py:186} INFO - Started process (PID=1215) to work on /opt/airflow/dags/weather_scrape_dag.py
[2026-07-10T19:20:46.955+0000] {processor.py:914} INFO - Processing file /opt/airflow/dags/weather_scrape_dag.py for tasks to queue
[2026-07-10T19:20:46.959+0000] {logging_mixin.py:190} INFO - [2026-07-10T19:20:46.958+0000] {dagbag.py:588} INFO - Filling up the DagBag from /opt/airflow/dags/weather_scrape_dag.py
[2026-07-10T19:20:46.990+0000] {processor.py:925} INFO - DAG(s) 'weather_scrape_and_load' retrieved from /opt/airflow/dags/weather_scrape_dag.py
[2026-07-10T19:20:47.037+0000] {logging_mixin.py:190} INFO - [2026-07-10T19:20:47.037+0000] {dag.py:3239} INFO - Sync 1 DAGs
[2026-07-10T19:20:47.082+0000] {logging_mixin.py:190} INFO - [2026-07-10T19:20:47.081+0000] {dag.py:4180} INFO - Setting next_dagrun for weather_scrape_and_load to 2026-07-10 19:00:00+00:00, run_after=2026-07-10 20:00:00+00:00
[2026-07-10T19:20:47.121+0000] {processor.py:208} INFO - Processing /opt/airflow/dags/weather_scrape_dag.py took 0.185 seconds
[2026-07-10T19:21:17.182+0000] {processor.py:186} INFO - Started process (PID=1220) to work on /opt/airflow/dags/weather_scrape_dag.py
[2026-07-10T19:21:17.184+0000] {processor.py:914} INFO - Processing file /opt/airflow/dags/weather_scrape_dag.py for tasks to queue
[2026-07-10T19:21:17.188+0000] {logging_mixin.py:190} INFO - [2026-07-10T19:21:17.187+0000] {dagbag.py:588} INFO - Filling up the DagBag from /opt/airflow/dags/weather_scrape_dag.py
[2026-07-10T19:21:17.218+0000] {processor.py:925} INFO - DAG(s) 'weather_scrape_and_load' retrieved from /opt/airflow/dags/weather_scrape_dag.py
[2026-07-10T19:21:17.266+0000] {logging_mixin.py:190} INFO - [2026-07-10T19:21:17.266+0000] {dag.py:3239} INFO - Sync 1 DAGs
[2026-07-10T19:21:17.309+0000] {logging_mixin.py:190} INFO - [2026-07-10T19:21:17.309+0000] {dag.py:4180} INFO - Setting next_dagrun for weather_scrape_and_load to 2026-07-10 19:00:00+00:00, run_after=2026-07-10 20:00:00+00:00
[2026-07-10T19:21:17.351+0000] {processor.py:208} INFO - Processing /opt/airflow/dags/weather_scrape_dag.py took 0.180 seconds
[2026-07-10T19:21:47.577+0000] {processor.py:186} INFO - Started process (PID=1225) to work on /opt/airflow/dags/weather_scrape_dag.py
[2026-07-10T19:21:47.586+0000] {processor.py:914} INFO - Processing file /opt/airflow/dags/weather_scrape_dag.py for tasks to queue
[2026-07-10T19:21:47.590+0000] {logging_mixin.py:190} INFO - [2026-07-10T19:21:47.589+0000] {dagbag.py:588} INFO - Filling up the DagBag from /opt/airflow/dags/weather_scrape_dag.py
[2026-07-10T19:21:47.620+0000] {processor.py:925} INFO - DAG(s) 'weather_scrape_and_load' retrieved from /opt/airflow/dags/weather_scrape_dag.py
[2026-07-10T19:21:47.667+0000] {logging_mixin.py:190} INFO - [2026-07-10T19:21:47.667+0000] {dag.py:3239} INFO - Sync 1 DAGs
[2026-07-10T19:21:47.713+0000] {logging_mixin.py:190} INFO - [2026-07-10T19:21:47.713+0000] {dag.py:4180} INFO - Setting next_dagrun for weather_scrape_and_load to 2026-07-10 19:00:00+00:00, run_after=2026-07-10 20:00:00+00:00
[2026-07-10T19:21:47.752+0000] {processor.py:208} INFO - Processing /opt/airflow/dags/weather_scrape_dag.py took 0.185 seconds
[2026-07-10T19:22:17.811+0000] {processor.py:186} INFO - Started process (PID=1230) to work on /opt/airflow/dags/weather_scrape_dag.py
[2026-07-10T19:22:17.812+0000] {processor.py:914} INFO - Processing file /opt/airflow/dags/weather_scrape_dag.py for tasks to queue
[2026-07-10T19:22:17.816+0000] {logging_mixin.py:190} INFO - [2026-07-10T19:22:17.816+0000] {dagbag.py:588} INFO - Filling up the DagBag from /opt/airflow/dags/weather_scrape_dag.py
[2026-07-10T19:22:17.847+0000] {processor.py:925} INFO - DAG(s) 'weather_scrape_and_load' retrieved from /opt/airflow/dags/weather_scrape_dag.py
[2026-07-10T19:22:17.896+0000] {logging_mixin.py:190} INFO - [2026-07-10T19:22:17.895+0000] {dag.py:3239} INFO - Sync 1 DAGs
[2026-07-10T19:22:17.941+0000] {logging_mixin.py:190} INFO - [2026-07-10T19:22:17.941+0000] {dag.py:4180} INFO - Setting next_dagrun for weather_scrape_and_load to 2026-07-10 19:00:00+00:00, run_after=2026-07-10 20:00:00+00:00
[2026-07-10T19:22:17.977+0000] {processor.py:208} INFO - Processing /opt/airflow/dags/weather_scrape_dag.py took 0.178 seconds
[2026-07-10T19:22:48.196+0000] {processor.py:186} INFO - Started process (PID=1235) to work on /opt/airflow/dags/weather_scrape_dag.py
[2026-07-10T19:22:48.198+0000] {processor.py:914} INFO - Processing file /opt/airflow/dags/weather_scrape_dag.py for tasks to queue
[2026-07-10T19:22:48.202+0000] {logging_mixin.py:190} INFO - [2026-07-10T19:22:48.202+0000] {dagbag.py:588} INFO - Filling up the DagBag from /opt/airflow/dags/weather_scrape_dag.py
[2026-07-10T19:22:48.234+0000] {processor.py:925} INFO - DAG(s) 'weather_scrape_and_load' retrieved from /opt/airflow/dags/weather_scrape_dag.py
[2026-07-10T19:22:48.280+0000] {logging_mixin.py:190} INFO - [2026-07-10T19:22:48.280+0000] {dag.py:3239} INFO - Sync 1 DAGs
[2026-07-10T19:22:48.325+0000] {logging_mixin.py:190} INFO - [2026-07-10T19:22:48.325+0000] {dag.py:4180} INFO - Setting next_dagrun for weather_scrape_and_load to 2026-07-10 19:00:00+00:00, run_after=2026-07-10 20:00:00+00:00
[2026-07-10T19:22:48.365+0000] {processor.py:208} INFO - Processing /opt/airflow/dags/weather_scrape_dag.py took 0.179 seconds
[2026-07-10T19:23:18.422+0000] {processor.py:186} INFO - Started process (PID=1240) to work on /opt/airflow/dags/weather_scrape_dag.py
[2026-07-10T19:23:18.423+0000] {processor.py:914} INFO - Processing file /opt/airflow/dags/weather_scrape_dag.py for tasks to queue
[2026-07-10T19:23:18.427+0000] {logging_mixin.py:190} INFO - [2026-07-10T19:23:18.426+0000] {dagbag.py:588} INFO - Filling up the DagBag from /opt/airflow/dags/weather_scrape_dag.py
[2026-07-10T19:23:18.458+0000] {processor.py:925} INFO - DAG(s) 'weather_scrape_and_load' retrieved from /opt/airflow/dags/weather_scrape_dag.py
[2026-07-10T19:23:18.505+0000] {logging_mixin.py:190} INFO - [2026-07-10T19:23:18.505+0000] {dag.py:3239} INFO - Sync 1 DAGs
[2026-07-10T19:23:18.550+0000] {logging_mixin.py:190} INFO - [2026-07-10T19:23:18.549+0000] {dag.py:4180} INFO - Setting next_dagrun for weather_scrape_and_load to 2026-07-10 19:00:00+00:00, run_after=2026-07-10 20:00:00+00:00
[2026-07-10T19:23:18.591+0000] {processor.py:208} INFO - Processing /opt/airflow/dags/weather_scrape_dag.py took 0.180 seconds
[2026-07-10T19:23:48.833+0000] {processor.py:186} INFO - Started process (PID=1245) to work on /opt/airflow/dags/weather_scrape_dag.py
[2026-07-10T19:23:48.834+0000] {processor.py:914} INFO - Processing file /opt/airflow/dags/weather_scrape_dag.py for tasks to queue
[2026-07-10T19:23:48.838+0000] {logging_mixin.py:190} INFO - [2026-07-10T19:23:48.837+0000] {dagbag.py:588} INFO - Filling up the DagBag from /opt/airflow/dags/weather_scrape_dag.py
[2026-07-10T19:23:48.869+0000] {processor.py:925} INFO - DAG(s) 'weather_scrape_and_load' retrieved from /opt/airflow/dags/weather_scrape_dag.py
[2026-07-10T19:23:48.916+0000] {logging_mixin.py:190} INFO - [2026-07-10T19:23:48.915+0000] {dag.py:3239} INFO - Sync 1 DAGs
[2026-07-10T19:23:48.960+0000] {logging_mixin.py:190} INFO - [2026-07-10T19:23:48.959+0000] {dag.py:4180} INFO - Setting next_dagrun for weather_scrape_and_load to 2026-07-10 19:00:00+00:00, run_after=2026-07-10 20:00:00+00:00
[2026-07-10T19:23:48.992+0000] {processor.py:208} INFO - Processing /opt/airflow/dags/weather_scrape_dag.py took 0.172 seconds
[2026-07-10T19:24:19.053+0000] {processor.py:186} INFO - Started process (PID=1250) to work on /opt/airflow/dags/weather_scrape_dag.py
[2026-07-10T19:24:19.054+0000] {processor.py:914} INFO - Processing file /opt/airflow/dags/weather_scrape_dag.py for tasks to queue
[2026-07-10T19:24:19.057+0000] {logging_mixin.py:190} INFO - [2026-07-10T19:24:19.057+0000] {dagbag.py:588} INFO - Filling up the DagBag from /opt/airflow/dags/weather_scrape_dag.py
[2026-07-10T19:24:19.088+0000] {processor.py:925} INFO - DAG(s) 'weather_scrape_and_load' retrieved from /opt/airflow/dags/weather_scrape_dag.py
[2026-07-10T19:24:19.136+0000] {logging_mixin.py:190} INFO - [2026-07-10T19:24:19.136+0000] {dag.py:3239} INFO - Sync 1 DAGs
[2026-07-10T19:24:19.190+0000] {logging_mixin.py:190} INFO - [2026-07-10T19:24:19.190+0000] {dag.py:4180} INFO - Setting next_dagrun for weather_scrape_and_load to 2026-07-10 19:00:00+00:00, run_after=2026-07-10 20:00:00+00:00
[2026-07-10T19:24:19.230+0000] {processor.py:208} INFO - Processing /opt/airflow/dags/weather_scrape_dag.py took 0.188 seconds
[2026-07-10T19:24:49.449+0000] {processor.py:186} INFO - Started process (PID=1255) to work on /opt/airflow/dags/weather_scrape_dag.py
[2026-07-10T19:24:49.458+0000] {processor.py:914} INFO - Processing file /opt/airflow/dags/weather_scrape_dag.py for tasks to queue
[2026-07-10T19:24:49.462+0000] {logging_mixin.py:190} INFO - [2026-07-10T19:24:49.461+0000] {dagbag.py:588} INFO - Filling up the DagBag from /opt/airflow/dags/weather_scrape_dag.py
[2026-07-10T19:24:49.492+0000] {processor.py:925} INFO - DAG(s) 'weather_scrape_and_load' retrieved from /opt/airflow/dags/weather_scrape_dag.py
[2026-07-10T19:24:49.540+0000] {logging_mixin.py:190} INFO - [2026-07-10T19:24:49.539+0000] {dag.py:3239} INFO - Sync 1 DAGs
[2026-07-10T19:24:49.588+0000] {logging_mixin.py:190} INFO - [2026-07-10T19:24:49.587+0000] {dag.py:4180} INFO - Setting next_dagrun for weather_scrape_and_load to 2026-07-10 19:00:00+00:00, run_after=2026-07-10 20:00:00+00:00
[2026-07-10T19:24:49.635+0000] {processor.py:208} INFO - Processing /opt/airflow/dags/weather_scrape_dag.py took 0.197 seconds
[2026-07-10T19:25:19.873+0000] {processor.py:186} INFO - Started process (PID=1260) to work on /opt/airflow/dags/weather_scrape_dag.py
[2026-07-10T19:25:19.875+0000] {processor.py:914} INFO - Processing file /opt/airflow/dags/weather_scrape_dag.py for tasks to queue
[2026-07-10T19:25:19.879+0000] {logging_mixin.py:190} INFO - [2026-07-10T19:25:19.879+0000] {dagbag.py:588} INFO - Filling up the DagBag from /opt/airflow/dags/weather_scrape_dag.py
[2026-07-10T19:25:19.911+0000] {processor.py:925} INFO - DAG(s) 'weather_scrape_and_load' retrieved from /opt/airflow/dags/weather_scrape_dag.py
[2026-07-10T19:25:19.960+0000] {logging_mixin.py:190} INFO - [2026-07-10T19:25:19.960+0000] {dag.py:3239} INFO - Sync 1 DAGs
[2026-07-10T19:25:20.005+0000] {logging_mixin.py:190} INFO - [2026-07-10T19:25:20.005+0000] {dag.py:4180} INFO - Setting next_dagrun for weather_scrape_and_load to 2026-07-10 19:00:00+00:00, run_after=2026-07-10 20:00:00+00:00
[2026-07-10T19:25:20.046+0000] {processor.py:208} INFO - Processing /opt/airflow/dags/weather_scrape_dag.py took 0.189 seconds
[2026-07-10T19:25:50.294+0000] {processor.py:186} INFO - Started process (PID=1265) to work on /opt/airflow/dags/weather_scrape_dag.py
[2026-07-10T19:25:50.303+0000] {processor.py:914} INFO - Processing file /opt/airflow/dags/weather_scrape_dag.py for tasks to queue
[2026-07-10T19:25:50.307+0000] {logging_mixin.py:190} INFO - [2026-07-10T19:25:50.307+0000] {dagbag.py:588} INFO - Filling up the DagBag from /opt/airflow/dags/weather_scrape_dag.py
[2026-07-10T19:25:50.337+0000] {processor.py:925} INFO - DAG(s) 'weather_scrape_and_load' retrieved from /opt/airflow/dags/weather_scrape_dag.py
[2026-07-10T19:25:50.389+0000] {logging_mixin.py:190} INFO - [2026-07-10T19:25:50.388+0000] {dag.py:3239} INFO - Sync 1 DAGs
[2026-07-10T19:25:50.434+0000] {logging_mixin.py:190} INFO - [2026-07-10T19:25:50.434+0000] {dag.py:4180} INFO - Setting next_dagrun for weather_scrape_and_load to 2026-07-10 19:00:00+00:00, run_after=2026-07-10 20:00:00+00:00
[2026-07-10T19:25:50.464+0000] {processor.py:208} INFO - Processing /opt/airflow/dags/weather_scrape_dag.py took 0.180 seconds
[2026-07-10T19:26:20.526+0000] {processor.py:186} INFO - Started process (PID=1270) to work on /opt/airflow/dags/weather_scrape_dag.py
[2026-07-10T19:26:20.527+0000] {processor.py:914} INFO - Processing file /opt/airflow/dags/weather_scrape_dag.py for tasks to queue
[2026-07-10T19:26:20.531+0000] {logging_mixin.py:190} INFO - [2026-07-10T19:26:20.531+0000] {dagbag.py:588} INFO - Filling up the DagBag from /opt/airflow/dags/weather_scrape_dag.py
[2026-07-10T19:26:20.552+0000] {processor.py:925} INFO - DAG(s) 'weather_scrape_and_load' retrieved from /opt/airflow/dags/weather_scrape_dag.py
[2026-07-10T19:26:20.601+0000] {logging_mixin.py:190} INFO - [2026-07-10T19:26:20.601+0000] {dag.py:3239} INFO - Sync 1 DAGs
[2026-07-10T19:26:20.655+0000] {logging_mixin.py:190} INFO - [2026-07-10T19:26:20.655+0000] {dag.py:4180} INFO - Setting next_dagrun for weather_scrape_and_load to 2026-07-10 19:00:00+00:00, run_after=2026-07-10 20:00:00+00:00
[2026-07-10T19:26:20.698+0000] {processor.py:208} INFO - Processing /opt/airflow/dags/weather_scrape_dag.py took 0.183 seconds
[2026-07-10T19:26:50.932+0000] {processor.py:186} INFO - Started process (PID=1275) to work on /opt/airflow/dags/weather_scrape_dag.py
[2026-07-10T19:26:50.933+0000] {processor.py:914} INFO - Processing file /opt/airflow/dags/weather_scrape_dag.py for tasks to queue
[2026-07-10T19:26:50.937+0000] {logging_mixin.py:190} INFO - [2026-07-10T19:26:50.936+0000] {dagbag.py:588} INFO - Filling up the DagBag from /opt/airflow/dags/weather_scrape_dag.py
[2026-07-10T19:26:50.958+0000] {processor.py:925} INFO - DAG(s) 'weather_scrape_and_load' retrieved from /opt/airflow/dags/weather_scrape_dag.py
[2026-07-10T19:26:51.005+0000] {logging_mixin.py:190} INFO - [2026-07-10T19:26:51.005+0000] {dag.py:3239} INFO - Sync 1 DAGs
[2026-07-10T19:26:51.049+0000] {logging_mixin.py:190} INFO - [2026-07-10T19:26:51.049+0000] {dag.py:4180} INFO - Setting next_dagrun for weather_scrape_and_load to 2026-07-10 19:00:00+00:00, run_after=2026-07-10 20:00:00+00:00
[2026-07-10T19:26:51.089+0000] {processor.py:208} INFO - Processing /opt/airflow/dags/weather_scrape_dag.py took 0.168 seconds
[2026-07-10T19:27:21.167+0000] {processor.py:186} INFO - Started process (PID=1280) to work on /opt/airflow/dags/weather_scrape_dag.py
[2026-07-10T19:27:21.168+0000] {processor.py:914} INFO - Processing file /opt/airflow/dags/weather_scrape_dag.py for tasks to queue
[2026-07-10T19:27:21.172+0000] {logging_mixin.py:190} INFO - [2026-07-10T19:27:21.171+0000] {dagbag.py:588} INFO - Filling up the DagBag from /opt/airflow/dags/weather_scrape_dag.py
[2026-07-10T19:27:21.193+0000] {processor.py:925} INFO - DAG(s) 'weather_scrape_and_load' retrieved from /opt/airflow/dags/weather_scrape_dag.py
[2026-07-10T19:27:21.246+0000] {logging_mixin.py:190} INFO - [2026-07-10T19:27:21.246+0000] {dag.py:3239} INFO - Sync 1 DAGs
[2026-07-10T19:27:21.298+0000] {logging_mixin.py:190} INFO - [2026-07-10T19:27:21.297+0000] {dag.py:4180} INFO - Setting next_dagrun for weather_scrape_and_load to 2026-07-10 19:00:00+00:00, run_after=2026-07-10 20:00:00+00:00
[2026-07-10T19:27:21.332+0000] {processor.py:208} INFO - Processing /opt/airflow/dags/weather_scrape_dag.py took 0.177 seconds
[2026-07-10T19:27:51.556+0000] {processor.py:186} INFO - Started process (PID=1285) to work on /opt/airflow/dags/weather_scrape_dag.py
[2026-07-10T19:27:51.557+0000] {processor.py:914} INFO - Processing file /opt/airflow/dags/weather_scrape_dag.py for tasks to queue
[2026-07-10T19:27:51.560+0000] {logging_mixin.py:190} INFO - [2026-07-10T19:27:51.560+0000] {dagbag.py:588} INFO - Filling up the DagBag from /opt/airflow/dags/weather_scrape_dag.py
[2026-07-10T19:27:51.581+0000] {processor.py:925} INFO - DAG(s) 'weather_scrape_and_load' retrieved from /opt/airflow/dags/weather_scrape_dag.py
[2026-07-10T19:27:51.630+0000] {logging_mixin.py:190} INFO - [2026-07-10T19:27:51.629+0000] {dag.py:3239} INFO - Sync 1 DAGs
[2026-07-10T19:27:51.676+0000] {logging_mixin.py:190} INFO - [2026-07-10T19:27:51.675+0000] {dag.py:4180} INFO - Setting next_dagrun for weather_scrape_and_load to 2026-07-10 19:00:00+00:00, run_after=2026-07-10 20:00:00+00:00
[2026-07-10T19:27:51.715+0000] {processor.py:208} INFO - Processing /opt/airflow/dags/weather_scrape_dag.py took 0.171 seconds
[2026-07-10T19:28:21.787+0000] {processor.py:186} INFO - Started process (PID=1290) to work on /opt/airflow/dags/weather_scrape_dag.py
[2026-07-10T19:28:21.796+0000] {processor.py:914} INFO - Processing file /opt/airflow/dags/weather_scrape_dag.py for tasks to queue
[2026-07-10T19:28:21.800+0000] {logging_mixin.py:190} INFO - [2026-07-10T19:28:21.800+0000] {dagbag.py:588} INFO - Filling up the DagBag from /opt/airflow/dags/weather_scrape_dag.py
[2026-07-10T19:28:21.821+0000] {processor.py:925} INFO - DAG(s) 'weather_scrape_and_load' retrieved from /opt/airflow/dags/weather_scrape_dag.py
[2026-07-10T19:28:21.873+0000] {logging_mixin.py:190} INFO - [2026-07-10T19:28:21.872+0000] {dag.py:3239} INFO - Sync 1 DAGs
[2026-07-10T19:28:21.922+0000] {logging_mixin.py:190} INFO - [2026-07-10T19:28:21.921+0000] {dag.py:4180} INFO - Setting next_dagrun for weather_scrape_and_load to 2026-07-10 19:00:00+00:00, run_after=2026-07-10 20:00:00+00:00
[2026-07-10T19:28:21.956+0000] {processor.py:208} INFO - Processing /opt/airflow/dags/weather_scrape_dag.py took 0.181 seconds
[2026-07-10T19:28:52.179+0000] {processor.py:186} INFO - Started process (PID=1295) to work on /opt/airflow/dags/weather_scrape_dag.py
[2026-07-10T19:28:52.180+0000] {processor.py:914} INFO - Processing file /opt/airflow/dags/weather_scrape_dag.py for tasks to queue
[2026-07-10T19:28:52.183+0000] {logging_mixin.py:190} INFO - [2026-07-10T19:28:52.182+0000] {dagbag.py:588} INFO - Filling up the DagBag from /opt/airflow/dags/weather_scrape_dag.py
[2026-07-10T19:28:52.202+0000] {processor.py:925} INFO - DAG(s) 'weather_scrape_and_load' retrieved from /opt/airflow/dags/weather_scrape_dag.py
[2026-07-10T19:28:52.250+0000] {logging_mixin.py:190} INFO - [2026-07-10T19:28:52.250+0000] {dag.py:3239} INFO - Sync 1 DAGs
[2026-07-10T19:28:52.297+0000] {logging_mixin.py:190} INFO - [2026-07-10T19:28:52.297+0000] {dag.py:4180} INFO - Setting next_dagrun for weather_scrape_and_load to 2026-07-10 19:00:00+00:00, run_after=2026-07-10 20:00:00+00:00
[2026-07-10T19:28:52.332+0000] {processor.py:208} INFO - Processing /opt/airflow/dags/weather_scrape_dag.py took 0.164 seconds
[2026-07-10T19:29:22.418+0000] {processor.py:186} INFO - Started process (PID=1301) to work on /opt/airflow/dags/weather_scrape_dag.py
[2026-07-10T19:29:22.427+0000] {processor.py:914} INFO - Processing file /opt/airflow/dags/weather_scrape_dag.py for tasks to queue
[2026-07-10T19:29:22.430+0000] {logging_mixin.py:190} INFO - [2026-07-10T19:29:22.430+0000] {dagbag.py:588} INFO - Filling up the DagBag from /opt/airflow/dags/weather_scrape_dag.py
[2026-07-10T19:29:22.451+0000] {processor.py:925} INFO - DAG(s) 'weather_scrape_and_load' retrieved from /opt/airflow/dags/weather_scrape_dag.py
[2026-07-10T19:29:22.499+0000] {logging_mixin.py:190} INFO - [2026-07-10T19:29:22.499+0000] {dag.py:3239} INFO - Sync 1 DAGs
[2026-07-10T19:29:22.543+0000] {logging_mixin.py:190} INFO - [2026-07-10T19:29:22.543+0000] {dag.py:4180} INFO - Setting next_dagrun for weather_scrape_and_load to 2026-07-10 19:00:00+00:00, run_after=2026-07-10 20:00:00+00:00
[2026-07-10T19:29:22.584+0000] {processor.py:208} INFO - Processing /opt/airflow/dags/weather_scrape_dag.py took 0.176 seconds
[2026-07-10T19:29:52.781+0000] {processor.py:186} INFO - Started process (PID=1306) to work on /opt/airflow/dags/weather_scrape_dag.py
[2026-07-10T19:29:52.782+0000] {processor.py:914} INFO - Processing file /opt/airflow/dags/weather_scrape_dag.py for tasks to queue
[2026-07-10T19:29:52.786+0000] {logging_mixin.py:190} INFO - [2026-07-10T19:29:52.786+0000] {dagbag.py:588} INFO - Filling up the DagBag from /opt/airflow/dags/weather_scrape_dag.py
[2026-07-10T19:29:52.807+0000] {processor.py:925} INFO - DAG(s) 'weather_scrape_and_load' retrieved from /opt/airflow/dags/weather_scrape_dag.py
[2026-07-10T19:29:52.854+0000] {logging_mixin.py:190} INFO - [2026-07-10T19:29:52.854+0000] {dag.py:3239} INFO - Sync 1 DAGs
[2026-07-10T19:29:52.899+0000] {logging_mixin.py:190} INFO - [2026-07-10T19:29:52.899+0000] {dag.py:4180} INFO - Setting next_dagrun for weather_scrape_and_load to 2026-07-10 19:00:00+00:00, run_after=2026-07-10 20:00:00+00:00
[2026-07-10T19:29:52.940+0000] {processor.py:208} INFO - Processing /opt/airflow/dags/weather_scrape_dag.py took 0.170 seconds
[2026-07-10T19:30:23.027+0000] {processor.py:186} INFO - Started process (PID=1311) to work on /opt/airflow/dags/weather_scrape_dag.py
[2026-07-10T19:30:23.036+0000] {processor.py:914} INFO - Processing file /opt/airflow/dags/weather_scrape_dag.py for tasks to queue
[2026-07-10T19:30:23.041+0000] {logging_mixin.py:190} INFO - [2026-07-10T19:30:23.040+0000] {dagbag.py:588} INFO - Filling up the DagBag from /opt/airflow/dags/weather_scrape_dag.py
[2026-07-10T19:30:23.062+0000] {processor.py:925} INFO - DAG(s) 'weather_scrape_and_load' retrieved from /opt/airflow/dags/weather_scrape_dag.py
[2026-07-10T19:30:23.113+0000] {logging_mixin.py:190} INFO - [2026-07-10T19:30:23.112+0000] {dag.py:3239} INFO - Sync 1 DAGs
[2026-07-10T19:30:23.164+0000] {logging_mixin.py:190} INFO - [2026-07-10T19:30:23.163+0000] {dag.py:4180} INFO - Setting next_dagrun for weather_scrape_and_load to 2026-07-10 19:00:00+00:00, run_after=2026-07-10 20:00:00+00:00
[2026-07-10T19:30:23.205+0000] {processor.py:208} INFO - Processing /opt/airflow/dags/weather_scrape_dag.py took 0.189 seconds
[2026-07-10T19:30:53.381+0000] {processor.py:186} INFO - Started process (PID=1316) to work on /opt/airflow/dags/weather_scrape_dag.py
[2026-07-10T19:30:53.382+0000] {processor.py:914} INFO - Processing file /opt/airflow/dags/weather_scrape_dag.py for tasks to queue
[2026-07-10T19:30:53.387+0000] {logging_mixin.py:190} INFO - [2026-07-10T19:30:53.386+0000] {dagbag.py:588} INFO - Filling up the DagBag from /opt/airflow/dags/weather_scrape_dag.py
[2026-07-10T19:30:53.407+0000] {processor.py:925} INFO - DAG(s) 'weather_scrape_and_load' retrieved from /opt/airflow/dags/weather_scrape_dag.py
[2026-07-10T19:30:53.455+0000] {logging_mixin.py:190} INFO - [2026-07-10T19:30:53.454+0000] {dag.py:3239} INFO - Sync 1 DAGs
[2026-07-10T19:30:53.500+0000] {logging_mixin.py:190} INFO - [2026-07-10T19:30:53.499+0000] {dag.py:4180} INFO - Setting next_dagrun for weather_scrape_and_load to 2026-07-10 19:00:00+00:00, run_after=2026-07-10 20:00:00+00:00
[2026-07-10T19:30:53.563+0000] {processor.py:208} INFO - Processing /opt/airflow/dags/weather_scrape_dag.py took 0.194 seconds
[2026-07-10T19:31:23.654+0000] {processor.py:186} INFO - Started process (PID=1321) to work on /opt/airflow/dags/weather_scrape_dag.py
[2026-07-10T19:31:23.663+0000] {processor.py:914} INFO - Processing file /opt/airflow/dags/weather_scrape_dag.py for tasks to queue
[2026-07-10T19:31:23.667+0000] {logging_mixin.py:190} INFO - [2026-07-10T19:31:23.666+0000] {dagbag.py:588} INFO - Filling up the DagBag from /opt/airflow/dags/weather_scrape_dag.py
[2026-07-10T19:31:23.688+0000] {processor.py:925} INFO - DAG(s) 'weather_scrape_and_load' retrieved from /opt/airflow/dags/weather_scrape_dag.py
[2026-07-10T19:31:23.737+0000] {logging_mixin.py:190} INFO - [2026-07-10T19:31:23.737+0000] {dag.py:3239} INFO - Sync 1 DAGs
[2026-07-10T19:31:23.785+0000] {logging_mixin.py:190} INFO - [2026-07-10T19:31:23.785+0000] {dag.py:4180} INFO - Setting next_dagrun for weather_scrape_and_load to 2026-07-10 19:00:00+00:00, run_after=2026-07-10 20:00:00+00:00
[2026-07-10T19:31:23.827+0000] {processor.py:208} INFO - Processing /opt/airflow/dags/weather_scrape_dag.py took 0.186 seconds
[2026-07-10T19:31:54.032+0000] {processor.py:186} INFO - Started process (PID=1326) to work on /opt/airflow/dags/weather_scrape_dag.py
[2026-07-10T19:31:54.033+0000] {processor.py:914} INFO - Processing file /opt/airflow/dags/weather_scrape_dag.py for tasks to queue
[2026-07-10T19:31:54.037+0000] {logging_mixin.py:190} INFO - [2026-07-10T19:31:54.036+0000] {dagbag.py:588} INFO - Filling up the DagBag from /opt/airflow/dags/weather_scrape_dag.py
[2026-07-10T19:31:54.058+0000] {processor.py:925} INFO - DAG(s) 'weather_scrape_and_load' retrieved from /opt/airflow/dags/weather_scrape_dag.py
[2026-07-10T19:31:54.107+0000] {logging_mixin.py:190} INFO - [2026-07-10T19:31:54.106+0000] {dag.py:3239} INFO - Sync 1 DAGs
[2026-07-10T19:31:54.151+0000] {logging_mixin.py:190} INFO - [2026-07-10T19:31:54.151+0000] {dag.py:4180} INFO - Setting next_dagrun for weather_scrape_and_load to 2026-07-10 19:00:00+00:00, run_after=2026-07-10 20:00:00+00:00
[2026-07-10T19:31:54.190+0000] {processor.py:208} INFO - Processing /opt/airflow/dags/weather_scrape_dag.py took 0.170 seconds
[2026-07-10T19:32:24.271+0000] {processor.py:186} INFO - Started process (PID=1331) to work on /opt/airflow/dags/weather_scrape_dag.py
[2026-07-10T19:32:24.280+0000] {processor.py:914} INFO - Processing file /opt/airflow/dags/weather_scrape_dag.py for tasks to queue
[2026-07-10T19:32:24.284+0000] {logging_mixin.py:190} INFO - [2026-07-10T19:32:24.284+0000] {dagbag.py:588} INFO - Filling up the DagBag from /opt/airflow/dags/weather_scrape_dag.py
[2026-07-10T19:32:24.309+0000] {processor.py:925} INFO - DAG(s) 'weather_scrape_and_load' retrieved from /opt/airflow/dags/weather_scrape_dag.py
[2026-07-10T19:32:24.364+0000] {logging_mixin.py:190} INFO - [2026-07-10T19:32:24.363+0000] {dag.py:3239} INFO - Sync 1 DAGs
[2026-07-10T19:32:24.412+0000] {logging_mixin.py:190} INFO - [2026-07-10T19:32:24.411+0000] {dag.py:4180} INFO - Setting next_dagrun for weather_scrape_and_load to 2026-07-10 19:00:00+00:00, run_after=2026-07-10 20:00:00+00:00
[2026-07-10T19:32:24.453+0000] {processor.py:208} INFO - Processing /opt/airflow/dags/weather_scrape_dag.py took 0.195 seconds
[2026-07-10T19:32:54.630+0000] {processor.py:186} INFO - Started process (PID=1336) to work on /opt/airflow/dags/weather_scrape_dag.py
[2026-07-10T19:32:54.639+0000] {processor.py:914} INFO - Processing file /opt/airflow/dags/weather_scrape_dag.py for tasks to queue
[2026-07-10T19:32:54.643+0000] {logging_mixin.py:190} INFO - [2026-07-10T19:32:54.642+0000] {dagbag.py:588} INFO - Filling up the DagBag from /opt/airflow/dags/weather_scrape_dag.py
[2026-07-10T19:32:54.664+0000] {processor.py:925} INFO - DAG(s) 'weather_scrape_and_load' retrieved from /opt/airflow/dags/weather_scrape_dag.py
[2026-07-10T19:32:54.711+0000] {logging_mixin.py:190} INFO - [2026-07-10T19:32:54.710+0000] {dag.py:3239} INFO - Sync 1 DAGs
[2026-07-10T19:32:54.757+0000] {logging_mixin.py:190} INFO - [2026-07-10T19:32:54.757+0000] {dag.py:4180} INFO - Setting next_dagrun for weather_scrape_and_load to 2026-07-10 19:00:00+00:00, run_after=2026-07-10 20:00:00+00:00
[2026-07-10T19:32:54.798+0000] {processor.py:208} INFO - Processing /opt/airflow/dags/weather_scrape_dag.py took 0.179 seconds
[2026-07-10T19:33:24.890+0000] {processor.py:186} INFO - Started process (PID=1341) to work on /opt/airflow/dags/weather_scrape_dag.py
[2026-07-10T19:33:24.891+0000] {processor.py:914} INFO - Processing file /opt/airflow/dags/weather_scrape_dag.py for tasks to queue
[2026-07-10T19:33:24.895+0000] {logging_mixin.py:190} INFO - [2026-07-10T19:33:24.894+0000] {dagbag.py:588} INFO - Filling up the DagBag from /opt/airflow/dags/weather_scrape_dag.py
[2026-07-10T19:33:24.917+0000] {processor.py:925} INFO - DAG(s) 'weather_scrape_and_load' retrieved from /opt/airflow/dags/weather_scrape_dag.py
[2026-07-10T19:33:24.969+0000] {logging_mixin.py:190} INFO - [2026-07-10T19:33:24.968+0000] {dag.py:3239} INFO - Sync 1 DAGs
[2026-07-10T19:33:25.021+0000] {logging_mixin.py:190} INFO - [2026-07-10T19:33:25.020+0000] {dag.py:4180} INFO - Setting next_dagrun for weather_scrape_and_load to 2026-07-10 19:00:00+00:00, run_after=2026-07-10 20:00:00+00:00
[2026-07-10T19:33:25.063+0000] {processor.py:208} INFO - Processing /opt/airflow/dags/weather_scrape_dag.py took 0.184 seconds
[2026-07-10T19:33:55.243+0000] {processor.py:186} INFO - Started process (PID=1346) to work on /opt/airflow/dags/weather_scrape_dag.py
[2026-07-10T19:33:55.247+0000] {processor.py:914} INFO - Processing file /opt/airflow/dags/weather_scrape_dag.py for tasks to queue
[2026-07-10T19:33:55.251+0000] {logging_mixin.py:190} INFO - [2026-07-10T19:33:55.251+0000] {dagbag.py:588} INFO - Filling up the DagBag from /opt/airflow/dags/weather_scrape_dag.py
[2026-07-10T19:33:55.273+0000] {processor.py:925} INFO - DAG(s) 'weather_scrape_and_load' retrieved from /opt/airflow/dags/weather_scrape_dag.py
[2026-07-10T19:33:55.323+0000] {logging_mixin.py:190} INFO - [2026-07-10T19:33:55.322+0000] {dag.py:3239} INFO - Sync 1 DAGs
[2026-07-10T19:33:55.372+0000] {logging_mixin.py:190} INFO - [2026-07-10T19:33:55.372+0000] {dag.py:4180} INFO - Setting next_dagrun for weather_scrape_and_load to 2026-07-10 19:00:00+00:00, run_after=2026-07-10 20:00:00+00:00
[2026-07-10T19:33:55.413+0000] {processor.py:208} INFO - Processing /opt/airflow/dags/weather_scrape_dag.py took 0.181 seconds
[2026-07-10T19:34:25.525+0000] {processor.py:186} INFO - Started process (PID=1351) to work on /opt/airflow/dags/weather_scrape_dag.py
[2026-07-10T19:34:25.527+0000] {processor.py:914} INFO - Processing file /opt/airflow/dags/weather_scrape_dag.py for tasks to queue
[2026-07-10T19:34:25.531+0000] {logging_mixin.py:190} INFO - [2026-07-10T19:34:25.531+0000] {dagbag.py:588} INFO - Filling up the DagBag from /opt/airflow/dags/weather_scrape_dag.py
[2026-07-10T19:34:25.552+0000] {processor.py:925} INFO - DAG(s) 'weather_scrape_and_load' retrieved from /opt/airflow/dags/weather_scrape_dag.py
[2026-07-10T19:34:25.603+0000] {logging_mixin.py:190} INFO - [2026-07-10T19:34:25.602+0000] {dag.py:3239} INFO - Sync 1 DAGs
[2026-07-10T19:34:25.652+0000] {logging_mixin.py:190} INFO - [2026-07-10T19:34:25.652+0000] {dag.py:4180} INFO - Setting next_dagrun for weather_scrape_and_load to 2026-07-10 19:00:00+00:00, run_after=2026-07-10 20:00:00+00:00
[2026-07-10T19:34:25.693+0000] {processor.py:208} INFO - Processing /opt/airflow/dags/weather_scrape_dag.py took 0.179 seconds
[2026-07-10T19:34:55.861+0000] {processor.py:186} INFO - Started process (PID=1356) to work on /opt/airflow/dags/weather_scrape_dag.py
[2026-07-10T19:34:55.871+0000] {processor.py:914} INFO - Processing file /opt/airflow/dags/weather_scrape_dag.py for tasks to queue
[2026-07-10T19:34:55.874+0000] {logging_mixin.py:190} INFO - [2026-07-10T19:34:55.874+0000] {dagbag.py:588} INFO - Filling up the DagBag from /opt/airflow/dags/weather_scrape_dag.py
[2026-07-10T19:34:55.897+0000] {processor.py:925} INFO - DAG(s) 'weather_scrape_and_load' retrieved from /opt/airflow/dags/weather_scrape_dag.py
[2026-07-10T19:34:55.946+0000] {logging_mixin.py:190} INFO - [2026-07-10T19:34:55.946+0000] {dag.py:3239} INFO - Sync 1 DAGs
[2026-07-10T19:34:55.998+0000] {logging_mixin.py:190} INFO - [2026-07-10T19:34:55.997+0000] {dag.py:4180} INFO - Setting next_dagrun for weather_scrape_and_load to 2026-07-10 19:00:00+00:00, run_after=2026-07-10 20:00:00+00:00
[2026-07-10T19:34:56.043+0000] {processor.py:208} INFO - Processing /opt/airflow/dags/weather_scrape_dag.py took 0.195 seconds
[2026-07-10T19:35:26.124+0000] {processor.py:186} INFO - Started process (PID=1361) to work on /opt/airflow/dags/weather_scrape_dag.py
[2026-07-10T19:35:26.125+0000] {processor.py:914} INFO - Processing file /opt/airflow/dags/weather_scrape_dag.py for tasks to queue
[2026-07-10T19:35:26.128+0000] {logging_mixin.py:190} INFO - [2026-07-10T19:35:26.128+0000] {dagbag.py:588} INFO - Filling up the DagBag from /opt/airflow/dags/weather_scrape_dag.py
[2026-07-10T19:35:26.150+0000] {processor.py:925} INFO - DAG(s) 'weather_scrape_and_load' retrieved from /opt/airflow/dags/weather_scrape_dag.py
[2026-07-10T19:35:26.199+0000] {logging_mixin.py:190} INFO - [2026-07-10T19:35:26.198+0000] {dag.py:3239} INFO - Sync 1 DAGs
[2026-07-10T19:35:26.247+0000] {logging_mixin.py:190} INFO - [2026-07-10T19:35:26.246+0000] {dag.py:4180} INFO - Setting next_dagrun for weather_scrape_and_load to 2026-07-10 19:00:00+00:00, run_after=2026-07-10 20:00:00+00:00
[2026-07-10T19:35:26.292+0000] {processor.py:208} INFO - Processing /opt/airflow/dags/weather_scrape_dag.py took 0.181 seconds
[2026-07-10T19:35:56.489+0000] {processor.py:186} INFO - Started process (PID=1366) to work on /opt/airflow/dags/weather_scrape_dag.py
[2026-07-10T19:35:56.491+0000] {processor.py:914} INFO - Processing file /opt/airflow/dags/weather_scrape_dag.py for tasks to queue
[2026-07-10T19:35:56.496+0000] {logging_mixin.py:190} INFO - [2026-07-10T19:35:56.495+0000] {dagbag.py:588} INFO - Filling up the DagBag from /opt/airflow/dags/weather_scrape_dag.py
[2026-07-10T19:35:56.522+0000] {processor.py:925} INFO - DAG(s) 'weather_scrape_and_load' retrieved from /opt/airflow/dags/weather_scrape_dag.py
[2026-07-10T19:35:56.573+0000] {logging_mixin.py:190} INFO - [2026-07-10T19:35:56.573+0000] {dag.py:3239} INFO - Sync 1 DAGs
[2026-07-10T19:35:56.627+0000] {logging_mixin.py:190} INFO - [2026-07-10T19:35:56.626+0000] {dag.py:4180} INFO - Setting next_dagrun for weather_scrape_and_load to 2026-07-10 19:00:00+00:00, run_after=2026-07-10 20:00:00+00:00
[2026-07-10T19:35:56.668+0000] {processor.py:208} INFO - Processing /opt/airflow/dags/weather_scrape_dag.py took 0.196 seconds
[2026-07-10T19:36:26.743+0000] {processor.py:186} INFO - Started process (PID=1371) to work on /opt/airflow/dags/weather_scrape_dag.py
[2026-07-10T19:36:26.744+0000] {processor.py:914} INFO - Processing file /opt/airflow/dags/weather_scrape_dag.py for tasks to queue
[2026-07-10T19:36:26.748+0000] {logging_mixin.py:190} INFO - [2026-07-10T19:36:26.747+0000] {dagbag.py:588} INFO - Filling up the DagBag from /opt/airflow/dags/weather_scrape_dag.py
[2026-07-10T19:36:26.771+0000] {processor.py:925} INFO - DAG(s) 'weather_scrape_and_load' retrieved from /opt/airflow/dags/weather_scrape_dag.py
[2026-07-10T19:36:26.829+0000] {logging_mixin.py:190} INFO - [2026-07-10T19:36:26.828+0000] {dag.py:3239} INFO - Sync 1 DAGs
[2026-07-10T19:36:26.885+0000] {logging_mixin.py:190} INFO - [2026-07-10T19:36:26.884+0000] {dag.py:4180} INFO - Setting next_dagrun for weather_scrape_and_load to 2026-07-10 19:00:00+00:00, run_after=2026-07-10 20:00:00+00:00
[2026-07-10T19:36:26.920+0000] {processor.py:208} INFO - Processing /opt/airflow/dags/weather_scrape_dag.py took 0.189 seconds
[2026-07-10T19:36:57.104+0000] {processor.py:186} INFO - Started process (PID=1376) to work on /opt/airflow/dags/weather_scrape_dag.py
[2026-07-10T19:36:57.113+0000] {processor.py:914} INFO - Processing file /opt/airflow/dags/weather_scrape_dag.py for tasks to queue
[2026-07-10T19:36:57.117+0000] {logging_mixin.py:190} INFO - [2026-07-10T19:36:57.116+0000] {dagbag.py:588} INFO - Filling up the DagBag from /opt/airflow/dags/weather_scrape_dag.py
[2026-07-10T19:36:57.139+0000] {processor.py:925} INFO - DAG(s) 'weather_scrape_and_load' retrieved from /opt/airflow/dags/weather_scrape_dag.py
[2026-07-10T19:36:57.188+0000] {logging_mixin.py:190} INFO - [2026-07-10T19:36:57.187+0000] {dag.py:3239} INFO - Sync 1 DAGs
[2026-07-10T19:36:57.235+0000] {logging_mixin.py:190} INFO - [2026-07-10T19:36:57.235+0000] {dag.py:4180} INFO - Setting next_dagrun for weather_scrape_and_load to 2026-07-10 19:00:00+00:00, run_after=2026-07-10 20:00:00+00:00
[2026-07-10T19:36:57.275+0000] {processor.py:208} INFO - Processing /opt/airflow/dags/weather_scrape_dag.py took 0.182 seconds
[2026-07-10T19:37:27.356+0000] {processor.py:186} INFO - Started process (PID=1381) to work on /opt/airflow/dags/weather_scrape_dag.py
[2026-07-10T19:37:27.357+0000] {processor.py:914} INFO - Processing file /opt/airflow/dags/weather_scrape_dag.py for tasks to queue
[2026-07-10T19:37:27.361+0000] {logging_mixin.py:190} INFO - [2026-07-10T19:37:27.360+0000] {dagbag.py:588} INFO - Filling up the DagBag from /opt/airflow/dags/weather_scrape_dag.py
[2026-07-10T19:37:27.383+0000] {processor.py:925} INFO - DAG(s) 'weather_scrape_and_load' retrieved from /opt/airflow/dags/weather_scrape_dag.py
[2026-07-10T19:37:27.454+0000] {logging_mixin.py:190} INFO - [2026-07-10T19:37:27.453+0000] {dag.py:3239} INFO - Sync 1 DAGs
[2026-07-10T19:37:27.514+0000] {logging_mixin.py:190} INFO - [2026-07-10T19:37:27.513+0000] {dag.py:4180} INFO - Setting next_dagrun for weather_scrape_and_load to 2026-07-10 19:00:00+00:00, run_after=2026-07-10 20:00:00+00:00
[2026-07-10T19:37:27.552+0000] {processor.py:208} INFO - Processing /opt/airflow/dags/weather_scrape_dag.py took 0.208 seconds
[2026-07-10T19:37:57.696+0000] {processor.py:186} INFO - Started process (PID=1386) to work on /opt/airflow/dags/weather_scrape_dag.py
[2026-07-10T19:37:57.705+0000] {processor.py:914} INFO - Processing file /opt/airflow/dags/weather_scrape_dag.py for tasks to queue
[2026-07-10T19:37:57.710+0000] {logging_mixin.py:190} INFO - [2026-07-10T19:37:57.709+0000] {dagbag.py:588} INFO - Filling up the DagBag from /opt/airflow/dags/weather_scrape_dag.py
[2026-07-10T19:37:57.733+0000] {processor.py:925} INFO - DAG(s) 'weather_scrape_and_load' retrieved from /opt/airflow/dags/weather_scrape_dag.py
[2026-07-10T19:37:57.790+0000] {logging_mixin.py:190} INFO - [2026-07-10T19:37:57.789+0000] {dag.py:3239} INFO - Sync 1 DAGs
[2026-07-10T19:37:57.843+0000] {logging_mixin.py:190} INFO - [2026-07-10T19:37:57.842+0000] {dag.py:4180} INFO - Setting next_dagrun for weather_scrape_and_load to 2026-07-10 19:00:00+00:00, run_after=2026-07-10 20:00:00+00:00
[2026-07-10T19:37:57.888+0000] {processor.py:208} INFO - Processing /opt/airflow/dags/weather_scrape_dag.py took 0.203 seconds
[2026-07-10T19:38:28.018+0000] {processor.py:186} INFO - Started process (PID=1391) to work on /opt/airflow/dags/weather_scrape_dag.py
[2026-07-10T19:38:28.020+0000] {processor.py:914} INFO - Processing file /opt/airflow/dags/weather_scrape_dag.py for tasks to queue
[2026-07-10T19:38:28.024+0000] {logging_mixin.py:190} INFO - [2026-07-10T19:38:28.023+0000] {dagbag.py:588} INFO - Filling up the DagBag from /opt/airflow/dags/weather_scrape_dag.py
[2026-07-10T19:38:28.044+0000] {processor.py:925} INFO - DAG(s) 'weather_scrape_and_load' retrieved from /opt/airflow/dags/weather_scrape_dag.py
[2026-07-10T19:38:28.094+0000] {logging_mixin.py:190} INFO - [2026-07-10T19:38:28.094+0000] {dag.py:3239} INFO - Sync 1 DAGs
[2026-07-10T19:38:28.145+0000] {logging_mixin.py:190} INFO - [2026-07-10T19:38:28.145+0000] {dag.py:4180} INFO - Setting next_dagrun for weather_scrape_and_load to 2026-07-10 19:00:00+00:00, run_after=2026-07-10 20:00:00+00:00
[2026-07-10T19:38:28.187+0000] {processor.py:208} INFO - Processing /opt/airflow/dags/weather_scrape_dag.py took 0.180 seconds
[2026-07-10T19:38:58.325+0000] {processor.py:186} INFO - Started process (PID=1396) to work on /opt/airflow/dags/weather_scrape_dag.py
[2026-07-10T19:38:58.334+0000] {processor.py:914} INFO - Processing file /opt/airflow/dags/weather_scrape_dag.py for tasks to queue
[2026-07-10T19:38:58.338+0000] {logging_mixin.py:190} INFO - [2026-07-10T19:38:58.337+0000] {dagbag.py:588} INFO - Filling up the DagBag from /opt/airflow/dags/weather_scrape_dag.py
[2026-07-10T19:38:58.359+0000] {processor.py:925} INFO - DAG(s) 'weather_scrape_and_load' retrieved from /opt/airflow/dags/weather_scrape_dag.py
[2026-07-10T19:38:58.407+0000] {logging_mixin.py:190} INFO - [2026-07-10T19:38:58.406+0000] {dag.py:3239} INFO - Sync 1 DAGs
[2026-07-10T19:38:58.454+0000] {logging_mixin.py:190} INFO - [2026-07-10T19:38:58.454+0000] {dag.py:4180} INFO - Setting next_dagrun for weather_scrape_and_load to 2026-07-10 19:00:00+00:00, run_after=2026-07-10 20:00:00+00:00
[2026-07-10T19:38:58.495+0000] {processor.py:208} INFO - Processing /opt/airflow/dags/weather_scrape_dag.py took 0.181 seconds
[2026-07-10T19:39:28.649+0000] {processor.py:186} INFO - Started process (PID=1401) to work on /opt/airflow/dags/weather_scrape_dag.py
[2026-07-10T19:39:28.650+0000] {processor.py:914} INFO - Processing file /opt/airflow/dags/weather_scrape_dag.py for tasks to queue
[2026-07-10T19:39:28.653+0000] {logging_mixin.py:190} INFO - [2026-07-10T19:39:28.653+0000] {dagbag.py:588} INFO - Filling up the DagBag from /opt/airflow/dags/weather_scrape_dag.py
[2026-07-10T19:39:28.676+0000] {processor.py:925} INFO - DAG(s) 'weather_scrape_and_load' retrieved from /opt/airflow/dags/weather_scrape_dag.py
[2026-07-10T19:39:28.727+0000] {logging_mixin.py:190} INFO - [2026-07-10T19:39:28.727+0000] {dag.py:3239} INFO - Sync 1 DAGs
[2026-07-10T19:39:28.779+0000] {logging_mixin.py:190} INFO - [2026-07-10T19:39:28.779+0000] {dag.py:4180} INFO - Setting next_dagrun for weather_scrape_and_load to 2026-07-10 19:00:00+00:00, run_after=2026-07-10 20:00:00+00:00
[2026-07-10T19:39:28.824+0000] {processor.py:208} INFO - Processing /opt/airflow/dags/weather_scrape_dag.py took 0.187 seconds
[2026-07-10T19:39:58.937+0000] {processor.py:186} INFO - Started process (PID=1406) to work on /opt/airflow/dags/weather_scrape_dag.py
[2026-07-10T19:39:58.946+0000] {processor.py:914} INFO - Processing file /opt/airflow/dags/weather_scrape_dag.py for tasks to queue
[2026-07-10T19:39:58.951+0000] {logging_mixin.py:190} INFO - [2026-07-10T19:39:58.950+0000] {dagbag.py:588} INFO - Filling up the DagBag from /opt/airflow/dags/weather_scrape_dag.py
[2026-07-10T19:39:58.976+0000] {processor.py:925} INFO - DAG(s) 'weather_scrape_and_load' retrieved from /opt/airflow/dags/weather_scrape_dag.py
[2026-07-10T19:39:59.033+0000] {logging_mixin.py:190} INFO - [2026-07-10T19:39:59.032+0000] {dag.py:3239} INFO - Sync 1 DAGs
[2026-07-10T19:39:59.091+0000] {logging_mixin.py:190} INFO - [2026-07-10T19:39:59.091+0000] {dag.py:4180} INFO - Setting next_dagrun for weather_scrape_and_load to 2026-07-10 19:00:00+00:00, run_after=2026-07-10 20:00:00+00:00
[2026-07-10T19:39:59.130+0000] {processor.py:208} INFO - Processing /opt/airflow/dags/weather_scrape_dag.py took 0.206 seconds
[2026-07-10T19:40:29.271+0000] {processor.py:186} INFO - Started process (PID=1411) to work on /opt/airflow/dags/weather_scrape_dag.py
[2026-07-10T19:40:29.272+0000] {processor.py:914} INFO - Processing file /opt/airflow/dags/weather_scrape_dag.py for tasks to queue
[2026-07-10T19:40:29.276+0000] {logging_mixin.py:190} INFO - [2026-07-10T19:40:29.275+0000] {dagbag.py:588} INFO - Filling up the DagBag from /opt/airflow/dags/weather_scrape_dag.py
[2026-07-10T19:40:29.297+0000] {processor.py:925} INFO - DAG(s) 'weather_scrape_and_load' retrieved from /opt/airflow/dags/weather_scrape_dag.py
[2026-07-10T19:40:29.347+0000] {logging_mixin.py:190} INFO - [2026-07-10T19:40:29.347+0000] {dag.py:3239} INFO - Sync 1 DAGs
[2026-07-10T19:40:29.397+0000] {logging_mixin.py:190} INFO - [2026-07-10T19:40:29.397+0000] {dag.py:4180} INFO - Setting next_dagrun for weather_scrape_and_load to 2026-07-10 19:00:00+00:00, run_after=2026-07-10 20:00:00+00:00
[2026-07-10T19:40:29.441+0000] {processor.py:208} INFO - Processing /opt/airflow/dags/weather_scrape_dag.py took 0.181 seconds
[2026-07-10T19:40:59.576+0000] {processor.py:186} INFO - Started process (PID=1416) to work on /opt/airflow/dags/weather_scrape_dag.py
[2026-07-10T19:40:59.586+0000] {processor.py:914} INFO - Processing file /opt/airflow/dags/weather_scrape_dag.py for tasks to queue
[2026-07-10T19:40:59.591+0000] {logging_mixin.py:190} INFO - [2026-07-10T19:40:59.590+0000] {dagbag.py:588} INFO - Filling up the DagBag from /opt/airflow/dags/weather_scrape_dag.py
[2026-07-10T19:40:59.619+0000] {processor.py:925} INFO - DAG(s) 'weather_scrape_and_load' retrieved from /opt/airflow/dags/weather_scrape_dag.py
[2026-07-10T19:40:59.674+0000] {logging_mixin.py:190} INFO - [2026-07-10T19:40:59.674+0000] {dag.py:3239} INFO - Sync 1 DAGs
[2026-07-10T19:40:59.725+0000] {logging_mixin.py:190} INFO - [2026-07-10T19:40:59.724+0000] {dag.py:4180} INFO - Setting next_dagrun for weather_scrape_and_load to 2026-07-10 19:00:00+00:00, run_after=2026-07-10 20:00:00+00:00
[2026-07-10T19:40:59.768+0000] {processor.py:208} INFO - Processing /opt/airflow/dags/weather_scrape_dag.py took 0.208 seconds
[2026-07-10T19:41:29.893+0000] {processor.py:186} INFO - Started process (PID=1421) to work on /opt/airflow/dags/weather_scrape_dag.py
[2026-07-10T19:41:29.894+0000] {processor.py:914} INFO - Processing file /opt/airflow/dags/weather_scrape_dag.py for tasks to queue
[2026-07-10T19:41:29.898+0000] {logging_mixin.py:190} INFO - [2026-07-10T19:41:29.897+0000] {dagbag.py:588} INFO - Filling up the DagBag from /opt/airflow/dags/weather_scrape_dag.py
[2026-07-10T19:41:29.925+0000] {processor.py:925} INFO - DAG(s) 'weather_scrape_and_load' retrieved from /opt/airflow/dags/weather_scrape_dag.py
[2026-07-10T19:41:29.984+0000] {logging_mixin.py:190} INFO - [2026-07-10T19:41:29.984+0000] {dag.py:3239} INFO - Sync 1 DAGs
[2026-07-10T19:41:30.043+0000] {logging_mixin.py:190} INFO - [2026-07-10T19:41:30.042+0000] {dag.py:4180} INFO - Setting next_dagrun for weather_scrape_and_load to 2026-07-10 19:00:00+00:00, run_after=2026-07-10 20:00:00+00:00
[2026-07-10T19:41:30.089+0000] {processor.py:208} INFO - Processing /opt/airflow/dags/weather_scrape_dag.py took 0.209 seconds
[2026-07-10T19:42:00.220+0000] {processor.py:186} INFO - Started process (PID=1426) to work on /opt/airflow/dags/weather_scrape_dag.py
[2026-07-10T19:42:00.229+0000] {processor.py:914} INFO - Processing file /opt/airflow/dags/weather_scrape_dag.py for tasks to queue
[2026-07-10T19:42:00.234+0000] {logging_mixin.py:190} INFO - [2026-07-10T19:42:00.233+0000] {dagbag.py:588} INFO - Filling up the DagBag from /opt/airflow/dags/weather_scrape_dag.py
[2026-07-10T19:42:00.255+0000] {processor.py:925} INFO - DAG(s) 'weather_scrape_and_load' retrieved from /opt/airflow/dags/weather_scrape_dag.py
[2026-07-10T19:42:00.305+0000] {logging_mixin.py:190} INFO - [2026-07-10T19:42:00.305+0000] {dag.py:3239} INFO - Sync 1 DAGs
[2026-07-10T19:42:00.353+0000] {logging_mixin.py:190} INFO - [2026-07-10T19:42:00.352+0000] {dag.py:4180} INFO - Setting next_dagrun for weather_scrape_and_load to 2026-07-10 19:00:00+00:00, run_after=2026-07-10 20:00:00+00:00
[2026-07-10T19:42:00.394+0000] {processor.py:208} INFO - Processing /opt/airflow/dags/weather_scrape_dag.py took 0.184 seconds
[2026-07-10T19:42:30.529+0000] {processor.py:186} INFO - Started process (PID=1431) to work on /opt/airflow/dags/weather_scrape_dag.py
[2026-07-10T19:42:30.531+0000] {processor.py:914} INFO - Processing file /opt/airflow/dags/weather_scrape_dag.py for tasks to queue
[2026-07-10T19:42:30.535+0000] {logging_mixin.py:190} INFO - [2026-07-10T19:42:30.534+0000] {dagbag.py:588} INFO - Filling up the DagBag from /opt/airflow/dags/weather_scrape_dag.py
[2026-07-10T19:42:30.556+0000] {processor.py:925} INFO - DAG(s) 'weather_scrape_and_load' retrieved from /opt/airflow/dags/weather_scrape_dag.py
[2026-07-10T19:42:30.606+0000] {logging_mixin.py:190} INFO - [2026-07-10T19:42:30.606+0000] {dag.py:3239} INFO - Sync 1 DAGs
[2026-07-10T19:42:30.654+0000] {logging_mixin.py:190} INFO - [2026-07-10T19:42:30.654+0000] {dag.py:4180} INFO - Setting next_dagrun for weather_scrape_and_load to 2026-07-10 19:00:00+00:00, run_after=2026-07-10 20:00:00+00:00
[2026-07-10T19:42:30.695+0000] {processor.py:208} INFO - Processing /opt/airflow/dags/weather_scrape_dag.py took 0.176 seconds
[2026-07-10T19:43:00.830+0000] {processor.py:186} INFO - Started process (PID=1436) to work on /opt/airflow/dags/weather_scrape_dag.py
[2026-07-10T19:43:00.839+0000] {processor.py:914} INFO - Processing file /opt/airflow/dags/weather_scrape_dag.py for tasks to queue
[2026-07-10T19:43:00.844+0000] {logging_mixin.py:190} INFO - [2026-07-10T19:43:00.843+0000] {dagbag.py:588} INFO - Filling up the DagBag from /opt/airflow/dags/weather_scrape_dag.py
[2026-07-10T19:43:00.865+0000] {processor.py:925} INFO - DAG(s) 'weather_scrape_and_load' retrieved from /opt/airflow/dags/weather_scrape_dag.py
[2026-07-10T19:43:00.915+0000] {logging_mixin.py:190} INFO - [2026-07-10T19:43:00.914+0000] {dag.py:3239} INFO - Sync 1 DAGs
[2026-07-10T19:43:00.962+0000] {logging_mixin.py:190} INFO - [2026-07-10T19:43:00.962+0000] {dag.py:4180} INFO - Setting next_dagrun for weather_scrape_and_load to 2026-07-10 19:00:00+00:00, run_after=2026-07-10 20:00:00+00:00
[2026-07-10T19:43:01.007+0000] {processor.py:208} INFO - Processing /opt/airflow/dags/weather_scrape_dag.py took 0.188 seconds
[2026-07-10T19:43:31.141+0000] {processor.py:186} INFO - Started process (PID=1441) to work on /opt/airflow/dags/weather_scrape_dag.py
[2026-07-10T19:43:31.142+0000] {processor.py:914} INFO - Processing file /opt/airflow/dags/weather_scrape_dag.py for tasks to queue
[2026-07-10T19:43:31.147+0000] {logging_mixin.py:190} INFO - [2026-07-10T19:43:31.146+0000] {dagbag.py:588} INFO - Filling up the DagBag from /opt/airflow/dags/weather_scrape_dag.py
[2026-07-10T19:43:31.168+0000] {processor.py:925} INFO - DAG(s) 'weather_scrape_and_load' retrieved from /opt/airflow/dags/weather_scrape_dag.py
[2026-07-10T19:43:31.216+0000] {logging_mixin.py:190} INFO - [2026-07-10T19:43:31.216+0000] {dag.py:3239} INFO - Sync 1 DAGs
[2026-07-10T19:43:31.264+0000] {logging_mixin.py:190} INFO - [2026-07-10T19:43:31.264+0000] {dag.py:4180} INFO - Setting next_dagrun for weather_scrape_and_load to 2026-07-10 19:00:00+00:00, run_after=2026-07-10 20:00:00+00:00
[2026-07-10T19:43:31.301+0000] {processor.py:208} INFO - Processing /opt/airflow/dags/weather_scrape_dag.py took 0.172 seconds
[2026-07-10T19:44:01.449+0000] {processor.py:186} INFO - Started process (PID=1446) to work on /opt/airflow/dags/weather_scrape_dag.py
[2026-07-10T19:44:01.458+0000] {processor.py:914} INFO - Processing file /opt/airflow/dags/weather_scrape_dag.py for tasks to queue
[2026-07-10T19:44:01.462+0000] {logging_mixin.py:190} INFO - [2026-07-10T19:44:01.462+0000] {dagbag.py:588} INFO - Filling up the DagBag from /opt/airflow/dags/weather_scrape_dag.py
[2026-07-10T19:44:01.483+0000] {processor.py:925} INFO - DAG(s) 'weather_scrape_and_load' retrieved from /opt/airflow/dags/weather_scrape_dag.py
[2026-07-10T19:44:01.534+0000] {logging_mixin.py:190} INFO - [2026-07-10T19:44:01.533+0000] {dag.py:3239} INFO - Sync 1 DAGs
[2026-07-10T19:44:01.581+0000] {logging_mixin.py:190} INFO - [2026-07-10T19:44:01.580+0000] {dag.py:4180} INFO - Setting next_dagrun for weather_scrape_and_load to 2026-07-10 19:00:00+00:00, run_after=2026-07-10 20:00:00+00:00
[2026-07-10T19:44:01.622+0000] {processor.py:208} INFO - Processing /opt/airflow/dags/weather_scrape_dag.py took 0.185 seconds
[2026-07-10T19:44:31.765+0000] {processor.py:186} INFO - Started process (PID=1451) to work on /opt/airflow/dags/weather_scrape_dag.py
[2026-07-10T19:44:31.766+0000] {processor.py:914} INFO - Processing file /opt/airflow/dags/weather_scrape_dag.py for tasks to queue
[2026-07-10T19:44:31.770+0000] {logging_mixin.py:190} INFO - [2026-07-10T19:44:31.769+0000] {dagbag.py:588} INFO - Filling up the DagBag from /opt/airflow/dags/weather_scrape_dag.py
[2026-07-10T19:44:31.793+0000] {processor.py:925} INFO - DAG(s) 'weather_scrape_and_load' retrieved from /opt/airflow/dags/weather_scrape_dag.py
[2026-07-10T19:44:31.845+0000] {logging_mixin.py:190} INFO - [2026-07-10T19:44:31.844+0000] {dag.py:3239} INFO - Sync 1 DAGs
[2026-07-10T19:44:31.894+0000] {logging_mixin.py:190} INFO - [2026-07-10T19:44:31.893+0000] {dag.py:4180} INFO - Setting next_dagrun for weather_scrape_and_load to 2026-07-10 19:00:00+00:00, run_after=2026-07-10 20:00:00+00:00
[2026-07-10T19:44:31.935+0000] {processor.py:208} INFO - Processing /opt/airflow/dags/weather_scrape_dag.py took 0.181 seconds
[2026-07-10T19:45:02.069+0000] {processor.py:186} INFO - Started process (PID=1456) to work on /opt/airflow/dags/weather_scrape_dag.py
[2026-07-10T19:45:02.071+0000] {processor.py:914} INFO - Processing file /opt/airflow/dags/weather_scrape_dag.py for tasks to queue
[2026-07-10T19:45:02.074+0000] {logging_mixin.py:190} INFO - [2026-07-10T19:45:02.074+0000] {dagbag.py:588} INFO - Filling up the DagBag from /opt/airflow/dags/weather_scrape_dag.py
[2026-07-10T19:45:02.095+0000] {processor.py:925} INFO - DAG(s) 'weather_scrape_and_load' retrieved from /opt/airflow/dags/weather_scrape_dag.py
[2026-07-10T19:45:02.146+0000] {logging_mixin.py:190} INFO - [2026-07-10T19:45:02.146+0000] {dag.py:3239} INFO - Sync 1 DAGs
[2026-07-10T19:45:02.194+0000] {logging_mixin.py:190} INFO - [2026-07-10T19:45:02.193+0000] {dag.py:4180} INFO - Setting next_dagrun for weather_scrape_and_load to 2026-07-10 19:00:00+00:00, run_after=2026-07-10 20:00:00+00:00
[2026-07-10T19:45:02.235+0000] {processor.py:208} INFO - Processing /opt/airflow/dags/weather_scrape_dag.py took 0.176 seconds
[2026-07-10T19:45:32.378+0000] {processor.py:186} INFO - Started process (PID=1461) to work on /opt/airflow/dags/weather_scrape_dag.py
[2026-07-10T19:45:32.386+0000] {processor.py:914} INFO - Processing file /opt/airflow/dags/weather_scrape_dag.py for tasks to queue
[2026-07-10T19:45:32.390+0000] {logging_mixin.py:190} INFO - [2026-07-10T19:45:32.389+0000] {dagbag.py:588} INFO - Filling up the DagBag from /opt/airflow/dags/weather_scrape_dag.py
[2026-07-10T19:45:32.412+0000] {processor.py:925} INFO - DAG(s) 'weather_scrape_and_load' retrieved from /opt/airflow/dags/weather_scrape_dag.py
[2026-07-10T19:45:32.464+0000] {logging_mixin.py:190} INFO - [2026-07-10T19:45:32.463+0000] {dag.py:3239} INFO - Sync 1 DAGs
[2026-07-10T19:45:32.518+0000] {logging_mixin.py:190} INFO - [2026-07-10T19:45:32.517+0000] {dag.py:4180} INFO - Setting next_dagrun for weather_scrape_and_load to 2026-07-10 19:00:00+00:00, run_after=2026-07-10 20:00:00+00:00
[2026-07-10T19:45:32.560+0000] {processor.py:208} INFO - Processing /opt/airflow/dags/weather_scrape_dag.py took 0.194 seconds
[2026-07-10T19:46:02.686+0000] {processor.py:186} INFO - Started process (PID=1466) to work on /opt/airflow/dags/weather_scrape_dag.py
[2026-07-10T19:46:02.687+0000] {processor.py:914} INFO - Processing file /opt/airflow/dags/weather_scrape_dag.py for tasks to queue
[2026-07-10T19:46:02.691+0000] {logging_mixin.py:190} INFO - [2026-07-10T19:46:02.690+0000] {dagbag.py:588} INFO - Filling up the DagBag from /opt/airflow/dags/weather_scrape_dag.py
[2026-07-10T19:46:02.712+0000] {processor.py:925} INFO - DAG(s) 'weather_scrape_and_load' retrieved from /opt/airflow/dags/weather_scrape_dag.py
[2026-07-10T19:46:02.763+0000] {logging_mixin.py:190} INFO - [2026-07-10T19:46:02.763+0000] {dag.py:3239} INFO - Sync 1 DAGs
[2026-07-10T19:46:02.813+0000] {logging_mixin.py:190} INFO - [2026-07-10T19:46:02.813+0000] {dag.py:4180} INFO - Setting next_dagrun for weather_scrape_and_load to 2026-07-10 19:00:00+00:00, run_after=2026-07-10 20:00:00+00:00
[2026-07-10T19:46:02.856+0000] {processor.py:208} INFO - Processing /opt/airflow/dags/weather_scrape_dag.py took 0.181 seconds
[2026-07-10T19:46:33.001+0000] {processor.py:186} INFO - Started process (PID=1471) to work on /opt/airflow/dags/weather_scrape_dag.py
[2026-07-10T19:46:33.010+0000] {processor.py:914} INFO - Processing file /opt/airflow/dags/weather_scrape_dag.py for tasks to queue
[2026-07-10T19:46:33.014+0000] {logging_mixin.py:190} INFO - [2026-07-10T19:46:33.014+0000] {dagbag.py:588} INFO - Filling up the DagBag from /opt/airflow/dags/weather_scrape_dag.py
[2026-07-10T19:46:33.036+0000] {processor.py:925} INFO - DAG(s) 'weather_scrape_and_load' retrieved from /opt/airflow/dags/weather_scrape_dag.py
[2026-07-10T19:46:33.090+0000] {logging_mixin.py:190} INFO - [2026-07-10T19:46:33.090+0000] {dag.py:3239} INFO - Sync 1 DAGs
[2026-07-10T19:46:33.146+0000] {logging_mixin.py:190} INFO - [2026-07-10T19:46:33.145+0000] {dag.py:4180} INFO - Setting next_dagrun for weather_scrape_and_load to 2026-07-10 19:00:00+00:00, run_after=2026-07-10 20:00:00+00:00
[2026-07-10T19:46:33.192+0000] {processor.py:208} INFO - Processing /opt/airflow/dags/weather_scrape_dag.py took 0.204 seconds
[2026-07-10T19:47:03.309+0000] {processor.py:186} INFO - Started process (PID=1476) to work on /opt/airflow/dags/weather_scrape_dag.py
[2026-07-10T19:47:03.311+0000] {processor.py:914} INFO - Processing file /opt/airflow/dags/weather_scrape_dag.py for tasks to queue
[2026-07-10T19:47:03.317+0000] {logging_mixin.py:190} INFO - [2026-07-10T19:47:03.316+0000] {dagbag.py:588} INFO - Filling up the DagBag from /opt/airflow/dags/weather_scrape_dag.py
[2026-07-10T19:47:03.339+0000] {processor.py:925} INFO - DAG(s) 'weather_scrape_and_load' retrieved from /opt/airflow/dags/weather_scrape_dag.py
[2026-07-10T19:47:03.390+0000] {logging_mixin.py:190} INFO - [2026-07-10T19:47:03.390+0000] {dag.py:3239} INFO - Sync 1 DAGs
[2026-07-10T19:47:03.454+0000] {logging_mixin.py:190} INFO - [2026-07-10T19:47:03.453+0000] {dag.py:4180} INFO - Setting next_dagrun for weather_scrape_and_load to 2026-07-10 19:00:00+00:00, run_after=2026-07-10 20:00:00+00:00
[2026-07-10T19:47:03.499+0000] {processor.py:208} INFO - Processing /opt/airflow/dags/weather_scrape_dag.py took 0.202 seconds
[2026-07-10T19:47:33.626+0000] {processor.py:186} INFO - Started process (PID=1481) to work on /opt/airflow/dags/weather_scrape_dag.py
[2026-07-10T19:47:33.627+0000] {processor.py:914} INFO - Processing file /opt/airflow/dags/weather_scrape_dag.py for tasks to queue
[2026-07-10T19:47:33.632+0000] {logging_mixin.py:190} INFO - [2026-07-10T19:47:33.631+0000] {dagbag.py:588} INFO - Filling up the DagBag from /opt/airflow/dags/weather_scrape_dag.py
[2026-07-10T19:47:33.653+0000] {processor.py:925} INFO - DAG(s) 'weather_scrape_and_load' retrieved from /opt/airflow/dags/weather_scrape_dag.py
[2026-07-10T19:47:33.705+0000] {logging_mixin.py:190} INFO - [2026-07-10T19:47:33.704+0000] {dag.py:3239} INFO - Sync 1 DAGs
[2026-07-10T19:47:33.753+0000] {logging_mixin.py:190} INFO - [2026-07-10T19:47:33.753+0000] {dag.py:4180} INFO - Setting next_dagrun for weather_scrape_and_load to 2026-07-10 19:00:00+00:00, run_after=2026-07-10 20:00:00+00:00
[2026-07-10T19:47:33.794+0000] {processor.py:208} INFO - Processing /opt/airflow/dags/weather_scrape_dag.py took 0.179 seconds
[2026-07-10T19:48:03.943+0000] {processor.py:186} INFO - Started process (PID=1486) to work on /opt/airflow/dags/weather_scrape_dag.py
[2026-07-10T19:48:03.945+0000] {processor.py:914} INFO - Processing file /opt/airflow/dags/weather_scrape_dag.py for tasks to queue
[2026-07-10T19:48:03.948+0000] {logging_mixin.py:190} INFO - [2026-07-10T19:48:03.948+0000] {dagbag.py:588} INFO - Filling up the DagBag from /opt/airflow/dags/weather_scrape_dag.py
[2026-07-10T19:48:03.970+0000] {processor.py:925} INFO - DAG(s) 'weather_scrape_and_load' retrieved from /opt/airflow/dags/weather_scrape_dag.py
[2026-07-10T19:48:04.022+0000] {logging_mixin.py:190} INFO - [2026-07-10T19:48:04.021+0000] {dag.py:3239} INFO - Sync 1 DAGs
[2026-07-10T19:48:04.071+0000] {logging_mixin.py:190} INFO - [2026-07-10T19:48:04.070+0000] {dag.py:4180} INFO - Setting next_dagrun for weather_scrape_and_load to 2026-07-10 19:00:00+00:00, run_after=2026-07-10 20:00:00+00:00
[2026-07-10T19:48:04.106+0000] {processor.py:208} INFO - Processing /opt/airflow/dags/weather_scrape_dag.py took 0.176 seconds
[2026-07-10T19:48:34.242+0000] {processor.py:186} INFO - Started process (PID=1491) to work on /opt/airflow/dags/weather_scrape_dag.py
[2026-07-10T19:48:34.251+0000] {processor.py:914} INFO - Processing file /opt/airflow/dags/weather_scrape_dag.py for tasks to queue
[2026-07-10T19:48:34.255+0000] {logging_mixin.py:190} INFO - [2026-07-10T19:48:34.254+0000] {dagbag.py:588} INFO - Filling up the DagBag from /opt/airflow/dags/weather_scrape_dag.py
[2026-07-10T19:48:34.276+0000] {processor.py:925} INFO - DAG(s) 'weather_scrape_and_load' retrieved from /opt/airflow/dags/weather_scrape_dag.py
[2026-07-10T19:48:34.333+0000] {logging_mixin.py:190} INFO - [2026-07-10T19:48:34.332+0000] {dag.py:3239} INFO - Sync 1 DAGs
[2026-07-10T19:48:34.382+0000] {logging_mixin.py:190} INFO - [2026-07-10T19:48:34.382+0000] {dag.py:4180} INFO - Setting next_dagrun for weather_scrape_and_load to 2026-07-10 19:00:00+00:00, run_after=2026-07-10 20:00:00+00:00
[2026-07-10T19:48:34.417+0000] {processor.py:208} INFO - Processing /opt/airflow/dags/weather_scrape_dag.py took 0.186 seconds
[2026-07-10T19:49:04.543+0000] {processor.py:186} INFO - Started process (PID=1496) to work on /opt/airflow/dags/weather_scrape_dag.py
[2026-07-10T19:49:04.544+0000] {processor.py:914} INFO - Processing file /opt/airflow/dags/weather_scrape_dag.py for tasks to queue
[2026-07-10T19:49:04.547+0000] {logging_mixin.py:190} INFO - [2026-07-10T19:49:04.547+0000] {dagbag.py:588} INFO - Filling up the DagBag from /opt/airflow/dags/weather_scrape_dag.py
[2026-07-10T19:49:04.569+0000] {processor.py:925} INFO - DAG(s) 'weather_scrape_and_load' retrieved from /opt/airflow/dags/weather_scrape_dag.py
[2026-07-10T19:49:04.620+0000] {logging_mixin.py:190} INFO - [2026-07-10T19:49:04.620+0000] {dag.py:3239} INFO - Sync 1 DAGs
[2026-07-10T19:49:04.667+0000] {logging_mixin.py:190} INFO - [2026-07-10T19:49:04.667+0000] {dag.py:4180} INFO - Setting next_dagrun for weather_scrape_and_load to 2026-07-10 19:00:00+00:00, run_after=2026-07-10 20:00:00+00:00
[2026-07-10T19:49:04.702+0000] {processor.py:208} INFO - Processing /opt/airflow/dags/weather_scrape_dag.py took 0.172 seconds
[2026-07-10T19:49:34.888+0000] {processor.py:186} INFO - Started process (PID=1501) to work on /opt/airflow/dags/weather_scrape_dag.py
[2026-07-10T19:49:34.889+0000] {processor.py:914} INFO - Processing file /opt/airflow/dags/weather_scrape_dag.py for tasks to queue
[2026-07-10T19:49:34.893+0000] {logging_mixin.py:190} INFO - [2026-07-10T19:49:34.892+0000] {dagbag.py:588} INFO - Filling up the DagBag from /opt/airflow/dags/weather_scrape_dag.py
[2026-07-10T19:49:34.915+0000] {processor.py:925} INFO - DAG(s) 'weather_scrape_and_load' retrieved from /opt/airflow/dags/weather_scrape_dag.py
[2026-07-10T19:49:34.966+0000] {logging_mixin.py:190} INFO - [2026-07-10T19:49:34.966+0000] {dag.py:3239} INFO - Sync 1 DAGs
[2026-07-10T19:49:35.015+0000] {logging_mixin.py:190} INFO - [2026-07-10T19:49:35.014+0000] {dag.py:4180} INFO - Setting next_dagrun for weather_scrape_and_load to 2026-07-10 19:00:00+00:00, run_after=2026-07-10 20:00:00+00:00
[2026-07-10T19:49:35.056+0000] {processor.py:208} INFO - Processing /opt/airflow/dags/weather_scrape_dag.py took 0.180 seconds
[2026-07-10T19:50:05.140+0000] {processor.py:186} INFO - Started process (PID=1506) to work on /opt/airflow/dags/weather_scrape_dag.py
[2026-07-10T19:50:05.144+0000] {processor.py:914} INFO - Processing file /opt/airflow/dags/weather_scrape_dag.py for tasks to queue
[2026-07-10T19:50:05.148+0000] {logging_mixin.py:190} INFO - [2026-07-10T19:50:05.147+0000] {dagbag.py:588} INFO - Filling up the DagBag from /opt/airflow/dags/weather_scrape_dag.py
[2026-07-10T19:50:05.168+0000] {processor.py:925} INFO - DAG(s) 'weather_scrape_and_load' retrieved from /opt/airflow/dags/weather_scrape_dag.py
[2026-07-10T19:50:05.219+0000] {logging_mixin.py:190} INFO - [2026-07-10T19:50:05.218+0000] {dag.py:3239} INFO - Sync 1 DAGs
[2026-07-10T19:50:05.279+0000] {logging_mixin.py:190} INFO - [2026-07-10T19:50:05.278+0000] {dag.py:4180} INFO - Setting next_dagrun for weather_scrape_and_load to 2026-07-10 19:00:00+00:00, run_after=2026-07-10 20:00:00+00:00
[2026-07-10T19:50:05.321+0000] {processor.py:208} INFO - Processing /opt/airflow/dags/weather_scrape_dag.py took 0.192 seconds
[2026-07-10T19:50:35.506+0000] {processor.py:186} INFO - Started process (PID=1511) to work on /opt/airflow/dags/weather_scrape_dag.py
[2026-07-10T19:50:35.508+0000] {processor.py:914} INFO - Processing file /opt/airflow/dags/weather_scrape_dag.py for tasks to queue
[2026-07-10T19:50:35.514+0000] {logging_mixin.py:190} INFO - [2026-07-10T19:50:35.513+0000] {dagbag.py:588} INFO - Filling up the DagBag from /opt/airflow/dags/weather_scrape_dag.py
[2026-07-10T19:50:35.541+0000] {processor.py:925} INFO - DAG(s) 'weather_scrape_and_load' retrieved from /opt/airflow/dags/weather_scrape_dag.py
[2026-07-10T19:50:35.597+0000] {logging_mixin.py:190} INFO - [2026-07-10T19:50:35.597+0000] {dag.py:3239} INFO - Sync 1 DAGs
[2026-07-10T19:50:35.653+0000] {logging_mixin.py:190} INFO - [2026-07-10T19:50:35.653+0000] {dag.py:4180} INFO - Setting next_dagrun for weather_scrape_and_load to 2026-07-10 19:00:00+00:00, run_after=2026-07-10 20:00:00+00:00
[2026-07-10T19:50:35.699+0000] {processor.py:208} INFO - Processing /opt/airflow/dags/weather_scrape_dag.py took 0.206 seconds
[2026-07-10T19:51:05.936+0000] {processor.py:186} INFO - Started process (PID=1516) to work on /opt/airflow/dags/weather_scrape_dag.py
[2026-07-10T19:51:05.937+0000] {processor.py:914} INFO - Processing file /opt/airflow/dags/weather_scrape_dag.py for tasks to queue
[2026-07-10T19:51:05.942+0000] {logging_mixin.py:190} INFO - [2026-07-10T19:51:05.941+0000] {dagbag.py:588} INFO - Filling up the DagBag from /opt/airflow/dags/weather_scrape_dag.py
[2026-07-10T19:51:05.964+0000] {processor.py:925} INFO - DAG(s) 'weather_scrape_and_load' retrieved from /opt/airflow/dags/weather_scrape_dag.py
[2026-07-10T19:51:06.014+0000] {logging_mixin.py:190} INFO - [2026-07-10T19:51:06.014+0000] {dag.py:3239} INFO - Sync 1 DAGs
[2026-07-10T19:51:06.062+0000] {logging_mixin.py:190} INFO - [2026-07-10T19:51:06.061+0000] {dag.py:4180} INFO - Setting next_dagrun for weather_scrape_and_load to 2026-07-10 19:00:00+00:00, run_after=2026-07-10 20:00:00+00:00
[2026-07-10T19:51:06.102+0000] {processor.py:208} INFO - Processing /opt/airflow/dags/weather_scrape_dag.py took 0.177 seconds
[2026-07-10T19:51:36.342+0000] {processor.py:186} INFO - Started process (PID=1521) to work on /opt/airflow/dags/weather_scrape_dag.py
[2026-07-10T19:51:36.343+0000] {processor.py:914} INFO - Processing file /opt/airflow/dags/weather_scrape_dag.py for tasks to queue
[2026-07-10T19:51:36.348+0000] {logging_mixin.py:190} INFO - [2026-07-10T19:51:36.348+0000] {dagbag.py:588} INFO - Filling up the DagBag from /opt/airflow/dags/weather_scrape_dag.py
[2026-07-10T19:51:36.370+0000] {processor.py:925} INFO - DAG(s) 'weather_scrape_and_load' retrieved from /opt/airflow/dags/weather_scrape_dag.py
[2026-07-10T19:51:36.425+0000] {logging_mixin.py:190} INFO - [2026-07-10T19:51:36.424+0000] {dag.py:3239} INFO - Sync 1 DAGs
[2026-07-10T19:51:36.474+0000] {logging_mixin.py:190} INFO - [2026-07-10T19:51:36.473+0000] {dag.py:4180} INFO - Setting next_dagrun for weather_scrape_and_load to 2026-07-10 19:00:00+00:00, run_after=2026-07-10 20:00:00+00:00
[2026-07-10T19:51:36.516+0000] {processor.py:208} INFO - Processing /opt/airflow/dags/weather_scrape_dag.py took 0.185 seconds
[2026-07-10T19:52:06.775+0000] {processor.py:186} INFO - Started process (PID=1526) to work on /opt/airflow/dags/weather_scrape_dag.py
[2026-07-10T19:52:06.784+0000] {processor.py:914} INFO - Processing file /opt/airflow/dags/weather_scrape_dag.py for tasks to queue
[2026-07-10T19:52:06.788+0000] {logging_mixin.py:190} INFO - [2026-07-10T19:52:06.787+0000] {dagbag.py:588} INFO - Filling up the DagBag from /opt/airflow/dags/weather_scrape_dag.py
[2026-07-10T19:52:06.811+0000] {processor.py:925} INFO - DAG(s) 'weather_scrape_and_load' retrieved from /opt/airflow/dags/weather_scrape_dag.py
[2026-07-10T19:52:06.861+0000] {logging_mixin.py:190} INFO - [2026-07-10T19:52:06.861+0000] {dag.py:3239} INFO - Sync 1 DAGs
[2026-07-10T19:52:06.913+0000] {logging_mixin.py:190} INFO - [2026-07-10T19:52:06.913+0000] {dag.py:4180} INFO - Setting next_dagrun for weather_scrape_and_load to 2026-07-10 19:00:00+00:00, run_after=2026-07-10 20:00:00+00:00
[2026-07-10T19:52:06.978+0000] {processor.py:208} INFO - Processing /opt/airflow/dags/weather_scrape_dag.py took 0.216 seconds
[2026-07-10T19:52:37.231+0000] {processor.py:186} INFO - Started process (PID=1531) to work on /opt/airflow/dags/weather_scrape_dag.py
[2026-07-10T19:52:37.232+0000] {processor.py:914} INFO - Processing file /opt/airflow/dags/weather_scrape_dag.py for tasks to queue
[2026-07-10T19:52:37.237+0000] {logging_mixin.py:190} INFO - [2026-07-10T19:52:37.236+0000] {dagbag.py:588} INFO - Filling up the DagBag from /opt/airflow/dags/weather_scrape_dag.py
[2026-07-10T19:52:37.259+0000] {processor.py:925} INFO - DAG(s) 'weather_scrape_and_load' retrieved from /opt/airflow/dags/weather_scrape_dag.py
[2026-07-10T19:52:37.309+0000] {logging_mixin.py:190} INFO - [2026-07-10T19:52:37.308+0000] {dag.py:3239} INFO - Sync 1 DAGs
[2026-07-10T19:52:37.356+0000] {logging_mixin.py:190} INFO - [2026-07-10T19:52:37.355+0000] {dag.py:4180} INFO - Setting next_dagrun for weather_scrape_and_load to 2026-07-10 19:00:00+00:00, run_after=2026-07-10 20:00:00+00:00
[2026-07-10T19:52:37.405+0000] {processor.py:208} INFO - Processing /opt/airflow/dags/weather_scrape_dag.py took 0.186 seconds
[2026-07-10T19:53:07.646+0000] {processor.py:186} INFO - Started process (PID=1536) to work on /opt/airflow/dags/weather_scrape_dag.py
[2026-07-10T19:53:07.648+0000] {processor.py:914} INFO - Processing file /opt/airflow/dags/weather_scrape_dag.py for tasks to queue
[2026-07-10T19:53:07.652+0000] {logging_mixin.py:190} INFO - [2026-07-10T19:53:07.652+0000] {dagbag.py:588} INFO - Filling up the DagBag from /opt/airflow/dags/weather_scrape_dag.py
[2026-07-10T19:53:07.674+0000] {processor.py:925} INFO - DAG(s) 'weather_scrape_and_load' retrieved from /opt/airflow/dags/weather_scrape_dag.py
[2026-07-10T19:53:07.731+0000] {logging_mixin.py:190} INFO - [2026-07-10T19:53:07.730+0000] {dag.py:3239} INFO - Sync 1 DAGs
[2026-07-10T19:53:07.782+0000] {logging_mixin.py:190} INFO - [2026-07-10T19:53:07.782+0000] {dag.py:4180} INFO - Setting next_dagrun for weather_scrape_and_load to 2026-07-10 19:00:00+00:00, run_after=2026-07-10 20:00:00+00:00
[2026-07-10T19:53:07.826+0000] {processor.py:208} INFO - Processing /opt/airflow/dags/weather_scrape_dag.py took 0.191 seconds
[2026-07-10T19:53:38.071+0000] {processor.py:186} INFO - Started process (PID=1541) to work on /opt/airflow/dags/weather_scrape_dag.py
[2026-07-10T19:53:38.072+0000] {processor.py:914} INFO - Processing file /opt/airflow/dags/weather_scrape_dag.py for tasks to queue
[2026-07-10T19:53:38.076+0000] {logging_mixin.py:190} INFO - [2026-07-10T19:53:38.075+0000] {dagbag.py:588} INFO - Filling up the DagBag from /opt/airflow/dags/weather_scrape_dag.py
[2026-07-10T19:53:38.098+0000] {processor.py:925} INFO - DAG(s) 'weather_scrape_and_load' retrieved from /opt/airflow/dags/weather_scrape_dag.py
[2026-07-10T19:53:38.149+0000] {logging_mixin.py:190} INFO - [2026-07-10T19:53:38.148+0000] {dag.py:3239} INFO - Sync 1 DAGs
[2026-07-10T19:53:38.199+0000] {logging_mixin.py:190} INFO - [2026-07-10T19:53:38.198+0000] {dag.py:4180} INFO - Setting next_dagrun for weather_scrape_and_load to 2026-07-10 19:00:00+00:00, run_after=2026-07-10 20:00:00+00:00
[2026-07-10T19:53:38.241+0000] {processor.py:208} INFO - Processing /opt/airflow/dags/weather_scrape_dag.py took 0.182 seconds
[2026-07-10T19:54:08.483+0000] {processor.py:186} INFO - Started process (PID=1546) to work on /opt/airflow/dags/weather_scrape_dag.py
[2026-07-10T19:54:08.492+0000] {processor.py:914} INFO - Processing file /opt/airflow/dags/weather_scrape_dag.py for tasks to queue
[2026-07-10T19:54:08.496+0000] {logging_mixin.py:190} INFO - [2026-07-10T19:54:08.496+0000] {dagbag.py:588} INFO - Filling up the DagBag from /opt/airflow/dags/weather_scrape_dag.py
[2026-07-10T19:54:08.519+0000] {processor.py:925} INFO - DAG(s) 'weather_scrape_and_load' retrieved from /opt/airflow/dags/weather_scrape_dag.py
[2026-07-10T19:54:08.572+0000] {logging_mixin.py:190} INFO - [2026-07-10T19:54:08.571+0000] {dag.py:3239} INFO - Sync 1 DAGs
[2026-07-10T19:54:08.621+0000] {logging_mixin.py:190} INFO - [2026-07-10T19:54:08.620+0000] {dag.py:4180} INFO - Setting next_dagrun for weather_scrape_and_load to 2026-07-10 19:00:00+00:00, run_after=2026-07-10 20:00:00+00:00
[2026-07-10T19:54:08.666+0000] {processor.py:208} INFO - Processing /opt/airflow/dags/weather_scrape_dag.py took 0.193 seconds
[2026-07-10T19:54:38.932+0000] {processor.py:186} INFO - Started process (PID=1551) to work on /opt/airflow/dags/weather_scrape_dag.py
[2026-07-10T19:54:38.933+0000] {processor.py:914} INFO - Processing file /opt/airflow/dags/weather_scrape_dag.py for tasks to queue
[2026-07-10T19:54:38.938+0000] {logging_mixin.py:190} INFO - [2026-07-10T19:54:38.938+0000] {dagbag.py:588} INFO - Filling up the DagBag from /opt/airflow/dags/weather_scrape_dag.py
[2026-07-10T19:54:38.962+0000] {processor.py:925} INFO - DAG(s) 'weather_scrape_and_load' retrieved from /opt/airflow/dags/weather_scrape_dag.py
[2026-07-10T19:54:39.017+0000] {logging_mixin.py:190} INFO - [2026-07-10T19:54:39.016+0000] {dag.py:3239} INFO - Sync 1 DAGs
[2026-07-10T19:54:39.070+0000] {logging_mixin.py:190} INFO - [2026-07-10T19:54:39.069+0000] {dag.py:4180} INFO - Setting next_dagrun for weather_scrape_and_load to 2026-07-10 19:00:00+00:00, run_after=2026-07-10 20:00:00+00:00
[2026-07-10T19:54:39.109+0000] {processor.py:208} INFO - Processing /opt/airflow/dags/weather_scrape_dag.py took 0.189 seconds
[2026-07-10T19:55:09.354+0000] {processor.py:186} INFO - Started process (PID=1556) to work on /opt/airflow/dags/weather_scrape_dag.py
[2026-07-10T19:55:09.356+0000] {processor.py:914} INFO - Processing file /opt/airflow/dags/weather_scrape_dag.py for tasks to queue
[2026-07-10T19:55:09.360+0000] {logging_mixin.py:190} INFO - [2026-07-10T19:55:09.359+0000] {dagbag.py:588} INFO - Filling up the DagBag from /opt/airflow/dags/weather_scrape_dag.py
[2026-07-10T19:55:09.381+0000] {processor.py:925} INFO - DAG(s) 'weather_scrape_and_load' retrieved from /opt/airflow/dags/weather_scrape_dag.py
[2026-07-10T19:55:09.436+0000] {logging_mixin.py:190} INFO - [2026-07-10T19:55:09.435+0000] {dag.py:3239} INFO - Sync 1 DAGs
[2026-07-10T19:55:09.480+0000] {logging_mixin.py:190} INFO - [2026-07-10T19:55:09.480+0000] {dag.py:4180} INFO - Setting next_dagrun for weather_scrape_and_load to 2026-07-10 19:00:00+00:00, run_after=2026-07-10 20:00:00+00:00
[2026-07-10T19:55:09.512+0000] {processor.py:208} INFO - Processing /opt/airflow/dags/weather_scrape_dag.py took 0.168 seconds
[2026-07-10T19:55:39.570+0000] {processor.py:186} INFO - Started process (PID=1561) to work on /opt/airflow/dags/weather_scrape_dag.py
[2026-07-10T19:55:39.571+0000] {processor.py:914} INFO - Processing file /opt/airflow/dags/weather_scrape_dag.py for tasks to queue
[2026-07-10T19:55:39.576+0000] {logging_mixin.py:190} INFO - [2026-07-10T19:55:39.575+0000] {dagbag.py:588} INFO - Filling up the DagBag from /opt/airflow/dags/weather_scrape_dag.py
[2026-07-10T19:55:39.596+0000] {processor.py:925} INFO - DAG(s) 'weather_scrape_and_load' retrieved from /opt/airflow/dags/weather_scrape_dag.py
[2026-07-10T19:55:39.644+0000] {logging_mixin.py:190} INFO - [2026-07-10T19:55:39.644+0000] {dag.py:3239} INFO - Sync 1 DAGs
[2026-07-10T19:55:39.692+0000] {logging_mixin.py:190} INFO - [2026-07-10T19:55:39.692+0000] {dag.py:4180} INFO - Setting next_dagrun for weather_scrape_and_load to 2026-07-10 19:00:00+00:00, run_after=2026-07-10 20:00:00+00:00
[2026-07-10T19:55:39.726+0000] {processor.py:208} INFO - Processing /opt/airflow/dags/weather_scrape_dag.py took 0.166 seconds
[2026-07-10T19:56:09.956+0000] {processor.py:186} INFO - Started process (PID=1566) to work on /opt/airflow/dags/weather_scrape_dag.py
[2026-07-10T19:56:09.965+0000] {processor.py:914} INFO - Processing file /opt/airflow/dags/weather_scrape_dag.py for tasks to queue
[2026-07-10T19:56:09.969+0000] {logging_mixin.py:190} INFO - [2026-07-10T19:56:09.968+0000] {dagbag.py:588} INFO - Filling up the DagBag from /opt/airflow/dags/weather_scrape_dag.py
[2026-07-10T19:56:09.994+0000] {processor.py:925} INFO - DAG(s) 'weather_scrape_and_load' retrieved from /opt/airflow/dags/weather_scrape_dag.py
[2026-07-10T19:56:10.054+0000] {logging_mixin.py:190} INFO - [2026-07-10T19:56:10.053+0000] {dag.py:3239} INFO - Sync 1 DAGs
[2026-07-10T19:56:10.110+0000] {logging_mixin.py:190} INFO - [2026-07-10T19:56:10.110+0000] {dag.py:4180} INFO - Setting next_dagrun for weather_scrape_and_load to 2026-07-10 19:00:00+00:00, run_after=2026-07-10 20:00:00+00:00
[2026-07-10T19:56:10.156+0000] {processor.py:208} INFO - Processing /opt/airflow/dags/weather_scrape_dag.py took 0.214 seconds
[2026-07-10T19:56:40.386+0000] {processor.py:186} INFO - Started process (PID=1571) to work on /opt/airflow/dags/weather_scrape_dag.py
[2026-07-10T19:56:40.387+0000] {processor.py:914} INFO - Processing file /opt/airflow/dags/weather_scrape_dag.py for tasks to queue
[2026-07-10T19:56:40.390+0000] {logging_mixin.py:190} INFO - [2026-07-10T19:56:40.390+0000] {dagbag.py:588} INFO - Filling up the DagBag from /opt/airflow/dags/weather_scrape_dag.py
[2026-07-10T19:56:40.412+0000] {processor.py:925} INFO - DAG(s) 'weather_scrape_and_load' retrieved from /opt/airflow/dags/weather_scrape_dag.py
[2026-07-10T19:56:40.462+0000] {logging_mixin.py:190} INFO - [2026-07-10T19:56:40.462+0000] {dag.py:3239} INFO - Sync 1 DAGs
[2026-07-10T19:56:40.510+0000] {logging_mixin.py:190} INFO - [2026-07-10T19:56:40.510+0000] {dag.py:4180} INFO - Setting next_dagrun for weather_scrape_and_load to 2026-07-10 19:00:00+00:00, run_after=2026-07-10 20:00:00+00:00
[2026-07-10T19:56:40.554+0000] {processor.py:208} INFO - Processing /opt/airflow/dags/weather_scrape_dag.py took 0.180 seconds
[2026-07-10T19:57:10.797+0000] {processor.py:186} INFO - Started process (PID=1576) to work on /opt/airflow/dags/weather_scrape_dag.py
[2026-07-10T19:57:10.798+0000] {processor.py:914} INFO - Processing file /opt/airflow/dags/weather_scrape_dag.py for tasks to queue
[2026-07-10T19:57:10.802+0000] {logging_mixin.py:190} INFO - [2026-07-10T19:57:10.802+0000] {dagbag.py:588} INFO - Filling up the DagBag from /opt/airflow/dags/weather_scrape_dag.py
[2026-07-10T19:57:10.824+0000] {processor.py:925} INFO - DAG(s) 'weather_scrape_and_load' retrieved from /opt/airflow/dags/weather_scrape_dag.py
[2026-07-10T19:57:10.873+0000] {logging_mixin.py:190} INFO - [2026-07-10T19:57:10.872+0000] {dag.py:3239} INFO - Sync 1 DAGs
[2026-07-10T19:57:10.920+0000] {logging_mixin.py:190} INFO - [2026-07-10T19:57:10.920+0000] {dag.py:4180} INFO - Setting next_dagrun for weather_scrape_and_load to 2026-07-10 19:00:00+00:00, run_after=2026-07-10 20:00:00+00:00
[2026-07-10T19:57:10.963+0000] {processor.py:208} INFO - Processing /opt/airflow/dags/weather_scrape_dag.py took 0.177 seconds
[2026-07-10T19:57:41.014+0000] {processor.py:186} INFO - Started process (PID=1581) to work on /opt/airflow/dags/weather_scrape_dag.py
[2026-07-10T19:57:41.015+0000] {processor.py:914} INFO - Processing file /opt/airflow/dags/weather_scrape_dag.py for tasks to queue
[2026-07-10T19:57:41.020+0000] {logging_mixin.py:190} INFO - [2026-07-10T19:57:41.019+0000] {dagbag.py:588} INFO - Filling up the DagBag from /opt/airflow/dags/weather_scrape_dag.py
[2026-07-10T19:57:41.047+0000] {processor.py:925} INFO - DAG(s) 'weather_scrape_and_load' retrieved from /opt/airflow/dags/weather_scrape_dag.py
[2026-07-10T19:57:41.098+0000] {logging_mixin.py:190} INFO - [2026-07-10T19:57:41.097+0000] {dag.py:3239} INFO - Sync 1 DAGs
[2026-07-10T19:57:41.147+0000] {logging_mixin.py:190} INFO - [2026-07-10T19:57:41.147+0000] {dag.py:4180} INFO - Setting next_dagrun for weather_scrape_and_load to 2026-07-10 19:00:00+00:00, run_after=2026-07-10 20:00:00+00:00
[2026-07-10T19:57:41.191+0000] {processor.py:208} INFO - Processing /opt/airflow/dags/weather_scrape_dag.py took 0.189 seconds
[2026-07-10T19:58:11.408+0000] {processor.py:186} INFO - Started process (PID=1586) to work on /opt/airflow/dags/weather_scrape_dag.py
[2026-07-10T19:58:11.417+0000] {processor.py:914} INFO - Processing file /opt/airflow/dags/weather_scrape_dag.py for tasks to queue
[2026-07-10T19:58:11.420+0000] {logging_mixin.py:190} INFO - [2026-07-10T19:58:11.420+0000] {dagbag.py:588} INFO - Filling up the DagBag from /opt/airflow/dags/weather_scrape_dag.py
[2026-07-10T19:58:11.443+0000] {processor.py:925} INFO - DAG(s) 'weather_scrape_and_load' retrieved from /opt/airflow/dags/weather_scrape_dag.py
[2026-07-10T19:58:11.491+0000] {logging_mixin.py:190} INFO - [2026-07-10T19:58:11.491+0000] {dag.py:3239} INFO - Sync 1 DAGs
[2026-07-10T19:58:11.538+0000] {logging_mixin.py:190} INFO - [2026-07-10T19:58:11.538+0000] {dag.py:4180} INFO - Setting next_dagrun for weather_scrape_and_load to 2026-07-10 19:00:00+00:00, run_after=2026-07-10 20:00:00+00:00
[2026-07-10T19:58:11.581+0000] {processor.py:208} INFO - Processing /opt/airflow/dags/weather_scrape_dag.py took 0.184 seconds
[2026-07-10T19:58:41.640+0000] {processor.py:186} INFO - Started process (PID=1591) to work on /opt/airflow/dags/weather_scrape_dag.py
[2026-07-10T19:58:41.642+0000] {processor.py:914} INFO - Processing file /opt/airflow/dags/weather_scrape_dag.py for tasks to queue
[2026-07-10T19:58:41.645+0000] {logging_mixin.py:190} INFO - [2026-07-10T19:58:41.645+0000] {dagbag.py:588} INFO - Filling up the DagBag from /opt/airflow/dags/weather_scrape_dag.py
[2026-07-10T19:58:41.666+0000] {processor.py:925} INFO - DAG(s) 'weather_scrape_and_load' retrieved from /opt/airflow/dags/weather_scrape_dag.py
[2026-07-10T19:58:41.715+0000] {logging_mixin.py:190} INFO - [2026-07-10T19:58:41.714+0000] {dag.py:3239} INFO - Sync 1 DAGs
[2026-07-10T19:58:41.768+0000] {logging_mixin.py:190} INFO - [2026-07-10T19:58:41.767+0000] {dag.py:4180} INFO - Setting next_dagrun for weather_scrape_and_load to 2026-07-10 19:00:00+00:00, run_after=2026-07-10 20:00:00+00:00
[2026-07-10T19:58:41.816+0000] {processor.py:208} INFO - Processing /opt/airflow/dags/weather_scrape_dag.py took 0.187 seconds
[2026-07-10T19:59:12.041+0000] {processor.py:186} INFO - Started process (PID=1596) to work on /opt/airflow/dags/weather_scrape_dag.py
[2026-07-10T19:59:12.042+0000] {processor.py:914} INFO - Processing file /opt/airflow/dags/weather_scrape_dag.py for tasks to queue
[2026-07-10T19:59:12.047+0000] {logging_mixin.py:190} INFO - [2026-07-10T19:59:12.047+0000] {dagbag.py:588} INFO - Filling up the DagBag from /opt/airflow/dags/weather_scrape_dag.py
[2026-07-10T19:59:12.070+0000] {processor.py:925} INFO - DAG(s) 'weather_scrape_and_load' retrieved from /opt/airflow/dags/weather_scrape_dag.py
[2026-07-10T19:59:12.128+0000] {logging_mixin.py:190} INFO - [2026-07-10T19:59:12.127+0000] {dag.py:3239} INFO - Sync 1 DAGs
[2026-07-10T19:59:12.176+0000] {logging_mixin.py:190} INFO - [2026-07-10T19:59:12.176+0000] {dag.py:4180} INFO - Setting next_dagrun for weather_scrape_and_load to 2026-07-10 19:00:00+00:00, run_after=2026-07-10 20:00:00+00:00
[2026-07-10T19:59:12.217+0000] {processor.py:208} INFO - Processing /opt/airflow/dags/weather_scrape_dag.py took 0.186 seconds
[2026-07-10T19:59:42.461+0000] {processor.py:186} INFO - Started process (PID=1601) to work on /opt/airflow/dags/weather_scrape_dag.py
[2026-07-10T19:59:42.463+0000] {processor.py:914} INFO - Processing file /opt/airflow/dags/weather_scrape_dag.py for tasks to queue
[2026-07-10T19:59:42.466+0000] {logging_mixin.py:190} INFO - [2026-07-10T19:59:42.466+0000] {dagbag.py:588} INFO - Filling up the DagBag from /opt/airflow/dags/weather_scrape_dag.py
[2026-07-10T19:59:42.488+0000] {processor.py:925} INFO - DAG(s) 'weather_scrape_and_load' retrieved from /opt/airflow/dags/weather_scrape_dag.py
[2026-07-10T19:59:42.540+0000] {logging_mixin.py:190} INFO - [2026-07-10T19:59:42.539+0000] {dag.py:3239} INFO - Sync 1 DAGs
[2026-07-10T19:59:42.592+0000] {logging_mixin.py:190} INFO - [2026-07-10T19:59:42.592+0000] {dag.py:4180} INFO - Setting next_dagrun for weather_scrape_and_load to 2026-07-10 19:00:00+00:00, run_after=2026-07-10 20:00:00+00:00
[2026-07-10T19:59:42.634+0000] {processor.py:208} INFO - Processing /opt/airflow/dags/weather_scrape_dag.py took 0.186 seconds
[2026-07-10T20:00:12.890+0000] {processor.py:186} INFO - Started process (PID=1614) to work on /opt/airflow/dags/weather_scrape_dag.py
[2026-07-10T20:00:12.892+0000] {processor.py:914} INFO - Processing file /opt/airflow/dags/weather_scrape_dag.py for tasks to queue
[2026-07-10T20:00:12.897+0000] {logging_mixin.py:190} INFO - [2026-07-10T20:00:12.896+0000] {dagbag.py:588} INFO - Filling up the DagBag from /opt/airflow/dags/weather_scrape_dag.py
[2026-07-10T20:00:12.924+0000] {processor.py:925} INFO - DAG(s) 'weather_scrape_and_load' retrieved from /opt/airflow/dags/weather_scrape_dag.py
[2026-07-10T20:00:13.000+0000] {logging_mixin.py:190} INFO - [2026-07-10T20:00:13.000+0000] {dag.py:3239} INFO - Sync 1 DAGs
[2026-07-10T20:00:13.065+0000] {logging_mixin.py:190} INFO - [2026-07-10T20:00:13.064+0000] {dag.py:4180} INFO - Setting next_dagrun for weather_scrape_and_load to 2026-07-10 20:00:00+00:00, run_after=2026-07-10 21:00:00+00:00
[2026-07-10T20:00:13.106+0000] {processor.py:208} INFO - Processing /opt/airflow/dags/weather_scrape_dag.py took 0.234 seconds
[2026-07-10T20:00:43.365+0000] {processor.py:186} INFO - Started process (PID=1627) to work on /opt/airflow/dags/weather_scrape_dag.py
[2026-07-10T20:00:43.375+0000] {processor.py:914} INFO - Processing file /opt/airflow/dags/weather_scrape_dag.py for tasks to queue
[2026-07-10T20:00:43.380+0000] {logging_mixin.py:190} INFO - [2026-07-10T20:00:43.379+0000] {dagbag.py:588} INFO - Filling up the DagBag from /opt/airflow/dags/weather_scrape_dag.py
[2026-07-10T20:00:43.406+0000] {processor.py:925} INFO - DAG(s) 'weather_scrape_and_load' retrieved from /opt/airflow/dags/weather_scrape_dag.py
[2026-07-10T20:00:43.461+0000] {logging_mixin.py:190} INFO - [2026-07-10T20:00:43.460+0000] {dag.py:3239} INFO - Sync 1 DAGs
[2026-07-10T20:00:43.509+0000] {logging_mixin.py:190} INFO - [2026-07-10T20:00:43.508+0000] {dag.py:4180} INFO - Setting next_dagrun for weather_scrape_and_load to 2026-07-10 20:00:00+00:00, run_after=2026-07-10 21:00:00+00:00
[2026-07-10T20:00:43.542+0000] {processor.py:208} INFO - Processing /opt/airflow/dags/weather_scrape_dag.py took 0.196 seconds
[2026-07-10T20:01:13.790+0000] {processor.py:186} INFO - Started process (PID=1632) to work on /opt/airflow/dags/weather_scrape_dag.py
[2026-07-10T20:01:13.792+0000] {processor.py:914} INFO - Processing file /opt/airflow/dags/weather_scrape_dag.py for tasks to queue
[2026-07-10T20:01:13.796+0000] {logging_mixin.py:190} INFO - [2026-07-10T20:01:13.795+0000] {dagbag.py:588} INFO - Filling up the DagBag from /opt/airflow/dags/weather_scrape_dag.py
[2026-07-10T20:01:13.820+0000] {processor.py:925} INFO - DAG(s) 'weather_scrape_and_load' retrieved from /opt/airflow/dags/weather_scrape_dag.py
[2026-07-10T20:01:13.880+0000] {logging_mixin.py:190} INFO - [2026-07-10T20:01:13.880+0000] {dag.py:3239} INFO - Sync 1 DAGs
[2026-07-10T20:01:13.935+0000] {logging_mixin.py:190} INFO - [2026-07-10T20:01:13.935+0000] {dag.py:4180} INFO - Setting next_dagrun for weather_scrape_and_load to 2026-07-10 20:00:00+00:00, run_after=2026-07-10 21:00:00+00:00
[2026-07-10T20:01:13.986+0000] {processor.py:208} INFO - Processing /opt/airflow/dags/weather_scrape_dag.py took 0.207 seconds
[2026-07-10T20:01:44.236+0000] {processor.py:186} INFO - Started process (PID=1637) to work on /opt/airflow/dags/weather_scrape_dag.py
[2026-07-10T20:01:44.245+0000] {processor.py:914} INFO - Processing file /opt/airflow/dags/weather_scrape_dag.py for tasks to queue
[2026-07-10T20:01:44.251+0000] {logging_mixin.py:190} INFO - [2026-07-10T20:01:44.250+0000] {dagbag.py:588} INFO - Filling up the DagBag from /opt/airflow/dags/weather_scrape_dag.py
[2026-07-10T20:01:44.282+0000] {processor.py:925} INFO - DAG(s) 'weather_scrape_and_load' retrieved from /opt/airflow/dags/weather_scrape_dag.py
[2026-07-10T20:01:44.334+0000] {logging_mixin.py:190} INFO - [2026-07-10T20:01:44.333+0000] {dag.py:3239} INFO - Sync 1 DAGs
[2026-07-10T20:01:44.383+0000] {logging_mixin.py:190} INFO - [2026-07-10T20:01:44.383+0000] {dag.py:4180} INFO - Setting next_dagrun for weather_scrape_and_load to 2026-07-10 20:00:00+00:00, run_after=2026-07-10 21:00:00+00:00
[2026-07-10T20:01:44.426+0000] {processor.py:208} INFO - Processing /opt/airflow/dags/weather_scrape_dag.py took 0.206 seconds
[2026-07-10T20:02:14.670+0000] {processor.py:186} INFO - Started process (PID=1642) to work on /opt/airflow/dags/weather_scrape_dag.py
[2026-07-10T20:02:14.672+0000] {processor.py:914} INFO - Processing file /opt/airflow/dags/weather_scrape_dag.py for tasks to queue
[2026-07-10T20:02:14.675+0000] {logging_mixin.py:190} INFO - [2026-07-10T20:02:14.675+0000] {dagbag.py:588} INFO - Filling up the DagBag from /opt/airflow/dags/weather_scrape_dag.py
[2026-07-10T20:02:14.697+0000] {processor.py:925} INFO - DAG(s) 'weather_scrape_and_load' retrieved from /opt/airflow/dags/weather_scrape_dag.py
[2026-07-10T20:02:14.750+0000] {logging_mixin.py:190} INFO - [2026-07-10T20:02:14.749+0000] {dag.py:3239} INFO - Sync 1 DAGs
[2026-07-10T20:02:14.801+0000] {logging_mixin.py:190} INFO - [2026-07-10T20:02:14.801+0000] {dag.py:4180} INFO - Setting next_dagrun for weather_scrape_and_load to 2026-07-10 20:00:00+00:00, run_after=2026-07-10 21:00:00+00:00
[2026-07-10T20:02:14.846+0000] {processor.py:208} INFO - Processing /opt/airflow/dags/weather_scrape_dag.py took 0.187 seconds
[2026-07-10T20:02:45.101+0000] {processor.py:186} INFO - Started process (PID=1647) to work on /opt/airflow/dags/weather_scrape_dag.py
[2026-07-10T20:02:45.110+0000] {processor.py:914} INFO - Processing file /opt/airflow/dags/weather_scrape_dag.py for tasks to queue
[2026-07-10T20:02:45.115+0000] {logging_mixin.py:190} INFO - [2026-07-10T20:02:45.114+0000] {dagbag.py:588} INFO - Filling up the DagBag from /opt/airflow/dags/weather_scrape_dag.py
[2026-07-10T20:02:45.139+0000] {processor.py:925} INFO - DAG(s) 'weather_scrape_and_load' retrieved from /opt/airflow/dags/weather_scrape_dag.py
[2026-07-10T20:02:45.194+0000] {logging_mixin.py:190} INFO - [2026-07-10T20:02:45.193+0000] {dag.py:3239} INFO - Sync 1 DAGs
[2026-07-10T20:02:45.258+0000] {logging_mixin.py:190} INFO - [2026-07-10T20:02:45.257+0000] {dag.py:4180} INFO - Setting next_dagrun for weather_scrape_and_load to 2026-07-10 20:00:00+00:00, run_after=2026-07-10 21:00:00+00:00
[2026-07-10T20:02:45.299+0000] {processor.py:208} INFO - Processing /opt/airflow/dags/weather_scrape_dag.py took 0.209 seconds
[2026-07-10T20:03:15.542+0000] {processor.py:186} INFO - Started process (PID=1652) to work on /opt/airflow/dags/weather_scrape_dag.py
[2026-07-10T20:03:15.543+0000] {processor.py:914} INFO - Processing file /opt/airflow/dags/weather_scrape_dag.py for tasks to queue
[2026-07-10T20:03:15.548+0000] {logging_mixin.py:190} INFO - [2026-07-10T20:03:15.547+0000] {dagbag.py:588} INFO - Filling up the DagBag from /opt/airflow/dags/weather_scrape_dag.py
[2026-07-10T20:03:15.568+0000] {processor.py:925} INFO - DAG(s) 'weather_scrape_and_load' retrieved from /opt/airflow/dags/weather_scrape_dag.py
[2026-07-10T20:03:15.619+0000] {logging_mixin.py:190} INFO - [2026-07-10T20:03:15.618+0000] {dag.py:3239} INFO - Sync 1 DAGs
[2026-07-10T20:03:15.677+0000] {logging_mixin.py:190} INFO - [2026-07-10T20:03:15.676+0000] {dag.py:4180} INFO - Setting next_dagrun for weather_scrape_and_load to 2026-07-10 20:00:00+00:00, run_after=2026-07-10 21:00:00+00:00
[2026-07-10T20:03:15.718+0000] {processor.py:208} INFO - Processing /opt/airflow/dags/weather_scrape_dag.py took 0.188 seconds
[2026-07-10T20:03:45.967+0000] {processor.py:186} INFO - Started process (PID=1657) to work on /opt/airflow/dags/weather_scrape_dag.py
[2026-07-10T20:03:45.976+0000] {processor.py:914} INFO - Processing file /opt/airflow/dags/weather_scrape_dag.py for tasks to queue
[2026-07-10T20:03:45.981+0000] {logging_mixin.py:190} INFO - [2026-07-10T20:03:45.980+0000] {dagbag.py:588} INFO - Filling up the DagBag from /opt/airflow/dags/weather_scrape_dag.py
[2026-07-10T20:03:46.005+0000] {processor.py:925} INFO - DAG(s) 'weather_scrape_and_load' retrieved from /opt/airflow/dags/weather_scrape_dag.py
[2026-07-10T20:03:46.058+0000] {logging_mixin.py:190} INFO - [2026-07-10T20:03:46.057+0000] {dag.py:3239} INFO - Sync 1 DAGs
[2026-07-10T20:03:46.105+0000] {logging_mixin.py:190} INFO - [2026-07-10T20:03:46.105+0000] {dag.py:4180} INFO - Setting next_dagrun for weather_scrape_and_load to 2026-07-10 20:00:00+00:00, run_after=2026-07-10 21:00:00+00:00
[2026-07-10T20:03:46.146+0000] {processor.py:208} INFO - Processing /opt/airflow/dags/weather_scrape_dag.py took 0.192 seconds
[2026-07-10T20:04:16.383+0000] {processor.py:186} INFO - Started process (PID=1662) to work on /opt/airflow/dags/weather_scrape_dag.py
[2026-07-10T20:04:16.384+0000] {processor.py:914} INFO - Processing file /opt/airflow/dags/weather_scrape_dag.py for tasks to queue
[2026-07-10T20:04:16.389+0000] {logging_mixin.py:190} INFO - [2026-07-10T20:04:16.388+0000] {dagbag.py:588} INFO - Filling up the DagBag from /opt/airflow/dags/weather_scrape_dag.py
[2026-07-10T20:04:16.410+0000] {processor.py:925} INFO - DAG(s) 'weather_scrape_and_load' retrieved from /opt/airflow/dags/weather_scrape_dag.py
[2026-07-10T20:04:16.459+0000] {logging_mixin.py:190} INFO - [2026-07-10T20:04:16.458+0000] {dag.py:3239} INFO - Sync 1 DAGs
[2026-07-10T20:04:16.510+0000] {logging_mixin.py:190} INFO - [2026-07-10T20:04:16.509+0000] {dag.py:4180} INFO - Setting next_dagrun for weather_scrape_and_load to 2026-07-10 20:00:00+00:00, run_after=2026-07-10 21:00:00+00:00
[2026-07-10T20:04:16.551+0000] {processor.py:208} INFO - Processing /opt/airflow/dags/weather_scrape_dag.py took 0.179 seconds
[2026-07-10T20:04:46.614+0000] {processor.py:186} INFO - Started process (PID=1667) to work on /opt/airflow/dags/weather_scrape_dag.py
[2026-07-10T20:04:46.623+0000] {processor.py:914} INFO - Processing file /opt/airflow/dags/weather_scrape_dag.py for tasks to queue
[2026-07-10T20:04:46.626+0000] {logging_mixin.py:190} INFO - [2026-07-10T20:04:46.626+0000] {dagbag.py:588} INFO - Filling up the DagBag from /opt/airflow/dags/weather_scrape_dag.py
[2026-07-10T20:04:46.648+0000] {processor.py:925} INFO - DAG(s) 'weather_scrape_and_load' retrieved from /opt/airflow/dags/weather_scrape_dag.py
[2026-07-10T20:04:46.699+0000] {logging_mixin.py:190} INFO - [2026-07-10T20:04:46.699+0000] {dag.py:3239} INFO - Sync 1 DAGs
[2026-07-10T20:04:46.767+0000] {logging_mixin.py:190} INFO - [2026-07-10T20:04:46.767+0000] {dag.py:4180} INFO - Setting next_dagrun for weather_scrape_and_load to 2026-07-10 20:00:00+00:00, run_after=2026-07-10 21:00:00+00:00
[2026-07-10T20:04:46.821+0000] {processor.py:208} INFO - Processing /opt/airflow/dags/weather_scrape_dag.py took 0.220 seconds
[2026-07-10T20:05:16.990+0000] {processor.py:186} INFO - Started process (PID=1672) to work on /opt/airflow/dags/weather_scrape_dag.py
[2026-07-10T20:05:16.991+0000] {processor.py:914} INFO - Processing file /opt/airflow/dags/weather_scrape_dag.py for tasks to queue
[2026-07-10T20:05:16.995+0000] {logging_mixin.py:190} INFO - [2026-07-10T20:05:16.994+0000] {dagbag.py:588} INFO - Filling up the DagBag from /opt/airflow/dags/weather_scrape_dag.py
[2026-07-10T20:05:17.017+0000] {processor.py:925} INFO - DAG(s) 'weather_scrape_and_load' retrieved from /opt/airflow/dags/weather_scrape_dag.py
[2026-07-10T20:05:17.072+0000] {logging_mixin.py:190} INFO - [2026-07-10T20:05:17.071+0000] {dag.py:3239} INFO - Sync 1 DAGs
[2026-07-10T20:05:17.120+0000] {logging_mixin.py:190} INFO - [2026-07-10T20:05:17.120+0000] {dag.py:4180} INFO - Setting next_dagrun for weather_scrape_and_load to 2026-07-10 20:00:00+00:00, run_after=2026-07-10 21:00:00+00:00
[2026-07-10T20:05:17.164+0000] {processor.py:208} INFO - Processing /opt/airflow/dags/weather_scrape_dag.py took 0.185 seconds
[2026-07-10T20:05:47.255+0000] {processor.py:186} INFO - Started process (PID=1677) to work on /opt/airflow/dags/weather_scrape_dag.py
[2026-07-10T20:05:47.264+0000] {processor.py:914} INFO - Processing file /opt/airflow/dags/weather_scrape_dag.py for tasks to queue
[2026-07-10T20:05:47.267+0000] {logging_mixin.py:190} INFO - [2026-07-10T20:05:47.267+0000] {dagbag.py:588} INFO - Filling up the DagBag from /opt/airflow/dags/weather_scrape_dag.py
[2026-07-10T20:05:47.290+0000] {processor.py:925} INFO - DAG(s) 'weather_scrape_and_load' retrieved from /opt/airflow/dags/weather_scrape_dag.py
[2026-07-10T20:05:47.345+0000] {logging_mixin.py:190} INFO - [2026-07-10T20:05:47.345+0000] {dag.py:3239} INFO - Sync 1 DAGs
[2026-07-10T20:05:47.395+0000] {logging_mixin.py:190} INFO - [2026-07-10T20:05:47.394+0000] {dag.py:4180} INFO - Setting next_dagrun for weather_scrape_and_load to 2026-07-10 20:00:00+00:00, run_after=2026-07-10 21:00:00+00:00
[2026-07-10T20:05:47.427+0000] {processor.py:208} INFO - Processing /opt/airflow/dags/weather_scrape_dag.py took 0.184 seconds
[2026-07-10T20:06:17.617+0000] {processor.py:186} INFO - Started process (PID=1682) to work on /opt/airflow/dags/weather_scrape_dag.py
[2026-07-10T20:06:17.619+0000] {processor.py:914} INFO - Processing file /opt/airflow/dags/weather_scrape_dag.py for tasks to queue
[2026-07-10T20:06:17.624+0000] {logging_mixin.py:190} INFO - [2026-07-10T20:06:17.623+0000] {dagbag.py:588} INFO - Filling up the DagBag from /opt/airflow/dags/weather_scrape_dag.py
[2026-07-10T20:06:17.656+0000] {processor.py:925} INFO - DAG(s) 'weather_scrape_and_load' retrieved from /opt/airflow/dags/weather_scrape_dag.py
[2026-07-10T20:06:17.729+0000] {logging_mixin.py:190} INFO - [2026-07-10T20:06:17.729+0000] {dag.py:3239} INFO - Sync 1 DAGs
[2026-07-10T20:06:17.794+0000] {logging_mixin.py:190} INFO - [2026-07-10T20:06:17.793+0000] {dag.py:4180} INFO - Setting next_dagrun for weather_scrape_and_load to 2026-07-10 20:00:00+00:00, run_after=2026-07-10 21:00:00+00:00
[2026-07-10T20:06:17.847+0000] {processor.py:208} INFO - Processing /opt/airflow/dags/weather_scrape_dag.py took 0.246 seconds
[2026-07-10T20:06:48.078+0000] {processor.py:186} INFO - Started process (PID=1687) to work on /opt/airflow/dags/weather_scrape_dag.py
[2026-07-10T20:06:48.087+0000] {processor.py:914} INFO - Processing file /opt/airflow/dags/weather_scrape_dag.py for tasks to queue
[2026-07-10T20:06:48.090+0000] {logging_mixin.py:190} INFO - [2026-07-10T20:06:48.090+0000] {dagbag.py:588} INFO - Filling up the DagBag from /opt/airflow/dags/weather_scrape_dag.py
[2026-07-10T20:06:48.112+0000] {processor.py:925} INFO - DAG(s) 'weather_scrape_and_load' retrieved from /opt/airflow/dags/weather_scrape_dag.py
[2026-07-10T20:06:48.163+0000] {logging_mixin.py:190} INFO - [2026-07-10T20:06:48.162+0000] {dag.py:3239} INFO - Sync 1 DAGs
[2026-07-10T20:06:48.211+0000] {logging_mixin.py:190} INFO - [2026-07-10T20:06:48.211+0000] {dag.py:4180} INFO - Setting next_dagrun for weather_scrape_and_load to 2026-07-10 20:00:00+00:00, run_after=2026-07-10 21:00:00+00:00
[2026-07-10T20:06:48.247+0000] {processor.py:208} INFO - Processing /opt/airflow/dags/weather_scrape_dag.py took 0.180 seconds
[2026-07-10T20:07:18.492+0000] {processor.py:186} INFO - Started process (PID=1692) to work on /opt/airflow/dags/weather_scrape_dag.py
[2026-07-10T20:07:18.493+0000] {processor.py:914} INFO - Processing file /opt/airflow/dags/weather_scrape_dag.py for tasks to queue
[2026-07-10T20:07:18.498+0000] {logging_mixin.py:190} INFO - [2026-07-10T20:07:18.497+0000] {dagbag.py:588} INFO - Filling up the DagBag from /opt/airflow/dags/weather_scrape_dag.py
[2026-07-10T20:07:18.519+0000] {processor.py:925} INFO - DAG(s) 'weather_scrape_and_load' retrieved from /opt/airflow/dags/weather_scrape_dag.py
[2026-07-10T20:07:18.572+0000] {logging_mixin.py:190} INFO - [2026-07-10T20:07:18.572+0000] {dag.py:3239} INFO - Sync 1 DAGs
[2026-07-10T20:07:18.620+0000] {logging_mixin.py:190} INFO - [2026-07-10T20:07:18.619+0000] {dag.py:4180} INFO - Setting next_dagrun for weather_scrape_and_load to 2026-07-10 20:00:00+00:00, run_after=2026-07-10 21:00:00+00:00
[2026-07-10T20:07:18.661+0000] {processor.py:208} INFO - Processing /opt/airflow/dags/weather_scrape_dag.py took 0.180 seconds
[2026-07-10T20:07:48.902+0000] {processor.py:186} INFO - Started process (PID=1697) to work on /opt/airflow/dags/weather_scrape_dag.py
[2026-07-10T20:07:48.903+0000] {processor.py:914} INFO - Processing file /opt/airflow/dags/weather_scrape_dag.py for tasks to queue
[2026-07-10T20:07:48.908+0000] {logging_mixin.py:190} INFO - [2026-07-10T20:07:48.907+0000] {dagbag.py:588} INFO - Filling up the DagBag from /opt/airflow/dags/weather_scrape_dag.py
[2026-07-10T20:07:48.929+0000] {processor.py:925} INFO - DAG(s) 'weather_scrape_and_load' retrieved from /opt/airflow/dags/weather_scrape_dag.py
[2026-07-10T20:07:48.978+0000] {logging_mixin.py:190} INFO - [2026-07-10T20:07:48.978+0000] {dag.py:3239} INFO - Sync 1 DAGs
[2026-07-10T20:07:49.025+0000] {logging_mixin.py:190} INFO - [2026-07-10T20:07:49.024+0000] {dag.py:4180} INFO - Setting next_dagrun for weather_scrape_and_load to 2026-07-10 20:00:00+00:00, run_after=2026-07-10 21:00:00+00:00
[2026-07-10T20:07:49.066+0000] {processor.py:208} INFO - Processing /opt/airflow/dags/weather_scrape_dag.py took 0.175 seconds
[2026-07-10T20:08:19.298+0000] {processor.py:186} INFO - Started process (PID=1702) to work on /opt/airflow/dags/weather_scrape_dag.py
[2026-07-10T20:08:19.300+0000] {processor.py:914} INFO - Processing file /opt/airflow/dags/weather_scrape_dag.py for tasks to queue
[2026-07-10T20:08:19.304+0000] {logging_mixin.py:190} INFO - [2026-07-10T20:08:19.304+0000] {dagbag.py:588} INFO - Filling up the DagBag from /opt/airflow/dags/weather_scrape_dag.py
[2026-07-10T20:08:19.326+0000] {processor.py:925} INFO - DAG(s) 'weather_scrape_and_load' retrieved from /opt/airflow/dags/weather_scrape_dag.py
[2026-07-10T20:08:19.379+0000] {logging_mixin.py:190} INFO - [2026-07-10T20:08:19.378+0000] {dag.py:3239} INFO - Sync 1 DAGs
[2026-07-10T20:08:19.435+0000] {logging_mixin.py:190} INFO - [2026-07-10T20:08:19.434+0000] {dag.py:4180} INFO - Setting next_dagrun for weather_scrape_and_load to 2026-07-10 20:00:00+00:00, run_after=2026-07-10 21:00:00+00:00
[2026-07-10T20:08:19.467+0000] {processor.py:208} INFO - Processing /opt/airflow/dags/weather_scrape_dag.py took 0.183 seconds
[2026-07-10T20:08:49.517+0000] {processor.py:186} INFO - Started process (PID=1707) to work on /opt/airflow/dags/weather_scrape_dag.py
[2026-07-10T20:08:49.518+0000] {processor.py:914} INFO - Processing file /opt/airflow/dags/weather_scrape_dag.py for tasks to queue
[2026-07-10T20:08:49.522+0000] {logging_mixin.py:190} INFO - [2026-07-10T20:08:49.521+0000] {dagbag.py:588} INFO - Filling up the DagBag from /opt/airflow/dags/weather_scrape_dag.py
[2026-07-10T20:08:49.546+0000] {processor.py:925} INFO - DAG(s) 'weather_scrape_and_load' retrieved from /opt/airflow/dags/weather_scrape_dag.py
[2026-07-10T20:08:49.599+0000] {logging_mixin.py:190} INFO - [2026-07-10T20:08:49.598+0000] {dag.py:3239} INFO - Sync 1 DAGs
[2026-07-10T20:08:49.649+0000] {logging_mixin.py:190} INFO - [2026-07-10T20:08:49.649+0000] {dag.py:4180} INFO - Setting next_dagrun for weather_scrape_and_load to 2026-07-10 20:00:00+00:00, run_after=2026-07-10 21:00:00+00:00
[2026-07-10T20:08:49.690+0000] {processor.py:208} INFO - Processing /opt/airflow/dags/weather_scrape_dag.py took 0.187 seconds
[2026-07-10T20:09:19.943+0000] {processor.py:186} INFO - Started process (PID=1712) to work on /opt/airflow/dags/weather_scrape_dag.py
[2026-07-10T20:09:19.952+0000] {processor.py:914} INFO - Processing file /opt/airflow/dags/weather_scrape_dag.py for tasks to queue
[2026-07-10T20:09:19.955+0000] {logging_mixin.py:190} INFO - [2026-07-10T20:09:19.955+0000] {dagbag.py:588} INFO - Filling up the DagBag from /opt/airflow/dags/weather_scrape_dag.py
[2026-07-10T20:09:19.977+0000] {processor.py:925} INFO - DAG(s) 'weather_scrape_and_load' retrieved from /opt/airflow/dags/weather_scrape_dag.py
[2026-07-10T20:09:20.027+0000] {logging_mixin.py:190} INFO - [2026-07-10T20:09:20.026+0000] {dag.py:3239} INFO - Sync 1 DAGs
[2026-07-10T20:09:20.080+0000] {logging_mixin.py:190} INFO - [2026-07-10T20:09:20.079+0000] {dag.py:4180} INFO - Setting next_dagrun for weather_scrape_and_load to 2026-07-10 20:00:00+00:00, run_after=2026-07-10 21:00:00+00:00
[2026-07-10T20:09:20.115+0000] {processor.py:208} INFO - Processing /opt/airflow/dags/weather_scrape_dag.py took 0.184 seconds
[2026-07-10T20:09:50.166+0000] {processor.py:186} INFO - Started process (PID=1717) to work on /opt/airflow/dags/weather_scrape_dag.py
[2026-07-10T20:09:50.167+0000] {processor.py:914} INFO - Processing file /opt/airflow/dags/weather_scrape_dag.py for tasks to queue
[2026-07-10T20:09:50.171+0000] {logging_mixin.py:190} INFO - [2026-07-10T20:09:50.170+0000] {dagbag.py:588} INFO - Filling up the DagBag from /opt/airflow/dags/weather_scrape_dag.py
[2026-07-10T20:09:50.192+0000] {processor.py:925} INFO - DAG(s) 'weather_scrape_and_load' retrieved from /opt/airflow/dags/weather_scrape_dag.py
[2026-07-10T20:09:50.242+0000] {logging_mixin.py:190} INFO - [2026-07-10T20:09:50.242+0000] {dag.py:3239} INFO - Sync 1 DAGs
[2026-07-10T20:09:50.292+0000] {logging_mixin.py:190} INFO - [2026-07-10T20:09:50.292+0000] {dag.py:4180} INFO - Setting next_dagrun for weather_scrape_and_load to 2026-07-10 20:00:00+00:00, run_after=2026-07-10 21:00:00+00:00
[2026-07-10T20:09:50.333+0000] {processor.py:208} INFO - Processing /opt/airflow/dags/weather_scrape_dag.py took 0.178 seconds
[2026-07-10T20:10:20.556+0000] {processor.py:186} INFO - Started process (PID=1722) to work on /opt/airflow/dags/weather_scrape_dag.py
[2026-07-10T20:10:20.558+0000] {processor.py:914} INFO - Processing file /opt/airflow/dags/weather_scrape_dag.py for tasks to queue
[2026-07-10T20:10:20.562+0000] {logging_mixin.py:190} INFO - [2026-07-10T20:10:20.561+0000] {dagbag.py:588} INFO - Filling up the DagBag from /opt/airflow/dags/weather_scrape_dag.py
[2026-07-10T20:10:20.583+0000] {processor.py:925} INFO - DAG(s) 'weather_scrape_and_load' retrieved from /opt/airflow/dags/weather_scrape_dag.py
[2026-07-10T20:10:20.631+0000] {logging_mixin.py:190} INFO - [2026-07-10T20:10:20.630+0000] {dag.py:3239} INFO - Sync 1 DAGs
[2026-07-10T20:10:20.679+0000] {logging_mixin.py:190} INFO - [2026-07-10T20:10:20.678+0000] {dag.py:4180} INFO - Setting next_dagrun for weather_scrape_and_load to 2026-07-10 20:00:00+00:00, run_after=2026-07-10 21:00:00+00:00
[2026-07-10T20:10:20.712+0000] {processor.py:208} INFO - Processing /opt/airflow/dags/weather_scrape_dag.py took 0.166 seconds
[2026-07-10T20:10:50.776+0000] {processor.py:186} INFO - Started process (PID=1727) to work on /opt/airflow/dags/weather_scrape_dag.py
[2026-07-10T20:10:50.777+0000] {processor.py:914} INFO - Processing file /opt/airflow/dags/weather_scrape_dag.py for tasks to queue
[2026-07-10T20:10:50.781+0000] {logging_mixin.py:190} INFO - [2026-07-10T20:10:50.781+0000] {dagbag.py:588} INFO - Filling up the DagBag from /opt/airflow/dags/weather_scrape_dag.py
[2026-07-10T20:10:50.802+0000] {processor.py:925} INFO - DAG(s) 'weather_scrape_and_load' retrieved from /opt/airflow/dags/weather_scrape_dag.py
[2026-07-10T20:10:50.853+0000] {logging_mixin.py:190} INFO - [2026-07-10T20:10:50.853+0000] {dag.py:3239} INFO - Sync 1 DAGs
[2026-07-10T20:10:50.901+0000] {logging_mixin.py:190} INFO - [2026-07-10T20:10:50.900+0000] {dag.py:4180} INFO - Setting next_dagrun for weather_scrape_and_load to 2026-07-10 20:00:00+00:00, run_after=2026-07-10 21:00:00+00:00
[2026-07-10T20:10:50.942+0000] {processor.py:208} INFO - Processing /opt/airflow/dags/weather_scrape_dag.py took 0.177 seconds
[2026-07-10T20:11:21.136+0000] {processor.py:186} INFO - Started process (PID=1732) to work on /opt/airflow/dags/weather_scrape_dag.py
[2026-07-10T20:11:21.145+0000] {processor.py:914} INFO - Processing file /opt/airflow/dags/weather_scrape_dag.py for tasks to queue
[2026-07-10T20:11:21.150+0000] {logging_mixin.py:190} INFO - [2026-07-10T20:11:21.149+0000] {dagbag.py:588} INFO - Filling up the DagBag from /opt/airflow/dags/weather_scrape_dag.py
[2026-07-10T20:11:21.172+0000] {processor.py:925} INFO - DAG(s) 'weather_scrape_and_load' retrieved from /opt/airflow/dags/weather_scrape_dag.py
[2026-07-10T20:11:21.223+0000] {logging_mixin.py:190} INFO - [2026-07-10T20:11:21.222+0000] {dag.py:3239} INFO - Sync 1 DAGs
[2026-07-10T20:11:21.276+0000] {logging_mixin.py:190} INFO - [2026-07-10T20:11:21.275+0000] {dag.py:4180} INFO - Setting next_dagrun for weather_scrape_and_load to 2026-07-10 20:00:00+00:00, run_after=2026-07-10 21:00:00+00:00
[2026-07-10T20:11:21.320+0000] {processor.py:208} INFO - Processing /opt/airflow/dags/weather_scrape_dag.py took 0.195 seconds
[2026-07-10T20:11:51.376+0000] {processor.py:186} INFO - Started process (PID=1737) to work on /opt/airflow/dags/weather_scrape_dag.py
[2026-07-10T20:11:51.377+0000] {processor.py:914} INFO - Processing file /opt/airflow/dags/weather_scrape_dag.py for tasks to queue
[2026-07-10T20:11:51.382+0000] {logging_mixin.py:190} INFO - [2026-07-10T20:11:51.381+0000] {dagbag.py:588} INFO - Filling up the DagBag from /opt/airflow/dags/weather_scrape_dag.py
[2026-07-10T20:11:51.405+0000] {processor.py:925} INFO - DAG(s) 'weather_scrape_and_load' retrieved from /opt/airflow/dags/weather_scrape_dag.py
[2026-07-10T20:11:51.462+0000] {logging_mixin.py:190} INFO - [2026-07-10T20:11:51.461+0000] {dag.py:3239} INFO - Sync 1 DAGs
[2026-07-10T20:11:51.513+0000] {logging_mixin.py:190} INFO - [2026-07-10T20:11:51.513+0000] {dag.py:4180} INFO - Setting next_dagrun for weather_scrape_and_load to 2026-07-10 20:00:00+00:00, run_after=2026-07-10 21:00:00+00:00
[2026-07-10T20:11:51.555+0000] {processor.py:208} INFO - Processing /opt/airflow/dags/weather_scrape_dag.py took 0.193 seconds
[2026-07-10T20:12:21.773+0000] {processor.py:186} INFO - Started process (PID=1742) to work on /opt/airflow/dags/weather_scrape_dag.py
[2026-07-10T20:12:21.782+0000] {processor.py:914} INFO - Processing file /opt/airflow/dags/weather_scrape_dag.py for tasks to queue
[2026-07-10T20:12:21.788+0000] {logging_mixin.py:190} INFO - [2026-07-10T20:12:21.787+0000] {dagbag.py:588} INFO - Filling up the DagBag from /opt/airflow/dags/weather_scrape_dag.py
[2026-07-10T20:12:21.816+0000] {processor.py:925} INFO - DAG(s) 'weather_scrape_and_load' retrieved from /opt/airflow/dags/weather_scrape_dag.py
[2026-07-10T20:12:21.866+0000] {logging_mixin.py:190} INFO - [2026-07-10T20:12:21.866+0000] {dag.py:3239} INFO - Sync 1 DAGs
[2026-07-10T20:12:21.927+0000] {logging_mixin.py:190} INFO - [2026-07-10T20:12:21.926+0000] {dag.py:4180} INFO - Setting next_dagrun for weather_scrape_and_load to 2026-07-10 20:00:00+00:00, run_after=2026-07-10 21:00:00+00:00
[2026-07-10T20:12:21.976+0000] {processor.py:208} INFO - Processing /opt/airflow/dags/weather_scrape_dag.py took 0.219 seconds
[2026-07-10T20:12:52.216+0000] {processor.py:186} INFO - Started process (PID=1747) to work on /opt/airflow/dags/weather_scrape_dag.py
[2026-07-10T20:12:52.225+0000] {processor.py:914} INFO - Processing file /opt/airflow/dags/weather_scrape_dag.py for tasks to queue
[2026-07-10T20:12:52.230+0000] {logging_mixin.py:190} INFO - [2026-07-10T20:12:52.229+0000] {dagbag.py:588} INFO - Filling up the DagBag from /opt/airflow/dags/weather_scrape_dag.py
[2026-07-10T20:12:52.252+0000] {processor.py:925} INFO - DAG(s) 'weather_scrape_and_load' retrieved from /opt/airflow/dags/weather_scrape_dag.py
[2026-07-10T20:12:52.304+0000] {logging_mixin.py:190} INFO - [2026-07-10T20:12:52.304+0000] {dag.py:3239} INFO - Sync 1 DAGs
[2026-07-10T20:12:52.358+0000] {logging_mixin.py:190} INFO - [2026-07-10T20:12:52.358+0000] {dag.py:4180} INFO - Setting next_dagrun for weather_scrape_and_load to 2026-07-10 20:00:00+00:00, run_after=2026-07-10 21:00:00+00:00
[2026-07-10T20:12:52.400+0000] {processor.py:208} INFO - Processing /opt/airflow/dags/weather_scrape_dag.py took 0.199 seconds
[2026-07-10T20:13:22.649+0000] {processor.py:186} INFO - Started process (PID=1752) to work on /opt/airflow/dags/weather_scrape_dag.py
[2026-07-10T20:13:22.650+0000] {processor.py:914} INFO - Processing file /opt/airflow/dags/weather_scrape_dag.py for tasks to queue
[2026-07-10T20:13:22.655+0000] {logging_mixin.py:190} INFO - [2026-07-10T20:13:22.654+0000] {dagbag.py:588} INFO - Filling up the DagBag from /opt/airflow/dags/weather_scrape_dag.py
[2026-07-10T20:13:22.677+0000] {processor.py:925} INFO - DAG(s) 'weather_scrape_and_load' retrieved from /opt/airflow/dags/weather_scrape_dag.py
[2026-07-10T20:13:22.729+0000] {logging_mixin.py:190} INFO - [2026-07-10T20:13:22.728+0000] {dag.py:3239} INFO - Sync 1 DAGs
[2026-07-10T20:13:22.783+0000] {logging_mixin.py:190} INFO - [2026-07-10T20:13:22.783+0000] {dag.py:4180} INFO - Setting next_dagrun for weather_scrape_and_load to 2026-07-10 20:00:00+00:00, run_after=2026-07-10 21:00:00+00:00
[2026-07-10T20:13:22.819+0000] {processor.py:208} INFO - Processing /opt/airflow/dags/weather_scrape_dag.py took 0.188 seconds
[2026-07-10T20:13:53.059+0000] {processor.py:186} INFO - Started process (PID=1757) to work on /opt/airflow/dags/weather_scrape_dag.py
[2026-07-10T20:13:53.061+0000] {processor.py:914} INFO - Processing file /opt/airflow/dags/weather_scrape_dag.py for tasks to queue
[2026-07-10T20:13:53.064+0000] {logging_mixin.py:190} INFO - [2026-07-10T20:13:53.064+0000] {dagbag.py:588} INFO - Filling up the DagBag from /opt/airflow/dags/weather_scrape_dag.py
[2026-07-10T20:13:53.086+0000] {processor.py:925} INFO - DAG(s) 'weather_scrape_and_load' retrieved from /opt/airflow/dags/weather_scrape_dag.py
[2026-07-10T20:13:53.135+0000] {logging_mixin.py:190} INFO - [2026-07-10T20:13:53.134+0000] {dag.py:3239} INFO - Sync 1 DAGs
[2026-07-10T20:13:53.183+0000] {logging_mixin.py:190} INFO - [2026-07-10T20:13:53.182+0000] {dag.py:4180} INFO - Setting next_dagrun for weather_scrape_and_load to 2026-07-10 20:00:00+00:00, run_after=2026-07-10 21:00:00+00:00
[2026-07-10T20:13:53.216+0000] {processor.py:208} INFO - Processing /opt/airflow/dags/weather_scrape_dag.py took 0.168 seconds
[2026-07-10T20:14:23.288+0000] {processor.py:186} INFO - Started process (PID=1762) to work on /opt/airflow/dags/weather_scrape_dag.py
[2026-07-10T20:14:23.289+0000] {processor.py:914} INFO - Processing file /opt/airflow/dags/weather_scrape_dag.py for tasks to queue
[2026-07-10T20:14:23.294+0000] {logging_mixin.py:190} INFO - [2026-07-10T20:14:23.293+0000] {dagbag.py:588} INFO - Filling up the DagBag from /opt/airflow/dags/weather_scrape_dag.py
[2026-07-10T20:14:23.321+0000] {processor.py:925} INFO - DAG(s) 'weather_scrape_and_load' retrieved from /opt/airflow/dags/weather_scrape_dag.py
[2026-07-10T20:14:23.379+0000] {logging_mixin.py:190} INFO - [2026-07-10T20:14:23.379+0000] {dag.py:3239} INFO - Sync 1 DAGs
[2026-07-10T20:14:23.425+0000] {logging_mixin.py:190} INFO - [2026-07-10T20:14:23.425+0000] {dag.py:4180} INFO - Setting next_dagrun for weather_scrape_and_load to 2026-07-10 20:00:00+00:00, run_after=2026-07-10 21:00:00+00:00
[2026-07-10T20:14:23.466+0000] {processor.py:208} INFO - Processing /opt/airflow/dags/weather_scrape_dag.py took 0.191 seconds
[2026-07-10T20:14:53.669+0000] {processor.py:186} INFO - Started process (PID=1767) to work on /opt/airflow/dags/weather_scrape_dag.py
[2026-07-10T20:14:53.670+0000] {processor.py:914} INFO - Processing file /opt/airflow/dags/weather_scrape_dag.py for tasks to queue
[2026-07-10T20:14:53.674+0000] {logging_mixin.py:190} INFO - [2026-07-10T20:14:53.673+0000] {dagbag.py:588} INFO - Filling up the DagBag from /opt/airflow/dags/weather_scrape_dag.py
[2026-07-10T20:14:53.694+0000] {processor.py:925} INFO - DAG(s) 'weather_scrape_and_load' retrieved from /opt/airflow/dags/weather_scrape_dag.py
[2026-07-10T20:14:53.742+0000] {logging_mixin.py:190} INFO - [2026-07-10T20:14:53.741+0000] {dag.py:3239} INFO - Sync 1 DAGs
[2026-07-10T20:14:53.787+0000] {logging_mixin.py:190} INFO - [2026-07-10T20:14:53.787+0000] {dag.py:4180} INFO - Setting next_dagrun for weather_scrape_and_load to 2026-07-10 20:00:00+00:00, run_after=2026-07-10 21:00:00+00:00
[2026-07-10T20:14:53.827+0000] {processor.py:208} INFO - Processing /opt/airflow/dags/weather_scrape_dag.py took 0.169 seconds
[2026-07-10T20:15:23.909+0000] {processor.py:186} INFO - Started process (PID=1772) to work on /opt/airflow/dags/weather_scrape_dag.py
[2026-07-10T20:15:23.918+0000] {processor.py:914} INFO - Processing file /opt/airflow/dags/weather_scrape_dag.py for tasks to queue
[2026-07-10T20:15:23.923+0000] {logging_mixin.py:190} INFO - [2026-07-10T20:15:23.922+0000] {dagbag.py:588} INFO - Filling up the DagBag from /opt/airflow/dags/weather_scrape_dag.py
[2026-07-10T20:15:23.944+0000] {processor.py:925} INFO - DAG(s) 'weather_scrape_and_load' retrieved from /opt/airflow/dags/weather_scrape_dag.py
[2026-07-10T20:15:23.993+0000] {logging_mixin.py:190} INFO - [2026-07-10T20:15:23.993+0000] {dag.py:3239} INFO - Sync 1 DAGs
[2026-07-10T20:15:24.040+0000] {logging_mixin.py:190} INFO - [2026-07-10T20:15:24.039+0000] {dag.py:4180} INFO - Setting next_dagrun for weather_scrape_and_load to 2026-07-10 20:00:00+00:00, run_after=2026-07-10 21:00:00+00:00
[2026-07-10T20:15:24.085+0000] {processor.py:208} INFO - Processing /opt/airflow/dags/weather_scrape_dag.py took 0.186 seconds
[2026-07-10T20:15:54.261+0000] {processor.py:186} INFO - Started process (PID=1777) to work on /opt/airflow/dags/weather_scrape_dag.py
[2026-07-10T20:15:54.262+0000] {processor.py:914} INFO - Processing file /opt/airflow/dags/weather_scrape_dag.py for tasks to queue
[2026-07-10T20:15:54.267+0000] {logging_mixin.py:190} INFO - [2026-07-10T20:15:54.266+0000] {dagbag.py:588} INFO - Filling up the DagBag from /opt/airflow/dags/weather_scrape_dag.py
[2026-07-10T20:15:54.288+0000] {processor.py:925} INFO - DAG(s) 'weather_scrape_and_load' retrieved from /opt/airflow/dags/weather_scrape_dag.py
[2026-07-10T20:15:54.335+0000] {logging_mixin.py:190} INFO - [2026-07-10T20:15:54.335+0000] {dag.py:3239} INFO - Sync 1 DAGs
[2026-07-10T20:15:54.382+0000] {logging_mixin.py:190} INFO - [2026-07-10T20:15:54.382+0000] {dag.py:4180} INFO - Setting next_dagrun for weather_scrape_and_load to 2026-07-10 20:00:00+00:00, run_after=2026-07-10 21:00:00+00:00
[2026-07-10T20:15:54.422+0000] {processor.py:208} INFO - Processing /opt/airflow/dags/weather_scrape_dag.py took 0.171 seconds
[2026-07-10T20:16:24.506+0000] {processor.py:186} INFO - Started process (PID=1782) to work on /opt/airflow/dags/weather_scrape_dag.py
[2026-07-10T20:16:24.507+0000] {processor.py:914} INFO - Processing file /opt/airflow/dags/weather_scrape_dag.py for tasks to queue
[2026-07-10T20:16:24.511+0000] {logging_mixin.py:190} INFO - [2026-07-10T20:16:24.510+0000] {dagbag.py:588} INFO - Filling up the DagBag from /opt/airflow/dags/weather_scrape_dag.py
[2026-07-10T20:16:24.534+0000] {processor.py:925} INFO - DAG(s) 'weather_scrape_and_load' retrieved from /opt/airflow/dags/weather_scrape_dag.py
[2026-07-10T20:16:24.583+0000] {logging_mixin.py:190} INFO - [2026-07-10T20:16:24.582+0000] {dag.py:3239} INFO - Sync 1 DAGs
[2026-07-10T20:16:24.642+0000] {logging_mixin.py:190} INFO - [2026-07-10T20:16:24.642+0000] {dag.py:4180} INFO - Setting next_dagrun for weather_scrape_and_load to 2026-07-10 20:00:00+00:00, run_after=2026-07-10 21:00:00+00:00
[2026-07-10T20:16:24.679+0000] {processor.py:208} INFO - Processing /opt/airflow/dags/weather_scrape_dag.py took 0.185 seconds
[2026-07-10T20:16:54.885+0000] {processor.py:186} INFO - Started process (PID=1787) to work on /opt/airflow/dags/weather_scrape_dag.py
[2026-07-10T20:16:54.887+0000] {processor.py:914} INFO - Processing file /opt/airflow/dags/weather_scrape_dag.py for tasks to queue
[2026-07-10T20:16:54.890+0000] {logging_mixin.py:190} INFO - [2026-07-10T20:16:54.890+0000] {dagbag.py:588} INFO - Filling up the DagBag from /opt/airflow/dags/weather_scrape_dag.py
[2026-07-10T20:16:54.912+0000] {processor.py:925} INFO - DAG(s) 'weather_scrape_and_load' retrieved from /opt/airflow/dags/weather_scrape_dag.py
[2026-07-10T20:16:54.965+0000] {logging_mixin.py:190} INFO - [2026-07-10T20:16:54.965+0000] {dag.py:3239} INFO - Sync 1 DAGs
[2026-07-10T20:16:55.011+0000] {logging_mixin.py:190} INFO - [2026-07-10T20:16:55.011+0000] {dag.py:4180} INFO - Setting next_dagrun for weather_scrape_and_load to 2026-07-10 20:00:00+00:00, run_after=2026-07-10 21:00:00+00:00
[2026-07-10T20:16:55.050+0000] {processor.py:208} INFO - Processing /opt/airflow/dags/weather_scrape_dag.py took 0.176 seconds
[2026-07-10T20:17:25.118+0000] {processor.py:186} INFO - Started process (PID=1792) to work on /opt/airflow/dags/weather_scrape_dag.py
[2026-07-10T20:17:25.127+0000] {processor.py:914} INFO - Processing file /opt/airflow/dags/weather_scrape_dag.py for tasks to queue
[2026-07-10T20:17:25.130+0000] {logging_mixin.py:190} INFO - [2026-07-10T20:17:25.130+0000] {dagbag.py:588} INFO - Filling up the DagBag from /opt/airflow/dags/weather_scrape_dag.py
[2026-07-10T20:17:25.152+0000] {processor.py:925} INFO - DAG(s) 'weather_scrape_and_load' retrieved from /opt/airflow/dags/weather_scrape_dag.py
[2026-07-10T20:17:25.201+0000] {logging_mixin.py:190} INFO - [2026-07-10T20:17:25.200+0000] {dag.py:3239} INFO - Sync 1 DAGs
[2026-07-10T20:17:25.248+0000] {logging_mixin.py:190} INFO - [2026-07-10T20:17:25.248+0000] {dag.py:4180} INFO - Setting next_dagrun for weather_scrape_and_load to 2026-07-10 20:00:00+00:00, run_after=2026-07-10 21:00:00+00:00
[2026-07-10T20:17:25.290+0000] {processor.py:208} INFO - Processing /opt/airflow/dags/weather_scrape_dag.py took 0.184 seconds
[2026-07-10T20:17:55.479+0000] {processor.py:186} INFO - Started process (PID=1797) to work on /opt/airflow/dags/weather_scrape_dag.py
[2026-07-10T20:17:55.480+0000] {processor.py:914} INFO - Processing file /opt/airflow/dags/weather_scrape_dag.py for tasks to queue
[2026-07-10T20:17:55.483+0000] {logging_mixin.py:190} INFO - [2026-07-10T20:17:55.482+0000] {dagbag.py:588} INFO - Filling up the DagBag from /opt/airflow/dags/weather_scrape_dag.py
[2026-07-10T20:17:55.504+0000] {processor.py:925} INFO - DAG(s) 'weather_scrape_and_load' retrieved from /opt/airflow/dags/weather_scrape_dag.py
[2026-07-10T20:17:55.550+0000] {logging_mixin.py:190} INFO - [2026-07-10T20:17:55.550+0000] {dag.py:3239} INFO - Sync 1 DAGs
[2026-07-10T20:17:55.595+0000] {logging_mixin.py:190} INFO - [2026-07-10T20:17:55.594+0000] {dag.py:4180} INFO - Setting next_dagrun for weather_scrape_and_load to 2026-07-10 20:00:00+00:00, run_after=2026-07-10 21:00:00+00:00
[2026-07-10T20:17:55.627+0000] {processor.py:208} INFO - Processing /opt/airflow/dags/weather_scrape_dag.py took 0.159 seconds
[2026-07-10T20:18:25.713+0000] {processor.py:186} INFO - Started process (PID=1802) to work on /opt/airflow/dags/weather_scrape_dag.py
[2026-07-10T20:18:25.714+0000] {processor.py:914} INFO - Processing file /opt/airflow/dags/weather_scrape_dag.py for tasks to queue
[2026-07-10T20:18:25.718+0000] {logging_mixin.py:190} INFO - [2026-07-10T20:18:25.717+0000] {dagbag.py:588} INFO - Filling up the DagBag from /opt/airflow/dags/weather_scrape_dag.py
[2026-07-10T20:18:25.739+0000] {processor.py:925} INFO - DAG(s) 'weather_scrape_and_load' retrieved from /opt/airflow/dags/weather_scrape_dag.py
[2026-07-10T20:18:25.789+0000] {logging_mixin.py:190} INFO - [2026-07-10T20:18:25.789+0000] {dag.py:3239} INFO - Sync 1 DAGs
[2026-07-10T20:18:25.839+0000] {logging_mixin.py:190} INFO - [2026-07-10T20:18:25.839+0000] {dag.py:4180} INFO - Setting next_dagrun for weather_scrape_and_load to 2026-07-10 20:00:00+00:00, run_after=2026-07-10 21:00:00+00:00
[2026-07-10T20:18:25.875+0000] {processor.py:208} INFO - Processing /opt/airflow/dags/weather_scrape_dag.py took 0.174 seconds
[2026-07-10T20:18:56.076+0000] {processor.py:186} INFO - Started process (PID=1807) to work on /opt/airflow/dags/weather_scrape_dag.py
[2026-07-10T20:18:56.077+0000] {processor.py:914} INFO - Processing file /opt/airflow/dags/weather_scrape_dag.py for tasks to queue
[2026-07-10T20:18:56.081+0000] {logging_mixin.py:190} INFO - [2026-07-10T20:18:56.080+0000] {dagbag.py:588} INFO - Filling up the DagBag from /opt/airflow/dags/weather_scrape_dag.py
[2026-07-10T20:18:56.102+0000] {processor.py:925} INFO - DAG(s) 'weather_scrape_and_load' retrieved from /opt/airflow/dags/weather_scrape_dag.py
[2026-07-10T20:18:56.151+0000] {logging_mixin.py:190} INFO - [2026-07-10T20:18:56.151+0000] {dag.py:3239} INFO - Sync 1 DAGs
[2026-07-10T20:18:56.199+0000] {logging_mixin.py:190} INFO - [2026-07-10T20:18:56.199+0000] {dag.py:4180} INFO - Setting next_dagrun for weather_scrape_and_load to 2026-07-10 20:00:00+00:00, run_after=2026-07-10 21:00:00+00:00
[2026-07-10T20:18:56.240+0000] {processor.py:208} INFO - Processing /opt/airflow/dags/weather_scrape_dag.py took 0.176 seconds
[2026-07-10T20:19:26.337+0000] {processor.py:186} INFO - Started process (PID=1812) to work on /opt/airflow/dags/weather_scrape_dag.py
[2026-07-10T20:19:26.346+0000] {processor.py:914} INFO - Processing file /opt/airflow/dags/weather_scrape_dag.py for tasks to queue
[2026-07-10T20:19:26.351+0000] {logging_mixin.py:190} INFO - [2026-07-10T20:19:26.350+0000] {dagbag.py:588} INFO - Filling up the DagBag from /opt/airflow/dags/weather_scrape_dag.py
[2026-07-10T20:19:26.372+0000] {processor.py:925} INFO - DAG(s) 'weather_scrape_and_load' retrieved from /opt/airflow/dags/weather_scrape_dag.py
[2026-07-10T20:19:26.423+0000] {logging_mixin.py:190} INFO - [2026-07-10T20:19:26.423+0000] {dag.py:3239} INFO - Sync 1 DAGs
[2026-07-10T20:19:26.470+0000] {logging_mixin.py:190} INFO - [2026-07-10T20:19:26.469+0000] {dag.py:4180} INFO - Setting next_dagrun for weather_scrape_and_load to 2026-07-10 20:00:00+00:00, run_after=2026-07-10 21:00:00+00:00
[2026-07-10T20:19:26.507+0000] {processor.py:208} INFO - Processing /opt/airflow/dags/weather_scrape_dag.py took 0.180 seconds
[2026-07-10T20:19:56.664+0000] {processor.py:186} INFO - Started process (PID=1817) to work on /opt/airflow/dags/weather_scrape_dag.py
[2026-07-10T20:19:56.665+0000] {processor.py:914} INFO - Processing file /opt/airflow/dags/weather_scrape_dag.py for tasks to queue
[2026-07-10T20:19:56.670+0000] {logging_mixin.py:190} INFO - [2026-07-10T20:19:56.669+0000] {dagbag.py:588} INFO - Filling up the DagBag from /opt/airflow/dags/weather_scrape_dag.py
[2026-07-10T20:19:56.690+0000] {processor.py:925} INFO - DAG(s) 'weather_scrape_and_load' retrieved from /opt/airflow/dags/weather_scrape_dag.py
[2026-07-10T20:19:56.741+0000] {logging_mixin.py:190} INFO - [2026-07-10T20:19:56.740+0000] {dag.py:3239} INFO - Sync 1 DAGs
[2026-07-10T20:19:56.790+0000] {logging_mixin.py:190} INFO - [2026-07-10T20:19:56.789+0000] {dag.py:4180} INFO - Setting next_dagrun for weather_scrape_and_load to 2026-07-10 20:00:00+00:00, run_after=2026-07-10 21:00:00+00:00
[2026-07-10T20:19:56.830+0000] {processor.py:208} INFO - Processing /opt/airflow/dags/weather_scrape_dag.py took 0.177 seconds
[2026-07-10T20:20:26.933+0000] {processor.py:186} INFO - Started process (PID=1822) to work on /opt/airflow/dags/weather_scrape_dag.py
[2026-07-10T20:20:26.943+0000] {processor.py:914} INFO - Processing file /opt/airflow/dags/weather_scrape_dag.py for tasks to queue
[2026-07-10T20:20:26.948+0000] {logging_mixin.py:190} INFO - [2026-07-10T20:20:26.947+0000] {dagbag.py:588} INFO - Filling up the DagBag from /opt/airflow/dags/weather_scrape_dag.py
[2026-07-10T20:20:26.972+0000] {processor.py:925} INFO - DAG(s) 'weather_scrape_and_load' retrieved from /opt/airflow/dags/weather_scrape_dag.py
[2026-07-10T20:20:27.027+0000] {logging_mixin.py:190} INFO - [2026-07-10T20:20:27.027+0000] {dag.py:3239} INFO - Sync 1 DAGs
[2026-07-10T20:20:27.084+0000] {logging_mixin.py:190} INFO - [2026-07-10T20:20:27.084+0000] {dag.py:4180} INFO - Setting next_dagrun for weather_scrape_and_load to 2026-07-10 20:00:00+00:00, run_after=2026-07-10 21:00:00+00:00
[2026-07-10T20:20:27.129+0000] {processor.py:208} INFO - Processing /opt/airflow/dags/weather_scrape_dag.py took 0.211 seconds
[2026-07-10T20:20:57.265+0000] {processor.py:186} INFO - Started process (PID=1827) to work on /opt/airflow/dags/weather_scrape_dag.py
[2026-07-10T20:20:57.266+0000] {processor.py:914} INFO - Processing file /opt/airflow/dags/weather_scrape_dag.py for tasks to queue
[2026-07-10T20:20:57.269+0000] {logging_mixin.py:190} INFO - [2026-07-10T20:20:57.269+0000] {dagbag.py:588} INFO - Filling up the DagBag from /opt/airflow/dags/weather_scrape_dag.py
[2026-07-10T20:20:57.290+0000] {processor.py:925} INFO - DAG(s) 'weather_scrape_and_load' retrieved from /opt/airflow/dags/weather_scrape_dag.py
[2026-07-10T20:20:57.338+0000] {logging_mixin.py:190} INFO - [2026-07-10T20:20:57.338+0000] {dag.py:3239} INFO - Sync 1 DAGs
[2026-07-10T20:20:57.383+0000] {logging_mixin.py:190} INFO - [2026-07-10T20:20:57.383+0000] {dag.py:4180} INFO - Setting next_dagrun for weather_scrape_and_load to 2026-07-10 20:00:00+00:00, run_after=2026-07-10 21:00:00+00:00
[2026-07-10T20:20:57.426+0000] {processor.py:208} INFO - Processing /opt/airflow/dags/weather_scrape_dag.py took 0.173 seconds
[2026-07-10T20:21:27.561+0000] {processor.py:186} INFO - Started process (PID=1832) to work on /opt/airflow/dags/weather_scrape_dag.py
[2026-07-10T20:21:27.570+0000] {processor.py:914} INFO - Processing file /opt/airflow/dags/weather_scrape_dag.py for tasks to queue
[2026-07-10T20:21:27.574+0000] {logging_mixin.py:190} INFO - [2026-07-10T20:21:27.573+0000] {dagbag.py:588} INFO - Filling up the DagBag from /opt/airflow/dags/weather_scrape_dag.py
[2026-07-10T20:21:27.595+0000] {processor.py:925} INFO - DAG(s) 'weather_scrape_and_load' retrieved from /opt/airflow/dags/weather_scrape_dag.py
[2026-07-10T20:21:27.645+0000] {logging_mixin.py:190} INFO - [2026-07-10T20:21:27.644+0000] {dag.py:3239} INFO - Sync 1 DAGs
[2026-07-10T20:21:27.693+0000] {logging_mixin.py:190} INFO - [2026-07-10T20:21:27.692+0000] {dag.py:4180} INFO - Setting next_dagrun for weather_scrape_and_load to 2026-07-10 20:00:00+00:00, run_after=2026-07-10 21:00:00+00:00
[2026-07-10T20:21:27.735+0000] {processor.py:208} INFO - Processing /opt/airflow/dags/weather_scrape_dag.py took 0.185 seconds
[2026-07-10T20:21:57.863+0000] {processor.py:186} INFO - Started process (PID=1837) to work on /opt/airflow/dags/weather_scrape_dag.py
[2026-07-10T20:21:57.864+0000] {processor.py:914} INFO - Processing file /opt/airflow/dags/weather_scrape_dag.py for tasks to queue
[2026-07-10T20:21:57.868+0000] {logging_mixin.py:190} INFO - [2026-07-10T20:21:57.867+0000] {dagbag.py:588} INFO - Filling up the DagBag from /opt/airflow/dags/weather_scrape_dag.py
[2026-07-10T20:21:57.889+0000] {processor.py:925} INFO - DAG(s) 'weather_scrape_and_load' retrieved from /opt/airflow/dags/weather_scrape_dag.py
[2026-07-10T20:21:57.937+0000] {logging_mixin.py:190} INFO - [2026-07-10T20:21:57.937+0000] {dag.py:3239} INFO - Sync 1 DAGs
[2026-07-10T20:21:57.988+0000] {logging_mixin.py:190} INFO - [2026-07-10T20:21:57.988+0000] {dag.py:4180} INFO - Setting next_dagrun for weather_scrape_and_load to 2026-07-10 20:00:00+00:00, run_after=2026-07-10 21:00:00+00:00
[2026-07-10T20:21:58.031+0000] {processor.py:208} INFO - Processing /opt/airflow/dags/weather_scrape_dag.py took 0.179 seconds
[2026-07-10T20:22:28.187+0000] {processor.py:186} INFO - Started process (PID=1842) to work on /opt/airflow/dags/weather_scrape_dag.py
[2026-07-10T20:22:28.188+0000] {processor.py:914} INFO - Processing file /opt/airflow/dags/weather_scrape_dag.py for tasks to queue
[2026-07-10T20:22:28.192+0000] {logging_mixin.py:190} INFO - [2026-07-10T20:22:28.191+0000] {dagbag.py:588} INFO - Filling up the DagBag from /opt/airflow/dags/weather_scrape_dag.py
[2026-07-10T20:22:28.213+0000] {processor.py:925} INFO - DAG(s) 'weather_scrape_and_load' retrieved from /opt/airflow/dags/weather_scrape_dag.py
[2026-07-10T20:22:28.264+0000] {logging_mixin.py:190} INFO - [2026-07-10T20:22:28.264+0000] {dag.py:3239} INFO - Sync 1 DAGs
[2026-07-10T20:22:28.314+0000] {logging_mixin.py:190} INFO - [2026-07-10T20:22:28.313+0000] {dag.py:4180} INFO - Setting next_dagrun for weather_scrape_and_load to 2026-07-10 20:00:00+00:00, run_after=2026-07-10 21:00:00+00:00
[2026-07-10T20:22:28.354+0000] {processor.py:208} INFO - Processing /opt/airflow/dags/weather_scrape_dag.py took 0.178 seconds
[2026-07-10T20:22:58.481+0000] {processor.py:186} INFO - Started process (PID=1847) to work on /opt/airflow/dags/weather_scrape_dag.py
[2026-07-10T20:22:58.490+0000] {processor.py:914} INFO - Processing file /opt/airflow/dags/weather_scrape_dag.py for tasks to queue
[2026-07-10T20:22:58.494+0000] {logging_mixin.py:190} INFO - [2026-07-10T20:22:58.493+0000] {dagbag.py:588} INFO - Filling up the DagBag from /opt/airflow/dags/weather_scrape_dag.py
[2026-07-10T20:22:58.515+0000] {processor.py:925} INFO - DAG(s) 'weather_scrape_and_load' retrieved from /opt/airflow/dags/weather_scrape_dag.py
[2026-07-10T20:22:58.571+0000] {logging_mixin.py:190} INFO - [2026-07-10T20:22:58.570+0000] {dag.py:3239} INFO - Sync 1 DAGs
[2026-07-10T20:22:58.619+0000] {logging_mixin.py:190} INFO - [2026-07-10T20:22:58.619+0000] {dag.py:4180} INFO - Setting next_dagrun for weather_scrape_and_load to 2026-07-10 20:00:00+00:00, run_after=2026-07-10 21:00:00+00:00
[2026-07-10T20:22:58.660+0000] {processor.py:208} INFO - Processing /opt/airflow/dags/weather_scrape_dag.py took 0.189 seconds
[2026-07-10T20:23:28.800+0000] {processor.py:186} INFO - Started process (PID=1852) to work on /opt/airflow/dags/weather_scrape_dag.py
[2026-07-10T20:23:28.801+0000] {processor.py:914} INFO - Processing file /opt/airflow/dags/weather_scrape_dag.py for tasks to queue
[2026-07-10T20:23:28.805+0000] {logging_mixin.py:190} INFO - [2026-07-10T20:23:28.804+0000] {dagbag.py:588} INFO - Filling up the DagBag from /opt/airflow/dags/weather_scrape_dag.py
[2026-07-10T20:23:28.827+0000] {processor.py:925} INFO - DAG(s) 'weather_scrape_and_load' retrieved from /opt/airflow/dags/weather_scrape_dag.py
[2026-07-10T20:23:28.876+0000] {logging_mixin.py:190} INFO - [2026-07-10T20:23:28.876+0000] {dag.py:3239} INFO - Sync 1 DAGs
[2026-07-10T20:23:28.923+0000] {logging_mixin.py:190} INFO - [2026-07-10T20:23:28.923+0000] {dag.py:4180} INFO - Setting next_dagrun for weather_scrape_and_load to 2026-07-10 20:00:00+00:00, run_after=2026-07-10 21:00:00+00:00
[2026-07-10T20:23:28.965+0000] {processor.py:208} INFO - Processing /opt/airflow/dags/weather_scrape_dag.py took 0.176 seconds
[2026-07-10T20:23:59.089+0000] {processor.py:186} INFO - Started process (PID=1857) to work on /opt/airflow/dags/weather_scrape_dag.py
[2026-07-10T20:23:59.098+0000] {processor.py:914} INFO - Processing file /opt/airflow/dags/weather_scrape_dag.py for tasks to queue
[2026-07-10T20:23:59.103+0000] {logging_mixin.py:190} INFO - [2026-07-10T20:23:59.102+0000] {dagbag.py:588} INFO - Filling up the DagBag from /opt/airflow/dags/weather_scrape_dag.py
[2026-07-10T20:23:59.123+0000] {processor.py:925} INFO - DAG(s) 'weather_scrape_and_load' retrieved from /opt/airflow/dags/weather_scrape_dag.py
[2026-07-10T20:23:59.172+0000] {logging_mixin.py:190} INFO - [2026-07-10T20:23:59.171+0000] {dag.py:3239} INFO - Sync 1 DAGs
[2026-07-10T20:23:59.217+0000] {logging_mixin.py:190} INFO - [2026-07-10T20:23:59.217+0000] {dag.py:4180} INFO - Setting next_dagrun for weather_scrape_and_load to 2026-07-10 20:00:00+00:00, run_after=2026-07-10 21:00:00+00:00
[2026-07-10T20:23:59.258+0000] {processor.py:208} INFO - Processing /opt/airflow/dags/weather_scrape_dag.py took 0.180 seconds
[2026-07-10T20:24:29.417+0000] {processor.py:186} INFO - Started process (PID=1862) to work on /opt/airflow/dags/weather_scrape_dag.py
[2026-07-10T20:24:29.418+0000] {processor.py:914} INFO - Processing file /opt/airflow/dags/weather_scrape_dag.py for tasks to queue
[2026-07-10T20:24:29.421+0000] {logging_mixin.py:190} INFO - [2026-07-10T20:24:29.421+0000] {dagbag.py:588} INFO - Filling up the DagBag from /opt/airflow/dags/weather_scrape_dag.py
[2026-07-10T20:24:29.442+0000] {processor.py:925} INFO - DAG(s) 'weather_scrape_and_load' retrieved from /opt/airflow/dags/weather_scrape_dag.py
[2026-07-10T20:24:29.490+0000] {logging_mixin.py:190} INFO - [2026-07-10T20:24:29.490+0000] {dag.py:3239} INFO - Sync 1 DAGs
[2026-07-10T20:24:29.537+0000] {logging_mixin.py:190} INFO - [2026-07-10T20:24:29.537+0000] {dag.py:4180} INFO - Setting next_dagrun for weather_scrape_and_load to 2026-07-10 20:00:00+00:00, run_after=2026-07-10 21:00:00+00:00
[2026-07-10T20:24:29.578+0000] {processor.py:208} INFO - Processing /opt/airflow/dags/weather_scrape_dag.py took 0.173 seconds
[2026-07-10T20:24:59.697+0000] {processor.py:186} INFO - Started process (PID=1867) to work on /opt/airflow/dags/weather_scrape_dag.py
[2026-07-10T20:24:59.698+0000] {processor.py:914} INFO - Processing file /opt/airflow/dags/weather_scrape_dag.py for tasks to queue
[2026-07-10T20:24:59.702+0000] {logging_mixin.py:190} INFO - [2026-07-10T20:24:59.702+0000] {dagbag.py:588} INFO - Filling up the DagBag from /opt/airflow/dags/weather_scrape_dag.py
[2026-07-10T20:24:59.723+0000] {processor.py:925} INFO - DAG(s) 'weather_scrape_and_load' retrieved from /opt/airflow/dags/weather_scrape_dag.py
[2026-07-10T20:24:59.772+0000] {logging_mixin.py:190} INFO - [2026-07-10T20:24:59.771+0000] {dag.py:3239} INFO - Sync 1 DAGs
[2026-07-10T20:24:59.819+0000] {logging_mixin.py:190} INFO - [2026-07-10T20:24:59.818+0000] {dag.py:4180} INFO - Setting next_dagrun for weather_scrape_and_load to 2026-07-10 20:00:00+00:00, run_after=2026-07-10 21:00:00+00:00
[2026-07-10T20:24:59.863+0000] {processor.py:208} INFO - Processing /opt/airflow/dags/weather_scrape_dag.py took 0.178 seconds
[2026-07-10T20:25:30.013+0000] {processor.py:186} INFO - Started process (PID=1872) to work on /opt/airflow/dags/weather_scrape_dag.py
[2026-07-10T20:25:30.014+0000] {processor.py:914} INFO - Processing file /opt/airflow/dags/weather_scrape_dag.py for tasks to queue
[2026-07-10T20:25:30.017+0000] {logging_mixin.py:190} INFO - [2026-07-10T20:25:30.017+0000] {dagbag.py:588} INFO - Filling up the DagBag from /opt/airflow/dags/weather_scrape_dag.py
[2026-07-10T20:25:30.038+0000] {processor.py:925} INFO - DAG(s) 'weather_scrape_and_load' retrieved from /opt/airflow/dags/weather_scrape_dag.py
[2026-07-10T20:25:30.089+0000] {logging_mixin.py:190} INFO - [2026-07-10T20:25:30.089+0000] {dag.py:3239} INFO - Sync 1 DAGs
[2026-07-10T20:25:30.135+0000] {logging_mixin.py:190} INFO - [2026-07-10T20:25:30.135+0000] {dag.py:4180} INFO - Setting next_dagrun for weather_scrape_and_load to 2026-07-10 20:00:00+00:00, run_after=2026-07-10 21:00:00+00:00
[2026-07-10T20:25:30.176+0000] {processor.py:208} INFO - Processing /opt/airflow/dags/weather_scrape_dag.py took 0.176 seconds
[2026-07-10T20:26:00.327+0000] {processor.py:186} INFO - Started process (PID=1877) to work on /opt/airflow/dags/weather_scrape_dag.py
[2026-07-10T20:26:00.336+0000] {processor.py:914} INFO - Processing file /opt/airflow/dags/weather_scrape_dag.py for tasks to queue
[2026-07-10T20:26:00.340+0000] {logging_mixin.py:190} INFO - [2026-07-10T20:26:00.339+0000] {dagbag.py:588} INFO - Filling up the DagBag from /opt/airflow/dags/weather_scrape_dag.py
[2026-07-10T20:26:00.362+0000] {processor.py:925} INFO - DAG(s) 'weather_scrape_and_load' retrieved from /opt/airflow/dags/weather_scrape_dag.py
[2026-07-10T20:26:00.413+0000] {logging_mixin.py:190} INFO - [2026-07-10T20:26:00.413+0000] {dag.py:3239} INFO - Sync 1 DAGs
[2026-07-10T20:26:00.462+0000] {logging_mixin.py:190} INFO - [2026-07-10T20:26:00.461+0000] {dag.py:4180} INFO - Setting next_dagrun for weather_scrape_and_load to 2026-07-10 20:00:00+00:00, run_after=2026-07-10 21:00:00+00:00
[2026-07-10T20:26:00.495+0000] {processor.py:208} INFO - Processing /opt/airflow/dags/weather_scrape_dag.py took 0.179 seconds
[2026-07-10T20:26:30.610+0000] {processor.py:186} INFO - Started process (PID=1882) to work on /opt/airflow/dags/weather_scrape_dag.py
[2026-07-10T20:26:30.611+0000] {processor.py:914} INFO - Processing file /opt/airflow/dags/weather_scrape_dag.py for tasks to queue
[2026-07-10T20:26:30.615+0000] {logging_mixin.py:190} INFO - [2026-07-10T20:26:30.614+0000] {dagbag.py:588} INFO - Filling up the DagBag from /opt/airflow/dags/weather_scrape_dag.py
[2026-07-10T20:26:30.636+0000] {processor.py:925} INFO - DAG(s) 'weather_scrape_and_load' retrieved from /opt/airflow/dags/weather_scrape_dag.py
[2026-07-10T20:26:30.695+0000] {logging_mixin.py:190} INFO - [2026-07-10T20:26:30.694+0000] {dag.py:3239} INFO - Sync 1 DAGs
[2026-07-10T20:26:30.753+0000] {logging_mixin.py:190} INFO - [2026-07-10T20:26:30.753+0000] {dag.py:4180} INFO - Setting next_dagrun for weather_scrape_and_load to 2026-07-10 20:00:00+00:00, run_after=2026-07-10 21:00:00+00:00
[2026-07-10T20:26:30.791+0000] {processor.py:208} INFO - Processing /opt/airflow/dags/weather_scrape_dag.py took 0.192 seconds
[2026-07-10T20:27:00.941+0000] {processor.py:186} INFO - Started process (PID=1887) to work on /opt/airflow/dags/weather_scrape_dag.py
[2026-07-10T20:27:00.950+0000] {processor.py:914} INFO - Processing file /opt/airflow/dags/weather_scrape_dag.py for tasks to queue
[2026-07-10T20:27:00.954+0000] {logging_mixin.py:190} INFO - [2026-07-10T20:27:00.953+0000] {dagbag.py:588} INFO - Filling up the DagBag from /opt/airflow/dags/weather_scrape_dag.py
[2026-07-10T20:27:00.975+0000] {processor.py:925} INFO - DAG(s) 'weather_scrape_and_load' retrieved from /opt/airflow/dags/weather_scrape_dag.py
[2026-07-10T20:27:01.023+0000] {logging_mixin.py:190} INFO - [2026-07-10T20:27:01.023+0000] {dag.py:3239} INFO - Sync 1 DAGs
[2026-07-10T20:27:01.069+0000] {logging_mixin.py:190} INFO - [2026-07-10T20:27:01.069+0000] {dag.py:4180} INFO - Setting next_dagrun for weather_scrape_and_load to 2026-07-10 20:00:00+00:00, run_after=2026-07-10 21:00:00+00:00
[2026-07-10T20:27:01.109+0000] {processor.py:208} INFO - Processing /opt/airflow/dags/weather_scrape_dag.py took 0.179 seconds
[2026-07-10T20:27:31.231+0000] {processor.py:186} INFO - Started process (PID=1892) to work on /opt/airflow/dags/weather_scrape_dag.py
[2026-07-10T20:27:31.233+0000] {processor.py:914} INFO - Processing file /opt/airflow/dags/weather_scrape_dag.py for tasks to queue
[2026-07-10T20:27:31.236+0000] {logging_mixin.py:190} INFO - [2026-07-10T20:27:31.235+0000] {dagbag.py:588} INFO - Filling up the DagBag from /opt/airflow/dags/weather_scrape_dag.py
[2026-07-10T20:27:31.258+0000] {processor.py:925} INFO - DAG(s) 'weather_scrape_and_load' retrieved from /opt/airflow/dags/weather_scrape_dag.py
[2026-07-10T20:27:31.308+0000] {logging_mixin.py:190} INFO - [2026-07-10T20:27:31.307+0000] {dag.py:3239} INFO - Sync 1 DAGs
[2026-07-10T20:27:31.356+0000] {logging_mixin.py:190} INFO - [2026-07-10T20:27:31.355+0000] {dag.py:4180} INFO - Setting next_dagrun for weather_scrape_and_load to 2026-07-10 20:00:00+00:00, run_after=2026-07-10 21:00:00+00:00
[2026-07-10T20:27:31.400+0000] {processor.py:208} INFO - Processing /opt/airflow/dags/weather_scrape_dag.py took 0.179 seconds
[2026-07-10T20:28:01.550+0000] {processor.py:186} INFO - Started process (PID=1897) to work on /opt/airflow/dags/weather_scrape_dag.py
[2026-07-10T20:28:01.552+0000] {processor.py:914} INFO - Processing file /opt/airflow/dags/weather_scrape_dag.py for tasks to queue
[2026-07-10T20:28:01.556+0000] {logging_mixin.py:190} INFO - [2026-07-10T20:28:01.555+0000] {dagbag.py:588} INFO - Filling up the DagBag from /opt/airflow/dags/weather_scrape_dag.py
[2026-07-10T20:28:01.577+0000] {processor.py:925} INFO - DAG(s) 'weather_scrape_and_load' retrieved from /opt/airflow/dags/weather_scrape_dag.py
[2026-07-10T20:28:01.629+0000] {logging_mixin.py:190} INFO - [2026-07-10T20:28:01.628+0000] {dag.py:3239} INFO - Sync 1 DAGs
[2026-07-10T20:28:01.675+0000] {logging_mixin.py:190} INFO - [2026-07-10T20:28:01.674+0000] {dag.py:4180} INFO - Setting next_dagrun for weather_scrape_and_load to 2026-07-10 20:00:00+00:00, run_after=2026-07-10 21:00:00+00:00
[2026-07-10T20:28:01.715+0000] {processor.py:208} INFO - Processing /opt/airflow/dags/weather_scrape_dag.py took 0.176 seconds
[2026-07-10T20:28:31.831+0000] {processor.py:186} INFO - Started process (PID=1902) to work on /opt/airflow/dags/weather_scrape_dag.py
[2026-07-10T20:28:31.833+0000] {processor.py:914} INFO - Processing file /opt/airflow/dags/weather_scrape_dag.py for tasks to queue
[2026-07-10T20:28:31.837+0000] {logging_mixin.py:190} INFO - [2026-07-10T20:28:31.836+0000] {dagbag.py:588} INFO - Filling up the DagBag from /opt/airflow/dags/weather_scrape_dag.py
[2026-07-10T20:28:31.858+0000] {processor.py:925} INFO - DAG(s) 'weather_scrape_and_load' retrieved from /opt/airflow/dags/weather_scrape_dag.py
[2026-07-10T20:28:31.910+0000] {logging_mixin.py:190} INFO - [2026-07-10T20:28:31.910+0000] {dag.py:3239} INFO - Sync 1 DAGs
[2026-07-10T20:28:31.967+0000] {logging_mixin.py:190} INFO - [2026-07-10T20:28:31.966+0000] {dag.py:4180} INFO - Setting next_dagrun for weather_scrape_and_load to 2026-07-10 20:00:00+00:00, run_after=2026-07-10 21:00:00+00:00
[2026-07-10T20:28:32.005+0000] {processor.py:208} INFO - Processing /opt/airflow/dags/weather_scrape_dag.py took 0.186 seconds
[2026-07-10T20:29:02.158+0000] {processor.py:186} INFO - Started process (PID=1907) to work on /opt/airflow/dags/weather_scrape_dag.py
[2026-07-10T20:29:02.166+0000] {processor.py:914} INFO - Processing file /opt/airflow/dags/weather_scrape_dag.py for tasks to queue
[2026-07-10T20:29:02.171+0000] {logging_mixin.py:190} INFO - [2026-07-10T20:29:02.170+0000] {dagbag.py:588} INFO - Filling up the DagBag from /opt/airflow/dags/weather_scrape_dag.py
[2026-07-10T20:29:02.192+0000] {processor.py:925} INFO - DAG(s) 'weather_scrape_and_load' retrieved from /opt/airflow/dags/weather_scrape_dag.py
[2026-07-10T20:29:02.241+0000] {logging_mixin.py:190} INFO - [2026-07-10T20:29:02.241+0000] {dag.py:3239} INFO - Sync 1 DAGs
[2026-07-10T20:29:02.288+0000] {logging_mixin.py:190} INFO - [2026-07-10T20:29:02.287+0000] {dag.py:4180} INFO - Setting next_dagrun for weather_scrape_and_load to 2026-07-10 20:00:00+00:00, run_after=2026-07-10 21:00:00+00:00
[2026-07-10T20:29:02.329+0000] {processor.py:208} INFO - Processing /opt/airflow/dags/weather_scrape_dag.py took 0.183 seconds
[2026-07-10T20:29:32.451+0000] {processor.py:186} INFO - Started process (PID=1912) to work on /opt/airflow/dags/weather_scrape_dag.py
[2026-07-10T20:29:32.453+0000] {processor.py:914} INFO - Processing file /opt/airflow/dags/weather_scrape_dag.py for tasks to queue
[2026-07-10T20:29:32.456+0000] {logging_mixin.py:190} INFO - [2026-07-10T20:29:32.455+0000] {dagbag.py:588} INFO - Filling up the DagBag from /opt/airflow/dags/weather_scrape_dag.py
[2026-07-10T20:29:32.477+0000] {processor.py:925} INFO - DAG(s) 'weather_scrape_and_load' retrieved from /opt/airflow/dags/weather_scrape_dag.py
[2026-07-10T20:29:32.526+0000] {logging_mixin.py:190} INFO - [2026-07-10T20:29:32.526+0000] {dag.py:3239} INFO - Sync 1 DAGs
[2026-07-10T20:29:32.576+0000] {logging_mixin.py:190} INFO - [2026-07-10T20:29:32.576+0000] {dag.py:4180} INFO - Setting next_dagrun for weather_scrape_and_load to 2026-07-10 20:00:00+00:00, run_after=2026-07-10 21:00:00+00:00
[2026-07-10T20:29:32.619+0000] {processor.py:208} INFO - Processing /opt/airflow/dags/weather_scrape_dag.py took 0.180 seconds
[2026-07-10T20:30:02.772+0000] {processor.py:186} INFO - Started process (PID=1917) to work on /opt/airflow/dags/weather_scrape_dag.py
[2026-07-10T20:30:02.781+0000] {processor.py:914} INFO - Processing file /opt/airflow/dags/weather_scrape_dag.py for tasks to queue
[2026-07-10T20:30:02.785+0000] {logging_mixin.py:190} INFO - [2026-07-10T20:30:02.785+0000] {dagbag.py:588} INFO - Filling up the DagBag from /opt/airflow/dags/weather_scrape_dag.py
[2026-07-10T20:30:02.807+0000] {processor.py:925} INFO - DAG(s) 'weather_scrape_and_load' retrieved from /opt/airflow/dags/weather_scrape_dag.py
[2026-07-10T20:30:02.855+0000] {logging_mixin.py:190} INFO - [2026-07-10T20:30:02.854+0000] {dag.py:3239} INFO - Sync 1 DAGs
[2026-07-10T20:30:02.904+0000] {logging_mixin.py:190} INFO - [2026-07-10T20:30:02.904+0000] {dag.py:4180} INFO - Setting next_dagrun for weather_scrape_and_load to 2026-07-10 20:00:00+00:00, run_after=2026-07-10 21:00:00+00:00
[2026-07-10T20:30:02.947+0000] {processor.py:208} INFO - Processing /opt/airflow/dags/weather_scrape_dag.py took 0.186 seconds
[2026-07-10T20:30:33.043+0000] {processor.py:186} INFO - Started process (PID=1922) to work on /opt/airflow/dags/weather_scrape_dag.py
[2026-07-10T20:30:33.044+0000] {processor.py:914} INFO - Processing file /opt/airflow/dags/weather_scrape_dag.py for tasks to queue
[2026-07-10T20:30:33.048+0000] {logging_mixin.py:190} INFO - [2026-07-10T20:30:33.047+0000] {dagbag.py:588} INFO - Filling up the DagBag from /opt/airflow/dags/weather_scrape_dag.py
[2026-07-10T20:30:33.069+0000] {processor.py:925} INFO - DAG(s) 'weather_scrape_and_load' retrieved from /opt/airflow/dags/weather_scrape_dag.py
[2026-07-10T20:30:33.118+0000] {logging_mixin.py:190} INFO - [2026-07-10T20:30:33.117+0000] {dag.py:3239} INFO - Sync 1 DAGs
[2026-07-10T20:30:33.168+0000] {logging_mixin.py:190} INFO - [2026-07-10T20:30:33.168+0000] {dag.py:4180} INFO - Setting next_dagrun for weather_scrape_and_load to 2026-07-10 20:00:00+00:00, run_after=2026-07-10 21:00:00+00:00
[2026-07-10T20:30:33.211+0000] {processor.py:208} INFO - Processing /opt/airflow/dags/weather_scrape_dag.py took 0.179 seconds
[2026-07-10T20:31:03.386+0000] {processor.py:186} INFO - Started process (PID=1927) to work on /opt/airflow/dags/weather_scrape_dag.py
[2026-07-10T20:31:03.395+0000] {processor.py:914} INFO - Processing file /opt/airflow/dags/weather_scrape_dag.py for tasks to queue
[2026-07-10T20:31:03.399+0000] {logging_mixin.py:190} INFO - [2026-07-10T20:31:03.398+0000] {dagbag.py:588} INFO - Filling up the DagBag from /opt/airflow/dags/weather_scrape_dag.py
[2026-07-10T20:31:03.425+0000] {processor.py:925} INFO - DAG(s) 'weather_scrape_and_load' retrieved from /opt/airflow/dags/weather_scrape_dag.py
[2026-07-10T20:31:03.474+0000] {logging_mixin.py:190} INFO - [2026-07-10T20:31:03.474+0000] {dag.py:3239} INFO - Sync 1 DAGs
[2026-07-10T20:31:03.520+0000] {logging_mixin.py:190} INFO - [2026-07-10T20:31:03.520+0000] {dag.py:4180} INFO - Setting next_dagrun for weather_scrape_and_load to 2026-07-10 20:00:00+00:00, run_after=2026-07-10 21:00:00+00:00
[2026-07-10T20:31:03.563+0000] {processor.py:208} INFO - Processing /opt/airflow/dags/weather_scrape_dag.py took 0.190 seconds
[2026-07-10T20:31:33.645+0000] {processor.py:186} INFO - Started process (PID=1932) to work on /opt/airflow/dags/weather_scrape_dag.py
[2026-07-10T20:31:33.646+0000] {processor.py:914} INFO - Processing file /opt/airflow/dags/weather_scrape_dag.py for tasks to queue
[2026-07-10T20:31:33.650+0000] {logging_mixin.py:190} INFO - [2026-07-10T20:31:33.649+0000] {dagbag.py:588} INFO - Filling up the DagBag from /opt/airflow/dags/weather_scrape_dag.py
[2026-07-10T20:31:33.671+0000] {processor.py:925} INFO - DAG(s) 'weather_scrape_and_load' retrieved from /opt/airflow/dags/weather_scrape_dag.py
[2026-07-10T20:31:33.736+0000] {logging_mixin.py:190} INFO - [2026-07-10T20:31:33.736+0000] {dag.py:3239} INFO - Sync 1 DAGs
[2026-07-10T20:31:33.815+0000] {logging_mixin.py:190} INFO - [2026-07-10T20:31:33.814+0000] {dag.py:4180} INFO - Setting next_dagrun for weather_scrape_and_load to 2026-07-10 20:00:00+00:00, run_after=2026-07-10 21:00:00+00:00
[2026-07-10T20:31:33.867+0000] {processor.py:208} INFO - Processing /opt/airflow/dags/weather_scrape_dag.py took 0.233 seconds
[2026-07-10T20:32:04.018+0000] {processor.py:186} INFO - Started process (PID=1937) to work on /opt/airflow/dags/weather_scrape_dag.py
[2026-07-10T20:32:04.021+0000] {processor.py:914} INFO - Processing file /opt/airflow/dags/weather_scrape_dag.py for tasks to queue
[2026-07-10T20:32:04.025+0000] {logging_mixin.py:190} INFO - [2026-07-10T20:32:04.024+0000] {dagbag.py:588} INFO - Filling up the DagBag from /opt/airflow/dags/weather_scrape_dag.py
[2026-07-10T20:32:04.050+0000] {processor.py:925} INFO - DAG(s) 'weather_scrape_and_load' retrieved from /opt/airflow/dags/weather_scrape_dag.py
[2026-07-10T20:32:04.099+0000] {logging_mixin.py:190} INFO - [2026-07-10T20:32:04.099+0000] {dag.py:3239} INFO - Sync 1 DAGs
[2026-07-10T20:32:04.145+0000] {logging_mixin.py:190} INFO - [2026-07-10T20:32:04.145+0000] {dag.py:4180} INFO - Setting next_dagrun for weather_scrape_and_load to 2026-07-10 20:00:00+00:00, run_after=2026-07-10 21:00:00+00:00
[2026-07-10T20:32:04.183+0000] {processor.py:208} INFO - Processing /opt/airflow/dags/weather_scrape_dag.py took 0.178 seconds
[2026-07-10T20:32:34.297+0000] {processor.py:186} INFO - Started process (PID=1942) to work on /opt/airflow/dags/weather_scrape_dag.py
[2026-07-10T20:32:34.298+0000] {processor.py:914} INFO - Processing file /opt/airflow/dags/weather_scrape_dag.py for tasks to queue
[2026-07-10T20:32:34.303+0000] {logging_mixin.py:190} INFO - [2026-07-10T20:32:34.302+0000] {dagbag.py:588} INFO - Filling up the DagBag from /opt/airflow/dags/weather_scrape_dag.py
[2026-07-10T20:32:34.331+0000] {processor.py:925} INFO - DAG(s) 'weather_scrape_and_load' retrieved from /opt/airflow/dags/weather_scrape_dag.py
[2026-07-10T20:32:34.382+0000] {logging_mixin.py:190} INFO - [2026-07-10T20:32:34.382+0000] {dag.py:3239} INFO - Sync 1 DAGs
[2026-07-10T20:32:34.429+0000] {logging_mixin.py:190} INFO - [2026-07-10T20:32:34.428+0000] {dag.py:4180} INFO - Setting next_dagrun for weather_scrape_and_load to 2026-07-10 20:00:00+00:00, run_after=2026-07-10 21:00:00+00:00
[2026-07-10T20:32:34.477+0000] {processor.py:208} INFO - Processing /opt/airflow/dags/weather_scrape_dag.py took 0.191 seconds
[2026-07-10T20:33:04.620+0000] {processor.py:186} INFO - Started process (PID=1947) to work on /opt/airflow/dags/weather_scrape_dag.py
[2026-07-10T20:33:04.629+0000] {processor.py:914} INFO - Processing file /opt/airflow/dags/weather_scrape_dag.py for tasks to queue
[2026-07-10T20:33:04.634+0000] {logging_mixin.py:190} INFO - [2026-07-10T20:33:04.634+0000] {dagbag.py:588} INFO - Filling up the DagBag from /opt/airflow/dags/weather_scrape_dag.py
[2026-07-10T20:33:04.661+0000] {processor.py:925} INFO - DAG(s) 'weather_scrape_and_load' retrieved from /opt/airflow/dags/weather_scrape_dag.py
[2026-07-10T20:33:04.718+0000] {logging_mixin.py:190} INFO - [2026-07-10T20:33:04.718+0000] {dag.py:3239} INFO - Sync 1 DAGs
[2026-07-10T20:33:04.772+0000] {logging_mixin.py:190} INFO - [2026-07-10T20:33:04.772+0000] {dag.py:4180} INFO - Setting next_dagrun for weather_scrape_and_load to 2026-07-10 20:00:00+00:00, run_after=2026-07-10 21:00:00+00:00
[2026-07-10T20:33:04.816+0000] {processor.py:208} INFO - Processing /opt/airflow/dags/weather_scrape_dag.py took 0.207 seconds
[2026-07-10T20:33:34.915+0000] {processor.py:186} INFO - Started process (PID=1952) to work on /opt/airflow/dags/weather_scrape_dag.py
[2026-07-10T20:33:34.917+0000] {processor.py:914} INFO - Processing file /opt/airflow/dags/weather_scrape_dag.py for tasks to queue
[2026-07-10T20:33:34.920+0000] {logging_mixin.py:190} INFO - [2026-07-10T20:33:34.919+0000] {dagbag.py:588} INFO - Filling up the DagBag from /opt/airflow/dags/weather_scrape_dag.py
[2026-07-10T20:33:34.941+0000] {processor.py:925} INFO - DAG(s) 'weather_scrape_and_load' retrieved from /opt/airflow/dags/weather_scrape_dag.py
[2026-07-10T20:33:34.990+0000] {logging_mixin.py:190} INFO - [2026-07-10T20:33:34.990+0000] {dag.py:3239} INFO - Sync 1 DAGs
[2026-07-10T20:33:35.040+0000] {logging_mixin.py:190} INFO - [2026-07-10T20:33:35.039+0000] {dag.py:4180} INFO - Setting next_dagrun for weather_scrape_and_load to 2026-07-10 20:00:00+00:00, run_after=2026-07-10 21:00:00+00:00
[2026-07-10T20:33:35.083+0000] {processor.py:208} INFO - Processing /opt/airflow/dags/weather_scrape_dag.py took 0.180 seconds
[2026-07-10T20:34:05.266+0000] {processor.py:186} INFO - Started process (PID=1957) to work on /opt/airflow/dags/weather_scrape_dag.py
[2026-07-10T20:34:05.275+0000] {processor.py:914} INFO - Processing file /opt/airflow/dags/weather_scrape_dag.py for tasks to queue
[2026-07-10T20:34:05.280+0000] {logging_mixin.py:190} INFO - [2026-07-10T20:34:05.279+0000] {dagbag.py:588} INFO - Filling up the DagBag from /opt/airflow/dags/weather_scrape_dag.py
[2026-07-10T20:34:05.306+0000] {processor.py:925} INFO - DAG(s) 'weather_scrape_and_load' retrieved from /opt/airflow/dags/weather_scrape_dag.py
[2026-07-10T20:34:05.357+0000] {logging_mixin.py:190} INFO - [2026-07-10T20:34:05.356+0000] {dag.py:3239} INFO - Sync 1 DAGs
[2026-07-10T20:34:05.403+0000] {logging_mixin.py:190} INFO - [2026-07-10T20:34:05.403+0000] {dag.py:4180} INFO - Setting next_dagrun for weather_scrape_and_load to 2026-07-10 20:00:00+00:00, run_after=2026-07-10 21:00:00+00:00
[2026-07-10T20:34:05.444+0000] {processor.py:208} INFO - Processing /opt/airflow/dags/weather_scrape_dag.py took 0.194 seconds
[2026-07-10T20:34:35.526+0000] {processor.py:186} INFO - Started process (PID=1962) to work on /opt/airflow/dags/weather_scrape_dag.py
[2026-07-10T20:34:35.527+0000] {processor.py:914} INFO - Processing file /opt/airflow/dags/weather_scrape_dag.py for tasks to queue
[2026-07-10T20:34:35.531+0000] {logging_mixin.py:190} INFO - [2026-07-10T20:34:35.530+0000] {dagbag.py:588} INFO - Filling up the DagBag from /opt/airflow/dags/weather_scrape_dag.py
[2026-07-10T20:34:35.552+0000] {processor.py:925} INFO - DAG(s) 'weather_scrape_and_load' retrieved from /opt/airflow/dags/weather_scrape_dag.py
[2026-07-10T20:34:35.600+0000] {logging_mixin.py:190} INFO - [2026-07-10T20:34:35.599+0000] {dag.py:3239} INFO - Sync 1 DAGs
[2026-07-10T20:34:35.647+0000] {logging_mixin.py:190} INFO - [2026-07-10T20:34:35.646+0000] {dag.py:4180} INFO - Setting next_dagrun for weather_scrape_and_load to 2026-07-10 20:00:00+00:00, run_after=2026-07-10 21:00:00+00:00
[2026-07-10T20:34:35.690+0000] {processor.py:208} INFO - Processing /opt/airflow/dags/weather_scrape_dag.py took 0.175 seconds
[2026-07-10T20:35:05.892+0000] {processor.py:186} INFO - Started process (PID=1967) to work on /opt/airflow/dags/weather_scrape_dag.py
[2026-07-10T20:35:05.901+0000] {processor.py:914} INFO - Processing file /opt/airflow/dags/weather_scrape_dag.py for tasks to queue
[2026-07-10T20:35:05.905+0000] {logging_mixin.py:190} INFO - [2026-07-10T20:35:05.904+0000] {dagbag.py:588} INFO - Filling up the DagBag from /opt/airflow/dags/weather_scrape_dag.py
[2026-07-10T20:35:05.926+0000] {processor.py:925} INFO - DAG(s) 'weather_scrape_and_load' retrieved from /opt/airflow/dags/weather_scrape_dag.py
[2026-07-10T20:35:05.974+0000] {logging_mixin.py:190} INFO - [2026-07-10T20:35:05.973+0000] {dag.py:3239} INFO - Sync 1 DAGs
[2026-07-10T20:35:06.021+0000] {logging_mixin.py:190} INFO - [2026-07-10T20:35:06.020+0000] {dag.py:4180} INFO - Setting next_dagrun for weather_scrape_and_load to 2026-07-10 20:00:00+00:00, run_after=2026-07-10 21:00:00+00:00
[2026-07-10T20:35:06.061+0000] {processor.py:208} INFO - Processing /opt/airflow/dags/weather_scrape_dag.py took 0.180 seconds
[2026-07-10T20:35:36.120+0000] {processor.py:186} INFO - Started process (PID=1972) to work on /opt/airflow/dags/weather_scrape_dag.py
[2026-07-10T20:35:36.122+0000] {processor.py:914} INFO - Processing file /opt/airflow/dags/weather_scrape_dag.py for tasks to queue
[2026-07-10T20:35:36.127+0000] {logging_mixin.py:190} INFO - [2026-07-10T20:35:36.126+0000] {dagbag.py:588} INFO - Filling up the DagBag from /opt/airflow/dags/weather_scrape_dag.py
[2026-07-10T20:35:36.152+0000] {processor.py:925} INFO - DAG(s) 'weather_scrape_and_load' retrieved from /opt/airflow/dags/weather_scrape_dag.py
[2026-07-10T20:35:36.208+0000] {logging_mixin.py:190} INFO - [2026-07-10T20:35:36.207+0000] {dag.py:3239} INFO - Sync 1 DAGs
[2026-07-10T20:35:36.268+0000] {logging_mixin.py:190} INFO - [2026-07-10T20:35:36.268+0000] {dag.py:4180} INFO - Setting next_dagrun for weather_scrape_and_load to 2026-07-10 20:00:00+00:00, run_after=2026-07-10 21:00:00+00:00
[2026-07-10T20:35:36.307+0000] {processor.py:208} INFO - Processing /opt/airflow/dags/weather_scrape_dag.py took 0.200 seconds
[2026-07-10T20:36:06.494+0000] {processor.py:186} INFO - Started process (PID=1977) to work on /opt/airflow/dags/weather_scrape_dag.py
[2026-07-10T20:36:06.496+0000] {processor.py:914} INFO - Processing file /opt/airflow/dags/weather_scrape_dag.py for tasks to queue
[2026-07-10T20:36:06.500+0000] {logging_mixin.py:190} INFO - [2026-07-10T20:36:06.499+0000] {dagbag.py:588} INFO - Filling up the DagBag from /opt/airflow/dags/weather_scrape_dag.py
[2026-07-10T20:36:06.521+0000] {processor.py:925} INFO - DAG(s) 'weather_scrape_and_load' retrieved from /opt/airflow/dags/weather_scrape_dag.py
[2026-07-10T20:36:06.569+0000] {logging_mixin.py:190} INFO - [2026-07-10T20:36:06.568+0000] {dag.py:3239} INFO - Sync 1 DAGs
[2026-07-10T20:36:06.618+0000] {logging_mixin.py:190} INFO - [2026-07-10T20:36:06.617+0000] {dag.py:4180} INFO - Setting next_dagrun for weather_scrape_and_load to 2026-07-10 20:00:00+00:00, run_after=2026-07-10 21:00:00+00:00
[2026-07-10T20:36:06.659+0000] {processor.py:208} INFO - Processing /opt/airflow/dags/weather_scrape_dag.py took 0.176 seconds
[2026-07-10T20:36:36.740+0000] {processor.py:186} INFO - Started process (PID=1982) to work on /opt/airflow/dags/weather_scrape_dag.py
[2026-07-10T20:36:36.741+0000] {processor.py:914} INFO - Processing file /opt/airflow/dags/weather_scrape_dag.py for tasks to queue
[2026-07-10T20:36:36.746+0000] {logging_mixin.py:190} INFO - [2026-07-10T20:36:36.745+0000] {dagbag.py:588} INFO - Filling up the DagBag from /opt/airflow/dags/weather_scrape_dag.py
[2026-07-10T20:36:36.768+0000] {processor.py:925} INFO - DAG(s) 'weather_scrape_and_load' retrieved from /opt/airflow/dags/weather_scrape_dag.py
[2026-07-10T20:36:36.818+0000] {logging_mixin.py:190} INFO - [2026-07-10T20:36:36.818+0000] {dag.py:3239} INFO - Sync 1 DAGs
[2026-07-10T20:36:36.865+0000] {logging_mixin.py:190} INFO - [2026-07-10T20:36:36.864+0000] {dag.py:4180} INFO - Setting next_dagrun for weather_scrape_and_load to 2026-07-10 20:00:00+00:00, run_after=2026-07-10 21:00:00+00:00
[2026-07-10T20:36:36.906+0000] {processor.py:208} INFO - Processing /opt/airflow/dags/weather_scrape_dag.py took 0.177 seconds
[2026-07-10T20:37:07.103+0000] {processor.py:186} INFO - Started process (PID=1987) to work on /opt/airflow/dags/weather_scrape_dag.py
[2026-07-10T20:37:07.112+0000] {processor.py:914} INFO - Processing file /opt/airflow/dags/weather_scrape_dag.py for tasks to queue
[2026-07-10T20:37:07.121+0000] {logging_mixin.py:190} INFO - [2026-07-10T20:37:07.120+0000] {dagbag.py:588} INFO - Filling up the DagBag from /opt/airflow/dags/weather_scrape_dag.py
[2026-07-10T20:37:07.146+0000] {processor.py:925} INFO - DAG(s) 'weather_scrape_and_load' retrieved from /opt/airflow/dags/weather_scrape_dag.py
[2026-07-10T20:37:07.194+0000] {logging_mixin.py:190} INFO - [2026-07-10T20:37:07.193+0000] {dag.py:3239} INFO - Sync 1 DAGs
[2026-07-10T20:37:07.239+0000] {logging_mixin.py:190} INFO - [2026-07-10T20:37:07.239+0000] {dag.py:4180} INFO - Setting next_dagrun for weather_scrape_and_load to 2026-07-10 20:00:00+00:00, run_after=2026-07-10 21:00:00+00:00
[2026-07-10T20:37:07.280+0000] {processor.py:208} INFO - Processing /opt/airflow/dags/weather_scrape_dag.py took 0.191 seconds
[2026-07-10T20:37:37.357+0000] {processor.py:186} INFO - Started process (PID=1992) to work on /opt/airflow/dags/weather_scrape_dag.py
[2026-07-10T20:37:37.358+0000] {processor.py:914} INFO - Processing file /opt/airflow/dags/weather_scrape_dag.py for tasks to queue
[2026-07-10T20:37:37.362+0000] {logging_mixin.py:190} INFO - [2026-07-10T20:37:37.361+0000] {dagbag.py:588} INFO - Filling up the DagBag from /opt/airflow/dags/weather_scrape_dag.py
[2026-07-10T20:37:37.383+0000] {processor.py:925} INFO - DAG(s) 'weather_scrape_and_load' retrieved from /opt/airflow/dags/weather_scrape_dag.py
[2026-07-10T20:37:37.430+0000] {logging_mixin.py:190} INFO - [2026-07-10T20:37:37.430+0000] {dag.py:3239} INFO - Sync 1 DAGs
[2026-07-10T20:37:37.476+0000] {logging_mixin.py:190} INFO - [2026-07-10T20:37:37.476+0000] {dag.py:4180} INFO - Setting next_dagrun for weather_scrape_and_load to 2026-07-10 20:00:00+00:00, run_after=2026-07-10 21:00:00+00:00
[2026-07-10T20:37:37.516+0000] {processor.py:208} INFO - Processing /opt/airflow/dags/weather_scrape_dag.py took 0.171 seconds
[2026-07-10T20:38:07.723+0000] {processor.py:186} INFO - Started process (PID=1997) to work on /opt/airflow/dags/weather_scrape_dag.py
[2026-07-10T20:38:07.732+0000] {processor.py:914} INFO - Processing file /opt/airflow/dags/weather_scrape_dag.py for tasks to queue
[2026-07-10T20:38:07.735+0000] {logging_mixin.py:190} INFO - [2026-07-10T20:38:07.735+0000] {dagbag.py:588} INFO - Filling up the DagBag from /opt/airflow/dags/weather_scrape_dag.py
[2026-07-10T20:38:07.756+0000] {processor.py:925} INFO - DAG(s) 'weather_scrape_and_load' retrieved from /opt/airflow/dags/weather_scrape_dag.py
[2026-07-10T20:38:07.803+0000] {logging_mixin.py:190} INFO - [2026-07-10T20:38:07.802+0000] {dag.py:3239} INFO - Sync 1 DAGs
[2026-07-10T20:38:07.849+0000] {logging_mixin.py:190} INFO - [2026-07-10T20:38:07.849+0000] {dag.py:4180} INFO - Setting next_dagrun for weather_scrape_and_load to 2026-07-10 20:00:00+00:00, run_after=2026-07-10 21:00:00+00:00
[2026-07-10T20:38:07.884+0000] {processor.py:208} INFO - Processing /opt/airflow/dags/weather_scrape_dag.py took 0.174 seconds
[2026-07-10T20:38:37.949+0000] {processor.py:186} INFO - Started process (PID=2002) to work on /opt/airflow/dags/weather_scrape_dag.py
[2026-07-10T20:38:37.950+0000] {processor.py:914} INFO - Processing file /opt/airflow/dags/weather_scrape_dag.py for tasks to queue
[2026-07-10T20:38:37.954+0000] {logging_mixin.py:190} INFO - [2026-07-10T20:38:37.953+0000] {dagbag.py:588} INFO - Filling up the DagBag from /opt/airflow/dags/weather_scrape_dag.py
[2026-07-10T20:38:37.978+0000] {processor.py:925} INFO - DAG(s) 'weather_scrape_and_load' retrieved from /opt/airflow/dags/weather_scrape_dag.py
[2026-07-10T20:38:38.029+0000] {logging_mixin.py:190} INFO - [2026-07-10T20:38:38.029+0000] {dag.py:3239} INFO - Sync 1 DAGs
[2026-07-10T20:38:38.078+0000] {logging_mixin.py:190} INFO - [2026-07-10T20:38:38.077+0000] {dag.py:4180} INFO - Setting next_dagrun for weather_scrape_and_load to 2026-07-10 20:00:00+00:00, run_after=2026-07-10 21:00:00+00:00
[2026-07-10T20:38:38.118+0000] {processor.py:208} INFO - Processing /opt/airflow/dags/weather_scrape_dag.py took 0.180 seconds
[2026-07-10T20:39:08.318+0000] {processor.py:186} INFO - Started process (PID=2007) to work on /opt/airflow/dags/weather_scrape_dag.py
[2026-07-10T20:39:08.319+0000] {processor.py:914} INFO - Processing file /opt/airflow/dags/weather_scrape_dag.py for tasks to queue
[2026-07-10T20:39:08.323+0000] {logging_mixin.py:190} INFO - [2026-07-10T20:39:08.322+0000] {dagbag.py:588} INFO - Filling up the DagBag from /opt/airflow/dags/weather_scrape_dag.py
[2026-07-10T20:39:08.344+0000] {processor.py:925} INFO - DAG(s) 'weather_scrape_and_load' retrieved from /opt/airflow/dags/weather_scrape_dag.py
[2026-07-10T20:39:08.392+0000] {logging_mixin.py:190} INFO - [2026-07-10T20:39:08.391+0000] {dag.py:3239} INFO - Sync 1 DAGs
[2026-07-10T20:39:08.439+0000] {logging_mixin.py:190} INFO - [2026-07-10T20:39:08.438+0000] {dag.py:4180} INFO - Setting next_dagrun for weather_scrape_and_load to 2026-07-10 20:00:00+00:00, run_after=2026-07-10 21:00:00+00:00
[2026-07-10T20:39:08.480+0000] {processor.py:208} INFO - Processing /opt/airflow/dags/weather_scrape_dag.py took 0.173 seconds
[2026-07-10T20:39:38.557+0000] {processor.py:186} INFO - Started process (PID=2012) to work on /opt/airflow/dags/weather_scrape_dag.py
[2026-07-10T20:39:38.558+0000] {processor.py:914} INFO - Processing file /opt/airflow/dags/weather_scrape_dag.py for tasks to queue
[2026-07-10T20:39:38.562+0000] {logging_mixin.py:190} INFO - [2026-07-10T20:39:38.561+0000] {dagbag.py:588} INFO - Filling up the DagBag from /opt/airflow/dags/weather_scrape_dag.py
[2026-07-10T20:39:38.583+0000] {processor.py:925} INFO - DAG(s) 'weather_scrape_and_load' retrieved from /opt/airflow/dags/weather_scrape_dag.py
[2026-07-10T20:39:38.633+0000] {logging_mixin.py:190} INFO - [2026-07-10T20:39:38.632+0000] {dag.py:3239} INFO - Sync 1 DAGs
[2026-07-10T20:39:38.680+0000] {logging_mixin.py:190} INFO - [2026-07-10T20:39:38.680+0000] {dag.py:4180} INFO - Setting next_dagrun for weather_scrape_and_load to 2026-07-10 20:00:00+00:00, run_after=2026-07-10 21:00:00+00:00
[2026-07-10T20:39:38.713+0000] {processor.py:208} INFO - Processing /opt/airflow/dags/weather_scrape_dag.py took 0.167 seconds
[2026-07-10T20:40:08.916+0000] {processor.py:186} INFO - Started process (PID=2017) to work on /opt/airflow/dags/weather_scrape_dag.py
[2026-07-10T20:40:08.926+0000] {processor.py:914} INFO - Processing file /opt/airflow/dags/weather_scrape_dag.py for tasks to queue
[2026-07-10T20:40:08.930+0000] {logging_mixin.py:190} INFO - [2026-07-10T20:40:08.929+0000] {dagbag.py:588} INFO - Filling up the DagBag from /opt/airflow/dags/weather_scrape_dag.py
[2026-07-10T20:40:08.950+0000] {processor.py:925} INFO - DAG(s) 'weather_scrape_and_load' retrieved from /opt/airflow/dags/weather_scrape_dag.py
[2026-07-10T20:40:08.999+0000] {logging_mixin.py:190} INFO - [2026-07-10T20:40:08.998+0000] {dag.py:3239} INFO - Sync 1 DAGs
[2026-07-10T20:40:09.045+0000] {logging_mixin.py:190} INFO - [2026-07-10T20:40:09.044+0000] {dag.py:4180} INFO - Setting next_dagrun for weather_scrape_and_load to 2026-07-10 20:00:00+00:00, run_after=2026-07-10 21:00:00+00:00
[2026-07-10T20:40:09.088+0000] {processor.py:208} INFO - Processing /opt/airflow/dags/weather_scrape_dag.py took 0.182 seconds
[2026-07-10T20:40:39.147+0000] {processor.py:186} INFO - Started process (PID=2022) to work on /opt/airflow/dags/weather_scrape_dag.py
[2026-07-10T20:40:39.148+0000] {processor.py:914} INFO - Processing file /opt/airflow/dags/weather_scrape_dag.py for tasks to queue
[2026-07-10T20:40:39.152+0000] {logging_mixin.py:190} INFO - [2026-07-10T20:40:39.152+0000] {dagbag.py:588} INFO - Filling up the DagBag from /opt/airflow/dags/weather_scrape_dag.py
[2026-07-10T20:40:39.173+0000] {processor.py:925} INFO - DAG(s) 'weather_scrape_and_load' retrieved from /opt/airflow/dags/weather_scrape_dag.py
[2026-07-10T20:40:39.221+0000] {logging_mixin.py:190} INFO - [2026-07-10T20:40:39.221+0000] {dag.py:3239} INFO - Sync 1 DAGs
[2026-07-10T20:40:39.268+0000] {logging_mixin.py:190} INFO - [2026-07-10T20:40:39.267+0000] {dag.py:4180} INFO - Setting next_dagrun for weather_scrape_and_load to 2026-07-10 20:00:00+00:00, run_after=2026-07-10 21:00:00+00:00
[2026-07-10T20:40:39.309+0000] {processor.py:208} INFO - Processing /opt/airflow/dags/weather_scrape_dag.py took 0.173 seconds
[2026-07-10T20:41:09.528+0000] {processor.py:186} INFO - Started process (PID=2027) to work on /opt/airflow/dags/weather_scrape_dag.py
[2026-07-10T20:41:09.537+0000] {processor.py:914} INFO - Processing file /opt/airflow/dags/weather_scrape_dag.py for tasks to queue
[2026-07-10T20:41:09.541+0000] {logging_mixin.py:190} INFO - [2026-07-10T20:41:09.540+0000] {dagbag.py:588} INFO - Filling up the DagBag from /opt/airflow/dags/weather_scrape_dag.py
[2026-07-10T20:41:09.562+0000] {processor.py:925} INFO - DAG(s) 'weather_scrape_and_load' retrieved from /opt/airflow/dags/weather_scrape_dag.py
[2026-07-10T20:41:09.616+0000] {logging_mixin.py:190} INFO - [2026-07-10T20:41:09.616+0000] {dag.py:3239} INFO - Sync 1 DAGs
[2026-07-10T20:41:09.670+0000] {logging_mixin.py:190} INFO - [2026-07-10T20:41:09.669+0000] {dag.py:4180} INFO - Setting next_dagrun for weather_scrape_and_load to 2026-07-10 20:00:00+00:00, run_after=2026-07-10 21:00:00+00:00
[2026-07-10T20:41:09.716+0000] {processor.py:208} INFO - Processing /opt/airflow/dags/weather_scrape_dag.py took 0.199 seconds
[2026-07-10T20:41:39.952+0000] {processor.py:186} INFO - Started process (PID=2032) to work on /opt/airflow/dags/weather_scrape_dag.py
[2026-07-10T20:41:39.954+0000] {processor.py:914} INFO - Processing file /opt/airflow/dags/weather_scrape_dag.py for tasks to queue
[2026-07-10T20:41:39.957+0000] {logging_mixin.py:190} INFO - [2026-07-10T20:41:39.956+0000] {dagbag.py:588} INFO - Filling up the DagBag from /opt/airflow/dags/weather_scrape_dag.py
[2026-07-10T20:41:39.978+0000] {processor.py:925} INFO - DAG(s) 'weather_scrape_and_load' retrieved from /opt/airflow/dags/weather_scrape_dag.py
[2026-07-10T20:41:40.027+0000] {logging_mixin.py:190} INFO - [2026-07-10T20:41:40.027+0000] {dag.py:3239} INFO - Sync 1 DAGs
[2026-07-10T20:41:40.076+0000] {logging_mixin.py:190} INFO - [2026-07-10T20:41:40.076+0000] {dag.py:4180} INFO - Setting next_dagrun for weather_scrape_and_load to 2026-07-10 20:00:00+00:00, run_after=2026-07-10 21:00:00+00:00
[2026-07-10T20:41:40.108+0000] {processor.py:208} INFO - Processing /opt/airflow/dags/weather_scrape_dag.py took 0.167 seconds
[2026-07-10T20:42:10.169+0000] {processor.py:186} INFO - Started process (PID=2037) to work on /opt/airflow/dags/weather_scrape_dag.py
[2026-07-10T20:42:10.170+0000] {processor.py:914} INFO - Processing file /opt/airflow/dags/weather_scrape_dag.py for tasks to queue
[2026-07-10T20:42:10.173+0000] {logging_mixin.py:190} INFO - [2026-07-10T20:42:10.173+0000] {dagbag.py:588} INFO - Filling up the DagBag from /opt/airflow/dags/weather_scrape_dag.py
[2026-07-10T20:42:10.194+0000] {processor.py:925} INFO - DAG(s) 'weather_scrape_and_load' retrieved from /opt/airflow/dags/weather_scrape_dag.py
[2026-07-10T20:42:10.242+0000] {logging_mixin.py:190} INFO - [2026-07-10T20:42:10.241+0000] {dag.py:3239} INFO - Sync 1 DAGs
[2026-07-10T20:42:10.287+0000] {logging_mixin.py:190} INFO - [2026-07-10T20:42:10.287+0000] {dag.py:4180} INFO - Setting next_dagrun for weather_scrape_and_load to 2026-07-10 20:00:00+00:00, run_after=2026-07-10 21:00:00+00:00
[2026-07-10T20:42:10.328+0000] {processor.py:208} INFO - Processing /opt/airflow/dags/weather_scrape_dag.py took 0.171 seconds
[2026-07-10T20:42:40.556+0000] {processor.py:186} INFO - Started process (PID=2042) to work on /opt/airflow/dags/weather_scrape_dag.py
[2026-07-10T20:42:40.565+0000] {processor.py:914} INFO - Processing file /opt/airflow/dags/weather_scrape_dag.py for tasks to queue
[2026-07-10T20:42:40.569+0000] {logging_mixin.py:190} INFO - [2026-07-10T20:42:40.568+0000] {dagbag.py:588} INFO - Filling up the DagBag from /opt/airflow/dags/weather_scrape_dag.py
[2026-07-10T20:42:40.590+0000] {processor.py:925} INFO - DAG(s) 'weather_scrape_and_load' retrieved from /opt/airflow/dags/weather_scrape_dag.py
[2026-07-10T20:42:40.638+0000] {logging_mixin.py:190} INFO - [2026-07-10T20:42:40.637+0000] {dag.py:3239} INFO - Sync 1 DAGs
[2026-07-10T20:42:40.685+0000] {logging_mixin.py:190} INFO - [2026-07-10T20:42:40.685+0000] {dag.py:4180} INFO - Setting next_dagrun for weather_scrape_and_load to 2026-07-10 20:00:00+00:00, run_after=2026-07-10 21:00:00+00:00
[2026-07-10T20:42:40.724+0000] {processor.py:208} INFO - Processing /opt/airflow/dags/weather_scrape_dag.py took 0.178 seconds
[2026-07-10T20:43:10.958+0000] {processor.py:186} INFO - Started process (PID=2047) to work on /opt/airflow/dags/weather_scrape_dag.py
[2026-07-10T20:43:10.960+0000] {processor.py:914} INFO - Processing file /opt/airflow/dags/weather_scrape_dag.py for tasks to queue
[2026-07-10T20:43:10.963+0000] {logging_mixin.py:190} INFO - [2026-07-10T20:43:10.963+0000] {dagbag.py:588} INFO - Filling up the DagBag from /opt/airflow/dags/weather_scrape_dag.py
[2026-07-10T20:43:10.984+0000] {processor.py:925} INFO - DAG(s) 'weather_scrape_and_load' retrieved from /opt/airflow/dags/weather_scrape_dag.py
[2026-07-10T20:43:11.033+0000] {logging_mixin.py:190} INFO - [2026-07-10T20:43:11.033+0000] {dag.py:3239} INFO - Sync 1 DAGs
[2026-07-10T20:43:11.082+0000] {logging_mixin.py:190} INFO - [2026-07-10T20:43:11.082+0000] {dag.py:4180} INFO - Setting next_dagrun for weather_scrape_and_load to 2026-07-10 20:00:00+00:00, run_after=2026-07-10 21:00:00+00:00
[2026-07-10T20:43:11.122+0000] {processor.py:208} INFO - Processing /opt/airflow/dags/weather_scrape_dag.py took 0.175 seconds
[2026-07-10T20:43:41.355+0000] {processor.py:186} INFO - Started process (PID=2052) to work on /opt/airflow/dags/weather_scrape_dag.py
[2026-07-10T20:43:41.364+0000] {processor.py:914} INFO - Processing file /opt/airflow/dags/weather_scrape_dag.py for tasks to queue
[2026-07-10T20:43:41.368+0000] {logging_mixin.py:190} INFO - [2026-07-10T20:43:41.368+0000] {dagbag.py:588} INFO - Filling up the DagBag from /opt/airflow/dags/weather_scrape_dag.py
[2026-07-10T20:43:41.389+0000] {processor.py:925} INFO - DAG(s) 'weather_scrape_and_load' retrieved from /opt/airflow/dags/weather_scrape_dag.py
[2026-07-10T20:43:41.444+0000] {logging_mixin.py:190} INFO - [2026-07-10T20:43:41.443+0000] {dag.py:3239} INFO - Sync 1 DAGs
[2026-07-10T20:43:41.489+0000] {logging_mixin.py:190} INFO - [2026-07-10T20:43:41.488+0000] {dag.py:4180} INFO - Setting next_dagrun for weather_scrape_and_load to 2026-07-10 20:00:00+00:00, run_after=2026-07-10 21:00:00+00:00
[2026-07-10T20:43:41.530+0000] {processor.py:208} INFO - Processing /opt/airflow/dags/weather_scrape_dag.py took 0.185 seconds
[2026-07-10T20:44:11.761+0000] {processor.py:186} INFO - Started process (PID=2057) to work on /opt/airflow/dags/weather_scrape_dag.py
[2026-07-10T20:44:11.762+0000] {processor.py:914} INFO - Processing file /opt/airflow/dags/weather_scrape_dag.py for tasks to queue
[2026-07-10T20:44:11.766+0000] {logging_mixin.py:190} INFO - [2026-07-10T20:44:11.765+0000] {dagbag.py:588} INFO - Filling up the DagBag from /opt/airflow/dags/weather_scrape_dag.py
[2026-07-10T20:44:11.788+0000] {processor.py:925} INFO - DAG(s) 'weather_scrape_and_load' retrieved from /opt/airflow/dags/weather_scrape_dag.py
[2026-07-10T20:44:11.838+0000] {logging_mixin.py:190} INFO - [2026-07-10T20:44:11.838+0000] {dag.py:3239} INFO - Sync 1 DAGs
[2026-07-10T20:44:11.887+0000] {logging_mixin.py:190} INFO - [2026-07-10T20:44:11.886+0000] {dag.py:4180} INFO - Setting next_dagrun for weather_scrape_and_load to 2026-07-10 20:00:00+00:00, run_after=2026-07-10 21:00:00+00:00
[2026-07-10T20:44:11.922+0000] {processor.py:208} INFO - Processing /opt/airflow/dags/weather_scrape_dag.py took 0.172 seconds
[2026-07-10T20:44:41.988+0000] {processor.py:186} INFO - Started process (PID=2062) to work on /opt/airflow/dags/weather_scrape_dag.py
[2026-07-10T20:44:41.997+0000] {processor.py:914} INFO - Processing file /opt/airflow/dags/weather_scrape_dag.py for tasks to queue
[2026-07-10T20:44:42.001+0000] {logging_mixin.py:190} INFO - [2026-07-10T20:44:42.001+0000] {dagbag.py:588} INFO - Filling up the DagBag from /opt/airflow/dags/weather_scrape_dag.py
[2026-07-10T20:44:42.031+0000] {processor.py:925} INFO - DAG(s) 'weather_scrape_and_load' retrieved from /opt/airflow/dags/weather_scrape_dag.py
[2026-07-10T20:44:42.104+0000] {logging_mixin.py:190} INFO - [2026-07-10T20:44:42.103+0000] {dag.py:3239} INFO - Sync 1 DAGs
[2026-07-10T20:44:42.175+0000] {logging_mixin.py:190} INFO - [2026-07-10T20:44:42.174+0000] {dag.py:4180} INFO - Setting next_dagrun for weather_scrape_and_load to 2026-07-10 20:00:00+00:00, run_after=2026-07-10 21:00:00+00:00
[2026-07-10T20:44:42.230+0000] {processor.py:208} INFO - Processing /opt/airflow/dags/weather_scrape_dag.py took 0.253 seconds
[2026-07-10T20:45:12.390+0000] {processor.py:186} INFO - Started process (PID=2067) to work on /opt/airflow/dags/weather_scrape_dag.py
[2026-07-10T20:45:12.392+0000] {processor.py:914} INFO - Processing file /opt/airflow/dags/weather_scrape_dag.py for tasks to queue
[2026-07-10T20:45:12.396+0000] {logging_mixin.py:190} INFO - [2026-07-10T20:45:12.395+0000] {dagbag.py:588} INFO - Filling up the DagBag from /opt/airflow/dags/weather_scrape_dag.py
[2026-07-10T20:45:12.418+0000] {processor.py:925} INFO - DAG(s) 'weather_scrape_and_load' retrieved from /opt/airflow/dags/weather_scrape_dag.py
[2026-07-10T20:45:12.471+0000] {logging_mixin.py:190} INFO - [2026-07-10T20:45:12.470+0000] {dag.py:3239} INFO - Sync 1 DAGs
[2026-07-10T20:45:12.529+0000] {logging_mixin.py:190} INFO - [2026-07-10T20:45:12.528+0000] {dag.py:4180} INFO - Setting next_dagrun for weather_scrape_and_load to 2026-07-10 20:00:00+00:00, run_after=2026-07-10 21:00:00+00:00
[2026-07-10T20:45:12.575+0000] {processor.py:208} INFO - Processing /opt/airflow/dags/weather_scrape_dag.py took 0.196 seconds
[2026-07-10T20:45:42.675+0000] {processor.py:186} INFO - Started process (PID=2072) to work on /opt/airflow/dags/weather_scrape_dag.py
[2026-07-10T20:45:42.684+0000] {processor.py:914} INFO - Processing file /opt/airflow/dags/weather_scrape_dag.py for tasks to queue
[2026-07-10T20:45:42.687+0000] {logging_mixin.py:190} INFO - [2026-07-10T20:45:42.687+0000] {dagbag.py:588} INFO - Filling up the DagBag from /opt/airflow/dags/weather_scrape_dag.py
[2026-07-10T20:45:42.709+0000] {processor.py:925} INFO - DAG(s) 'weather_scrape_and_load' retrieved from /opt/airflow/dags/weather_scrape_dag.py
[2026-07-10T20:45:42.758+0000] {logging_mixin.py:190} INFO - [2026-07-10T20:45:42.757+0000] {dag.py:3239} INFO - Sync 1 DAGs
[2026-07-10T20:45:42.806+0000] {logging_mixin.py:190} INFO - [2026-07-10T20:45:42.806+0000] {dag.py:4180} INFO - Setting next_dagrun for weather_scrape_and_load to 2026-07-10 20:00:00+00:00, run_after=2026-07-10 21:00:00+00:00
[2026-07-10T20:45:42.847+0000] {processor.py:208} INFO - Processing /opt/airflow/dags/weather_scrape_dag.py took 0.184 seconds
[2026-07-10T20:46:13.023+0000] {processor.py:186} INFO - Started process (PID=2077) to work on /opt/airflow/dags/weather_scrape_dag.py
[2026-07-10T20:46:13.024+0000] {processor.py:914} INFO - Processing file /opt/airflow/dags/weather_scrape_dag.py for tasks to queue
[2026-07-10T20:46:13.027+0000] {logging_mixin.py:190} INFO - [2026-07-10T20:46:13.027+0000] {dagbag.py:588} INFO - Filling up the DagBag from /opt/airflow/dags/weather_scrape_dag.py
[2026-07-10T20:46:13.048+0000] {processor.py:925} INFO - DAG(s) 'weather_scrape_and_load' retrieved from /opt/airflow/dags/weather_scrape_dag.py
[2026-07-10T20:46:13.095+0000] {logging_mixin.py:190} INFO - [2026-07-10T20:46:13.095+0000] {dag.py:3239} INFO - Sync 1 DAGs
[2026-07-10T20:46:13.141+0000] {logging_mixin.py:190} INFO - [2026-07-10T20:46:13.141+0000] {dag.py:4180} INFO - Setting next_dagrun for weather_scrape_and_load to 2026-07-10 20:00:00+00:00, run_after=2026-07-10 21:00:00+00:00
[2026-07-10T20:46:13.183+0000] {processor.py:208} INFO - Processing /opt/airflow/dags/weather_scrape_dag.py took 0.172 seconds
[2026-07-10T20:46:43.276+0000] {processor.py:186} INFO - Started process (PID=2082) to work on /opt/airflow/dags/weather_scrape_dag.py
[2026-07-10T20:46:43.277+0000] {processor.py:914} INFO - Processing file /opt/airflow/dags/weather_scrape_dag.py for tasks to queue
[2026-07-10T20:46:43.281+0000] {logging_mixin.py:190} INFO - [2026-07-10T20:46:43.280+0000] {dagbag.py:588} INFO - Filling up the DagBag from /opt/airflow/dags/weather_scrape_dag.py
[2026-07-10T20:46:43.302+0000] {processor.py:925} INFO - DAG(s) 'weather_scrape_and_load' retrieved from /opt/airflow/dags/weather_scrape_dag.py
[2026-07-10T20:46:43.351+0000] {logging_mixin.py:190} INFO - [2026-07-10T20:46:43.351+0000] {dag.py:3239} INFO - Sync 1 DAGs
[2026-07-10T20:46:43.398+0000] {logging_mixin.py:190} INFO - [2026-07-10T20:46:43.397+0000] {dag.py:4180} INFO - Setting next_dagrun for weather_scrape_and_load to 2026-07-10 20:00:00+00:00, run_after=2026-07-10 21:00:00+00:00
[2026-07-10T20:46:43.441+0000] {processor.py:208} INFO - Processing /opt/airflow/dags/weather_scrape_dag.py took 0.177 seconds
[2026-07-10T20:47:13.620+0000] {processor.py:186} INFO - Started process (PID=2087) to work on /opt/airflow/dags/weather_scrape_dag.py
[2026-07-10T20:47:13.622+0000] {processor.py:914} INFO - Processing file /opt/airflow/dags/weather_scrape_dag.py for tasks to queue
[2026-07-10T20:47:13.625+0000] {logging_mixin.py:190} INFO - [2026-07-10T20:47:13.625+0000] {dagbag.py:588} INFO - Filling up the DagBag from /opt/airflow/dags/weather_scrape_dag.py
[2026-07-10T20:47:13.648+0000] {processor.py:925} INFO - DAG(s) 'weather_scrape_and_load' retrieved from /opt/airflow/dags/weather_scrape_dag.py
[2026-07-10T20:47:13.694+0000] {logging_mixin.py:190} INFO - [2026-07-10T20:47:13.693+0000] {dag.py:3239} INFO - Sync 1 DAGs
[2026-07-10T20:47:13.741+0000] {logging_mixin.py:190} INFO - [2026-07-10T20:47:13.741+0000] {dag.py:4180} INFO - Setting next_dagrun for weather_scrape_and_load to 2026-07-10 20:00:00+00:00, run_after=2026-07-10 21:00:00+00:00
[2026-07-10T20:47:13.780+0000] {processor.py:208} INFO - Processing /opt/airflow/dags/weather_scrape_dag.py took 0.171 seconds
[2026-07-10T20:47:43.879+0000] {processor.py:186} INFO - Started process (PID=2092) to work on /opt/airflow/dags/weather_scrape_dag.py
[2026-07-10T20:47:43.888+0000] {processor.py:914} INFO - Processing file /opt/airflow/dags/weather_scrape_dag.py for tasks to queue
[2026-07-10T20:47:43.892+0000] {logging_mixin.py:190} INFO - [2026-07-10T20:47:43.891+0000] {dagbag.py:588} INFO - Filling up the DagBag from /opt/airflow/dags/weather_scrape_dag.py
[2026-07-10T20:47:43.919+0000] {processor.py:925} INFO - DAG(s) 'weather_scrape_and_load' retrieved from /opt/airflow/dags/weather_scrape_dag.py
[2026-07-10T20:47:43.975+0000] {logging_mixin.py:190} INFO - [2026-07-10T20:47:43.975+0000] {dag.py:3239} INFO - Sync 1 DAGs
[2026-07-10T20:47:44.034+0000] {logging_mixin.py:190} INFO - [2026-07-10T20:47:44.033+0000] {dag.py:4180} INFO - Setting next_dagrun for weather_scrape_and_load to 2026-07-10 20:00:00+00:00, run_after=2026-07-10 21:00:00+00:00
[2026-07-10T20:47:44.077+0000] {processor.py:208} INFO - Processing /opt/airflow/dags/weather_scrape_dag.py took 0.210 seconds
[2026-07-10T20:48:14.211+0000] {processor.py:186} INFO - Started process (PID=2097) to work on /opt/airflow/dags/weather_scrape_dag.py
[2026-07-10T20:48:14.212+0000] {processor.py:914} INFO - Processing file /opt/airflow/dags/weather_scrape_dag.py for tasks to queue
[2026-07-10T20:48:14.216+0000] {logging_mixin.py:190} INFO - [2026-07-10T20:48:14.215+0000] {dagbag.py:588} INFO - Filling up the DagBag from /opt/airflow/dags/weather_scrape_dag.py
[2026-07-10T20:48:14.238+0000] {processor.py:925} INFO - DAG(s) 'weather_scrape_and_load' retrieved from /opt/airflow/dags/weather_scrape_dag.py
[2026-07-10T20:48:14.286+0000] {logging_mixin.py:190} INFO - [2026-07-10T20:48:14.285+0000] {dag.py:3239} INFO - Sync 1 DAGs
[2026-07-10T20:48:14.334+0000] {logging_mixin.py:190} INFO - [2026-07-10T20:48:14.334+0000] {dag.py:4180} INFO - Setting next_dagrun for weather_scrape_and_load to 2026-07-10 20:00:00+00:00, run_after=2026-07-10 21:00:00+00:00
[2026-07-10T20:48:14.372+0000] {processor.py:208} INFO - Processing /opt/airflow/dags/weather_scrape_dag.py took 0.172 seconds
[2026-07-10T20:48:44.518+0000] {processor.py:186} INFO - Started process (PID=2102) to work on /opt/airflow/dags/weather_scrape_dag.py
[2026-07-10T20:48:44.520+0000] {processor.py:914} INFO - Processing file /opt/airflow/dags/weather_scrape_dag.py for tasks to queue
[2026-07-10T20:48:44.524+0000] {logging_mixin.py:190} INFO - [2026-07-10T20:48:44.523+0000] {dagbag.py:588} INFO - Filling up the DagBag from /opt/airflow/dags/weather_scrape_dag.py
[2026-07-10T20:48:44.543+0000] {processor.py:925} INFO - DAG(s) 'weather_scrape_and_load' retrieved from /opt/airflow/dags/weather_scrape_dag.py
[2026-07-10T20:48:44.593+0000] {logging_mixin.py:190} INFO - [2026-07-10T20:48:44.593+0000] {dag.py:3239} INFO - Sync 1 DAGs
[2026-07-10T20:48:44.639+0000] {logging_mixin.py:190} INFO - [2026-07-10T20:48:44.639+0000] {dag.py:4180} INFO - Setting next_dagrun for weather_scrape_and_load to 2026-07-10 20:00:00+00:00, run_after=2026-07-10 21:00:00+00:00
[2026-07-10T20:48:44.679+0000] {processor.py:208} INFO - Processing /opt/airflow/dags/weather_scrape_dag.py took 0.171 seconds
[2026-07-10T20:49:14.827+0000] {processor.py:186} INFO - Started process (PID=2107) to work on /opt/airflow/dags/weather_scrape_dag.py
[2026-07-10T20:49:14.837+0000] {processor.py:914} INFO - Processing file /opt/airflow/dags/weather_scrape_dag.py for tasks to queue
[2026-07-10T20:49:14.841+0000] {logging_mixin.py:190} INFO - [2026-07-10T20:49:14.841+0000] {dagbag.py:588} INFO - Filling up the DagBag from /opt/airflow/dags/weather_scrape_dag.py
[2026-07-10T20:49:14.863+0000] {processor.py:925} INFO - DAG(s) 'weather_scrape_and_load' retrieved from /opt/airflow/dags/weather_scrape_dag.py
[2026-07-10T20:49:14.912+0000] {logging_mixin.py:190} INFO - [2026-07-10T20:49:14.911+0000] {dag.py:3239} INFO - Sync 1 DAGs
[2026-07-10T20:49:14.957+0000] {logging_mixin.py:190} INFO - [2026-07-10T20:49:14.957+0000] {dag.py:4180} INFO - Setting next_dagrun for weather_scrape_and_load to 2026-07-10 20:00:00+00:00, run_after=2026-07-10 21:00:00+00:00
[2026-07-10T20:49:14.995+0000] {processor.py:208} INFO - Processing /opt/airflow/dags/weather_scrape_dag.py took 0.179 seconds
[2026-07-10T20:49:45.140+0000] {processor.py:186} INFO - Started process (PID=2112) to work on /opt/airflow/dags/weather_scrape_dag.py
[2026-07-10T20:49:45.141+0000] {processor.py:914} INFO - Processing file /opt/airflow/dags/weather_scrape_dag.py for tasks to queue
[2026-07-10T20:49:45.145+0000] {logging_mixin.py:190} INFO - [2026-07-10T20:49:45.144+0000] {dagbag.py:588} INFO - Filling up the DagBag from /opt/airflow/dags/weather_scrape_dag.py
[2026-07-10T20:49:45.165+0000] {processor.py:925} INFO - DAG(s) 'weather_scrape_and_load' retrieved from /opt/airflow/dags/weather_scrape_dag.py
[2026-07-10T20:49:45.214+0000] {logging_mixin.py:190} INFO - [2026-07-10T20:49:45.214+0000] {dag.py:3239} INFO - Sync 1 DAGs
[2026-07-10T20:49:45.260+0000] {logging_mixin.py:190} INFO - [2026-07-10T20:49:45.259+0000] {dag.py:4180} INFO - Setting next_dagrun for weather_scrape_and_load to 2026-07-10 20:00:00+00:00, run_after=2026-07-10 21:00:00+00:00
[2026-07-10T20:49:45.302+0000] {processor.py:208} INFO - Processing /opt/airflow/dags/weather_scrape_dag.py took 0.174 seconds
[2026-07-10T20:50:15.429+0000] {processor.py:186} INFO - Started process (PID=2117) to work on /opt/airflow/dags/weather_scrape_dag.py
[2026-07-10T20:50:15.438+0000] {processor.py:914} INFO - Processing file /opt/airflow/dags/weather_scrape_dag.py for tasks to queue
[2026-07-10T20:50:15.442+0000] {logging_mixin.py:190} INFO - [2026-07-10T20:50:15.441+0000] {dagbag.py:588} INFO - Filling up the DagBag from /opt/airflow/dags/weather_scrape_dag.py
[2026-07-10T20:50:15.463+0000] {processor.py:925} INFO - DAG(s) 'weather_scrape_and_load' retrieved from /opt/airflow/dags/weather_scrape_dag.py
[2026-07-10T20:50:15.513+0000] {logging_mixin.py:190} INFO - [2026-07-10T20:50:15.512+0000] {dag.py:3239} INFO - Sync 1 DAGs
[2026-07-10T20:50:15.561+0000] {logging_mixin.py:190} INFO - [2026-07-10T20:50:15.561+0000] {dag.py:4180} INFO - Setting next_dagrun for weather_scrape_and_load to 2026-07-10 20:00:00+00:00, run_after=2026-07-10 21:00:00+00:00
[2026-07-10T20:50:15.602+0000] {processor.py:208} INFO - Processing /opt/airflow/dags/weather_scrape_dag.py took 0.184 seconds
[2026-07-10T20:50:45.752+0000] {processor.py:186} INFO - Started process (PID=2122) to work on /opt/airflow/dags/weather_scrape_dag.py
[2026-07-10T20:50:45.754+0000] {processor.py:914} INFO - Processing file /opt/airflow/dags/weather_scrape_dag.py for tasks to queue
[2026-07-10T20:50:45.757+0000] {logging_mixin.py:190} INFO - [2026-07-10T20:50:45.757+0000] {dagbag.py:588} INFO - Filling up the DagBag from /opt/airflow/dags/weather_scrape_dag.py
[2026-07-10T20:50:45.778+0000] {processor.py:925} INFO - DAG(s) 'weather_scrape_and_load' retrieved from /opt/airflow/dags/weather_scrape_dag.py
[2026-07-10T20:50:45.828+0000] {logging_mixin.py:190} INFO - [2026-07-10T20:50:45.827+0000] {dag.py:3239} INFO - Sync 1 DAGs
[2026-07-10T20:50:45.874+0000] {logging_mixin.py:190} INFO - [2026-07-10T20:50:45.874+0000] {dag.py:4180} INFO - Setting next_dagrun for weather_scrape_and_load to 2026-07-10 20:00:00+00:00, run_after=2026-07-10 21:00:00+00:00
[2026-07-10T20:50:45.921+0000] {processor.py:208} INFO - Processing /opt/airflow/dags/weather_scrape_dag.py took 0.179 seconds
[2026-07-10T20:51:16.047+0000] {processor.py:186} INFO - Started process (PID=2127) to work on /opt/airflow/dags/weather_scrape_dag.py
[2026-07-10T20:51:16.056+0000] {processor.py:914} INFO - Processing file /opt/airflow/dags/weather_scrape_dag.py for tasks to queue
[2026-07-10T20:51:16.060+0000] {logging_mixin.py:190} INFO - [2026-07-10T20:51:16.059+0000] {dagbag.py:588} INFO - Filling up the DagBag from /opt/airflow/dags/weather_scrape_dag.py
[2026-07-10T20:51:16.084+0000] {processor.py:925} INFO - DAG(s) 'weather_scrape_and_load' retrieved from /opt/airflow/dags/weather_scrape_dag.py
[2026-07-10T20:51:16.134+0000] {logging_mixin.py:190} INFO - [2026-07-10T20:51:16.133+0000] {dag.py:3239} INFO - Sync 1 DAGs
[2026-07-10T20:51:16.182+0000] {logging_mixin.py:190} INFO - [2026-07-10T20:51:16.182+0000] {dag.py:4180} INFO - Setting next_dagrun for weather_scrape_and_load to 2026-07-10 20:00:00+00:00, run_after=2026-07-10 21:00:00+00:00
[2026-07-10T20:51:16.228+0000] {processor.py:208} INFO - Processing /opt/airflow/dags/weather_scrape_dag.py took 0.192 seconds
[2026-07-10T20:51:46.358+0000] {processor.py:186} INFO - Started process (PID=2132) to work on /opt/airflow/dags/weather_scrape_dag.py
[2026-07-10T20:51:46.359+0000] {processor.py:914} INFO - Processing file /opt/airflow/dags/weather_scrape_dag.py for tasks to queue
[2026-07-10T20:51:46.363+0000] {logging_mixin.py:190} INFO - [2026-07-10T20:51:46.362+0000] {dagbag.py:588} INFO - Filling up the DagBag from /opt/airflow/dags/weather_scrape_dag.py
[2026-07-10T20:51:46.384+0000] {processor.py:925} INFO - DAG(s) 'weather_scrape_and_load' retrieved from /opt/airflow/dags/weather_scrape_dag.py
[2026-07-10T20:51:46.440+0000] {logging_mixin.py:190} INFO - [2026-07-10T20:51:46.439+0000] {dag.py:3239} INFO - Sync 1 DAGs
[2026-07-10T20:51:46.497+0000] {logging_mixin.py:190} INFO - [2026-07-10T20:51:46.496+0000] {dag.py:4180} INFO - Setting next_dagrun for weather_scrape_and_load to 2026-07-10 20:00:00+00:00, run_after=2026-07-10 21:00:00+00:00
[2026-07-10T20:51:46.542+0000] {processor.py:208} INFO - Processing /opt/airflow/dags/weather_scrape_dag.py took 0.195 seconds
[2026-07-10T20:52:16.668+0000] {processor.py:186} INFO - Started process (PID=2137) to work on /opt/airflow/dags/weather_scrape_dag.py
[2026-07-10T20:52:16.677+0000] {processor.py:914} INFO - Processing file /opt/airflow/dags/weather_scrape_dag.py for tasks to queue
[2026-07-10T20:52:16.681+0000] {logging_mixin.py:190} INFO - [2026-07-10T20:52:16.680+0000] {dagbag.py:588} INFO - Filling up the DagBag from /opt/airflow/dags/weather_scrape_dag.py
[2026-07-10T20:52:16.702+0000] {processor.py:925} INFO - DAG(s) 'weather_scrape_and_load' retrieved from /opt/airflow/dags/weather_scrape_dag.py
[2026-07-10T20:52:16.752+0000] {logging_mixin.py:190} INFO - [2026-07-10T20:52:16.752+0000] {dag.py:3239} INFO - Sync 1 DAGs
[2026-07-10T20:52:16.809+0000] {logging_mixin.py:190} INFO - [2026-07-10T20:52:16.808+0000] {dag.py:4180} INFO - Setting next_dagrun for weather_scrape_and_load to 2026-07-10 20:00:00+00:00, run_after=2026-07-10 21:00:00+00:00
[2026-07-10T20:52:16.846+0000] {processor.py:208} INFO - Processing /opt/airflow/dags/weather_scrape_dag.py took 0.189 seconds
[2026-07-10T20:52:46.974+0000] {processor.py:186} INFO - Started process (PID=2142) to work on /opt/airflow/dags/weather_scrape_dag.py
[2026-07-10T20:52:46.975+0000] {processor.py:914} INFO - Processing file /opt/airflow/dags/weather_scrape_dag.py for tasks to queue
[2026-07-10T20:52:46.980+0000] {logging_mixin.py:190} INFO - [2026-07-10T20:52:46.979+0000] {dagbag.py:588} INFO - Filling up the DagBag from /opt/airflow/dags/weather_scrape_dag.py
[2026-07-10T20:52:47.001+0000] {processor.py:925} INFO - DAG(s) 'weather_scrape_and_load' retrieved from /opt/airflow/dags/weather_scrape_dag.py
[2026-07-10T20:52:47.049+0000] {logging_mixin.py:190} INFO - [2026-07-10T20:52:47.049+0000] {dag.py:3239} INFO - Sync 1 DAGs
[2026-07-10T20:52:47.096+0000] {logging_mixin.py:190} INFO - [2026-07-10T20:52:47.096+0000] {dag.py:4180} INFO - Setting next_dagrun for weather_scrape_and_load to 2026-07-10 20:00:00+00:00, run_after=2026-07-10 21:00:00+00:00
[2026-07-10T20:52:47.134+0000] {processor.py:208} INFO - Processing /opt/airflow/dags/weather_scrape_dag.py took 0.171 seconds
[2026-07-10T20:53:17.279+0000] {processor.py:186} INFO - Started process (PID=2147) to work on /opt/airflow/dags/weather_scrape_dag.py
[2026-07-10T20:53:17.280+0000] {processor.py:914} INFO - Processing file /opt/airflow/dags/weather_scrape_dag.py for tasks to queue
[2026-07-10T20:53:17.285+0000] {logging_mixin.py:190} INFO - [2026-07-10T20:53:17.284+0000] {dagbag.py:588} INFO - Filling up the DagBag from /opt/airflow/dags/weather_scrape_dag.py
[2026-07-10T20:53:17.305+0000] {processor.py:925} INFO - DAG(s) 'weather_scrape_and_load' retrieved from /opt/airflow/dags/weather_scrape_dag.py
[2026-07-10T20:53:17.354+0000] {logging_mixin.py:190} INFO - [2026-07-10T20:53:17.354+0000] {dag.py:3239} INFO - Sync 1 DAGs
[2026-07-10T20:53:17.400+0000] {logging_mixin.py:190} INFO - [2026-07-10T20:53:17.400+0000] {dag.py:4180} INFO - Setting next_dagrun for weather_scrape_and_load to 2026-07-10 20:00:00+00:00, run_after=2026-07-10 21:00:00+00:00
[2026-07-10T20:53:17.441+0000] {processor.py:208} INFO - Processing /opt/airflow/dags/weather_scrape_dag.py took 0.173 seconds
[2026-07-10T20:53:47.557+0000] {processor.py:186} INFO - Started process (PID=2152) to work on /opt/airflow/dags/weather_scrape_dag.py
[2026-07-10T20:53:47.558+0000] {processor.py:914} INFO - Processing file /opt/airflow/dags/weather_scrape_dag.py for tasks to queue
[2026-07-10T20:53:47.563+0000] {logging_mixin.py:190} INFO - [2026-07-10T20:53:47.562+0000] {dagbag.py:588} INFO - Filling up the DagBag from /opt/airflow/dags/weather_scrape_dag.py
[2026-07-10T20:53:47.584+0000] {processor.py:925} INFO - DAG(s) 'weather_scrape_and_load' retrieved from /opt/airflow/dags/weather_scrape_dag.py
[2026-07-10T20:53:47.633+0000] {logging_mixin.py:190} INFO - [2026-07-10T20:53:47.632+0000] {dag.py:3239} INFO - Sync 1 DAGs
[2026-07-10T20:53:47.682+0000] {logging_mixin.py:190} INFO - [2026-07-10T20:53:47.682+0000] {dag.py:4180} INFO - Setting next_dagrun for weather_scrape_and_load to 2026-07-10 20:00:00+00:00, run_after=2026-07-10 21:00:00+00:00
[2026-07-10T20:53:47.717+0000] {processor.py:208} INFO - Processing /opt/airflow/dags/weather_scrape_dag.py took 0.171 seconds
[2026-07-10T20:54:17.875+0000] {processor.py:186} INFO - Started process (PID=2157) to work on /opt/airflow/dags/weather_scrape_dag.py
[2026-07-10T20:54:17.884+0000] {processor.py:914} INFO - Processing file /opt/airflow/dags/weather_scrape_dag.py for tasks to queue
[2026-07-10T20:54:17.888+0000] {logging_mixin.py:190} INFO - [2026-07-10T20:54:17.887+0000] {dagbag.py:588} INFO - Filling up the DagBag from /opt/airflow/dags/weather_scrape_dag.py
[2026-07-10T20:54:17.909+0000] {processor.py:925} INFO - DAG(s) 'weather_scrape_and_load' retrieved from /opt/airflow/dags/weather_scrape_dag.py
[2026-07-10T20:54:17.957+0000] {logging_mixin.py:190} INFO - [2026-07-10T20:54:17.956+0000] {dag.py:3239} INFO - Sync 1 DAGs
[2026-07-10T20:54:18.003+0000] {logging_mixin.py:190} INFO - [2026-07-10T20:54:18.002+0000] {dag.py:4180} INFO - Setting next_dagrun for weather_scrape_and_load to 2026-07-10 20:00:00+00:00, run_after=2026-07-10 21:00:00+00:00
[2026-07-10T20:54:18.036+0000] {processor.py:208} INFO - Processing /opt/airflow/dags/weather_scrape_dag.py took 0.172 seconds
[2026-07-10T20:54:48.159+0000] {processor.py:186} INFO - Started process (PID=2162) to work on /opt/airflow/dags/weather_scrape_dag.py
[2026-07-10T20:54:48.161+0000] {processor.py:914} INFO - Processing file /opt/airflow/dags/weather_scrape_dag.py for tasks to queue
[2026-07-10T20:54:48.164+0000] {logging_mixin.py:190} INFO - [2026-07-10T20:54:48.164+0000] {dagbag.py:588} INFO - Filling up the DagBag from /opt/airflow/dags/weather_scrape_dag.py
[2026-07-10T20:54:48.185+0000] {processor.py:925} INFO - DAG(s) 'weather_scrape_and_load' retrieved from /opt/airflow/dags/weather_scrape_dag.py
[2026-07-10T20:54:48.236+0000] {logging_mixin.py:190} INFO - [2026-07-10T20:54:48.235+0000] {dag.py:3239} INFO - Sync 1 DAGs
[2026-07-10T20:54:48.284+0000] {logging_mixin.py:190} INFO - [2026-07-10T20:54:48.283+0000] {dag.py:4180} INFO - Setting next_dagrun for weather_scrape_and_load to 2026-07-10 20:00:00+00:00, run_after=2026-07-10 21:00:00+00:00
[2026-07-10T20:54:48.326+0000] {processor.py:208} INFO - Processing /opt/airflow/dags/weather_scrape_dag.py took 0.177 seconds
[2026-07-10T20:55:18.476+0000] {processor.py:186} INFO - Started process (PID=2167) to work on /opt/airflow/dags/weather_scrape_dag.py
[2026-07-10T20:55:18.485+0000] {processor.py:914} INFO - Processing file /opt/airflow/dags/weather_scrape_dag.py for tasks to queue
[2026-07-10T20:55:18.489+0000] {logging_mixin.py:190} INFO - [2026-07-10T20:55:18.488+0000] {dagbag.py:588} INFO - Filling up the DagBag from /opt/airflow/dags/weather_scrape_dag.py
[2026-07-10T20:55:18.510+0000] {processor.py:925} INFO - DAG(s) 'weather_scrape_and_load' retrieved from /opt/airflow/dags/weather_scrape_dag.py
[2026-07-10T20:55:18.559+0000] {logging_mixin.py:190} INFO - [2026-07-10T20:55:18.558+0000] {dag.py:3239} INFO - Sync 1 DAGs
[2026-07-10T20:55:18.604+0000] {logging_mixin.py:190} INFO - [2026-07-10T20:55:18.603+0000] {dag.py:4180} INFO - Setting next_dagrun for weather_scrape_and_load to 2026-07-10 20:00:00+00:00, run_after=2026-07-10 21:00:00+00:00
[2026-07-10T20:55:18.647+0000] {processor.py:208} INFO - Processing /opt/airflow/dags/weather_scrape_dag.py took 0.182 seconds
[2026-07-10T20:55:48.756+0000] {processor.py:186} INFO - Started process (PID=2172) to work on /opt/airflow/dags/weather_scrape_dag.py
[2026-07-10T20:55:48.757+0000] {processor.py:914} INFO - Processing file /opt/airflow/dags/weather_scrape_dag.py for tasks to queue
[2026-07-10T20:55:48.761+0000] {logging_mixin.py:190} INFO - [2026-07-10T20:55:48.760+0000] {dagbag.py:588} INFO - Filling up the DagBag from /opt/airflow/dags/weather_scrape_dag.py
[2026-07-10T20:55:48.782+0000] {processor.py:925} INFO - DAG(s) 'weather_scrape_and_load' retrieved from /opt/airflow/dags/weather_scrape_dag.py
[2026-07-10T20:55:48.831+0000] {logging_mixin.py:190} INFO - [2026-07-10T20:55:48.831+0000] {dag.py:3239} INFO - Sync 1 DAGs
[2026-07-10T20:55:48.880+0000] {logging_mixin.py:190} INFO - [2026-07-10T20:55:48.879+0000] {dag.py:4180} INFO - Setting next_dagrun for weather_scrape_and_load to 2026-07-10 20:00:00+00:00, run_after=2026-07-10 21:00:00+00:00
[2026-07-10T20:55:48.920+0000] {processor.py:208} INFO - Processing /opt/airflow/dags/weather_scrape_dag.py took 0.174 seconds
[2026-07-10T20:56:19.076+0000] {processor.py:186} INFO - Started process (PID=2177) to work on /opt/airflow/dags/weather_scrape_dag.py
[2026-07-10T20:56:19.085+0000] {processor.py:914} INFO - Processing file /opt/airflow/dags/weather_scrape_dag.py for tasks to queue
[2026-07-10T20:56:19.088+0000] {logging_mixin.py:190} INFO - [2026-07-10T20:56:19.088+0000] {dagbag.py:588} INFO - Filling up the DagBag from /opt/airflow/dags/weather_scrape_dag.py
[2026-07-10T20:56:19.109+0000] {processor.py:925} INFO - DAG(s) 'weather_scrape_and_load' retrieved from /opt/airflow/dags/weather_scrape_dag.py
[2026-07-10T20:56:19.167+0000] {logging_mixin.py:190} INFO - [2026-07-10T20:56:19.166+0000] {dag.py:3239} INFO - Sync 1 DAGs
[2026-07-10T20:56:19.226+0000] {logging_mixin.py:190} INFO - [2026-07-10T20:56:19.225+0000] {dag.py:4180} INFO - Setting next_dagrun for weather_scrape_and_load to 2026-07-10 20:00:00+00:00, run_after=2026-07-10 21:00:00+00:00
[2026-07-10T20:56:19.271+0000] {processor.py:208} INFO - Processing /opt/airflow/dags/weather_scrape_dag.py took 0.206 seconds
[2026-07-10T20:56:49.357+0000] {processor.py:186} INFO - Started process (PID=2182) to work on /opt/airflow/dags/weather_scrape_dag.py
[2026-07-10T20:56:49.358+0000] {processor.py:914} INFO - Processing file /opt/airflow/dags/weather_scrape_dag.py for tasks to queue
[2026-07-10T20:56:49.362+0000] {logging_mixin.py:190} INFO - [2026-07-10T20:56:49.362+0000] {dagbag.py:588} INFO - Filling up the DagBag from /opt/airflow/dags/weather_scrape_dag.py
[2026-07-10T20:56:49.382+0000] {processor.py:925} INFO - DAG(s) 'weather_scrape_and_load' retrieved from /opt/airflow/dags/weather_scrape_dag.py
[2026-07-10T20:56:49.431+0000] {logging_mixin.py:190} INFO - [2026-07-10T20:56:49.431+0000] {dag.py:3239} INFO - Sync 1 DAGs
[2026-07-10T20:56:49.481+0000] {logging_mixin.py:190} INFO - [2026-07-10T20:56:49.481+0000] {dag.py:4180} INFO - Setting next_dagrun for weather_scrape_and_load to 2026-07-10 20:00:00+00:00, run_after=2026-07-10 21:00:00+00:00
[2026-07-10T20:56:49.522+0000] {processor.py:208} INFO - Processing /opt/airflow/dags/weather_scrape_dag.py took 0.176 seconds
[2026-07-10T20:57:19.715+0000] {processor.py:186} INFO - Started process (PID=2187) to work on /opt/airflow/dags/weather_scrape_dag.py
[2026-07-10T20:57:19.724+0000] {processor.py:914} INFO - Processing file /opt/airflow/dags/weather_scrape_dag.py for tasks to queue
[2026-07-10T20:57:19.729+0000] {logging_mixin.py:190} INFO - [2026-07-10T20:57:19.728+0000] {dagbag.py:588} INFO - Filling up the DagBag from /opt/airflow/dags/weather_scrape_dag.py
[2026-07-10T20:57:19.749+0000] {processor.py:925} INFO - DAG(s) 'weather_scrape_and_load' retrieved from /opt/airflow/dags/weather_scrape_dag.py
[2026-07-10T20:57:19.797+0000] {logging_mixin.py:190} INFO - [2026-07-10T20:57:19.797+0000] {dag.py:3239} INFO - Sync 1 DAGs
[2026-07-10T20:57:19.844+0000] {logging_mixin.py:190} INFO - [2026-07-10T20:57:19.843+0000] {dag.py:4180} INFO - Setting next_dagrun for weather_scrape_and_load to 2026-07-10 20:00:00+00:00, run_after=2026-07-10 21:00:00+00:00
[2026-07-10T20:57:19.876+0000] {processor.py:208} INFO - Processing /opt/airflow/dags/weather_scrape_dag.py took 0.172 seconds
[2026-07-10T20:57:49.961+0000] {processor.py:186} INFO - Started process (PID=2192) to work on /opt/airflow/dags/weather_scrape_dag.py
[2026-07-10T20:57:49.970+0000] {processor.py:914} INFO - Processing file /opt/airflow/dags/weather_scrape_dag.py for tasks to queue
[2026-07-10T20:57:49.975+0000] {logging_mixin.py:190} INFO - [2026-07-10T20:57:49.974+0000] {dagbag.py:588} INFO - Filling up the DagBag from /opt/airflow/dags/weather_scrape_dag.py
[2026-07-10T20:57:49.996+0000] {processor.py:925} INFO - DAG(s) 'weather_scrape_and_load' retrieved from /opt/airflow/dags/weather_scrape_dag.py
[2026-07-10T20:57:50.052+0000] {logging_mixin.py:190} INFO - [2026-07-10T20:57:50.051+0000] {dag.py:3239} INFO - Sync 1 DAGs
[2026-07-10T20:57:50.109+0000] {logging_mixin.py:190} INFO - [2026-07-10T20:57:50.109+0000] {dag.py:4180} INFO - Setting next_dagrun for weather_scrape_and_load to 2026-07-10 20:00:00+00:00, run_after=2026-07-10 21:00:00+00:00
[2026-07-10T20:57:50.153+0000] {processor.py:208} INFO - Processing /opt/airflow/dags/weather_scrape_dag.py took 0.202 seconds
[2026-07-10T20:58:20.312+0000] {processor.py:186} INFO - Started process (PID=2197) to work on /opt/airflow/dags/weather_scrape_dag.py
[2026-07-10T20:58:20.313+0000] {processor.py:914} INFO - Processing file /opt/airflow/dags/weather_scrape_dag.py for tasks to queue
[2026-07-10T20:58:20.317+0000] {logging_mixin.py:190} INFO - [2026-07-10T20:58:20.316+0000] {dagbag.py:588} INFO - Filling up the DagBag from /opt/airflow/dags/weather_scrape_dag.py
[2026-07-10T20:58:20.338+0000] {processor.py:925} INFO - DAG(s) 'weather_scrape_and_load' retrieved from /opt/airflow/dags/weather_scrape_dag.py
[2026-07-10T20:58:20.385+0000] {logging_mixin.py:190} INFO - [2026-07-10T20:58:20.385+0000] {dag.py:3239} INFO - Sync 1 DAGs
[2026-07-10T20:58:20.431+0000] {logging_mixin.py:190} INFO - [2026-07-10T20:58:20.430+0000] {dag.py:4180} INFO - Setting next_dagrun for weather_scrape_and_load to 2026-07-10 20:00:00+00:00, run_after=2026-07-10 21:00:00+00:00
[2026-07-10T20:58:20.472+0000] {processor.py:208} INFO - Processing /opt/airflow/dags/weather_scrape_dag.py took 0.171 seconds
[2026-07-10T20:58:50.583+0000] {processor.py:186} INFO - Started process (PID=2202) to work on /opt/airflow/dags/weather_scrape_dag.py
[2026-07-10T20:58:50.592+0000] {processor.py:914} INFO - Processing file /opt/airflow/dags/weather_scrape_dag.py for tasks to queue
[2026-07-10T20:58:50.596+0000] {logging_mixin.py:190} INFO - [2026-07-10T20:58:50.595+0000] {dagbag.py:588} INFO - Filling up the DagBag from /opt/airflow/dags/weather_scrape_dag.py
[2026-07-10T20:58:50.617+0000] {processor.py:925} INFO - DAG(s) 'weather_scrape_and_load' retrieved from /opt/airflow/dags/weather_scrape_dag.py
[2026-07-10T20:58:50.666+0000] {logging_mixin.py:190} INFO - [2026-07-10T20:58:50.665+0000] {dag.py:3239} INFO - Sync 1 DAGs
[2026-07-10T20:58:50.716+0000] {logging_mixin.py:190} INFO - [2026-07-10T20:58:50.716+0000] {dag.py:4180} INFO - Setting next_dagrun for weather_scrape_and_load to 2026-07-10 20:00:00+00:00, run_after=2026-07-10 21:00:00+00:00
[2026-07-10T20:58:50.749+0000] {processor.py:208} INFO - Processing /opt/airflow/dags/weather_scrape_dag.py took 0.177 seconds
[2026-07-10T20:59:20.909+0000] {processor.py:186} INFO - Started process (PID=2207) to work on /opt/airflow/dags/weather_scrape_dag.py
[2026-07-10T20:59:20.910+0000] {processor.py:914} INFO - Processing file /opt/airflow/dags/weather_scrape_dag.py for tasks to queue
[2026-07-10T20:59:20.914+0000] {logging_mixin.py:190} INFO - [2026-07-10T20:59:20.913+0000] {dagbag.py:588} INFO - Filling up the DagBag from /opt/airflow/dags/weather_scrape_dag.py
[2026-07-10T20:59:20.935+0000] {processor.py:925} INFO - DAG(s) 'weather_scrape_and_load' retrieved from /opt/airflow/dags/weather_scrape_dag.py
[2026-07-10T20:59:20.985+0000] {logging_mixin.py:190} INFO - [2026-07-10T20:59:20.984+0000] {dag.py:3239} INFO - Sync 1 DAGs
[2026-07-10T20:59:21.032+0000] {logging_mixin.py:190} INFO - [2026-07-10T20:59:21.031+0000] {dag.py:4180} INFO - Setting next_dagrun for weather_scrape_and_load to 2026-07-10 20:00:00+00:00, run_after=2026-07-10 21:00:00+00:00
[2026-07-10T20:59:21.072+0000] {processor.py:208} INFO - Processing /opt/airflow/dags/weather_scrape_dag.py took 0.174 seconds
[2026-07-10T20:59:51.186+0000] {processor.py:186} INFO - Started process (PID=2212) to work on /opt/airflow/dags/weather_scrape_dag.py
[2026-07-10T20:59:51.194+0000] {processor.py:914} INFO - Processing file /opt/airflow/dags/weather_scrape_dag.py for tasks to queue
[2026-07-10T20:59:51.198+0000] {logging_mixin.py:190} INFO - [2026-07-10T20:59:51.197+0000] {dagbag.py:588} INFO - Filling up the DagBag from /opt/airflow/dags/weather_scrape_dag.py
[2026-07-10T20:59:51.219+0000] {processor.py:925} INFO - DAG(s) 'weather_scrape_and_load' retrieved from /opt/airflow/dags/weather_scrape_dag.py
[2026-07-10T20:59:51.269+0000] {logging_mixin.py:190} INFO - [2026-07-10T20:59:51.268+0000] {dag.py:3239} INFO - Sync 1 DAGs
[2026-07-10T20:59:51.315+0000] {logging_mixin.py:190} INFO - [2026-07-10T20:59:51.314+0000] {dag.py:4180} INFO - Setting next_dagrun for weather_scrape_and_load to 2026-07-10 20:00:00+00:00, run_after=2026-07-10 21:00:00+00:00
[2026-07-10T20:59:51.357+0000] {processor.py:208} INFO - Processing /opt/airflow/dags/weather_scrape_dag.py took 0.182 seconds
[2026-07-10T21:00:21.513+0000] {processor.py:186} INFO - Started process (PID=2233) to work on /opt/airflow/dags/weather_scrape_dag.py
[2026-07-10T21:00:21.514+0000] {processor.py:914} INFO - Processing file /opt/airflow/dags/weather_scrape_dag.py for tasks to queue
[2026-07-10T21:00:21.518+0000] {logging_mixin.py:190} INFO - [2026-07-10T21:00:21.518+0000] {dagbag.py:588} INFO - Filling up the DagBag from /opt/airflow/dags/weather_scrape_dag.py
[2026-07-10T21:00:21.541+0000] {processor.py:925} INFO - DAG(s) 'weather_scrape_and_load' retrieved from /opt/airflow/dags/weather_scrape_dag.py
[2026-07-10T21:00:21.597+0000] {logging_mixin.py:190} INFO - [2026-07-10T21:00:21.596+0000] {dag.py:3239} INFO - Sync 1 DAGs
[2026-07-10T21:00:21.645+0000] {logging_mixin.py:190} INFO - [2026-07-10T21:00:21.644+0000] {dag.py:4180} INFO - Setting next_dagrun for weather_scrape_and_load to 2026-07-10 21:00:00+00:00, run_after=2026-07-10 22:00:00+00:00
[2026-07-10T21:00:21.689+0000] {processor.py:208} INFO - Processing /opt/airflow/dags/weather_scrape_dag.py took 0.188 seconds
[2026-07-10T21:00:51.785+0000] {processor.py:186} INFO - Started process (PID=2238) to work on /opt/airflow/dags/weather_scrape_dag.py
[2026-07-10T21:00:51.794+0000] {processor.py:914} INFO - Processing file /opt/airflow/dags/weather_scrape_dag.py for tasks to queue
[2026-07-10T21:00:51.799+0000] {logging_mixin.py:190} INFO - [2026-07-10T21:00:51.798+0000] {dagbag.py:588} INFO - Filling up the DagBag from /opt/airflow/dags/weather_scrape_dag.py
[2026-07-10T21:00:51.820+0000] {processor.py:925} INFO - DAG(s) 'weather_scrape_and_load' retrieved from /opt/airflow/dags/weather_scrape_dag.py
[2026-07-10T21:00:51.869+0000] {logging_mixin.py:190} INFO - [2026-07-10T21:00:51.869+0000] {dag.py:3239} INFO - Sync 1 DAGs
[2026-07-10T21:00:51.917+0000] {logging_mixin.py:190} INFO - [2026-07-10T21:00:51.917+0000] {dag.py:4180} INFO - Setting next_dagrun for weather_scrape_and_load to 2026-07-10 21:00:00+00:00, run_after=2026-07-10 22:00:00+00:00
[2026-07-10T21:00:51.957+0000] {processor.py:208} INFO - Processing /opt/airflow/dags/weather_scrape_dag.py took 0.184 seconds
[2026-07-10T21:01:22.140+0000] {processor.py:186} INFO - Started process (PID=2243) to work on /opt/airflow/dags/weather_scrape_dag.py
[2026-07-10T21:01:22.141+0000] {processor.py:914} INFO - Processing file /opt/airflow/dags/weather_scrape_dag.py for tasks to queue
[2026-07-10T21:01:22.146+0000] {logging_mixin.py:190} INFO - [2026-07-10T21:01:22.145+0000] {dagbag.py:588} INFO - Filling up the DagBag from /opt/airflow/dags/weather_scrape_dag.py
[2026-07-10T21:01:22.167+0000] {processor.py:925} INFO - DAG(s) 'weather_scrape_and_load' retrieved from /opt/airflow/dags/weather_scrape_dag.py
[2026-07-10T21:01:22.216+0000] {logging_mixin.py:190} INFO - [2026-07-10T21:01:22.215+0000] {dag.py:3239} INFO - Sync 1 DAGs
[2026-07-10T21:01:22.263+0000] {logging_mixin.py:190} INFO - [2026-07-10T21:01:22.263+0000] {dag.py:4180} INFO - Setting next_dagrun for weather_scrape_and_load to 2026-07-10 21:00:00+00:00, run_after=2026-07-10 22:00:00+00:00
[2026-07-10T21:01:22.304+0000] {processor.py:208} INFO - Processing /opt/airflow/dags/weather_scrape_dag.py took 0.175 seconds
[2026-07-10T21:01:52.387+0000] {processor.py:186} INFO - Started process (PID=2248) to work on /opt/airflow/dags/weather_scrape_dag.py
[2026-07-10T21:01:52.396+0000] {processor.py:914} INFO - Processing file /opt/airflow/dags/weather_scrape_dag.py for tasks to queue
[2026-07-10T21:01:52.401+0000] {logging_mixin.py:190} INFO - [2026-07-10T21:01:52.400+0000] {dagbag.py:588} INFO - Filling up the DagBag from /opt/airflow/dags/weather_scrape_dag.py
[2026-07-10T21:01:52.421+0000] {processor.py:925} INFO - DAG(s) 'weather_scrape_and_load' retrieved from /opt/airflow/dags/weather_scrape_dag.py
[2026-07-10T21:01:52.470+0000] {logging_mixin.py:190} INFO - [2026-07-10T21:01:52.469+0000] {dag.py:3239} INFO - Sync 1 DAGs
[2026-07-10T21:01:52.518+0000] {logging_mixin.py:190} INFO - [2026-07-10T21:01:52.518+0000] {dag.py:4180} INFO - Setting next_dagrun for weather_scrape_and_load to 2026-07-10 21:00:00+00:00, run_after=2026-07-10 22:00:00+00:00
[2026-07-10T21:01:52.559+0000] {processor.py:208} INFO - Processing /opt/airflow/dags/weather_scrape_dag.py took 0.182 seconds
[2026-07-10T21:02:22.743+0000] {processor.py:186} INFO - Started process (PID=2253) to work on /opt/airflow/dags/weather_scrape_dag.py
[2026-07-10T21:02:22.744+0000] {processor.py:914} INFO - Processing file /opt/airflow/dags/weather_scrape_dag.py for tasks to queue
[2026-07-10T21:02:22.747+0000] {logging_mixin.py:190} INFO - [2026-07-10T21:02:22.747+0000] {dagbag.py:588} INFO - Filling up the DagBag from /opt/airflow/dags/weather_scrape_dag.py
[2026-07-10T21:02:22.770+0000] {processor.py:925} INFO - DAG(s) 'weather_scrape_and_load' retrieved from /opt/airflow/dags/weather_scrape_dag.py
[2026-07-10T21:02:22.818+0000] {logging_mixin.py:190} INFO - [2026-07-10T21:02:22.818+0000] {dag.py:3239} INFO - Sync 1 DAGs
[2026-07-10T21:02:22.869+0000] {logging_mixin.py:190} INFO - [2026-07-10T21:02:22.868+0000] {dag.py:4180} INFO - Setting next_dagrun for weather_scrape_and_load to 2026-07-10 21:00:00+00:00, run_after=2026-07-10 22:00:00+00:00
[2026-07-10T21:02:22.903+0000] {processor.py:208} INFO - Processing /opt/airflow/dags/weather_scrape_dag.py took 0.173 seconds
[2026-07-10T21:02:52.993+0000] {processor.py:186} INFO - Started process (PID=2258) to work on /opt/airflow/dags/weather_scrape_dag.py
[2026-07-10T21:02:53.002+0000] {processor.py:914} INFO - Processing file /opt/airflow/dags/weather_scrape_dag.py for tasks to queue
[2026-07-10T21:02:53.006+0000] {logging_mixin.py:190} INFO - [2026-07-10T21:02:53.005+0000] {dagbag.py:588} INFO - Filling up the DagBag from /opt/airflow/dags/weather_scrape_dag.py
[2026-07-10T21:02:53.026+0000] {processor.py:925} INFO - DAG(s) 'weather_scrape_and_load' retrieved from /opt/airflow/dags/weather_scrape_dag.py
[2026-07-10T21:02:53.075+0000] {logging_mixin.py:190} INFO - [2026-07-10T21:02:53.074+0000] {dag.py:3239} INFO - Sync 1 DAGs
[2026-07-10T21:02:53.121+0000] {logging_mixin.py:190} INFO - [2026-07-10T21:02:53.120+0000] {dag.py:4180} INFO - Setting next_dagrun for weather_scrape_and_load to 2026-07-10 21:00:00+00:00, run_after=2026-07-10 22:00:00+00:00
[2026-07-10T21:02:53.163+0000] {processor.py:208} INFO - Processing /opt/airflow/dags/weather_scrape_dag.py took 0.181 seconds
[2026-07-10T21:03:23.339+0000] {processor.py:186} INFO - Started process (PID=2263) to work on /opt/airflow/dags/weather_scrape_dag.py
[2026-07-10T21:03:23.340+0000] {processor.py:914} INFO - Processing file /opt/airflow/dags/weather_scrape_dag.py for tasks to queue
[2026-07-10T21:03:23.346+0000] {logging_mixin.py:190} INFO - [2026-07-10T21:03:23.345+0000] {dagbag.py:588} INFO - Filling up the DagBag from /opt/airflow/dags/weather_scrape_dag.py
[2026-07-10T21:03:23.369+0000] {processor.py:925} INFO - DAG(s) 'weather_scrape_and_load' retrieved from /opt/airflow/dags/weather_scrape_dag.py
[2026-07-10T21:03:23.423+0000] {logging_mixin.py:190} INFO - [2026-07-10T21:03:23.422+0000] {dag.py:3239} INFO - Sync 1 DAGs
[2026-07-10T21:03:23.469+0000] {logging_mixin.py:190} INFO - [2026-07-10T21:03:23.469+0000] {dag.py:4180} INFO - Setting next_dagrun for weather_scrape_and_load to 2026-07-10 21:00:00+00:00, run_after=2026-07-10 22:00:00+00:00
[2026-07-10T21:03:23.510+0000] {processor.py:208} INFO - Processing /opt/airflow/dags/weather_scrape_dag.py took 0.185 seconds
[2026-07-10T21:03:53.583+0000] {processor.py:186} INFO - Started process (PID=2268) to work on /opt/airflow/dags/weather_scrape_dag.py
[2026-07-10T21:03:53.592+0000] {processor.py:914} INFO - Processing file /opt/airflow/dags/weather_scrape_dag.py for tasks to queue
[2026-07-10T21:03:53.595+0000] {logging_mixin.py:190} INFO - [2026-07-10T21:03:53.595+0000] {dagbag.py:588} INFO - Filling up the DagBag from /opt/airflow/dags/weather_scrape_dag.py
[2026-07-10T21:03:53.616+0000] {processor.py:925} INFO - DAG(s) 'weather_scrape_and_load' retrieved from /opt/airflow/dags/weather_scrape_dag.py
[2026-07-10T21:03:53.665+0000] {logging_mixin.py:190} INFO - [2026-07-10T21:03:53.665+0000] {dag.py:3239} INFO - Sync 1 DAGs
[2026-07-10T21:03:53.712+0000] {logging_mixin.py:190} INFO - [2026-07-10T21:03:53.711+0000] {dag.py:4180} INFO - Setting next_dagrun for weather_scrape_and_load to 2026-07-10 21:00:00+00:00, run_after=2026-07-10 22:00:00+00:00
[2026-07-10T21:03:53.753+0000] {processor.py:208} INFO - Processing /opt/airflow/dags/weather_scrape_dag.py took 0.182 seconds
[2026-07-10T21:04:23.941+0000] {processor.py:186} INFO - Started process (PID=2273) to work on /opt/airflow/dags/weather_scrape_dag.py
[2026-07-10T21:04:23.942+0000] {processor.py:914} INFO - Processing file /opt/airflow/dags/weather_scrape_dag.py for tasks to queue
[2026-07-10T21:04:23.945+0000] {logging_mixin.py:190} INFO - [2026-07-10T21:04:23.945+0000] {dagbag.py:588} INFO - Filling up the DagBag from /opt/airflow/dags/weather_scrape_dag.py
[2026-07-10T21:04:23.967+0000] {processor.py:925} INFO - DAG(s) 'weather_scrape_and_load' retrieved from /opt/airflow/dags/weather_scrape_dag.py
[2026-07-10T21:04:24.015+0000] {logging_mixin.py:190} INFO - [2026-07-10T21:04:24.015+0000] {dag.py:3239} INFO - Sync 1 DAGs
[2026-07-10T21:04:24.067+0000] {logging_mixin.py:190} INFO - [2026-07-10T21:04:24.067+0000] {dag.py:4180} INFO - Setting next_dagrun for weather_scrape_and_load to 2026-07-10 21:00:00+00:00, run_after=2026-07-10 22:00:00+00:00
[2026-07-10T21:04:24.109+0000] {processor.py:208} INFO - Processing /opt/airflow/dags/weather_scrape_dag.py took 0.180 seconds
[2026-07-10T21:04:54.187+0000] {processor.py:186} INFO - Started process (PID=2278) to work on /opt/airflow/dags/weather_scrape_dag.py
[2026-07-10T21:04:54.188+0000] {processor.py:914} INFO - Processing file /opt/airflow/dags/weather_scrape_dag.py for tasks to queue
[2026-07-10T21:04:54.191+0000] {logging_mixin.py:190} INFO - [2026-07-10T21:04:54.191+0000] {dagbag.py:588} INFO - Filling up the DagBag from /opt/airflow/dags/weather_scrape_dag.py
[2026-07-10T21:04:54.214+0000] {processor.py:925} INFO - DAG(s) 'weather_scrape_and_load' retrieved from /opt/airflow/dags/weather_scrape_dag.py
[2026-07-10T21:04:54.269+0000] {logging_mixin.py:190} INFO - [2026-07-10T21:04:54.268+0000] {dag.py:3239} INFO - Sync 1 DAGs
[2026-07-10T21:04:54.326+0000] {logging_mixin.py:190} INFO - [2026-07-10T21:04:54.326+0000] {dag.py:4180} INFO - Setting next_dagrun for weather_scrape_and_load to 2026-07-10 21:00:00+00:00, run_after=2026-07-10 22:00:00+00:00
[2026-07-10T21:04:54.369+0000] {processor.py:208} INFO - Processing /opt/airflow/dags/weather_scrape_dag.py took 0.194 seconds
[2026-07-10T21:05:24.541+0000] {processor.py:186} INFO - Started process (PID=2283) to work on /opt/airflow/dags/weather_scrape_dag.py
[2026-07-10T21:05:24.542+0000] {processor.py:914} INFO - Processing file /opt/airflow/dags/weather_scrape_dag.py for tasks to queue
[2026-07-10T21:05:24.547+0000] {logging_mixin.py:190} INFO - [2026-07-10T21:05:24.547+0000] {dagbag.py:588} INFO - Filling up the DagBag from /opt/airflow/dags/weather_scrape_dag.py
[2026-07-10T21:05:24.568+0000] {processor.py:925} INFO - DAG(s) 'weather_scrape_and_load' retrieved from /opt/airflow/dags/weather_scrape_dag.py
[2026-07-10T21:05:24.616+0000] {logging_mixin.py:190} INFO - [2026-07-10T21:05:24.615+0000] {dag.py:3239} INFO - Sync 1 DAGs
[2026-07-10T21:05:24.661+0000] {logging_mixin.py:190} INFO - [2026-07-10T21:05:24.661+0000] {dag.py:4180} INFO - Setting next_dagrun for weather_scrape_and_load to 2026-07-10 21:00:00+00:00, run_after=2026-07-10 22:00:00+00:00
[2026-07-10T21:05:24.701+0000] {processor.py:208} INFO - Processing /opt/airflow/dags/weather_scrape_dag.py took 0.170 seconds
[2026-07-10T21:05:54.803+0000] {processor.py:186} INFO - Started process (PID=2288) to work on /opt/airflow/dags/weather_scrape_dag.py
[2026-07-10T21:05:54.812+0000] {processor.py:914} INFO - Processing file /opt/airflow/dags/weather_scrape_dag.py for tasks to queue
[2026-07-10T21:05:54.817+0000] {logging_mixin.py:190} INFO - [2026-07-10T21:05:54.816+0000] {dagbag.py:588} INFO - Filling up the DagBag from /opt/airflow/dags/weather_scrape_dag.py
[2026-07-10T21:05:54.837+0000] {processor.py:925} INFO - DAG(s) 'weather_scrape_and_load' retrieved from /opt/airflow/dags/weather_scrape_dag.py
[2026-07-10T21:05:54.886+0000] {logging_mixin.py:190} INFO - [2026-07-10T21:05:54.885+0000] {dag.py:3239} INFO - Sync 1 DAGs
[2026-07-10T21:05:54.933+0000] {logging_mixin.py:190} INFO - [2026-07-10T21:05:54.932+0000] {dag.py:4180} INFO - Setting next_dagrun for weather_scrape_and_load to 2026-07-10 21:00:00+00:00, run_after=2026-07-10 22:00:00+00:00
[2026-07-10T21:05:54.975+0000] {processor.py:208} INFO - Processing /opt/airflow/dags/weather_scrape_dag.py took 0.182 seconds
[2026-07-10T21:06:25.136+0000] {processor.py:186} INFO - Started process (PID=2293) to work on /opt/airflow/dags/weather_scrape_dag.py
[2026-07-10T21:06:25.137+0000] {processor.py:914} INFO - Processing file /opt/airflow/dags/weather_scrape_dag.py for tasks to queue
[2026-07-10T21:06:25.142+0000] {logging_mixin.py:190} INFO - [2026-07-10T21:06:25.141+0000] {dagbag.py:588} INFO - Filling up the DagBag from /opt/airflow/dags/weather_scrape_dag.py
[2026-07-10T21:06:25.163+0000] {processor.py:925} INFO - DAG(s) 'weather_scrape_and_load' retrieved from /opt/airflow/dags/weather_scrape_dag.py
[2026-07-10T21:06:25.213+0000] {logging_mixin.py:190} INFO - [2026-07-10T21:06:25.213+0000] {dag.py:3239} INFO - Sync 1 DAGs
[2026-07-10T21:06:25.260+0000] {logging_mixin.py:190} INFO - [2026-07-10T21:06:25.259+0000] {dag.py:4180} INFO - Setting next_dagrun for weather_scrape_and_load to 2026-07-10 21:00:00+00:00, run_after=2026-07-10 22:00:00+00:00
[2026-07-10T21:06:25.301+0000] {processor.py:208} INFO - Processing /opt/airflow/dags/weather_scrape_dag.py took 0.175 seconds
[2026-07-10T21:06:55.402+0000] {processor.py:186} INFO - Started process (PID=2298) to work on /opt/airflow/dags/weather_scrape_dag.py
[2026-07-10T21:06:55.403+0000] {processor.py:914} INFO - Processing file /opt/airflow/dags/weather_scrape_dag.py for tasks to queue
[2026-07-10T21:06:55.407+0000] {logging_mixin.py:190} INFO - [2026-07-10T21:06:55.406+0000] {dagbag.py:588} INFO - Filling up the DagBag from /opt/airflow/dags/weather_scrape_dag.py
[2026-07-10T21:06:55.428+0000] {processor.py:925} INFO - DAG(s) 'weather_scrape_and_load' retrieved from /opt/airflow/dags/weather_scrape_dag.py
[2026-07-10T21:06:55.478+0000] {logging_mixin.py:190} INFO - [2026-07-10T21:06:55.478+0000] {dag.py:3239} INFO - Sync 1 DAGs
[2026-07-10T21:06:55.527+0000] {logging_mixin.py:190} INFO - [2026-07-10T21:06:55.526+0000] {dag.py:4180} INFO - Setting next_dagrun for weather_scrape_and_load to 2026-07-10 21:00:00+00:00, run_after=2026-07-10 22:00:00+00:00
[2026-07-10T21:06:55.560+0000] {processor.py:208} INFO - Processing /opt/airflow/dags/weather_scrape_dag.py took 0.170 seconds
[2026-07-10T21:07:25.744+0000] {processor.py:186} INFO - Started process (PID=2303) to work on /opt/airflow/dags/weather_scrape_dag.py
[2026-07-10T21:07:25.745+0000] {processor.py:914} INFO - Processing file /opt/airflow/dags/weather_scrape_dag.py for tasks to queue
[2026-07-10T21:07:25.749+0000] {logging_mixin.py:190} INFO - [2026-07-10T21:07:25.748+0000] {dagbag.py:588} INFO - Filling up the DagBag from /opt/airflow/dags/weather_scrape_dag.py
[2026-07-10T21:07:25.770+0000] {processor.py:925} INFO - DAG(s) 'weather_scrape_and_load' retrieved from /opt/airflow/dags/weather_scrape_dag.py
[2026-07-10T21:07:25.818+0000] {logging_mixin.py:190} INFO - [2026-07-10T21:07:25.818+0000] {dag.py:3239} INFO - Sync 1 DAGs
[2026-07-10T21:07:25.866+0000] {logging_mixin.py:190} INFO - [2026-07-10T21:07:25.866+0000] {dag.py:4180} INFO - Setting next_dagrun for weather_scrape_and_load to 2026-07-10 21:00:00+00:00, run_after=2026-07-10 22:00:00+00:00
[2026-07-10T21:07:25.908+0000] {processor.py:208} INFO - Processing /opt/airflow/dags/weather_scrape_dag.py took 0.176 seconds
[2026-07-10T21:07:55.990+0000] {processor.py:186} INFO - Started process (PID=2308) to work on /opt/airflow/dags/weather_scrape_dag.py
[2026-07-10T21:07:55.999+0000] {processor.py:914} INFO - Processing file /opt/airflow/dags/weather_scrape_dag.py for tasks to queue
[2026-07-10T21:07:56.002+0000] {logging_mixin.py:190} INFO - [2026-07-10T21:07:56.002+0000] {dagbag.py:588} INFO - Filling up the DagBag from /opt/airflow/dags/weather_scrape_dag.py
[2026-07-10T21:07:56.023+0000] {processor.py:925} INFO - DAG(s) 'weather_scrape_and_load' retrieved from /opt/airflow/dags/weather_scrape_dag.py
[2026-07-10T21:07:56.072+0000] {logging_mixin.py:190} INFO - [2026-07-10T21:07:56.072+0000] {dag.py:3239} INFO - Sync 1 DAGs
[2026-07-10T21:07:56.121+0000] {logging_mixin.py:190} INFO - [2026-07-10T21:07:56.121+0000] {dag.py:4180} INFO - Setting next_dagrun for weather_scrape_and_load to 2026-07-10 21:00:00+00:00, run_after=2026-07-10 22:00:00+00:00
[2026-07-10T21:07:56.163+0000] {processor.py:208} INFO - Processing /opt/airflow/dags/weather_scrape_dag.py took 0.184 seconds
[2026-07-10T21:08:26.344+0000] {processor.py:186} INFO - Started process (PID=2313) to work on /opt/airflow/dags/weather_scrape_dag.py
[2026-07-10T21:08:26.345+0000] {processor.py:914} INFO - Processing file /opt/airflow/dags/weather_scrape_dag.py for tasks to queue
[2026-07-10T21:08:26.350+0000] {logging_mixin.py:190} INFO - [2026-07-10T21:08:26.349+0000] {dagbag.py:588} INFO - Filling up the DagBag from /opt/airflow/dags/weather_scrape_dag.py
[2026-07-10T21:08:26.375+0000] {processor.py:925} INFO - DAG(s) 'weather_scrape_and_load' retrieved from /opt/airflow/dags/weather_scrape_dag.py
[2026-07-10T21:08:26.423+0000] {logging_mixin.py:190} INFO - [2026-07-10T21:08:26.422+0000] {dag.py:3239} INFO - Sync 1 DAGs
[2026-07-10T21:08:26.468+0000] {logging_mixin.py:190} INFO - [2026-07-10T21:08:26.467+0000] {dag.py:4180} INFO - Setting next_dagrun for weather_scrape_and_load to 2026-07-10 21:00:00+00:00, run_after=2026-07-10 22:00:00+00:00
[2026-07-10T21:08:26.508+0000] {processor.py:208} INFO - Processing /opt/airflow/dags/weather_scrape_dag.py took 0.178 seconds
[2026-07-10T21:08:56.590+0000] {processor.py:186} INFO - Started process (PID=2318) to work on /opt/airflow/dags/weather_scrape_dag.py
[2026-07-10T21:08:56.599+0000] {processor.py:914} INFO - Processing file /opt/airflow/dags/weather_scrape_dag.py for tasks to queue
[2026-07-10T21:08:56.603+0000] {logging_mixin.py:190} INFO - [2026-07-10T21:08:56.602+0000] {dagbag.py:588} INFO - Filling up the DagBag from /opt/airflow/dags/weather_scrape_dag.py
[2026-07-10T21:08:56.624+0000] {processor.py:925} INFO - DAG(s) 'weather_scrape_and_load' retrieved from /opt/airflow/dags/weather_scrape_dag.py
[2026-07-10T21:08:56.674+0000] {logging_mixin.py:190} INFO - [2026-07-10T21:08:56.674+0000] {dag.py:3239} INFO - Sync 1 DAGs
[2026-07-10T21:08:56.721+0000] {logging_mixin.py:190} INFO - [2026-07-10T21:08:56.720+0000] {dag.py:4180} INFO - Setting next_dagrun for weather_scrape_and_load to 2026-07-10 21:00:00+00:00, run_after=2026-07-10 22:00:00+00:00
[2026-07-10T21:08:56.770+0000] {processor.py:208} INFO - Processing /opt/airflow/dags/weather_scrape_dag.py took 0.190 seconds
[2026-07-10T21:09:26.969+0000] {processor.py:186} INFO - Started process (PID=2324) to work on /opt/airflow/dags/weather_scrape_dag.py
[2026-07-10T21:09:26.971+0000] {processor.py:914} INFO - Processing file /opt/airflow/dags/weather_scrape_dag.py for tasks to queue
[2026-07-10T21:09:26.975+0000] {logging_mixin.py:190} INFO - [2026-07-10T21:09:26.974+0000] {dagbag.py:588} INFO - Filling up the DagBag from /opt/airflow/dags/weather_scrape_dag.py
[2026-07-10T21:09:26.996+0000] {processor.py:925} INFO - DAG(s) 'weather_scrape_and_load' retrieved from /opt/airflow/dags/weather_scrape_dag.py
[2026-07-10T21:09:27.044+0000] {logging_mixin.py:190} INFO - [2026-07-10T21:09:27.043+0000] {dag.py:3239} INFO - Sync 1 DAGs
[2026-07-10T21:09:27.093+0000] {logging_mixin.py:190} INFO - [2026-07-10T21:09:27.093+0000] {dag.py:4180} INFO - Setting next_dagrun for weather_scrape_and_load to 2026-07-10 21:00:00+00:00, run_after=2026-07-10 22:00:00+00:00
[2026-07-10T21:09:27.139+0000] {processor.py:208} INFO - Processing /opt/airflow/dags/weather_scrape_dag.py took 0.181 seconds
[2026-07-10T21:09:57.208+0000] {processor.py:186} INFO - Started process (PID=2329) to work on /opt/airflow/dags/weather_scrape_dag.py
[2026-07-10T21:09:57.209+0000] {processor.py:914} INFO - Processing file /opt/airflow/dags/weather_scrape_dag.py for tasks to queue
[2026-07-10T21:09:57.213+0000] {logging_mixin.py:190} INFO - [2026-07-10T21:09:57.213+0000] {dagbag.py:588} INFO - Filling up the DagBag from /opt/airflow/dags/weather_scrape_dag.py
[2026-07-10T21:09:57.235+0000] {processor.py:925} INFO - DAG(s) 'weather_scrape_and_load' retrieved from /opt/airflow/dags/weather_scrape_dag.py
[2026-07-10T21:09:57.283+0000] {logging_mixin.py:190} INFO - [2026-07-10T21:09:57.283+0000] {dag.py:3239} INFO - Sync 1 DAGs
[2026-07-10T21:09:57.332+0000] {logging_mixin.py:190} INFO - [2026-07-10T21:09:57.331+0000] {dag.py:4180} INFO - Setting next_dagrun for weather_scrape_and_load to 2026-07-10 21:00:00+00:00, run_after=2026-07-10 22:00:00+00:00
[2026-07-10T21:09:57.367+0000] {processor.py:208} INFO - Processing /opt/airflow/dags/weather_scrape_dag.py took 0.171 seconds
[2026-07-10T21:10:27.586+0000] {processor.py:186} INFO - Started process (PID=2334) to work on /opt/airflow/dags/weather_scrape_dag.py
[2026-07-10T21:10:27.588+0000] {processor.py:914} INFO - Processing file /opt/airflow/dags/weather_scrape_dag.py for tasks to queue
[2026-07-10T21:10:27.592+0000] {logging_mixin.py:190} INFO - [2026-07-10T21:10:27.591+0000] {dagbag.py:588} INFO - Filling up the DagBag from /opt/airflow/dags/weather_scrape_dag.py
[2026-07-10T21:10:27.613+0000] {processor.py:925} INFO - DAG(s) 'weather_scrape_and_load' retrieved from /opt/airflow/dags/weather_scrape_dag.py
[2026-07-10T21:10:27.662+0000] {logging_mixin.py:190} INFO - [2026-07-10T21:10:27.661+0000] {dag.py:3239} INFO - Sync 1 DAGs
[2026-07-10T21:10:27.708+0000] {logging_mixin.py:190} INFO - [2026-07-10T21:10:27.708+0000] {dag.py:4180} INFO - Setting next_dagrun for weather_scrape_and_load to 2026-07-10 21:00:00+00:00, run_after=2026-07-10 22:00:00+00:00
[2026-07-10T21:10:27.750+0000] {processor.py:208} INFO - Processing /opt/airflow/dags/weather_scrape_dag.py took 0.174 seconds
[2026-07-10T21:10:57.808+0000] {processor.py:186} INFO - Started process (PID=2339) to work on /opt/airflow/dags/weather_scrape_dag.py
[2026-07-10T21:10:57.810+0000] {processor.py:914} INFO - Processing file /opt/airflow/dags/weather_scrape_dag.py for tasks to queue
[2026-07-10T21:10:57.814+0000] {logging_mixin.py:190} INFO - [2026-07-10T21:10:57.814+0000] {dagbag.py:588} INFO - Filling up the DagBag from /opt/airflow/dags/weather_scrape_dag.py
[2026-07-10T21:10:57.836+0000] {processor.py:925} INFO - DAG(s) 'weather_scrape_and_load' retrieved from /opt/airflow/dags/weather_scrape_dag.py
[2026-07-10T21:10:57.886+0000] {logging_mixin.py:190} INFO - [2026-07-10T21:10:57.885+0000] {dag.py:3239} INFO - Sync 1 DAGs
[2026-07-10T21:10:57.931+0000] {logging_mixin.py:190} INFO - [2026-07-10T21:10:57.931+0000] {dag.py:4180} INFO - Setting next_dagrun for weather_scrape_and_load to 2026-07-10 21:00:00+00:00, run_after=2026-07-10 22:00:00+00:00
[2026-07-10T21:10:57.972+0000] {processor.py:208} INFO - Processing /opt/airflow/dags/weather_scrape_dag.py took 0.176 seconds
[2026-07-10T21:11:28.189+0000] {processor.py:186} INFO - Started process (PID=2344) to work on /opt/airflow/dags/weather_scrape_dag.py
[2026-07-10T21:11:28.191+0000] {processor.py:914} INFO - Processing file /opt/airflow/dags/weather_scrape_dag.py for tasks to queue
[2026-07-10T21:11:28.195+0000] {logging_mixin.py:190} INFO - [2026-07-10T21:11:28.194+0000] {dagbag.py:588} INFO - Filling up the DagBag from /opt/airflow/dags/weather_scrape_dag.py
[2026-07-10T21:11:28.220+0000] {processor.py:925} INFO - DAG(s) 'weather_scrape_and_load' retrieved from /opt/airflow/dags/weather_scrape_dag.py
[2026-07-10T21:11:28.277+0000] {logging_mixin.py:190} INFO - [2026-07-10T21:11:28.277+0000] {dag.py:3239} INFO - Sync 1 DAGs
[2026-07-10T21:11:28.327+0000] {logging_mixin.py:190} INFO - [2026-07-10T21:11:28.326+0000] {dag.py:4180} INFO - Setting next_dagrun for weather_scrape_and_load to 2026-07-10 21:00:00+00:00, run_after=2026-07-10 22:00:00+00:00
[2026-07-10T21:11:28.365+0000] {processor.py:208} INFO - Processing /opt/airflow/dags/weather_scrape_dag.py took 0.189 seconds
[2026-07-10T21:11:58.597+0000] {processor.py:186} INFO - Started process (PID=2349) to work on /opt/airflow/dags/weather_scrape_dag.py
[2026-07-10T21:11:58.598+0000] {processor.py:914} INFO - Processing file /opt/airflow/dags/weather_scrape_dag.py for tasks to queue
[2026-07-10T21:11:58.602+0000] {logging_mixin.py:190} INFO - [2026-07-10T21:11:58.601+0000] {dagbag.py:588} INFO - Filling up the DagBag from /opt/airflow/dags/weather_scrape_dag.py
[2026-07-10T21:11:58.623+0000] {processor.py:925} INFO - DAG(s) 'weather_scrape_and_load' retrieved from /opt/airflow/dags/weather_scrape_dag.py
[2026-07-10T21:11:58.673+0000] {logging_mixin.py:190} INFO - [2026-07-10T21:11:58.673+0000] {dag.py:3239} INFO - Sync 1 DAGs
[2026-07-10T21:11:58.720+0000] {logging_mixin.py:190} INFO - [2026-07-10T21:11:58.719+0000] {dag.py:4180} INFO - Setting next_dagrun for weather_scrape_and_load to 2026-07-10 21:00:00+00:00, run_after=2026-07-10 22:00:00+00:00
[2026-07-10T21:11:58.752+0000] {processor.py:208} INFO - Processing /opt/airflow/dags/weather_scrape_dag.py took 0.167 seconds
[2026-07-10T21:12:28.812+0000] {processor.py:186} INFO - Started process (PID=2354) to work on /opt/airflow/dags/weather_scrape_dag.py
[2026-07-10T21:12:28.813+0000] {processor.py:914} INFO - Processing file /opt/airflow/dags/weather_scrape_dag.py for tasks to queue
[2026-07-10T21:12:28.817+0000] {logging_mixin.py:190} INFO - [2026-07-10T21:12:28.816+0000] {dagbag.py:588} INFO - Filling up the DagBag from /opt/airflow/dags/weather_scrape_dag.py
[2026-07-10T21:12:28.838+0000] {processor.py:925} INFO - DAG(s) 'weather_scrape_and_load' retrieved from /opt/airflow/dags/weather_scrape_dag.py
[2026-07-10T21:12:28.886+0000] {logging_mixin.py:190} INFO - [2026-07-10T21:12:28.886+0000] {dag.py:3239} INFO - Sync 1 DAGs
[2026-07-10T21:12:28.934+0000] {logging_mixin.py:190} INFO - [2026-07-10T21:12:28.933+0000] {dag.py:4180} INFO - Setting next_dagrun for weather_scrape_and_load to 2026-07-10 21:00:00+00:00, run_after=2026-07-10 22:00:00+00:00
[2026-07-10T21:12:28.978+0000] {processor.py:208} INFO - Processing /opt/airflow/dags/weather_scrape_dag.py took 0.177 seconds
[2026-07-10T21:12:59.201+0000] {processor.py:186} INFO - Started process (PID=2359) to work on /opt/airflow/dags/weather_scrape_dag.py
[2026-07-10T21:12:59.210+0000] {processor.py:914} INFO - Processing file /opt/airflow/dags/weather_scrape_dag.py for tasks to queue
[2026-07-10T21:12:59.213+0000] {logging_mixin.py:190} INFO - [2026-07-10T21:12:59.213+0000] {dagbag.py:588} INFO - Filling up the DagBag from /opt/airflow/dags/weather_scrape_dag.py
[2026-07-10T21:12:59.234+0000] {processor.py:925} INFO - DAG(s) 'weather_scrape_and_load' retrieved from /opt/airflow/dags/weather_scrape_dag.py
[2026-07-10T21:12:59.281+0000] {logging_mixin.py:190} INFO - [2026-07-10T21:12:59.281+0000] {dag.py:3239} INFO - Sync 1 DAGs
[2026-07-10T21:12:59.330+0000] {logging_mixin.py:190} INFO - [2026-07-10T21:12:59.330+0000] {dag.py:4180} INFO - Setting next_dagrun for weather_scrape_and_load to 2026-07-10 21:00:00+00:00, run_after=2026-07-10 22:00:00+00:00
[2026-07-10T21:12:59.363+0000] {processor.py:208} INFO - Processing /opt/airflow/dags/weather_scrape_dag.py took 0.172 seconds
[2026-07-10T21:13:29.430+0000] {processor.py:186} INFO - Started process (PID=2364) to work on /opt/airflow/dags/weather_scrape_dag.py
[2026-07-10T21:13:29.431+0000] {processor.py:914} INFO - Processing file /opt/airflow/dags/weather_scrape_dag.py for tasks to queue
[2026-07-10T21:13:29.436+0000] {logging_mixin.py:190} INFO - [2026-07-10T21:13:29.435+0000] {dagbag.py:588} INFO - Filling up the DagBag from /opt/airflow/dags/weather_scrape_dag.py
[2026-07-10T21:13:29.458+0000] {processor.py:925} INFO - DAG(s) 'weather_scrape_and_load' retrieved from /opt/airflow/dags/weather_scrape_dag.py
[2026-07-10T21:13:29.506+0000] {logging_mixin.py:190} INFO - [2026-07-10T21:13:29.506+0000] {dag.py:3239} INFO - Sync 1 DAGs
[2026-07-10T21:13:29.553+0000] {logging_mixin.py:190} INFO - [2026-07-10T21:13:29.552+0000] {dag.py:4180} INFO - Setting next_dagrun for weather_scrape_and_load to 2026-07-10 21:00:00+00:00, run_after=2026-07-10 22:00:00+00:00
[2026-07-10T21:13:29.591+0000] {processor.py:208} INFO - Processing /opt/airflow/dags/weather_scrape_dag.py took 0.177 seconds
[2026-07-10T21:13:59.796+0000] {processor.py:186} INFO - Started process (PID=2369) to work on /opt/airflow/dags/weather_scrape_dag.py
[2026-07-10T21:13:59.805+0000] {processor.py:914} INFO - Processing file /opt/airflow/dags/weather_scrape_dag.py for tasks to queue
[2026-07-10T21:13:59.809+0000] {logging_mixin.py:190} INFO - [2026-07-10T21:13:59.809+0000] {dagbag.py:588} INFO - Filling up the DagBag from /opt/airflow/dags/weather_scrape_dag.py
[2026-07-10T21:13:59.830+0000] {processor.py:925} INFO - DAG(s) 'weather_scrape_and_load' retrieved from /opt/airflow/dags/weather_scrape_dag.py
[2026-07-10T21:13:59.878+0000] {logging_mixin.py:190} INFO - [2026-07-10T21:13:59.877+0000] {dag.py:3239} INFO - Sync 1 DAGs
[2026-07-10T21:13:59.924+0000] {logging_mixin.py:190} INFO - [2026-07-10T21:13:59.923+0000] {dag.py:4180} INFO - Setting next_dagrun for weather_scrape_and_load to 2026-07-10 21:00:00+00:00, run_after=2026-07-10 22:00:00+00:00
[2026-07-10T21:13:59.956+0000] {processor.py:208} INFO - Processing /opt/airflow/dags/weather_scrape_dag.py took 0.170 seconds
[2026-07-10T21:14:30.063+0000] {processor.py:186} INFO - Started process (PID=2374) to work on /opt/airflow/dags/weather_scrape_dag.py
[2026-07-10T21:14:30.065+0000] {processor.py:914} INFO - Processing file /opt/airflow/dags/weather_scrape_dag.py for tasks to queue
[2026-07-10T21:14:30.071+0000] {logging_mixin.py:190} INFO - [2026-07-10T21:14:30.071+0000] {dagbag.py:588} INFO - Filling up the DagBag from /opt/airflow/dags/weather_scrape_dag.py
[2026-07-10T21:14:30.117+0000] {processor.py:925} INFO - DAG(s) 'weather_scrape_and_load' retrieved from /opt/airflow/dags/weather_scrape_dag.py
[2026-07-10T21:14:30.214+0000] {logging_mixin.py:190} INFO - [2026-07-10T21:14:30.213+0000] {dag.py:3239} INFO - Sync 1 DAGs
[2026-07-10T21:14:30.267+0000] {logging_mixin.py:190} INFO - [2026-07-10T21:14:30.266+0000] {dag.py:4180} INFO - Setting next_dagrun for weather_scrape_and_load to 2026-07-10 21:00:00+00:00, run_after=2026-07-10 22:00:00+00:00
[2026-07-10T21:14:30.304+0000] {processor.py:208} INFO - Processing /opt/airflow/dags/weather_scrape_dag.py took 0.257 seconds
[2026-07-10T21:15:00.394+0000] {processor.py:186} INFO - Started process (PID=2379) to work on /opt/airflow/dags/weather_scrape_dag.py
[2026-07-10T21:15:00.403+0000] {processor.py:914} INFO - Processing file /opt/airflow/dags/weather_scrape_dag.py for tasks to queue
[2026-07-10T21:15:00.406+0000] {logging_mixin.py:190} INFO - [2026-07-10T21:15:00.406+0000] {dagbag.py:588} INFO - Filling up the DagBag from /opt/airflow/dags/weather_scrape_dag.py
[2026-07-10T21:15:00.427+0000] {processor.py:925} INFO - DAG(s) 'weather_scrape_and_load' retrieved from /opt/airflow/dags/weather_scrape_dag.py
[2026-07-10T21:15:00.475+0000] {logging_mixin.py:190} INFO - [2026-07-10T21:15:00.475+0000] {dag.py:3239} INFO - Sync 1 DAGs
[2026-07-10T21:15:00.523+0000] {logging_mixin.py:190} INFO - [2026-07-10T21:15:00.523+0000] {dag.py:4180} INFO - Setting next_dagrun for weather_scrape_and_load to 2026-07-10 21:00:00+00:00, run_after=2026-07-10 22:00:00+00:00
[2026-07-10T21:15:00.563+0000] {processor.py:208} INFO - Processing /opt/airflow/dags/weather_scrape_dag.py took 0.181 seconds
[2026-07-10T21:15:30.741+0000] {processor.py:186} INFO - Started process (PID=2384) to work on /opt/airflow/dags/weather_scrape_dag.py
[2026-07-10T21:15:30.742+0000] {processor.py:914} INFO - Processing file /opt/airflow/dags/weather_scrape_dag.py for tasks to queue
[2026-07-10T21:15:30.745+0000] {logging_mixin.py:190} INFO - [2026-07-10T21:15:30.745+0000] {dagbag.py:588} INFO - Filling up the DagBag from /opt/airflow/dags/weather_scrape_dag.py
[2026-07-10T21:15:30.769+0000] {processor.py:925} INFO - DAG(s) 'weather_scrape_and_load' retrieved from /opt/airflow/dags/weather_scrape_dag.py
[2026-07-10T21:15:30.817+0000] {logging_mixin.py:190} INFO - [2026-07-10T21:15:30.816+0000] {dag.py:3239} INFO - Sync 1 DAGs
[2026-07-10T21:15:30.864+0000] {logging_mixin.py:190} INFO - [2026-07-10T21:15:30.863+0000] {dag.py:4180} INFO - Setting next_dagrun for weather_scrape_and_load to 2026-07-10 21:00:00+00:00, run_after=2026-07-10 22:00:00+00:00
[2026-07-10T21:15:30.909+0000] {processor.py:208} INFO - Processing /opt/airflow/dags/weather_scrape_dag.py took 0.180 seconds
[2026-07-10T21:16:00.996+0000] {processor.py:186} INFO - Started process (PID=2389) to work on /opt/airflow/dags/weather_scrape_dag.py
[2026-07-10T21:16:01.005+0000] {processor.py:914} INFO - Processing file /opt/airflow/dags/weather_scrape_dag.py for tasks to queue
[2026-07-10T21:16:01.010+0000] {logging_mixin.py:190} INFO - [2026-07-10T21:16:01.009+0000] {dagbag.py:588} INFO - Filling up the DagBag from /opt/airflow/dags/weather_scrape_dag.py
[2026-07-10T21:16:01.036+0000] {processor.py:925} INFO - DAG(s) 'weather_scrape_and_load' retrieved from /opt/airflow/dags/weather_scrape_dag.py
[2026-07-10T21:16:01.094+0000] {logging_mixin.py:190} INFO - [2026-07-10T21:16:01.094+0000] {dag.py:3239} INFO - Sync 1 DAGs
[2026-07-10T21:16:01.152+0000] {logging_mixin.py:190} INFO - [2026-07-10T21:16:01.151+0000] {dag.py:4180} INFO - Setting next_dagrun for weather_scrape_and_load to 2026-07-10 21:00:00+00:00, run_after=2026-07-10 22:00:00+00:00
[2026-07-10T21:16:01.196+0000] {processor.py:208} INFO - Processing /opt/airflow/dags/weather_scrape_dag.py took 0.214 seconds
[2026-07-10T21:16:31.350+0000] {processor.py:186} INFO - Started process (PID=2394) to work on /opt/airflow/dags/weather_scrape_dag.py
[2026-07-10T21:16:31.351+0000] {processor.py:914} INFO - Processing file /opt/airflow/dags/weather_scrape_dag.py for tasks to queue
[2026-07-10T21:16:31.355+0000] {logging_mixin.py:190} INFO - [2026-07-10T21:16:31.354+0000] {dagbag.py:588} INFO - Filling up the DagBag from /opt/airflow/dags/weather_scrape_dag.py
[2026-07-10T21:16:31.376+0000] {processor.py:925} INFO - DAG(s) 'weather_scrape_and_load' retrieved from /opt/airflow/dags/weather_scrape_dag.py
[2026-07-10T21:16:31.424+0000] {logging_mixin.py:190} INFO - [2026-07-10T21:16:31.424+0000] {dag.py:3239} INFO - Sync 1 DAGs
[2026-07-10T21:16:31.470+0000] {logging_mixin.py:190} INFO - [2026-07-10T21:16:31.470+0000] {dag.py:4180} INFO - Setting next_dagrun for weather_scrape_and_load to 2026-07-10 21:00:00+00:00, run_after=2026-07-10 22:00:00+00:00
[2026-07-10T21:16:31.511+0000] {processor.py:208} INFO - Processing /opt/airflow/dags/weather_scrape_dag.py took 0.171 seconds
[2026-07-10T21:17:01.629+0000] {processor.py:186} INFO - Started process (PID=2399) to work on /opt/airflow/dags/weather_scrape_dag.py
[2026-07-10T21:17:01.630+0000] {processor.py:914} INFO - Processing file /opt/airflow/dags/weather_scrape_dag.py for tasks to queue
[2026-07-10T21:17:01.634+0000] {logging_mixin.py:190} INFO - [2026-07-10T21:17:01.633+0000] {dagbag.py:588} INFO - Filling up the DagBag from /opt/airflow/dags/weather_scrape_dag.py
[2026-07-10T21:17:01.654+0000] {processor.py:925} INFO - DAG(s) 'weather_scrape_and_load' retrieved from /opt/airflow/dags/weather_scrape_dag.py
[2026-07-10T21:17:01.704+0000] {logging_mixin.py:190} INFO - [2026-07-10T21:17:01.703+0000] {dag.py:3239} INFO - Sync 1 DAGs
[2026-07-10T21:17:01.752+0000] {logging_mixin.py:190} INFO - [2026-07-10T21:17:01.752+0000] {dag.py:4180} INFO - Setting next_dagrun for weather_scrape_and_load to 2026-07-10 21:00:00+00:00, run_after=2026-07-10 22:00:00+00:00
[2026-07-10T21:17:01.794+0000] {processor.py:208} INFO - Processing /opt/airflow/dags/weather_scrape_dag.py took 0.176 seconds
[2026-07-10T21:17:31.948+0000] {processor.py:186} INFO - Started process (PID=2404) to work on /opt/airflow/dags/weather_scrape_dag.py
[2026-07-10T21:17:31.950+0000] {processor.py:914} INFO - Processing file /opt/airflow/dags/weather_scrape_dag.py for tasks to queue
[2026-07-10T21:17:31.954+0000] {logging_mixin.py:190} INFO - [2026-07-10T21:17:31.953+0000] {dagbag.py:588} INFO - Filling up the DagBag from /opt/airflow/dags/weather_scrape_dag.py
[2026-07-10T21:17:31.976+0000] {processor.py:925} INFO - DAG(s) 'weather_scrape_and_load' retrieved from /opt/airflow/dags/weather_scrape_dag.py
[2026-07-10T21:17:32.025+0000] {logging_mixin.py:190} INFO - [2026-07-10T21:17:32.025+0000] {dag.py:3239} INFO - Sync 1 DAGs
[2026-07-10T21:17:32.071+0000] {logging_mixin.py:190} INFO - [2026-07-10T21:17:32.070+0000] {dag.py:4180} INFO - Setting next_dagrun for weather_scrape_and_load to 2026-07-10 21:00:00+00:00, run_after=2026-07-10 22:00:00+00:00
[2026-07-10T21:17:32.105+0000] {processor.py:208} INFO - Processing /opt/airflow/dags/weather_scrape_dag.py took 0.169 seconds
[2026-07-10T21:18:02.219+0000] {processor.py:186} INFO - Started process (PID=2409) to work on /opt/airflow/dags/weather_scrape_dag.py
[2026-07-10T21:18:02.220+0000] {processor.py:914} INFO - Processing file /opt/airflow/dags/weather_scrape_dag.py for tasks to queue
[2026-07-10T21:18:02.225+0000] {logging_mixin.py:190} INFO - [2026-07-10T21:18:02.224+0000] {dagbag.py:588} INFO - Filling up the DagBag from /opt/airflow/dags/weather_scrape_dag.py
[2026-07-10T21:18:02.245+0000] {processor.py:925} INFO - DAG(s) 'weather_scrape_and_load' retrieved from /opt/airflow/dags/weather_scrape_dag.py
[2026-07-10T21:18:02.295+0000] {logging_mixin.py:190} INFO - [2026-07-10T21:18:02.294+0000] {dag.py:3239} INFO - Sync 1 DAGs
[2026-07-10T21:18:02.341+0000] {logging_mixin.py:190} INFO - [2026-07-10T21:18:02.341+0000] {dag.py:4180} INFO - Setting next_dagrun for weather_scrape_and_load to 2026-07-10 21:00:00+00:00, run_after=2026-07-10 22:00:00+00:00
[2026-07-10T21:18:02.371+0000] {processor.py:208} INFO - Processing /opt/airflow/dags/weather_scrape_dag.py took 0.163 seconds
[2026-07-10T21:18:32.534+0000] {processor.py:186} INFO - Started process (PID=2414) to work on /opt/airflow/dags/weather_scrape_dag.py
[2026-07-10T21:18:32.539+0000] {processor.py:914} INFO - Processing file /opt/airflow/dags/weather_scrape_dag.py for tasks to queue
[2026-07-10T21:18:32.543+0000] {logging_mixin.py:190} INFO - [2026-07-10T21:18:32.543+0000] {dagbag.py:588} INFO - Filling up the DagBag from /opt/airflow/dags/weather_scrape_dag.py
[2026-07-10T21:18:32.564+0000] {processor.py:925} INFO - DAG(s) 'weather_scrape_and_load' retrieved from /opt/airflow/dags/weather_scrape_dag.py
[2026-07-10T21:18:32.614+0000] {logging_mixin.py:190} INFO - [2026-07-10T21:18:32.613+0000] {dag.py:3239} INFO - Sync 1 DAGs
[2026-07-10T21:18:32.661+0000] {logging_mixin.py:190} INFO - [2026-07-10T21:18:32.660+0000] {dag.py:4180} INFO - Setting next_dagrun for weather_scrape_and_load to 2026-07-10 21:00:00+00:00, run_after=2026-07-10 22:00:00+00:00
[2026-07-10T21:18:32.702+0000] {processor.py:208} INFO - Processing /opt/airflow/dags/weather_scrape_dag.py took 0.178 seconds
[2026-07-10T21:19:02.811+0000] {processor.py:186} INFO - Started process (PID=2419) to work on /opt/airflow/dags/weather_scrape_dag.py
[2026-07-10T21:19:02.813+0000] {processor.py:914} INFO - Processing file /opt/airflow/dags/weather_scrape_dag.py for tasks to queue
[2026-07-10T21:19:02.817+0000] {logging_mixin.py:190} INFO - [2026-07-10T21:19:02.816+0000] {dagbag.py:588} INFO - Filling up the DagBag from /opt/airflow/dags/weather_scrape_dag.py
[2026-07-10T21:19:02.838+0000] {processor.py:925} INFO - DAG(s) 'weather_scrape_and_load' retrieved from /opt/airflow/dags/weather_scrape_dag.py
[2026-07-10T21:19:02.887+0000] {logging_mixin.py:190} INFO - [2026-07-10T21:19:02.887+0000] {dag.py:3239} INFO - Sync 1 DAGs
[2026-07-10T21:19:02.934+0000] {logging_mixin.py:190} INFO - [2026-07-10T21:19:02.933+0000] {dag.py:4180} INFO - Setting next_dagrun for weather_scrape_and_load to 2026-07-10 21:00:00+00:00, run_after=2026-07-10 22:00:00+00:00
[2026-07-10T21:19:02.964+0000] {processor.py:208} INFO - Processing /opt/airflow/dags/weather_scrape_dag.py took 0.164 seconds
[2026-07-10T21:19:33.160+0000] {processor.py:186} INFO - Started process (PID=2424) to work on /opt/airflow/dags/weather_scrape_dag.py
[2026-07-10T21:19:33.169+0000] {processor.py:914} INFO - Processing file /opt/airflow/dags/weather_scrape_dag.py for tasks to queue
[2026-07-10T21:19:33.172+0000] {logging_mixin.py:190} INFO - [2026-07-10T21:19:33.171+0000] {dagbag.py:588} INFO - Filling up the DagBag from /opt/airflow/dags/weather_scrape_dag.py
[2026-07-10T21:19:33.192+0000] {processor.py:925} INFO - DAG(s) 'weather_scrape_and_load' retrieved from /opt/airflow/dags/weather_scrape_dag.py
[2026-07-10T21:19:33.241+0000] {logging_mixin.py:190} INFO - [2026-07-10T21:19:33.240+0000] {dag.py:3239} INFO - Sync 1 DAGs
[2026-07-10T21:19:33.286+0000] {logging_mixin.py:190} INFO - [2026-07-10T21:19:33.286+0000] {dag.py:4180} INFO - Setting next_dagrun for weather_scrape_and_load to 2026-07-10 21:00:00+00:00, run_after=2026-07-10 22:00:00+00:00
[2026-07-10T21:19:33.318+0000] {processor.py:208} INFO - Processing /opt/airflow/dags/weather_scrape_dag.py took 0.170 seconds
[2026-07-10T21:20:03.392+0000] {processor.py:186} INFO - Started process (PID=2429) to work on /opt/airflow/dags/weather_scrape_dag.py
[2026-07-10T21:20:03.394+0000] {processor.py:914} INFO - Processing file /opt/airflow/dags/weather_scrape_dag.py for tasks to queue
[2026-07-10T21:20:03.397+0000] {logging_mixin.py:190} INFO - [2026-07-10T21:20:03.397+0000] {dagbag.py:588} INFO - Filling up the DagBag from /opt/airflow/dags/weather_scrape_dag.py
[2026-07-10T21:20:03.419+0000] {processor.py:925} INFO - DAG(s) 'weather_scrape_and_load' retrieved from /opt/airflow/dags/weather_scrape_dag.py
[2026-07-10T21:20:03.467+0000] {logging_mixin.py:190} INFO - [2026-07-10T21:20:03.467+0000] {dag.py:3239} INFO - Sync 1 DAGs
[2026-07-10T21:20:03.514+0000] {logging_mixin.py:190} INFO - [2026-07-10T21:20:03.513+0000] {dag.py:4180} INFO - Setting next_dagrun for weather_scrape_and_load to 2026-07-10 21:00:00+00:00, run_after=2026-07-10 22:00:00+00:00
[2026-07-10T21:20:03.555+0000] {processor.py:208} INFO - Processing /opt/airflow/dags/weather_scrape_dag.py took 0.174 seconds
[2026-07-10T21:20:33.763+0000] {processor.py:186} INFO - Started process (PID=2434) to work on /opt/airflow/dags/weather_scrape_dag.py
[2026-07-10T21:20:33.772+0000] {processor.py:914} INFO - Processing file /opt/airflow/dags/weather_scrape_dag.py for tasks to queue
[2026-07-10T21:20:33.776+0000] {logging_mixin.py:190} INFO - [2026-07-10T21:20:33.775+0000] {dagbag.py:588} INFO - Filling up the DagBag from /opt/airflow/dags/weather_scrape_dag.py
[2026-07-10T21:20:33.797+0000] {processor.py:925} INFO - DAG(s) 'weather_scrape_and_load' retrieved from /opt/airflow/dags/weather_scrape_dag.py
[2026-07-10T21:20:33.848+0000] {logging_mixin.py:190} INFO - [2026-07-10T21:20:33.848+0000] {dag.py:3239} INFO - Sync 1 DAGs
[2026-07-10T21:20:33.898+0000] {logging_mixin.py:190} INFO - [2026-07-10T21:20:33.898+0000] {dag.py:4180} INFO - Setting next_dagrun for weather_scrape_and_load to 2026-07-10 21:00:00+00:00, run_after=2026-07-10 22:00:00+00:00
[2026-07-10T21:20:33.940+0000] {processor.py:208} INFO - Processing /opt/airflow/dags/weather_scrape_dag.py took 0.188 seconds
[2026-07-10T21:21:04.171+0000] {processor.py:186} INFO - Started process (PID=2439) to work on /opt/airflow/dags/weather_scrape_dag.py
[2026-07-10T21:21:04.172+0000] {processor.py:914} INFO - Processing file /opt/airflow/dags/weather_scrape_dag.py for tasks to queue
[2026-07-10T21:21:04.177+0000] {logging_mixin.py:190} INFO - [2026-07-10T21:21:04.177+0000] {dagbag.py:588} INFO - Filling up the DagBag from /opt/airflow/dags/weather_scrape_dag.py
[2026-07-10T21:21:04.208+0000] {processor.py:925} INFO - DAG(s) 'weather_scrape_and_load' retrieved from /opt/airflow/dags/weather_scrape_dag.py
[2026-07-10T21:21:04.279+0000] {logging_mixin.py:190} INFO - [2026-07-10T21:21:04.279+0000] {dag.py:3239} INFO - Sync 1 DAGs
[2026-07-10T21:21:04.350+0000] {logging_mixin.py:190} INFO - [2026-07-10T21:21:04.349+0000] {dag.py:4180} INFO - Setting next_dagrun for weather_scrape_and_load to 2026-07-10 21:00:00+00:00, run_after=2026-07-10 22:00:00+00:00
[2026-07-10T21:21:04.387+0000] {processor.py:208} INFO - Processing /opt/airflow/dags/weather_scrape_dag.py took 0.229 seconds
[2026-07-10T21:21:34.619+0000] {processor.py:186} INFO - Started process (PID=2444) to work on /opt/airflow/dags/weather_scrape_dag.py
[2026-07-10T21:21:34.622+0000] {processor.py:914} INFO - Processing file /opt/airflow/dags/weather_scrape_dag.py for tasks to queue
[2026-07-10T21:21:34.625+0000] {logging_mixin.py:190} INFO - [2026-07-10T21:21:34.625+0000] {dagbag.py:588} INFO - Filling up the DagBag from /opt/airflow/dags/weather_scrape_dag.py
[2026-07-10T21:21:34.647+0000] {processor.py:925} INFO - DAG(s) 'weather_scrape_and_load' retrieved from /opt/airflow/dags/weather_scrape_dag.py
[2026-07-10T21:21:34.696+0000] {logging_mixin.py:190} INFO - [2026-07-10T21:21:34.696+0000] {dag.py:3239} INFO - Sync 1 DAGs
[2026-07-10T21:21:34.745+0000] {logging_mixin.py:190} INFO - [2026-07-10T21:21:34.744+0000] {dag.py:4180} INFO - Setting next_dagrun for weather_scrape_and_load to 2026-07-10 21:00:00+00:00, run_after=2026-07-10 22:00:00+00:00
[2026-07-10T21:21:34.789+0000] {processor.py:208} INFO - Processing /opt/airflow/dags/weather_scrape_dag.py took 0.181 seconds
[2026-07-10T21:22:05.029+0000] {processor.py:186} INFO - Started process (PID=2449) to work on /opt/airflow/dags/weather_scrape_dag.py
[2026-07-10T21:22:05.031+0000] {processor.py:914} INFO - Processing file /opt/airflow/dags/weather_scrape_dag.py for tasks to queue
[2026-07-10T21:22:05.035+0000] {logging_mixin.py:190} INFO - [2026-07-10T21:22:05.034+0000] {dagbag.py:588} INFO - Filling up the DagBag from /opt/airflow/dags/weather_scrape_dag.py
[2026-07-10T21:22:05.056+0000] {processor.py:925} INFO - DAG(s) 'weather_scrape_and_load' retrieved from /opt/airflow/dags/weather_scrape_dag.py
[2026-07-10T21:22:05.105+0000] {logging_mixin.py:190} INFO - [2026-07-10T21:22:05.105+0000] {dag.py:3239} INFO - Sync 1 DAGs
[2026-07-10T21:22:05.153+0000] {logging_mixin.py:190} INFO - [2026-07-10T21:22:05.153+0000] {dag.py:4180} INFO - Setting next_dagrun for weather_scrape_and_load to 2026-07-10 21:00:00+00:00, run_after=2026-07-10 22:00:00+00:00
[2026-07-10T21:22:05.193+0000] {processor.py:208} INFO - Processing /opt/airflow/dags/weather_scrape_dag.py took 0.176 seconds
[2026-07-10T21:22:35.425+0000] {processor.py:186} INFO - Started process (PID=2454) to work on /opt/airflow/dags/weather_scrape_dag.py
[2026-07-10T21:22:35.434+0000] {processor.py:914} INFO - Processing file /opt/airflow/dags/weather_scrape_dag.py for tasks to queue
[2026-07-10T21:22:35.438+0000] {logging_mixin.py:190} INFO - [2026-07-10T21:22:35.438+0000] {dagbag.py:588} INFO - Filling up the DagBag from /opt/airflow/dags/weather_scrape_dag.py
[2026-07-10T21:22:35.461+0000] {processor.py:925} INFO - DAG(s) 'weather_scrape_and_load' retrieved from /opt/airflow/dags/weather_scrape_dag.py
[2026-07-10T21:22:35.509+0000] {logging_mixin.py:190} INFO - [2026-07-10T21:22:35.509+0000] {dag.py:3239} INFO - Sync 1 DAGs
[2026-07-10T21:22:35.555+0000] {logging_mixin.py:190} INFO - [2026-07-10T21:22:35.554+0000] {dag.py:4180} INFO - Setting next_dagrun for weather_scrape_and_load to 2026-07-10 21:00:00+00:00, run_after=2026-07-10 22:00:00+00:00
[2026-07-10T21:22:35.595+0000] {processor.py:208} INFO - Processing /opt/airflow/dags/weather_scrape_dag.py took 0.180 seconds
[2026-07-10T21:23:05.816+0000] {processor.py:186} INFO - Started process (PID=2459) to work on /opt/airflow/dags/weather_scrape_dag.py
[2026-07-10T21:23:05.817+0000] {processor.py:914} INFO - Processing file /opt/airflow/dags/weather_scrape_dag.py for tasks to queue
[2026-07-10T21:23:05.821+0000] {logging_mixin.py:190} INFO - [2026-07-10T21:23:05.821+0000] {dagbag.py:588} INFO - Filling up the DagBag from /opt/airflow/dags/weather_scrape_dag.py
[2026-07-10T21:23:05.842+0000] {processor.py:925} INFO - DAG(s) 'weather_scrape_and_load' retrieved from /opt/airflow/dags/weather_scrape_dag.py
[2026-07-10T21:23:05.894+0000] {logging_mixin.py:190} INFO - [2026-07-10T21:23:05.893+0000] {dag.py:3239} INFO - Sync 1 DAGs
[2026-07-10T21:23:05.941+0000] {logging_mixin.py:190} INFO - [2026-07-10T21:23:05.940+0000] {dag.py:4180} INFO - Setting next_dagrun for weather_scrape_and_load to 2026-07-10 21:00:00+00:00, run_after=2026-07-10 22:00:00+00:00
[2026-07-10T21:23:05.980+0000] {processor.py:208} INFO - Processing /opt/airflow/dags/weather_scrape_dag.py took 0.175 seconds
[2026-07-10T21:23:36.218+0000] {processor.py:186} INFO - Started process (PID=2464) to work on /opt/airflow/dags/weather_scrape_dag.py
[2026-07-10T21:23:36.228+0000] {processor.py:914} INFO - Processing file /opt/airflow/dags/weather_scrape_dag.py for tasks to queue
[2026-07-10T21:23:36.232+0000] {logging_mixin.py:190} INFO - [2026-07-10T21:23:36.231+0000] {dagbag.py:588} INFO - Filling up the DagBag from /opt/airflow/dags/weather_scrape_dag.py
[2026-07-10T21:23:36.253+0000] {processor.py:925} INFO - DAG(s) 'weather_scrape_and_load' retrieved from /opt/airflow/dags/weather_scrape_dag.py
[2026-07-10T21:23:36.300+0000] {logging_mixin.py:190} INFO - [2026-07-10T21:23:36.300+0000] {dag.py:3239} INFO - Sync 1 DAGs
[2026-07-10T21:23:36.345+0000] {logging_mixin.py:190} INFO - [2026-07-10T21:23:36.345+0000] {dag.py:4180} INFO - Setting next_dagrun for weather_scrape_and_load to 2026-07-10 21:00:00+00:00, run_after=2026-07-10 22:00:00+00:00
[2026-07-10T21:23:36.386+0000] {processor.py:208} INFO - Processing /opt/airflow/dags/weather_scrape_dag.py took 0.184 seconds
[2026-07-10T21:24:06.623+0000] {processor.py:186} INFO - Started process (PID=2469) to work on /opt/airflow/dags/weather_scrape_dag.py
[2026-07-10T21:24:06.633+0000] {processor.py:914} INFO - Processing file /opt/airflow/dags/weather_scrape_dag.py for tasks to queue
[2026-07-10T21:24:06.636+0000] {logging_mixin.py:190} INFO - [2026-07-10T21:24:06.636+0000] {dagbag.py:588} INFO - Filling up the DagBag from /opt/airflow/dags/weather_scrape_dag.py
[2026-07-10T21:24:06.658+0000] {processor.py:925} INFO - DAG(s) 'weather_scrape_and_load' retrieved from /opt/airflow/dags/weather_scrape_dag.py
[2026-07-10T21:24:06.706+0000] {logging_mixin.py:190} INFO - [2026-07-10T21:24:06.706+0000] {dag.py:3239} INFO - Sync 1 DAGs
[2026-07-10T21:24:06.756+0000] {logging_mixin.py:190} INFO - [2026-07-10T21:24:06.755+0000] {dag.py:4180} INFO - Setting next_dagrun for weather_scrape_and_load to 2026-07-10 21:00:00+00:00, run_after=2026-07-10 22:00:00+00:00
[2026-07-10T21:24:06.802+0000] {processor.py:208} INFO - Processing /opt/airflow/dags/weather_scrape_dag.py took 0.191 seconds
[2026-07-10T21:24:37.040+0000] {processor.py:186} INFO - Started process (PID=2474) to work on /opt/airflow/dags/weather_scrape_dag.py
[2026-07-10T21:24:37.041+0000] {processor.py:914} INFO - Processing file /opt/airflow/dags/weather_scrape_dag.py for tasks to queue
[2026-07-10T21:24:37.045+0000] {logging_mixin.py:190} INFO - [2026-07-10T21:24:37.044+0000] {dagbag.py:588} INFO - Filling up the DagBag from /opt/airflow/dags/weather_scrape_dag.py
[2026-07-10T21:24:37.066+0000] {processor.py:925} INFO - DAG(s) 'weather_scrape_and_load' retrieved from /opt/airflow/dags/weather_scrape_dag.py
[2026-07-10T21:24:37.117+0000] {logging_mixin.py:190} INFO - [2026-07-10T21:24:37.116+0000] {dag.py:3239} INFO - Sync 1 DAGs
[2026-07-10T21:24:37.166+0000] {logging_mixin.py:190} INFO - [2026-07-10T21:24:37.166+0000] {dag.py:4180} INFO - Setting next_dagrun for weather_scrape_and_load to 2026-07-10 21:00:00+00:00, run_after=2026-07-10 22:00:00+00:00
[2026-07-10T21:24:37.206+0000] {processor.py:208} INFO - Processing /opt/airflow/dags/weather_scrape_dag.py took 0.177 seconds
[2026-07-10T21:25:07.437+0000] {processor.py:186} INFO - Started process (PID=2479) to work on /opt/airflow/dags/weather_scrape_dag.py
[2026-07-10T21:25:07.438+0000] {processor.py:914} INFO - Processing file /opt/airflow/dags/weather_scrape_dag.py for tasks to queue
[2026-07-10T21:25:07.442+0000] {logging_mixin.py:190} INFO - [2026-07-10T21:25:07.441+0000] {dagbag.py:588} INFO - Filling up the DagBag from /opt/airflow/dags/weather_scrape_dag.py
[2026-07-10T21:25:07.463+0000] {processor.py:925} INFO - DAG(s) 'weather_scrape_and_load' retrieved from /opt/airflow/dags/weather_scrape_dag.py
[2026-07-10T21:25:07.513+0000] {logging_mixin.py:190} INFO - [2026-07-10T21:25:07.512+0000] {dag.py:3239} INFO - Sync 1 DAGs
[2026-07-10T21:25:07.564+0000] {logging_mixin.py:190} INFO - [2026-07-10T21:25:07.563+0000] {dag.py:4180} INFO - Setting next_dagrun for weather_scrape_and_load to 2026-07-10 21:00:00+00:00, run_after=2026-07-10 22:00:00+00:00
[2026-07-10T21:25:07.607+0000] {processor.py:208} INFO - Processing /opt/airflow/dags/weather_scrape_dag.py took 0.181 seconds
[2026-07-10T21:25:37.838+0000] {processor.py:186} INFO - Started process (PID=2484) to work on /opt/airflow/dags/weather_scrape_dag.py
[2026-07-10T21:25:37.847+0000] {processor.py:914} INFO - Processing file /opt/airflow/dags/weather_scrape_dag.py for tasks to queue
[2026-07-10T21:25:37.850+0000] {logging_mixin.py:190} INFO - [2026-07-10T21:25:37.850+0000] {dagbag.py:588} INFO - Filling up the DagBag from /opt/airflow/dags/weather_scrape_dag.py
[2026-07-10T21:25:37.872+0000] {processor.py:925} INFO - DAG(s) 'weather_scrape_and_load' retrieved from /opt/airflow/dags/weather_scrape_dag.py
[2026-07-10T21:25:37.926+0000] {logging_mixin.py:190} INFO - [2026-07-10T21:25:37.925+0000] {dag.py:3239} INFO - Sync 1 DAGs
[2026-07-10T21:25:37.972+0000] {logging_mixin.py:190} INFO - [2026-07-10T21:25:37.972+0000] {dag.py:4180} INFO - Setting next_dagrun for weather_scrape_and_load to 2026-07-10 21:00:00+00:00, run_after=2026-07-10 22:00:00+00:00
[2026-07-10T21:25:38.004+0000] {processor.py:208} INFO - Processing /opt/airflow/dags/weather_scrape_dag.py took 0.177 seconds
[2026-07-10T21:26:08.245+0000] {processor.py:186} INFO - Started process (PID=2489) to work on /opt/airflow/dags/weather_scrape_dag.py
[2026-07-10T21:26:08.247+0000] {processor.py:914} INFO - Processing file /opt/airflow/dags/weather_scrape_dag.py for tasks to queue
[2026-07-10T21:26:08.252+0000] {logging_mixin.py:190} INFO - [2026-07-10T21:26:08.251+0000] {dagbag.py:588} INFO - Filling up the DagBag from /opt/airflow/dags/weather_scrape_dag.py
[2026-07-10T21:26:08.276+0000] {processor.py:925} INFO - DAG(s) 'weather_scrape_and_load' retrieved from /opt/airflow/dags/weather_scrape_dag.py
[2026-07-10T21:26:08.336+0000] {logging_mixin.py:190} INFO - [2026-07-10T21:26:08.335+0000] {dag.py:3239} INFO - Sync 1 DAGs
[2026-07-10T21:26:08.391+0000] {logging_mixin.py:190} INFO - [2026-07-10T21:26:08.391+0000] {dag.py:4180} INFO - Setting next_dagrun for weather_scrape_and_load to 2026-07-10 21:00:00+00:00, run_after=2026-07-10 22:00:00+00:00
[2026-07-10T21:26:08.432+0000] {processor.py:208} INFO - Processing /opt/airflow/dags/weather_scrape_dag.py took 0.201 seconds
[2026-07-10T21:26:38.668+0000] {processor.py:186} INFO - Started process (PID=2494) to work on /opt/airflow/dags/weather_scrape_dag.py
[2026-07-10T21:26:38.677+0000] {processor.py:914} INFO - Processing file /opt/airflow/dags/weather_scrape_dag.py for tasks to queue
[2026-07-10T21:26:38.681+0000] {logging_mixin.py:190} INFO - [2026-07-10T21:26:38.681+0000] {dagbag.py:588} INFO - Filling up the DagBag from /opt/airflow/dags/weather_scrape_dag.py
[2026-07-10T21:26:38.703+0000] {processor.py:925} INFO - DAG(s) 'weather_scrape_and_load' retrieved from /opt/airflow/dags/weather_scrape_dag.py
[2026-07-10T21:26:38.751+0000] {logging_mixin.py:190} INFO - [2026-07-10T21:26:38.751+0000] {dag.py:3239} INFO - Sync 1 DAGs
[2026-07-10T21:26:38.799+0000] {logging_mixin.py:190} INFO - [2026-07-10T21:26:38.798+0000] {dag.py:4180} INFO - Setting next_dagrun for weather_scrape_and_load to 2026-07-10 21:00:00+00:00, run_after=2026-07-10 22:00:00+00:00
[2026-07-10T21:26:38.840+0000] {processor.py:208} INFO - Processing /opt/airflow/dags/weather_scrape_dag.py took 0.184 seconds
[2026-07-10T21:27:09.079+0000] {processor.py:186} INFO - Started process (PID=2499) to work on /opt/airflow/dags/weather_scrape_dag.py
[2026-07-10T21:27:09.080+0000] {processor.py:914} INFO - Processing file /opt/airflow/dags/weather_scrape_dag.py for tasks to queue
[2026-07-10T21:27:09.084+0000] {logging_mixin.py:190} INFO - [2026-07-10T21:27:09.084+0000] {dagbag.py:588} INFO - Filling up the DagBag from /opt/airflow/dags/weather_scrape_dag.py
[2026-07-10T21:27:09.106+0000] {processor.py:925} INFO - DAG(s) 'weather_scrape_and_load' retrieved from /opt/airflow/dags/weather_scrape_dag.py
[2026-07-10T21:27:09.155+0000] {logging_mixin.py:190} INFO - [2026-07-10T21:27:09.154+0000] {dag.py:3239} INFO - Sync 1 DAGs
[2026-07-10T21:27:09.203+0000] {logging_mixin.py:190} INFO - [2026-07-10T21:27:09.203+0000] {dag.py:4180} INFO - Setting next_dagrun for weather_scrape_and_load to 2026-07-10 21:00:00+00:00, run_after=2026-07-10 22:00:00+00:00
[2026-07-10T21:27:09.246+0000] {processor.py:208} INFO - Processing /opt/airflow/dags/weather_scrape_dag.py took 0.178 seconds
[2026-07-10T21:27:39.494+0000] {processor.py:186} INFO - Started process (PID=2504) to work on /opt/airflow/dags/weather_scrape_dag.py
[2026-07-10T21:27:39.503+0000] {processor.py:914} INFO - Processing file /opt/airflow/dags/weather_scrape_dag.py for tasks to queue
[2026-07-10T21:27:39.506+0000] {logging_mixin.py:190} INFO - [2026-07-10T21:27:39.506+0000] {dagbag.py:588} INFO - Filling up the DagBag from /opt/airflow/dags/weather_scrape_dag.py
[2026-07-10T21:27:39.528+0000] {processor.py:925} INFO - DAG(s) 'weather_scrape_and_load' retrieved from /opt/airflow/dags/weather_scrape_dag.py
[2026-07-10T21:27:39.576+0000] {logging_mixin.py:190} INFO - [2026-07-10T21:27:39.576+0000] {dag.py:3239} INFO - Sync 1 DAGs
[2026-07-10T21:27:39.624+0000] {logging_mixin.py:190} INFO - [2026-07-10T21:27:39.624+0000] {dag.py:4180} INFO - Setting next_dagrun for weather_scrape_and_load to 2026-07-10 21:00:00+00:00, run_after=2026-07-10 22:00:00+00:00
[2026-07-10T21:27:39.667+0000] {processor.py:208} INFO - Processing /opt/airflow/dags/weather_scrape_dag.py took 0.184 seconds
[2026-07-10T21:28:09.915+0000] {processor.py:186} INFO - Started process (PID=2509) to work on /opt/airflow/dags/weather_scrape_dag.py
[2026-07-10T21:28:09.916+0000] {processor.py:914} INFO - Processing file /opt/airflow/dags/weather_scrape_dag.py for tasks to queue
[2026-07-10T21:28:09.920+0000] {logging_mixin.py:190} INFO - [2026-07-10T21:28:09.919+0000] {dagbag.py:588} INFO - Filling up the DagBag from /opt/airflow/dags/weather_scrape_dag.py
[2026-07-10T21:28:09.940+0000] {processor.py:925} INFO - DAG(s) 'weather_scrape_and_load' retrieved from /opt/airflow/dags/weather_scrape_dag.py
[2026-07-10T21:28:09.992+0000] {logging_mixin.py:190} INFO - [2026-07-10T21:28:09.991+0000] {dag.py:3239} INFO - Sync 1 DAGs
[2026-07-10T21:28:10.044+0000] {logging_mixin.py:190} INFO - [2026-07-10T21:28:10.044+0000] {dag.py:4180} INFO - Setting next_dagrun for weather_scrape_and_load to 2026-07-10 21:00:00+00:00, run_after=2026-07-10 22:00:00+00:00
[2026-07-10T21:28:10.088+0000] {processor.py:208} INFO - Processing /opt/airflow/dags/weather_scrape_dag.py took 0.185 seconds
[2026-07-10T21:28:40.323+0000] {processor.py:186} INFO - Started process (PID=2514) to work on /opt/airflow/dags/weather_scrape_dag.py
[2026-07-10T21:28:40.332+0000] {processor.py:914} INFO - Processing file /opt/airflow/dags/weather_scrape_dag.py for tasks to queue
[2026-07-10T21:28:40.335+0000] {logging_mixin.py:190} INFO - [2026-07-10T21:28:40.335+0000] {dagbag.py:588} INFO - Filling up the DagBag from /opt/airflow/dags/weather_scrape_dag.py
[2026-07-10T21:28:40.356+0000] {processor.py:925} INFO - DAG(s) 'weather_scrape_and_load' retrieved from /opt/airflow/dags/weather_scrape_dag.py
[2026-07-10T21:28:40.408+0000] {logging_mixin.py:190} INFO - [2026-07-10T21:28:40.407+0000] {dag.py:3239} INFO - Sync 1 DAGs
[2026-07-10T21:28:40.471+0000] {logging_mixin.py:190} INFO - [2026-07-10T21:28:40.471+0000] {dag.py:4180} INFO - Setting next_dagrun for weather_scrape_and_load to 2026-07-10 21:00:00+00:00, run_after=2026-07-10 22:00:00+00:00
[2026-07-10T21:28:40.513+0000] {processor.py:208} INFO - Processing /opt/airflow/dags/weather_scrape_dag.py took 0.202 seconds
[2026-07-10T21:29:10.749+0000] {processor.py:186} INFO - Started process (PID=2519) to work on /opt/airflow/dags/weather_scrape_dag.py
[2026-07-10T21:29:10.750+0000] {processor.py:914} INFO - Processing file /opt/airflow/dags/weather_scrape_dag.py for tasks to queue
[2026-07-10T21:29:10.753+0000] {logging_mixin.py:190} INFO - [2026-07-10T21:29:10.753+0000] {dagbag.py:588} INFO - Filling up the DagBag from /opt/airflow/dags/weather_scrape_dag.py
[2026-07-10T21:29:10.774+0000] {processor.py:925} INFO - DAG(s) 'weather_scrape_and_load' retrieved from /opt/airflow/dags/weather_scrape_dag.py
[2026-07-10T21:29:10.823+0000] {logging_mixin.py:190} INFO - [2026-07-10T21:29:10.823+0000] {dag.py:3239} INFO - Sync 1 DAGs
[2026-07-10T21:29:10.871+0000] {logging_mixin.py:190} INFO - [2026-07-10T21:29:10.870+0000] {dag.py:4180} INFO - Setting next_dagrun for weather_scrape_and_load to 2026-07-10 21:00:00+00:00, run_after=2026-07-10 22:00:00+00:00
[2026-07-10T21:29:10.905+0000] {processor.py:208} INFO - Processing /opt/airflow/dags/weather_scrape_dag.py took 0.167 seconds
[2026-07-10T21:29:40.976+0000] {processor.py:186} INFO - Started process (PID=2524) to work on /opt/airflow/dags/weather_scrape_dag.py
[2026-07-10T21:29:40.985+0000] {processor.py:914} INFO - Processing file /opt/airflow/dags/weather_scrape_dag.py for tasks to queue
[2026-07-10T21:29:40.988+0000] {logging_mixin.py:190} INFO - [2026-07-10T21:29:40.988+0000] {dagbag.py:588} INFO - Filling up the DagBag from /opt/airflow/dags/weather_scrape_dag.py
[2026-07-10T21:29:41.009+0000] {processor.py:925} INFO - DAG(s) 'weather_scrape_and_load' retrieved from /opt/airflow/dags/weather_scrape_dag.py
[2026-07-10T21:29:41.062+0000] {logging_mixin.py:190} INFO - [2026-07-10T21:29:41.062+0000] {dag.py:3239} INFO - Sync 1 DAGs
[2026-07-10T21:29:41.109+0000] {logging_mixin.py:190} INFO - [2026-07-10T21:29:41.108+0000] {dag.py:4180} INFO - Setting next_dagrun for weather_scrape_and_load to 2026-07-10 21:00:00+00:00, run_after=2026-07-10 22:00:00+00:00
[2026-07-10T21:29:41.144+0000] {processor.py:208} INFO - Processing /opt/airflow/dags/weather_scrape_dag.py took 0.179 seconds
[2026-07-10T21:30:11.353+0000] {processor.py:186} INFO - Started process (PID=2529) to work on /opt/airflow/dags/weather_scrape_dag.py
[2026-07-10T21:30:11.354+0000] {processor.py:914} INFO - Processing file /opt/airflow/dags/weather_scrape_dag.py for tasks to queue
[2026-07-10T21:30:11.358+0000] {logging_mixin.py:190} INFO - [2026-07-10T21:30:11.358+0000] {dagbag.py:588} INFO - Filling up the DagBag from /opt/airflow/dags/weather_scrape_dag.py
[2026-07-10T21:30:11.379+0000] {processor.py:925} INFO - DAG(s) 'weather_scrape_and_load' retrieved from /opt/airflow/dags/weather_scrape_dag.py
[2026-07-10T21:30:11.427+0000] {logging_mixin.py:190} INFO - [2026-07-10T21:30:11.427+0000] {dag.py:3239} INFO - Sync 1 DAGs
[2026-07-10T21:30:11.475+0000] {logging_mixin.py:190} INFO - [2026-07-10T21:30:11.474+0000] {dag.py:4180} INFO - Setting next_dagrun for weather_scrape_and_load to 2026-07-10 21:00:00+00:00, run_after=2026-07-10 22:00:00+00:00
[2026-07-10T21:30:11.507+0000] {processor.py:208} INFO - Processing /opt/airflow/dags/weather_scrape_dag.py took 0.165 seconds
[2026-07-10T21:30:41.579+0000] {processor.py:186} INFO - Started process (PID=2534) to work on /opt/airflow/dags/weather_scrape_dag.py
[2026-07-10T21:30:41.588+0000] {processor.py:914} INFO - Processing file /opt/airflow/dags/weather_scrape_dag.py for tasks to queue
[2026-07-10T21:30:41.592+0000] {logging_mixin.py:190} INFO - [2026-07-10T21:30:41.592+0000] {dagbag.py:588} INFO - Filling up the DagBag from /opt/airflow/dags/weather_scrape_dag.py
[2026-07-10T21:30:41.613+0000] {processor.py:925} INFO - DAG(s) 'weather_scrape_and_load' retrieved from /opt/airflow/dags/weather_scrape_dag.py
[2026-07-10T21:30:41.670+0000] {logging_mixin.py:190} INFO - [2026-07-10T21:30:41.670+0000] {dag.py:3239} INFO - Sync 1 DAGs
[2026-07-10T21:30:41.731+0000] {logging_mixin.py:190} INFO - [2026-07-10T21:30:41.730+0000] {dag.py:4180} INFO - Setting next_dagrun for weather_scrape_and_load to 2026-07-10 21:00:00+00:00, run_after=2026-07-10 22:00:00+00:00
[2026-07-10T21:30:41.768+0000] {processor.py:208} INFO - Processing /opt/airflow/dags/weather_scrape_dag.py took 0.201 seconds
[2026-07-10T21:31:11.948+0000] {processor.py:186} INFO - Started process (PID=2539) to work on /opt/airflow/dags/weather_scrape_dag.py
[2026-07-10T21:31:11.949+0000] {processor.py:914} INFO - Processing file /opt/airflow/dags/weather_scrape_dag.py for tasks to queue
[2026-07-10T21:31:11.953+0000] {logging_mixin.py:190} INFO - [2026-07-10T21:31:11.953+0000] {dagbag.py:588} INFO - Filling up the DagBag from /opt/airflow/dags/weather_scrape_dag.py
[2026-07-10T21:31:11.974+0000] {processor.py:925} INFO - DAG(s) 'weather_scrape_and_load' retrieved from /opt/airflow/dags/weather_scrape_dag.py
[2026-07-10T21:31:12.022+0000] {logging_mixin.py:190} INFO - [2026-07-10T21:31:12.021+0000] {dag.py:3239} INFO - Sync 1 DAGs
[2026-07-10T21:31:12.067+0000] {logging_mixin.py:190} INFO - [2026-07-10T21:31:12.067+0000] {dag.py:4180} INFO - Setting next_dagrun for weather_scrape_and_load to 2026-07-10 21:00:00+00:00, run_after=2026-07-10 22:00:00+00:00
[2026-07-10T21:31:12.108+0000] {processor.py:208} INFO - Processing /opt/airflow/dags/weather_scrape_dag.py took 0.172 seconds
[2026-07-10T21:31:42.184+0000] {processor.py:186} INFO - Started process (PID=2544) to work on /opt/airflow/dags/weather_scrape_dag.py
[2026-07-10T21:31:42.193+0000] {processor.py:914} INFO - Processing file /opt/airflow/dags/weather_scrape_dag.py for tasks to queue
[2026-07-10T21:31:42.197+0000] {logging_mixin.py:190} INFO - [2026-07-10T21:31:42.196+0000] {dagbag.py:588} INFO - Filling up the DagBag from /opt/airflow/dags/weather_scrape_dag.py
[2026-07-10T21:31:42.218+0000] {processor.py:925} INFO - DAG(s) 'weather_scrape_and_load' retrieved from /opt/airflow/dags/weather_scrape_dag.py
[2026-07-10T21:31:42.266+0000] {logging_mixin.py:190} INFO - [2026-07-10T21:31:42.265+0000] {dag.py:3239} INFO - Sync 1 DAGs
[2026-07-10T21:31:42.312+0000] {logging_mixin.py:190} INFO - [2026-07-10T21:31:42.312+0000] {dag.py:4180} INFO - Setting next_dagrun for weather_scrape_and_load to 2026-07-10 21:00:00+00:00, run_after=2026-07-10 22:00:00+00:00
[2026-07-10T21:31:42.352+0000] {processor.py:208} INFO - Processing /opt/airflow/dags/weather_scrape_dag.py took 0.179 seconds
[2026-07-10T21:32:12.541+0000] {processor.py:186} INFO - Started process (PID=2549) to work on /opt/airflow/dags/weather_scrape_dag.py
[2026-07-10T21:32:12.542+0000] {processor.py:914} INFO - Processing file /opt/airflow/dags/weather_scrape_dag.py for tasks to queue
[2026-07-10T21:32:12.546+0000] {logging_mixin.py:190} INFO - [2026-07-10T21:32:12.545+0000] {dagbag.py:588} INFO - Filling up the DagBag from /opt/airflow/dags/weather_scrape_dag.py
[2026-07-10T21:32:12.570+0000] {processor.py:925} INFO - DAG(s) 'weather_scrape_and_load' retrieved from /opt/airflow/dags/weather_scrape_dag.py
[2026-07-10T21:32:12.619+0000] {logging_mixin.py:190} INFO - [2026-07-10T21:32:12.618+0000] {dag.py:3239} INFO - Sync 1 DAGs
[2026-07-10T21:32:12.674+0000] {logging_mixin.py:190} INFO - [2026-07-10T21:32:12.674+0000] {dag.py:4180} INFO - Setting next_dagrun for weather_scrape_and_load to 2026-07-10 21:00:00+00:00, run_after=2026-07-10 22:00:00+00:00
[2026-07-10T21:32:12.714+0000] {processor.py:208} INFO - Processing /opt/airflow/dags/weather_scrape_dag.py took 0.186 seconds
[2026-07-10T21:32:42.792+0000] {processor.py:186} INFO - Started process (PID=2554) to work on /opt/airflow/dags/weather_scrape_dag.py
[2026-07-10T21:32:42.800+0000] {processor.py:914} INFO - Processing file /opt/airflow/dags/weather_scrape_dag.py for tasks to queue
[2026-07-10T21:32:42.804+0000] {logging_mixin.py:190} INFO - [2026-07-10T21:32:42.803+0000] {dagbag.py:588} INFO - Filling up the DagBag from /opt/airflow/dags/weather_scrape_dag.py
[2026-07-10T21:32:42.825+0000] {processor.py:925} INFO - DAG(s) 'weather_scrape_and_load' retrieved from /opt/airflow/dags/weather_scrape_dag.py
[2026-07-10T21:32:42.873+0000] {logging_mixin.py:190} INFO - [2026-07-10T21:32:42.873+0000] {dag.py:3239} INFO - Sync 1 DAGs
[2026-07-10T21:32:42.918+0000] {logging_mixin.py:190} INFO - [2026-07-10T21:32:42.918+0000] {dag.py:4180} INFO - Setting next_dagrun for weather_scrape_and_load to 2026-07-10 21:00:00+00:00, run_after=2026-07-10 22:00:00+00:00
[2026-07-10T21:32:42.959+0000] {processor.py:208} INFO - Processing /opt/airflow/dags/weather_scrape_dag.py took 0.180 seconds
[2026-07-10T21:33:13.153+0000] {processor.py:186} INFO - Started process (PID=2559) to work on /opt/airflow/dags/weather_scrape_dag.py
[2026-07-10T21:33:13.155+0000] {processor.py:914} INFO - Processing file /opt/airflow/dags/weather_scrape_dag.py for tasks to queue
[2026-07-10T21:33:13.159+0000] {logging_mixin.py:190} INFO - [2026-07-10T21:33:13.159+0000] {dagbag.py:588} INFO - Filling up the DagBag from /opt/airflow/dags/weather_scrape_dag.py
[2026-07-10T21:33:13.184+0000] {processor.py:925} INFO - DAG(s) 'weather_scrape_and_load' retrieved from /opt/airflow/dags/weather_scrape_dag.py
[2026-07-10T21:33:13.239+0000] {logging_mixin.py:190} INFO - [2026-07-10T21:33:13.238+0000] {dag.py:3239} INFO - Sync 1 DAGs
[2026-07-10T21:33:13.295+0000] {logging_mixin.py:190} INFO - [2026-07-10T21:33:13.294+0000] {dag.py:4180} INFO - Setting next_dagrun for weather_scrape_and_load to 2026-07-10 21:00:00+00:00, run_after=2026-07-10 22:00:00+00:00
[2026-07-10T21:33:13.336+0000] {processor.py:208} INFO - Processing /opt/airflow/dags/weather_scrape_dag.py took 0.195 seconds
[2026-07-10T21:33:43.387+0000] {processor.py:186} INFO - Started process (PID=2564) to work on /opt/airflow/dags/weather_scrape_dag.py
[2026-07-10T21:33:43.389+0000] {processor.py:914} INFO - Processing file /opt/airflow/dags/weather_scrape_dag.py for tasks to queue
[2026-07-10T21:33:43.392+0000] {logging_mixin.py:190} INFO - [2026-07-10T21:33:43.392+0000] {dagbag.py:588} INFO - Filling up the DagBag from /opt/airflow/dags/weather_scrape_dag.py
[2026-07-10T21:33:43.413+0000] {processor.py:925} INFO - DAG(s) 'weather_scrape_and_load' retrieved from /opt/airflow/dags/weather_scrape_dag.py
[2026-07-10T21:33:43.462+0000] {logging_mixin.py:190} INFO - [2026-07-10T21:33:43.462+0000] {dag.py:3239} INFO - Sync 1 DAGs
[2026-07-10T21:33:43.510+0000] {logging_mixin.py:190} INFO - [2026-07-10T21:33:43.510+0000] {dag.py:4180} INFO - Setting next_dagrun for weather_scrape_and_load to 2026-07-10 21:00:00+00:00, run_after=2026-07-10 22:00:00+00:00
[2026-07-10T21:33:43.546+0000] {processor.py:208} INFO - Processing /opt/airflow/dags/weather_scrape_dag.py took 0.170 seconds
[2026-07-10T21:34:13.774+0000] {processor.py:186} INFO - Started process (PID=2569) to work on /opt/airflow/dags/weather_scrape_dag.py
[2026-07-10T21:34:13.775+0000] {processor.py:914} INFO - Processing file /opt/airflow/dags/weather_scrape_dag.py for tasks to queue
[2026-07-10T21:34:13.780+0000] {logging_mixin.py:190} INFO - [2026-07-10T21:34:13.780+0000] {dagbag.py:588} INFO - Filling up the DagBag from /opt/airflow/dags/weather_scrape_dag.py
[2026-07-10T21:34:13.802+0000] {processor.py:925} INFO - DAG(s) 'weather_scrape_and_load' retrieved from /opt/airflow/dags/weather_scrape_dag.py
[2026-07-10T21:34:13.857+0000] {logging_mixin.py:190} INFO - [2026-07-10T21:34:13.856+0000] {dag.py:3239} INFO - Sync 1 DAGs
[2026-07-10T21:34:13.903+0000] {logging_mixin.py:190} INFO - [2026-07-10T21:34:13.902+0000] {dag.py:4180} INFO - Setting next_dagrun for weather_scrape_and_load to 2026-07-10 21:00:00+00:00, run_after=2026-07-10 22:00:00+00:00
[2026-07-10T21:34:13.945+0000] {processor.py:208} INFO - Processing /opt/airflow/dags/weather_scrape_dag.py took 0.188 seconds
[2026-07-10T21:34:43.996+0000] {processor.py:186} INFO - Started process (PID=2574) to work on /opt/airflow/dags/weather_scrape_dag.py
[2026-07-10T21:34:44.004+0000] {processor.py:914} INFO - Processing file /opt/airflow/dags/weather_scrape_dag.py for tasks to queue
[2026-07-10T21:34:44.009+0000] {logging_mixin.py:190} INFO - [2026-07-10T21:34:44.008+0000] {dagbag.py:588} INFO - Filling up the DagBag from /opt/airflow/dags/weather_scrape_dag.py
[2026-07-10T21:34:44.030+0000] {processor.py:925} INFO - DAG(s) 'weather_scrape_and_load' retrieved from /opt/airflow/dags/weather_scrape_dag.py
[2026-07-10T21:34:44.081+0000] {logging_mixin.py:190} INFO - [2026-07-10T21:34:44.080+0000] {dag.py:3239} INFO - Sync 1 DAGs
[2026-07-10T21:34:44.128+0000] {logging_mixin.py:190} INFO - [2026-07-10T21:34:44.128+0000] {dag.py:4180} INFO - Setting next_dagrun for weather_scrape_and_load to 2026-07-10 21:00:00+00:00, run_after=2026-07-10 22:00:00+00:00
[2026-07-10T21:34:44.161+0000] {processor.py:208} INFO - Processing /opt/airflow/dags/weather_scrape_dag.py took 0.176 seconds
[2026-07-10T21:35:14.398+0000] {processor.py:186} INFO - Started process (PID=2579) to work on /opt/airflow/dags/weather_scrape_dag.py
[2026-07-10T21:35:14.400+0000] {processor.py:914} INFO - Processing file /opt/airflow/dags/weather_scrape_dag.py for tasks to queue
[2026-07-10T21:35:14.406+0000] {logging_mixin.py:190} INFO - [2026-07-10T21:35:14.405+0000] {dagbag.py:588} INFO - Filling up the DagBag from /opt/airflow/dags/weather_scrape_dag.py
[2026-07-10T21:35:14.428+0000] {processor.py:925} INFO - DAG(s) 'weather_scrape_and_load' retrieved from /opt/airflow/dags/weather_scrape_dag.py
[2026-07-10T21:35:14.475+0000] {logging_mixin.py:190} INFO - [2026-07-10T21:35:14.474+0000] {dag.py:3239} INFO - Sync 1 DAGs
[2026-07-10T21:35:14.520+0000] {logging_mixin.py:190} INFO - [2026-07-10T21:35:14.520+0000] {dag.py:4180} INFO - Setting next_dagrun for weather_scrape_and_load to 2026-07-10 21:00:00+00:00, run_after=2026-07-10 22:00:00+00:00
[2026-07-10T21:35:14.566+0000] {processor.py:208} INFO - Processing /opt/airflow/dags/weather_scrape_dag.py took 0.183 seconds
[2026-07-10T21:35:44.803+0000] {processor.py:186} INFO - Started process (PID=2584) to work on /opt/airflow/dags/weather_scrape_dag.py
[2026-07-10T21:35:44.804+0000] {processor.py:914} INFO - Processing file /opt/airflow/dags/weather_scrape_dag.py for tasks to queue
[2026-07-10T21:35:44.808+0000] {logging_mixin.py:190} INFO - [2026-07-10T21:35:44.807+0000] {dagbag.py:588} INFO - Filling up the DagBag from /opt/airflow/dags/weather_scrape_dag.py
[2026-07-10T21:35:44.830+0000] {processor.py:925} INFO - DAG(s) 'weather_scrape_and_load' retrieved from /opt/airflow/dags/weather_scrape_dag.py
[2026-07-10T21:35:44.878+0000] {logging_mixin.py:190} INFO - [2026-07-10T21:35:44.878+0000] {dag.py:3239} INFO - Sync 1 DAGs
[2026-07-10T21:35:44.927+0000] {logging_mixin.py:190} INFO - [2026-07-10T21:35:44.926+0000] {dag.py:4180} INFO - Setting next_dagrun for weather_scrape_and_load to 2026-07-10 21:00:00+00:00, run_after=2026-07-10 22:00:00+00:00
[2026-07-10T21:35:44.968+0000] {processor.py:208} INFO - Processing /opt/airflow/dags/weather_scrape_dag.py took 0.177 seconds
[2026-07-10T21:36:15.020+0000] {processor.py:186} INFO - Started process (PID=2589) to work on /opt/airflow/dags/weather_scrape_dag.py
[2026-07-10T21:36:15.028+0000] {processor.py:914} INFO - Processing file /opt/airflow/dags/weather_scrape_dag.py for tasks to queue
[2026-07-10T21:36:15.032+0000] {logging_mixin.py:190} INFO - [2026-07-10T21:36:15.031+0000] {dagbag.py:588} INFO - Filling up the DagBag from /opt/airflow/dags/weather_scrape_dag.py
[2026-07-10T21:36:15.053+0000] {processor.py:925} INFO - DAG(s) 'weather_scrape_and_load' retrieved from /opt/airflow/dags/weather_scrape_dag.py
[2026-07-10T21:36:15.103+0000] {logging_mixin.py:190} INFO - [2026-07-10T21:36:15.102+0000] {dag.py:3239} INFO - Sync 1 DAGs
[2026-07-10T21:36:15.150+0000] {logging_mixin.py:190} INFO - [2026-07-10T21:36:15.150+0000] {dag.py:4180} INFO - Setting next_dagrun for weather_scrape_and_load to 2026-07-10 21:00:00+00:00, run_after=2026-07-10 22:00:00+00:00
[2026-07-10T21:36:15.192+0000] {processor.py:208} INFO - Processing /opt/airflow/dags/weather_scrape_dag.py took 0.184 seconds
[2026-07-10T21:36:45.412+0000] {processor.py:186} INFO - Started process (PID=2594) to work on /opt/airflow/dags/weather_scrape_dag.py
[2026-07-10T21:36:45.413+0000] {processor.py:914} INFO - Processing file /opt/airflow/dags/weather_scrape_dag.py for tasks to queue
[2026-07-10T21:36:45.417+0000] {logging_mixin.py:190} INFO - [2026-07-10T21:36:45.416+0000] {dagbag.py:588} INFO - Filling up the DagBag from /opt/airflow/dags/weather_scrape_dag.py
[2026-07-10T21:36:45.437+0000] {processor.py:925} INFO - DAG(s) 'weather_scrape_and_load' retrieved from /opt/airflow/dags/weather_scrape_dag.py
[2026-07-10T21:36:45.492+0000] {logging_mixin.py:190} INFO - [2026-07-10T21:36:45.491+0000] {dag.py:3239} INFO - Sync 1 DAGs
[2026-07-10T21:36:45.538+0000] {logging_mixin.py:190} INFO - [2026-07-10T21:36:45.538+0000] {dag.py:4180} INFO - Setting next_dagrun for weather_scrape_and_load to 2026-07-10 21:00:00+00:00, run_after=2026-07-10 22:00:00+00:00
[2026-07-10T21:36:45.572+0000] {processor.py:208} INFO - Processing /opt/airflow/dags/weather_scrape_dag.py took 0.172 seconds
[2026-07-10T21:37:15.634+0000] {processor.py:186} INFO - Started process (PID=2599) to work on /opt/airflow/dags/weather_scrape_dag.py
[2026-07-10T21:37:15.643+0000] {processor.py:914} INFO - Processing file /opt/airflow/dags/weather_scrape_dag.py for tasks to queue
[2026-07-10T21:37:15.646+0000] {logging_mixin.py:190} INFO - [2026-07-10T21:37:15.646+0000] {dagbag.py:588} INFO - Filling up the DagBag from /opt/airflow/dags/weather_scrape_dag.py
[2026-07-10T21:37:15.668+0000] {processor.py:925} INFO - DAG(s) 'weather_scrape_and_load' retrieved from /opt/airflow/dags/weather_scrape_dag.py
[2026-07-10T21:37:15.718+0000] {logging_mixin.py:190} INFO - [2026-07-10T21:37:15.717+0000] {dag.py:3239} INFO - Sync 1 DAGs
[2026-07-10T21:37:15.765+0000] {logging_mixin.py:190} INFO - [2026-07-10T21:37:15.764+0000] {dag.py:4180} INFO - Setting next_dagrun for weather_scrape_and_load to 2026-07-10 21:00:00+00:00, run_after=2026-07-10 22:00:00+00:00
[2026-07-10T21:37:15.810+0000] {processor.py:208} INFO - Processing /opt/airflow/dags/weather_scrape_dag.py took 0.186 seconds
[2026-07-10T21:37:46.007+0000] {processor.py:186} INFO - Started process (PID=2604) to work on /opt/airflow/dags/weather_scrape_dag.py
[2026-07-10T21:37:46.008+0000] {processor.py:914} INFO - Processing file /opt/airflow/dags/weather_scrape_dag.py for tasks to queue
[2026-07-10T21:37:46.012+0000] {logging_mixin.py:190} INFO - [2026-07-10T21:37:46.012+0000] {dagbag.py:588} INFO - Filling up the DagBag from /opt/airflow/dags/weather_scrape_dag.py
[2026-07-10T21:37:46.034+0000] {processor.py:925} INFO - DAG(s) 'weather_scrape_and_load' retrieved from /opt/airflow/dags/weather_scrape_dag.py
[2026-07-10T21:37:46.083+0000] {logging_mixin.py:190} INFO - [2026-07-10T21:37:46.083+0000] {dag.py:3239} INFO - Sync 1 DAGs
[2026-07-10T21:37:46.130+0000] {logging_mixin.py:190} INFO - [2026-07-10T21:37:46.130+0000] {dag.py:4180} INFO - Setting next_dagrun for weather_scrape_and_load to 2026-07-10 21:00:00+00:00, run_after=2026-07-10 22:00:00+00:00
[2026-07-10T21:37:46.172+0000] {processor.py:208} INFO - Processing /opt/airflow/dags/weather_scrape_dag.py took 0.175 seconds
[2026-07-10T21:38:16.246+0000] {processor.py:186} INFO - Started process (PID=2609) to work on /opt/airflow/dags/weather_scrape_dag.py
[2026-07-10T21:38:16.255+0000] {processor.py:914} INFO - Processing file /opt/airflow/dags/weather_scrape_dag.py for tasks to queue
[2026-07-10T21:38:16.258+0000] {logging_mixin.py:190} INFO - [2026-07-10T21:38:16.258+0000] {dagbag.py:588} INFO - Filling up the DagBag from /opt/airflow/dags/weather_scrape_dag.py
[2026-07-10T21:38:16.279+0000] {processor.py:925} INFO - DAG(s) 'weather_scrape_and_load' retrieved from /opt/airflow/dags/weather_scrape_dag.py
[2026-07-10T21:38:16.335+0000] {logging_mixin.py:190} INFO - [2026-07-10T21:38:16.335+0000] {dag.py:3239} INFO - Sync 1 DAGs
[2026-07-10T21:38:16.391+0000] {logging_mixin.py:190} INFO - [2026-07-10T21:38:16.391+0000] {dag.py:4180} INFO - Setting next_dagrun for weather_scrape_and_load to 2026-07-10 21:00:00+00:00, run_after=2026-07-10 22:00:00+00:00
[2026-07-10T21:38:16.440+0000] {processor.py:208} INFO - Processing /opt/airflow/dags/weather_scrape_dag.py took 0.205 seconds
[2026-07-10T21:38:46.609+0000] {processor.py:186} INFO - Started process (PID=2614) to work on /opt/airflow/dags/weather_scrape_dag.py
[2026-07-10T21:38:46.610+0000] {processor.py:914} INFO - Processing file /opt/airflow/dags/weather_scrape_dag.py for tasks to queue
[2026-07-10T21:38:46.614+0000] {logging_mixin.py:190} INFO - [2026-07-10T21:38:46.613+0000] {dagbag.py:588} INFO - Filling up the DagBag from /opt/airflow/dags/weather_scrape_dag.py
[2026-07-10T21:38:46.634+0000] {processor.py:925} INFO - DAG(s) 'weather_scrape_and_load' retrieved from /opt/airflow/dags/weather_scrape_dag.py
[2026-07-10T21:38:46.687+0000] {logging_mixin.py:190} INFO - [2026-07-10T21:38:46.686+0000] {dag.py:3239} INFO - Sync 1 DAGs
[2026-07-10T21:38:46.739+0000] {logging_mixin.py:190} INFO - [2026-07-10T21:38:46.739+0000] {dag.py:4180} INFO - Setting next_dagrun for weather_scrape_and_load to 2026-07-10 21:00:00+00:00, run_after=2026-07-10 22:00:00+00:00
[2026-07-10T21:38:46.780+0000] {processor.py:208} INFO - Processing /opt/airflow/dags/weather_scrape_dag.py took 0.182 seconds
[2026-07-10T21:39:16.877+0000] {processor.py:186} INFO - Started process (PID=2619) to work on /opt/airflow/dags/weather_scrape_dag.py
[2026-07-10T21:39:16.886+0000] {processor.py:914} INFO - Processing file /opt/airflow/dags/weather_scrape_dag.py for tasks to queue
[2026-07-10T21:39:16.890+0000] {logging_mixin.py:190} INFO - [2026-07-10T21:39:16.889+0000] {dagbag.py:588} INFO - Filling up the DagBag from /opt/airflow/dags/weather_scrape_dag.py
[2026-07-10T21:39:16.913+0000] {processor.py:925} INFO - DAG(s) 'weather_scrape_and_load' retrieved from /opt/airflow/dags/weather_scrape_dag.py
[2026-07-10T21:39:16.964+0000] {logging_mixin.py:190} INFO - [2026-07-10T21:39:16.963+0000] {dag.py:3239} INFO - Sync 1 DAGs
[2026-07-10T21:39:17.014+0000] {logging_mixin.py:190} INFO - [2026-07-10T21:39:17.013+0000] {dag.py:4180} INFO - Setting next_dagrun for weather_scrape_and_load to 2026-07-10 21:00:00+00:00, run_after=2026-07-10 22:00:00+00:00
[2026-07-10T21:39:17.050+0000] {processor.py:208} INFO - Processing /opt/airflow/dags/weather_scrape_dag.py took 0.184 seconds
[2026-07-10T21:39:47.233+0000] {processor.py:186} INFO - Started process (PID=2624) to work on /opt/airflow/dags/weather_scrape_dag.py
[2026-07-10T21:39:47.234+0000] {processor.py:914} INFO - Processing file /opt/airflow/dags/weather_scrape_dag.py for tasks to queue
[2026-07-10T21:39:47.238+0000] {logging_mixin.py:190} INFO - [2026-07-10T21:39:47.237+0000] {dagbag.py:588} INFO - Filling up the DagBag from /opt/airflow/dags/weather_scrape_dag.py
[2026-07-10T21:39:47.259+0000] {processor.py:925} INFO - DAG(s) 'weather_scrape_and_load' retrieved from /opt/airflow/dags/weather_scrape_dag.py
[2026-07-10T21:39:47.306+0000] {logging_mixin.py:190} INFO - [2026-07-10T21:39:47.306+0000] {dag.py:3239} INFO - Sync 1 DAGs
[2026-07-10T21:39:47.352+0000] {logging_mixin.py:190} INFO - [2026-07-10T21:39:47.352+0000] {dag.py:4180} INFO - Setting next_dagrun for weather_scrape_and_load to 2026-07-10 21:00:00+00:00, run_after=2026-07-10 22:00:00+00:00
[2026-07-10T21:39:47.394+0000] {processor.py:208} INFO - Processing /opt/airflow/dags/weather_scrape_dag.py took 0.172 seconds
[2026-07-10T21:40:17.483+0000] {processor.py:186} INFO - Started process (PID=2629) to work on /opt/airflow/dags/weather_scrape_dag.py
[2026-07-10T21:40:17.492+0000] {processor.py:914} INFO - Processing file /opt/airflow/dags/weather_scrape_dag.py for tasks to queue
[2026-07-10T21:40:17.496+0000] {logging_mixin.py:190} INFO - [2026-07-10T21:40:17.495+0000] {dagbag.py:588} INFO - Filling up the DagBag from /opt/airflow/dags/weather_scrape_dag.py
[2026-07-10T21:40:17.517+0000] {processor.py:925} INFO - DAG(s) 'weather_scrape_and_load' retrieved from /opt/airflow/dags/weather_scrape_dag.py
[2026-07-10T21:40:17.566+0000] {logging_mixin.py:190} INFO - [2026-07-10T21:40:17.565+0000] {dag.py:3239} INFO - Sync 1 DAGs
[2026-07-10T21:40:17.617+0000] {logging_mixin.py:190} INFO - [2026-07-10T21:40:17.616+0000] {dag.py:4180} INFO - Setting next_dagrun for weather_scrape_and_load to 2026-07-10 21:00:00+00:00, run_after=2026-07-10 22:00:00+00:00
[2026-07-10T21:40:17.662+0000] {processor.py:208} INFO - Processing /opt/airflow/dags/weather_scrape_dag.py took 0.191 seconds
[2026-07-10T21:40:47.836+0000] {processor.py:186} INFO - Started process (PID=2634) to work on /opt/airflow/dags/weather_scrape_dag.py
[2026-07-10T21:40:47.840+0000] {processor.py:914} INFO - Processing file /opt/airflow/dags/weather_scrape_dag.py for tasks to queue
[2026-07-10T21:40:47.844+0000] {logging_mixin.py:190} INFO - [2026-07-10T21:40:47.843+0000] {dagbag.py:588} INFO - Filling up the DagBag from /opt/airflow/dags/weather_scrape_dag.py
[2026-07-10T21:40:47.865+0000] {processor.py:925} INFO - DAG(s) 'weather_scrape_and_load' retrieved from /opt/airflow/dags/weather_scrape_dag.py
[2026-07-10T21:40:47.914+0000] {logging_mixin.py:190} INFO - [2026-07-10T21:40:47.913+0000] {dag.py:3239} INFO - Sync 1 DAGs
[2026-07-10T21:40:47.962+0000] {logging_mixin.py:190} INFO - [2026-07-10T21:40:47.962+0000] {dag.py:4180} INFO - Setting next_dagrun for weather_scrape_and_load to 2026-07-10 21:00:00+00:00, run_after=2026-07-10 22:00:00+00:00
[2026-07-10T21:40:48.003+0000] {processor.py:208} INFO - Processing /opt/airflow/dags/weather_scrape_dag.py took 0.180 seconds
[2026-07-10T21:41:18.093+0000] {processor.py:186} INFO - Started process (PID=2639) to work on /opt/airflow/dags/weather_scrape_dag.py
[2026-07-10T21:41:18.094+0000] {processor.py:914} INFO - Processing file /opt/airflow/dags/weather_scrape_dag.py for tasks to queue
[2026-07-10T21:41:18.098+0000] {logging_mixin.py:190} INFO - [2026-07-10T21:41:18.098+0000] {dagbag.py:588} INFO - Filling up the DagBag from /opt/airflow/dags/weather_scrape_dag.py
[2026-07-10T21:41:18.119+0000] {processor.py:925} INFO - DAG(s) 'weather_scrape_and_load' retrieved from /opt/airflow/dags/weather_scrape_dag.py
[2026-07-10T21:41:18.167+0000] {logging_mixin.py:190} INFO - [2026-07-10T21:41:18.167+0000] {dag.py:3239} INFO - Sync 1 DAGs
[2026-07-10T21:41:18.214+0000] {logging_mixin.py:190} INFO - [2026-07-10T21:41:18.213+0000] {dag.py:4180} INFO - Setting next_dagrun for weather_scrape_and_load to 2026-07-10 21:00:00+00:00, run_after=2026-07-10 22:00:00+00:00
[2026-07-10T21:41:18.255+0000] {processor.py:208} INFO - Processing /opt/airflow/dags/weather_scrape_dag.py took 0.172 seconds
[2026-07-10T21:41:48.439+0000] {processor.py:186} INFO - Started process (PID=2644) to work on /opt/airflow/dags/weather_scrape_dag.py
[2026-07-10T21:41:48.448+0000] {processor.py:914} INFO - Processing file /opt/airflow/dags/weather_scrape_dag.py for tasks to queue
[2026-07-10T21:41:48.452+0000] {logging_mixin.py:190} INFO - [2026-07-10T21:41:48.451+0000] {dagbag.py:588} INFO - Filling up the DagBag from /opt/airflow/dags/weather_scrape_dag.py
[2026-07-10T21:41:48.475+0000] {processor.py:925} INFO - DAG(s) 'weather_scrape_and_load' retrieved from /opt/airflow/dags/weather_scrape_dag.py
[2026-07-10T21:41:48.531+0000] {logging_mixin.py:190} INFO - [2026-07-10T21:41:48.530+0000] {dag.py:3239} INFO - Sync 1 DAGs
[2026-07-10T21:41:48.590+0000] {logging_mixin.py:190} INFO - [2026-07-10T21:41:48.590+0000] {dag.py:4180} INFO - Setting next_dagrun for weather_scrape_and_load to 2026-07-10 21:00:00+00:00, run_after=2026-07-10 22:00:00+00:00
[2026-07-10T21:41:48.625+0000] {processor.py:208} INFO - Processing /opt/airflow/dags/weather_scrape_dag.py took 0.198 seconds
[2026-07-10T21:42:18.699+0000] {processor.py:186} INFO - Started process (PID=2649) to work on /opt/airflow/dags/weather_scrape_dag.py
[2026-07-10T21:42:18.700+0000] {processor.py:914} INFO - Processing file /opt/airflow/dags/weather_scrape_dag.py for tasks to queue
[2026-07-10T21:42:18.704+0000] {logging_mixin.py:190} INFO - [2026-07-10T21:42:18.704+0000] {dagbag.py:588} INFO - Filling up the DagBag from /opt/airflow/dags/weather_scrape_dag.py
[2026-07-10T21:42:18.729+0000] {processor.py:925} INFO - DAG(s) 'weather_scrape_and_load' retrieved from /opt/airflow/dags/weather_scrape_dag.py
[2026-07-10T21:42:18.784+0000] {logging_mixin.py:190} INFO - [2026-07-10T21:42:18.783+0000] {dag.py:3239} INFO - Sync 1 DAGs
[2026-07-10T21:42:18.853+0000] {logging_mixin.py:190} INFO - [2026-07-10T21:42:18.853+0000] {dag.py:4180} INFO - Setting next_dagrun for weather_scrape_and_load to 2026-07-10 21:00:00+00:00, run_after=2026-07-10 22:00:00+00:00
[2026-07-10T21:42:18.901+0000] {processor.py:208} INFO - Processing /opt/airflow/dags/weather_scrape_dag.py took 0.214 seconds
[2026-07-10T21:42:49.066+0000] {processor.py:186} INFO - Started process (PID=2654) to work on /opt/airflow/dags/weather_scrape_dag.py
[2026-07-10T21:42:49.075+0000] {processor.py:914} INFO - Processing file /opt/airflow/dags/weather_scrape_dag.py for tasks to queue
[2026-07-10T21:42:49.079+0000] {logging_mixin.py:190} INFO - [2026-07-10T21:42:49.078+0000] {dagbag.py:588} INFO - Filling up the DagBag from /opt/airflow/dags/weather_scrape_dag.py
[2026-07-10T21:42:49.099+0000] {processor.py:925} INFO - DAG(s) 'weather_scrape_and_load' retrieved from /opt/airflow/dags/weather_scrape_dag.py
[2026-07-10T21:42:49.149+0000] {logging_mixin.py:190} INFO - [2026-07-10T21:42:49.149+0000] {dag.py:3239} INFO - Sync 1 DAGs
[2026-07-10T21:42:49.195+0000] {logging_mixin.py:190} INFO - [2026-07-10T21:42:49.195+0000] {dag.py:4180} INFO - Setting next_dagrun for weather_scrape_and_load to 2026-07-10 21:00:00+00:00, run_after=2026-07-10 22:00:00+00:00
[2026-07-10T21:42:49.229+0000] {processor.py:208} INFO - Processing /opt/airflow/dags/weather_scrape_dag.py took 0.174 seconds
[2026-07-10T21:43:19.333+0000] {processor.py:186} INFO - Started process (PID=2659) to work on /opt/airflow/dags/weather_scrape_dag.py
[2026-07-10T21:43:19.335+0000] {processor.py:914} INFO - Processing file /opt/airflow/dags/weather_scrape_dag.py for tasks to queue
[2026-07-10T21:43:19.339+0000] {logging_mixin.py:190} INFO - [2026-07-10T21:43:19.338+0000] {dagbag.py:588} INFO - Filling up the DagBag from /opt/airflow/dags/weather_scrape_dag.py
[2026-07-10T21:43:19.359+0000] {processor.py:925} INFO - DAG(s) 'weather_scrape_and_load' retrieved from /opt/airflow/dags/weather_scrape_dag.py
[2026-07-10T21:43:19.408+0000] {logging_mixin.py:190} INFO - [2026-07-10T21:43:19.407+0000] {dag.py:3239} INFO - Sync 1 DAGs
[2026-07-10T21:43:19.454+0000] {logging_mixin.py:190} INFO - [2026-07-10T21:43:19.453+0000] {dag.py:4180} INFO - Setting next_dagrun for weather_scrape_and_load to 2026-07-10 21:00:00+00:00, run_after=2026-07-10 22:00:00+00:00
[2026-07-10T21:43:19.485+0000] {processor.py:208} INFO - Processing /opt/airflow/dags/weather_scrape_dag.py took 0.163 seconds
[2026-07-10T21:43:49.660+0000] {processor.py:186} INFO - Started process (PID=2664) to work on /opt/airflow/dags/weather_scrape_dag.py
[2026-07-10T21:43:49.669+0000] {processor.py:914} INFO - Processing file /opt/airflow/dags/weather_scrape_dag.py for tasks to queue
[2026-07-10T21:43:49.673+0000] {logging_mixin.py:190} INFO - [2026-07-10T21:43:49.672+0000] {dagbag.py:588} INFO - Filling up the DagBag from /opt/airflow/dags/weather_scrape_dag.py
[2026-07-10T21:43:49.694+0000] {processor.py:925} INFO - DAG(s) 'weather_scrape_and_load' retrieved from /opt/airflow/dags/weather_scrape_dag.py
[2026-07-10T21:43:49.742+0000] {logging_mixin.py:190} INFO - [2026-07-10T21:43:49.741+0000] {dag.py:3239} INFO - Sync 1 DAGs
[2026-07-10T21:43:49.787+0000] {logging_mixin.py:190} INFO - [2026-07-10T21:43:49.787+0000] {dag.py:4180} INFO - Setting next_dagrun for weather_scrape_and_load to 2026-07-10 21:00:00+00:00, run_after=2026-07-10 22:00:00+00:00
[2026-07-10T21:43:49.828+0000] {processor.py:208} INFO - Processing /opt/airflow/dags/weather_scrape_dag.py took 0.179 seconds
[2026-07-10T21:44:19.916+0000] {processor.py:186} INFO - Started process (PID=2669) to work on /opt/airflow/dags/weather_scrape_dag.py
[2026-07-10T21:44:19.917+0000] {processor.py:914} INFO - Processing file /opt/airflow/dags/weather_scrape_dag.py for tasks to queue
[2026-07-10T21:44:19.921+0000] {logging_mixin.py:190} INFO - [2026-07-10T21:44:19.921+0000] {dagbag.py:588} INFO - Filling up the DagBag from /opt/airflow/dags/weather_scrape_dag.py
[2026-07-10T21:44:19.942+0000] {processor.py:925} INFO - DAG(s) 'weather_scrape_and_load' retrieved from /opt/airflow/dags/weather_scrape_dag.py
[2026-07-10T21:44:19.992+0000] {logging_mixin.py:190} INFO - [2026-07-10T21:44:19.991+0000] {dag.py:3239} INFO - Sync 1 DAGs
[2026-07-10T21:44:20.040+0000] {logging_mixin.py:190} INFO - [2026-07-10T21:44:20.040+0000] {dag.py:4180} INFO - Setting next_dagrun for weather_scrape_and_load to 2026-07-10 21:00:00+00:00, run_after=2026-07-10 22:00:00+00:00
[2026-07-10T21:44:20.073+0000] {processor.py:208} INFO - Processing /opt/airflow/dags/weather_scrape_dag.py took 0.168 seconds
[2026-07-10T21:44:50.282+0000] {processor.py:186} INFO - Started process (PID=2674) to work on /opt/airflow/dags/weather_scrape_dag.py
[2026-07-10T21:44:50.291+0000] {processor.py:914} INFO - Processing file /opt/airflow/dags/weather_scrape_dag.py for tasks to queue
[2026-07-10T21:44:50.294+0000] {logging_mixin.py:190} INFO - [2026-07-10T21:44:50.294+0000] {dagbag.py:588} INFO - Filling up the DagBag from /opt/airflow/dags/weather_scrape_dag.py
[2026-07-10T21:44:50.315+0000] {processor.py:925} INFO - DAG(s) 'weather_scrape_and_load' retrieved from /opt/airflow/dags/weather_scrape_dag.py
[2026-07-10T21:44:50.363+0000] {logging_mixin.py:190} INFO - [2026-07-10T21:44:50.363+0000] {dag.py:3239} INFO - Sync 1 DAGs
[2026-07-10T21:44:50.410+0000] {logging_mixin.py:190} INFO - [2026-07-10T21:44:50.409+0000] {dag.py:4180} INFO - Setting next_dagrun for weather_scrape_and_load to 2026-07-10 21:00:00+00:00, run_after=2026-07-10 22:00:00+00:00
[2026-07-10T21:44:50.450+0000] {processor.py:208} INFO - Processing /opt/airflow/dags/weather_scrape_dag.py took 0.180 seconds
[2026-07-10T21:45:20.515+0000] {processor.py:186} INFO - Started process (PID=2679) to work on /opt/airflow/dags/weather_scrape_dag.py
[2026-07-10T21:45:20.516+0000] {processor.py:914} INFO - Processing file /opt/airflow/dags/weather_scrape_dag.py for tasks to queue
[2026-07-10T21:45:20.520+0000] {logging_mixin.py:190} INFO - [2026-07-10T21:45:20.519+0000] {dagbag.py:588} INFO - Filling up the DagBag from /opt/airflow/dags/weather_scrape_dag.py
[2026-07-10T21:45:20.541+0000] {processor.py:925} INFO - DAG(s) 'weather_scrape_and_load' retrieved from /opt/airflow/dags/weather_scrape_dag.py
[2026-07-10T21:45:20.590+0000] {logging_mixin.py:190} INFO - [2026-07-10T21:45:20.589+0000] {dag.py:3239} INFO - Sync 1 DAGs
[2026-07-10T21:45:20.636+0000] {logging_mixin.py:190} INFO - [2026-07-10T21:45:20.636+0000] {dag.py:4180} INFO - Setting next_dagrun for weather_scrape_and_load to 2026-07-10 21:00:00+00:00, run_after=2026-07-10 22:00:00+00:00
[2026-07-10T21:45:20.669+0000] {processor.py:208} INFO - Processing /opt/airflow/dags/weather_scrape_dag.py took 0.165 seconds
[2026-07-10T21:45:50.895+0000] {processor.py:186} INFO - Started process (PID=2684) to work on /opt/airflow/dags/weather_scrape_dag.py
[2026-07-10T21:45:50.904+0000] {processor.py:914} INFO - Processing file /opt/airflow/dags/weather_scrape_dag.py for tasks to queue
[2026-07-10T21:45:50.909+0000] {logging_mixin.py:190} INFO - [2026-07-10T21:45:50.909+0000] {dagbag.py:588} INFO - Filling up the DagBag from /opt/airflow/dags/weather_scrape_dag.py
[2026-07-10T21:45:50.933+0000] {processor.py:925} INFO - DAG(s) 'weather_scrape_and_load' retrieved from /opt/airflow/dags/weather_scrape_dag.py
[2026-07-10T21:45:50.986+0000] {logging_mixin.py:190} INFO - [2026-07-10T21:45:50.985+0000] {dag.py:3239} INFO - Sync 1 DAGs
[2026-07-10T21:45:51.043+0000] {logging_mixin.py:190} INFO - [2026-07-10T21:45:51.042+0000] {dag.py:4180} INFO - Setting next_dagrun for weather_scrape_and_load to 2026-07-10 21:00:00+00:00, run_after=2026-07-10 22:00:00+00:00
[2026-07-10T21:45:51.086+0000] {processor.py:208} INFO - Processing /opt/airflow/dags/weather_scrape_dag.py took 0.205 seconds
[2026-07-10T21:46:21.312+0000] {processor.py:186} INFO - Started process (PID=2689) to work on /opt/airflow/dags/weather_scrape_dag.py
[2026-07-10T21:46:21.313+0000] {processor.py:914} INFO - Processing file /opt/airflow/dags/weather_scrape_dag.py for tasks to queue
[2026-07-10T21:46:21.316+0000] {logging_mixin.py:190} INFO - [2026-07-10T21:46:21.316+0000] {dagbag.py:588} INFO - Filling up the DagBag from /opt/airflow/dags/weather_scrape_dag.py
[2026-07-10T21:46:21.338+0000] {processor.py:925} INFO - DAG(s) 'weather_scrape_and_load' retrieved from /opt/airflow/dags/weather_scrape_dag.py
[2026-07-10T21:46:21.387+0000] {logging_mixin.py:190} INFO - [2026-07-10T21:46:21.387+0000] {dag.py:3239} INFO - Sync 1 DAGs
[2026-07-10T21:46:21.432+0000] {logging_mixin.py:190} INFO - [2026-07-10T21:46:21.432+0000] {dag.py:4180} INFO - Setting next_dagrun for weather_scrape_and_load to 2026-07-10 21:00:00+00:00, run_after=2026-07-10 22:00:00+00:00
[2026-07-10T21:46:21.471+0000] {processor.py:208} INFO - Processing /opt/airflow/dags/weather_scrape_dag.py took 0.170 seconds
[2026-07-10T21:46:51.538+0000] {processor.py:186} INFO - Started process (PID=2694) to work on /opt/airflow/dags/weather_scrape_dag.py
[2026-07-10T21:46:51.540+0000] {processor.py:914} INFO - Processing file /opt/airflow/dags/weather_scrape_dag.py for tasks to queue
[2026-07-10T21:46:51.545+0000] {logging_mixin.py:190} INFO - [2026-07-10T21:46:51.544+0000] {dagbag.py:588} INFO - Filling up the DagBag from /opt/airflow/dags/weather_scrape_dag.py
[2026-07-10T21:46:51.579+0000] {processor.py:925} INFO - DAG(s) 'weather_scrape_and_load' retrieved from /opt/airflow/dags/weather_scrape_dag.py
[2026-07-10T21:46:51.664+0000] {logging_mixin.py:190} INFO - [2026-07-10T21:46:51.663+0000] {dag.py:3239} INFO - Sync 1 DAGs
[2026-07-10T21:46:51.741+0000] {logging_mixin.py:190} INFO - [2026-07-10T21:46:51.740+0000] {dag.py:4180} INFO - Setting next_dagrun for weather_scrape_and_load to 2026-07-10 21:00:00+00:00, run_after=2026-07-10 22:00:00+00:00
[2026-07-10T21:46:51.800+0000] {processor.py:208} INFO - Processing /opt/airflow/dags/weather_scrape_dag.py took 0.278 seconds
[2026-07-10T21:47:21.948+0000] {processor.py:186} INFO - Started process (PID=2699) to work on /opt/airflow/dags/weather_scrape_dag.py
[2026-07-10T21:47:21.950+0000] {processor.py:914} INFO - Processing file /opt/airflow/dags/weather_scrape_dag.py for tasks to queue
[2026-07-10T21:47:21.956+0000] {logging_mixin.py:190} INFO - [2026-07-10T21:47:21.955+0000] {dagbag.py:588} INFO - Filling up the DagBag from /opt/airflow/dags/weather_scrape_dag.py
[2026-07-10T21:47:21.986+0000] {processor.py:925} INFO - DAG(s) 'weather_scrape_and_load' retrieved from /opt/airflow/dags/weather_scrape_dag.py
[2026-07-10T21:47:22.040+0000] {logging_mixin.py:190} INFO - [2026-07-10T21:47:22.040+0000] {dag.py:3239} INFO - Sync 1 DAGs
[2026-07-10T21:47:22.089+0000] {logging_mixin.py:190} INFO - [2026-07-10T21:47:22.088+0000] {dag.py:4180} INFO - Setting next_dagrun for weather_scrape_and_load to 2026-07-10 21:00:00+00:00, run_after=2026-07-10 22:00:00+00:00
[2026-07-10T21:47:22.133+0000] {processor.py:208} INFO - Processing /opt/airflow/dags/weather_scrape_dag.py took 0.201 seconds
[2026-07-10T21:47:52.257+0000] {processor.py:186} INFO - Started process (PID=2704) to work on /opt/airflow/dags/weather_scrape_dag.py
[2026-07-10T21:47:52.266+0000] {processor.py:914} INFO - Processing file /opt/airflow/dags/weather_scrape_dag.py for tasks to queue
[2026-07-10T21:47:52.271+0000] {logging_mixin.py:190} INFO - [2026-07-10T21:47:52.270+0000] {dagbag.py:588} INFO - Filling up the DagBag from /opt/airflow/dags/weather_scrape_dag.py
[2026-07-10T21:47:52.292+0000] {processor.py:925} INFO - DAG(s) 'weather_scrape_and_load' retrieved from /opt/airflow/dags/weather_scrape_dag.py
[2026-07-10T21:47:52.341+0000] {logging_mixin.py:190} INFO - [2026-07-10T21:47:52.341+0000] {dag.py:3239} INFO - Sync 1 DAGs
[2026-07-10T21:47:52.388+0000] {logging_mixin.py:190} INFO - [2026-07-10T21:47:52.388+0000] {dag.py:4180} INFO - Setting next_dagrun for weather_scrape_and_load to 2026-07-10 21:00:00+00:00, run_after=2026-07-10 22:00:00+00:00
[2026-07-10T21:47:52.432+0000] {processor.py:208} INFO - Processing /opt/airflow/dags/weather_scrape_dag.py took 0.186 seconds
[2026-07-10T21:48:22.576+0000] {processor.py:186} INFO - Started process (PID=2709) to work on /opt/airflow/dags/weather_scrape_dag.py
[2026-07-10T21:48:22.585+0000] {processor.py:914} INFO - Processing file /opt/airflow/dags/weather_scrape_dag.py for tasks to queue
[2026-07-10T21:48:22.589+0000] {logging_mixin.py:190} INFO - [2026-07-10T21:48:22.589+0000] {dagbag.py:588} INFO - Filling up the DagBag from /opt/airflow/dags/weather_scrape_dag.py
[2026-07-10T21:48:22.612+0000] {processor.py:925} INFO - DAG(s) 'weather_scrape_and_load' retrieved from /opt/airflow/dags/weather_scrape_dag.py
[2026-07-10T21:48:22.665+0000] {logging_mixin.py:190} INFO - [2026-07-10T21:48:22.664+0000] {dag.py:3239} INFO - Sync 1 DAGs
[2026-07-10T21:48:22.711+0000] {logging_mixin.py:190} INFO - [2026-07-10T21:48:22.711+0000] {dag.py:4180} INFO - Setting next_dagrun for weather_scrape_and_load to 2026-07-10 21:00:00+00:00, run_after=2026-07-10 22:00:00+00:00
[2026-07-10T21:48:22.742+0000] {processor.py:208} INFO - Processing /opt/airflow/dags/weather_scrape_dag.py took 0.178 seconds
[2026-07-10T21:48:52.863+0000] {processor.py:186} INFO - Started process (PID=2714) to work on /opt/airflow/dags/weather_scrape_dag.py
[2026-07-10T21:48:52.864+0000] {processor.py:914} INFO - Processing file /opt/airflow/dags/weather_scrape_dag.py for tasks to queue
[2026-07-10T21:48:52.867+0000] {logging_mixin.py:190} INFO - [2026-07-10T21:48:52.866+0000] {dagbag.py:588} INFO - Filling up the DagBag from /opt/airflow/dags/weather_scrape_dag.py
[2026-07-10T21:48:52.887+0000] {processor.py:925} INFO - DAG(s) 'weather_scrape_and_load' retrieved from /opt/airflow/dags/weather_scrape_dag.py
[2026-07-10T21:48:52.936+0000] {logging_mixin.py:190} INFO - [2026-07-10T21:48:52.935+0000] {dag.py:3239} INFO - Sync 1 DAGs
[2026-07-10T21:48:52.985+0000] {logging_mixin.py:190} INFO - [2026-07-10T21:48:52.984+0000] {dag.py:4180} INFO - Setting next_dagrun for weather_scrape_and_load to 2026-07-10 21:00:00+00:00, run_after=2026-07-10 22:00:00+00:00
[2026-07-10T21:48:53.027+0000] {processor.py:208} INFO - Processing /opt/airflow/dags/weather_scrape_dag.py took 0.176 seconds
[2026-07-10T21:49:23.225+0000] {processor.py:186} INFO - Started process (PID=2719) to work on /opt/airflow/dags/weather_scrape_dag.py
[2026-07-10T21:49:23.234+0000] {processor.py:914} INFO - Processing file /opt/airflow/dags/weather_scrape_dag.py for tasks to queue
[2026-07-10T21:49:23.237+0000] {logging_mixin.py:190} INFO - [2026-07-10T21:49:23.237+0000] {dagbag.py:588} INFO - Filling up the DagBag from /opt/airflow/dags/weather_scrape_dag.py
[2026-07-10T21:49:23.258+0000] {processor.py:925} INFO - DAG(s) 'weather_scrape_and_load' retrieved from /opt/airflow/dags/weather_scrape_dag.py
[2026-07-10T21:49:23.307+0000] {logging_mixin.py:190} INFO - [2026-07-10T21:49:23.306+0000] {dag.py:3239} INFO - Sync 1 DAGs
[2026-07-10T21:49:23.354+0000] {logging_mixin.py:190} INFO - [2026-07-10T21:49:23.354+0000] {dag.py:4180} INFO - Setting next_dagrun for weather_scrape_and_load to 2026-07-10 21:00:00+00:00, run_after=2026-07-10 22:00:00+00:00
[2026-07-10T21:49:23.394+0000] {processor.py:208} INFO - Processing /opt/airflow/dags/weather_scrape_dag.py took 0.180 seconds
[2026-07-10T21:49:53.461+0000] {processor.py:186} INFO - Started process (PID=2724) to work on /opt/airflow/dags/weather_scrape_dag.py
[2026-07-10T21:49:53.462+0000] {processor.py:914} INFO - Processing file /opt/airflow/dags/weather_scrape_dag.py for tasks to queue
[2026-07-10T21:49:53.465+0000] {logging_mixin.py:190} INFO - [2026-07-10T21:49:53.465+0000] {dagbag.py:588} INFO - Filling up the DagBag from /opt/airflow/dags/weather_scrape_dag.py
[2026-07-10T21:49:53.486+0000] {processor.py:925} INFO - DAG(s) 'weather_scrape_and_load' retrieved from /opt/airflow/dags/weather_scrape_dag.py
[2026-07-10T21:49:53.544+0000] {logging_mixin.py:190} INFO - [2026-07-10T21:49:53.543+0000] {dag.py:3239} INFO - Sync 1 DAGs
[2026-07-10T21:49:53.604+0000] {logging_mixin.py:190} INFO - [2026-07-10T21:49:53.603+0000] {dag.py:4180} INFO - Setting next_dagrun for weather_scrape_and_load to 2026-07-10 21:00:00+00:00, run_after=2026-07-10 22:00:00+00:00
[2026-07-10T21:49:53.651+0000] {processor.py:208} INFO - Processing /opt/airflow/dags/weather_scrape_dag.py took 0.201 seconds
[2026-07-10T21:50:23.835+0000] {processor.py:186} INFO - Started process (PID=2729) to work on /opt/airflow/dags/weather_scrape_dag.py
[2026-07-10T21:50:23.844+0000] {processor.py:914} INFO - Processing file /opt/airflow/dags/weather_scrape_dag.py for tasks to queue
[2026-07-10T21:50:23.847+0000] {logging_mixin.py:190} INFO - [2026-07-10T21:50:23.847+0000] {dagbag.py:588} INFO - Filling up the DagBag from /opt/airflow/dags/weather_scrape_dag.py
[2026-07-10T21:50:23.869+0000] {processor.py:925} INFO - DAG(s) 'weather_scrape_and_load' retrieved from /opt/airflow/dags/weather_scrape_dag.py
[2026-07-10T21:50:23.917+0000] {logging_mixin.py:190} INFO - [2026-07-10T21:50:23.917+0000] {dag.py:3239} INFO - Sync 1 DAGs
[2026-07-10T21:50:23.965+0000] {logging_mixin.py:190} INFO - [2026-07-10T21:50:23.965+0000] {dag.py:4180} INFO - Setting next_dagrun for weather_scrape_and_load to 2026-07-10 21:00:00+00:00, run_after=2026-07-10 22:00:00+00:00
[2026-07-10T21:50:24.009+0000] {processor.py:208} INFO - Processing /opt/airflow/dags/weather_scrape_dag.py took 0.186 seconds
[2026-07-10T21:50:54.085+0000] {processor.py:186} INFO - Started process (PID=2734) to work on /opt/airflow/dags/weather_scrape_dag.py
[2026-07-10T21:50:54.086+0000] {processor.py:914} INFO - Processing file /opt/airflow/dags/weather_scrape_dag.py for tasks to queue
[2026-07-10T21:50:54.090+0000] {logging_mixin.py:190} INFO - [2026-07-10T21:50:54.090+0000] {dagbag.py:588} INFO - Filling up the DagBag from /opt/airflow/dags/weather_scrape_dag.py
[2026-07-10T21:50:54.110+0000] {processor.py:925} INFO - DAG(s) 'weather_scrape_and_load' retrieved from /opt/airflow/dags/weather_scrape_dag.py
[2026-07-10T21:50:54.160+0000] {logging_mixin.py:190} INFO - [2026-07-10T21:50:54.160+0000] {dag.py:3239} INFO - Sync 1 DAGs
[2026-07-10T21:50:54.208+0000] {logging_mixin.py:190} INFO - [2026-07-10T21:50:54.207+0000] {dag.py:4180} INFO - Setting next_dagrun for weather_scrape_and_load to 2026-07-10 21:00:00+00:00, run_after=2026-07-10 22:00:00+00:00
[2026-07-10T21:50:54.248+0000] {processor.py:208} INFO - Processing /opt/airflow/dags/weather_scrape_dag.py took 0.173 seconds
[2026-07-10T21:51:24.447+0000] {processor.py:186} INFO - Started process (PID=2739) to work on /opt/airflow/dags/weather_scrape_dag.py
[2026-07-10T21:51:24.456+0000] {processor.py:914} INFO - Processing file /opt/airflow/dags/weather_scrape_dag.py for tasks to queue
[2026-07-10T21:51:24.461+0000] {logging_mixin.py:190} INFO - [2026-07-10T21:51:24.460+0000] {dagbag.py:588} INFO - Filling up the DagBag from /opt/airflow/dags/weather_scrape_dag.py
[2026-07-10T21:51:24.482+0000] {processor.py:925} INFO - DAG(s) 'weather_scrape_and_load' retrieved from /opt/airflow/dags/weather_scrape_dag.py
[2026-07-10T21:51:24.530+0000] {logging_mixin.py:190} INFO - [2026-07-10T21:51:24.529+0000] {dag.py:3239} INFO - Sync 1 DAGs
[2026-07-10T21:51:24.577+0000] {logging_mixin.py:190} INFO - [2026-07-10T21:51:24.577+0000] {dag.py:4180} INFO - Setting next_dagrun for weather_scrape_and_load to 2026-07-10 21:00:00+00:00, run_after=2026-07-10 22:00:00+00:00
[2026-07-10T21:51:24.609+0000] {processor.py:208} INFO - Processing /opt/airflow/dags/weather_scrape_dag.py took 0.172 seconds
[2026-07-10T21:51:54.674+0000] {processor.py:186} INFO - Started process (PID=2744) to work on /opt/airflow/dags/weather_scrape_dag.py
[2026-07-10T21:51:54.675+0000] {processor.py:914} INFO - Processing file /opt/airflow/dags/weather_scrape_dag.py for tasks to queue
[2026-07-10T21:51:54.680+0000] {logging_mixin.py:190} INFO - [2026-07-10T21:51:54.679+0000] {dagbag.py:588} INFO - Filling up the DagBag from /opt/airflow/dags/weather_scrape_dag.py
[2026-07-10T21:51:54.701+0000] {processor.py:925} INFO - DAG(s) 'weather_scrape_and_load' retrieved from /opt/airflow/dags/weather_scrape_dag.py
[2026-07-10T21:51:54.750+0000] {logging_mixin.py:190} INFO - [2026-07-10T21:51:54.749+0000] {dag.py:3239} INFO - Sync 1 DAGs
[2026-07-10T21:51:54.796+0000] {logging_mixin.py:190} INFO - [2026-07-10T21:51:54.796+0000] {dag.py:4180} INFO - Setting next_dagrun for weather_scrape_and_load to 2026-07-10 21:00:00+00:00, run_after=2026-07-10 22:00:00+00:00
[2026-07-10T21:51:54.836+0000] {processor.py:208} INFO - Processing /opt/airflow/dags/weather_scrape_dag.py took 0.174 seconds
[2026-07-10T21:52:25.072+0000] {processor.py:186} INFO - Started process (PID=2749) to work on /opt/airflow/dags/weather_scrape_dag.py
[2026-07-10T21:52:25.080+0000] {processor.py:914} INFO - Processing file /opt/airflow/dags/weather_scrape_dag.py for tasks to queue
[2026-07-10T21:52:25.084+0000] {logging_mixin.py:190} INFO - [2026-07-10T21:52:25.083+0000] {dagbag.py:588} INFO - Filling up the DagBag from /opt/airflow/dags/weather_scrape_dag.py
[2026-07-10T21:52:25.104+0000] {processor.py:925} INFO - DAG(s) 'weather_scrape_and_load' retrieved from /opt/airflow/dags/weather_scrape_dag.py
[2026-07-10T21:52:25.151+0000] {logging_mixin.py:190} INFO - [2026-07-10T21:52:25.150+0000] {dag.py:3239} INFO - Sync 1 DAGs
[2026-07-10T21:52:25.196+0000] {logging_mixin.py:190} INFO - [2026-07-10T21:52:25.196+0000] {dag.py:4180} INFO - Setting next_dagrun for weather_scrape_and_load to 2026-07-10 21:00:00+00:00, run_after=2026-07-10 22:00:00+00:00
[2026-07-10T21:52:25.232+0000] {processor.py:208} INFO - Processing /opt/airflow/dags/weather_scrape_dag.py took 0.172 seconds
[2026-07-10T21:52:55.290+0000] {processor.py:186} INFO - Started process (PID=2754) to work on /opt/airflow/dags/weather_scrape_dag.py
[2026-07-10T21:52:55.291+0000] {processor.py:914} INFO - Processing file /opt/airflow/dags/weather_scrape_dag.py for tasks to queue
[2026-07-10T21:52:55.295+0000] {logging_mixin.py:190} INFO - [2026-07-10T21:52:55.294+0000] {dagbag.py:588} INFO - Filling up the DagBag from /opt/airflow/dags/weather_scrape_dag.py
[2026-07-10T21:52:55.316+0000] {processor.py:925} INFO - DAG(s) 'weather_scrape_and_load' retrieved from /opt/airflow/dags/weather_scrape_dag.py
[2026-07-10T21:52:55.373+0000] {logging_mixin.py:190} INFO - [2026-07-10T21:52:55.373+0000] {dag.py:3239} INFO - Sync 1 DAGs
[2026-07-10T21:52:55.419+0000] {logging_mixin.py:190} INFO - [2026-07-10T21:52:55.418+0000] {dag.py:4180} INFO - Setting next_dagrun for weather_scrape_and_load to 2026-07-10 21:00:00+00:00, run_after=2026-07-10 22:00:00+00:00
[2026-07-10T21:52:55.459+0000] {processor.py:208} INFO - Processing /opt/airflow/dags/weather_scrape_dag.py took 0.181 seconds
[2026-07-10T21:53:25.671+0000] {processor.py:186} INFO - Started process (PID=2759) to work on /opt/airflow/dags/weather_scrape_dag.py
[2026-07-10T21:53:25.680+0000] {processor.py:914} INFO - Processing file /opt/airflow/dags/weather_scrape_dag.py for tasks to queue
[2026-07-10T21:53:25.683+0000] {logging_mixin.py:190} INFO - [2026-07-10T21:53:25.683+0000] {dagbag.py:588} INFO - Filling up the DagBag from /opt/airflow/dags/weather_scrape_dag.py
[2026-07-10T21:53:25.705+0000] {processor.py:925} INFO - DAG(s) 'weather_scrape_and_load' retrieved from /opt/airflow/dags/weather_scrape_dag.py
[2026-07-10T21:53:25.755+0000] {logging_mixin.py:190} INFO - [2026-07-10T21:53:25.754+0000] {dag.py:3239} INFO - Sync 1 DAGs
[2026-07-10T21:53:25.803+0000] {logging_mixin.py:190} INFO - [2026-07-10T21:53:25.803+0000] {dag.py:4180} INFO - Setting next_dagrun for weather_scrape_and_load to 2026-07-10 21:00:00+00:00, run_after=2026-07-10 22:00:00+00:00
[2026-07-10T21:53:25.845+0000] {processor.py:208} INFO - Processing /opt/airflow/dags/weather_scrape_dag.py took 0.186 seconds
[2026-07-10T21:53:56.088+0000] {processor.py:186} INFO - Started process (PID=2764) to work on /opt/airflow/dags/weather_scrape_dag.py
[2026-07-10T21:53:56.089+0000] {processor.py:914} INFO - Processing file /opt/airflow/dags/weather_scrape_dag.py for tasks to queue
[2026-07-10T21:53:56.093+0000] {logging_mixin.py:190} INFO - [2026-07-10T21:53:56.092+0000] {dagbag.py:588} INFO - Filling up the DagBag from /opt/airflow/dags/weather_scrape_dag.py
[2026-07-10T21:53:56.114+0000] {processor.py:925} INFO - DAG(s) 'weather_scrape_and_load' retrieved from /opt/airflow/dags/weather_scrape_dag.py
[2026-07-10T21:53:56.163+0000] {logging_mixin.py:190} INFO - [2026-07-10T21:53:56.163+0000] {dag.py:3239} INFO - Sync 1 DAGs
[2026-07-10T21:53:56.209+0000] {logging_mixin.py:190} INFO - [2026-07-10T21:53:56.208+0000] {dag.py:4180} INFO - Setting next_dagrun for weather_scrape_and_load to 2026-07-10 21:00:00+00:00, run_after=2026-07-10 22:00:00+00:00
[2026-07-10T21:53:56.243+0000] {processor.py:208} INFO - Processing /opt/airflow/dags/weather_scrape_dag.py took 0.166 seconds
[2026-07-10T21:54:26.320+0000] {processor.py:186} INFO - Started process (PID=2769) to work on /opt/airflow/dags/weather_scrape_dag.py
[2026-07-10T21:54:26.329+0000] {processor.py:914} INFO - Processing file /opt/airflow/dags/weather_scrape_dag.py for tasks to queue
[2026-07-10T21:54:26.333+0000] {logging_mixin.py:190} INFO - [2026-07-10T21:54:26.333+0000] {dagbag.py:588} INFO - Filling up the DagBag from /opt/airflow/dags/weather_scrape_dag.py
[2026-07-10T21:54:26.355+0000] {processor.py:925} INFO - DAG(s) 'weather_scrape_and_load' retrieved from /opt/airflow/dags/weather_scrape_dag.py
[2026-07-10T21:54:26.406+0000] {logging_mixin.py:190} INFO - [2026-07-10T21:54:26.405+0000] {dag.py:3239} INFO - Sync 1 DAGs
[2026-07-10T21:54:26.454+0000] {logging_mixin.py:190} INFO - [2026-07-10T21:54:26.453+0000] {dag.py:4180} INFO - Setting next_dagrun for weather_scrape_and_load to 2026-07-10 21:00:00+00:00, run_after=2026-07-10 22:00:00+00:00
[2026-07-10T21:54:26.494+0000] {processor.py:208} INFO - Processing /opt/airflow/dags/weather_scrape_dag.py took 0.185 seconds
[2026-07-10T21:54:56.669+0000] {processor.py:186} INFO - Started process (PID=2774) to work on /opt/airflow/dags/weather_scrape_dag.py
[2026-07-10T21:54:56.671+0000] {processor.py:914} INFO - Processing file /opt/airflow/dags/weather_scrape_dag.py for tasks to queue
[2026-07-10T21:54:56.675+0000] {logging_mixin.py:190} INFO - [2026-07-10T21:54:56.675+0000] {dagbag.py:588} INFO - Filling up the DagBag from /opt/airflow/dags/weather_scrape_dag.py
[2026-07-10T21:54:56.697+0000] {processor.py:925} INFO - DAG(s) 'weather_scrape_and_load' retrieved from /opt/airflow/dags/weather_scrape_dag.py
[2026-07-10T21:54:56.759+0000] {logging_mixin.py:190} INFO - [2026-07-10T21:54:56.758+0000] {dag.py:3239} INFO - Sync 1 DAGs
[2026-07-10T21:54:56.813+0000] {logging_mixin.py:190} INFO - [2026-07-10T21:54:56.813+0000] {dag.py:4180} INFO - Setting next_dagrun for weather_scrape_and_load to 2026-07-10 21:00:00+00:00, run_after=2026-07-10 22:00:00+00:00
[2026-07-10T21:54:56.853+0000] {processor.py:208} INFO - Processing /opt/airflow/dags/weather_scrape_dag.py took 0.195 seconds
[2026-07-10T21:55:26.925+0000] {processor.py:186} INFO - Started process (PID=2779) to work on /opt/airflow/dags/weather_scrape_dag.py
[2026-07-10T21:55:26.933+0000] {processor.py:914} INFO - Processing file /opt/airflow/dags/weather_scrape_dag.py for tasks to queue
[2026-07-10T21:55:26.938+0000] {logging_mixin.py:190} INFO - [2026-07-10T21:55:26.937+0000] {dagbag.py:588} INFO - Filling up the DagBag from /opt/airflow/dags/weather_scrape_dag.py
[2026-07-10T21:55:26.958+0000] {processor.py:925} INFO - DAG(s) 'weather_scrape_and_load' retrieved from /opt/airflow/dags/weather_scrape_dag.py
[2026-07-10T21:55:27.010+0000] {logging_mixin.py:190} INFO - [2026-07-10T21:55:27.010+0000] {dag.py:3239} INFO - Sync 1 DAGs
[2026-07-10T21:55:27.061+0000] {logging_mixin.py:190} INFO - [2026-07-10T21:55:27.060+0000] {dag.py:4180} INFO - Setting next_dagrun for weather_scrape_and_load to 2026-07-10 21:00:00+00:00, run_after=2026-07-10 22:00:00+00:00
[2026-07-10T21:55:27.095+0000] {processor.py:208} INFO - Processing /opt/airflow/dags/weather_scrape_dag.py took 0.181 seconds
[2026-07-10T21:55:57.279+0000] {processor.py:186} INFO - Started process (PID=2784) to work on /opt/airflow/dags/weather_scrape_dag.py
[2026-07-10T21:55:57.280+0000] {processor.py:914} INFO - Processing file /opt/airflow/dags/weather_scrape_dag.py for tasks to queue
[2026-07-10T21:55:57.285+0000] {logging_mixin.py:190} INFO - [2026-07-10T21:55:57.284+0000] {dagbag.py:588} INFO - Filling up the DagBag from /opt/airflow/dags/weather_scrape_dag.py
[2026-07-10T21:55:57.306+0000] {processor.py:925} INFO - DAG(s) 'weather_scrape_and_load' retrieved from /opt/airflow/dags/weather_scrape_dag.py
[2026-07-10T21:55:57.354+0000] {logging_mixin.py:190} INFO - [2026-07-10T21:55:57.354+0000] {dag.py:3239} INFO - Sync 1 DAGs
[2026-07-10T21:55:57.401+0000] {logging_mixin.py:190} INFO - [2026-07-10T21:55:57.401+0000] {dag.py:4180} INFO - Setting next_dagrun for weather_scrape_and_load to 2026-07-10 21:00:00+00:00, run_after=2026-07-10 22:00:00+00:00
[2026-07-10T21:55:57.443+0000] {processor.py:208} INFO - Processing /opt/airflow/dags/weather_scrape_dag.py took 0.175 seconds
[2026-07-10T21:56:27.524+0000] {processor.py:186} INFO - Started process (PID=2789) to work on /opt/airflow/dags/weather_scrape_dag.py
[2026-07-10T21:56:27.528+0000] {processor.py:914} INFO - Processing file /opt/airflow/dags/weather_scrape_dag.py for tasks to queue
[2026-07-10T21:56:27.532+0000] {logging_mixin.py:190} INFO - [2026-07-10T21:56:27.531+0000] {dagbag.py:588} INFO - Filling up the DagBag from /opt/airflow/dags/weather_scrape_dag.py
[2026-07-10T21:56:27.553+0000] {processor.py:925} INFO - DAG(s) 'weather_scrape_and_load' retrieved from /opt/airflow/dags/weather_scrape_dag.py
[2026-07-10T21:56:27.601+0000] {logging_mixin.py:190} INFO - [2026-07-10T21:56:27.601+0000] {dag.py:3239} INFO - Sync 1 DAGs
[2026-07-10T21:56:27.648+0000] {logging_mixin.py:190} INFO - [2026-07-10T21:56:27.647+0000] {dag.py:4180} INFO - Setting next_dagrun for weather_scrape_and_load to 2026-07-10 21:00:00+00:00, run_after=2026-07-10 22:00:00+00:00
[2026-07-10T21:56:27.689+0000] {processor.py:208} INFO - Processing /opt/airflow/dags/weather_scrape_dag.py took 0.177 seconds
[2026-07-10T21:56:57.883+0000] {processor.py:186} INFO - Started process (PID=2794) to work on /opt/airflow/dags/weather_scrape_dag.py
[2026-07-10T21:56:57.884+0000] {processor.py:914} INFO - Processing file /opt/airflow/dags/weather_scrape_dag.py for tasks to queue
[2026-07-10T21:56:57.888+0000] {logging_mixin.py:190} INFO - [2026-07-10T21:56:57.887+0000] {dagbag.py:588} INFO - Filling up the DagBag from /opt/airflow/dags/weather_scrape_dag.py
[2026-07-10T21:56:57.909+0000] {processor.py:925} INFO - DAG(s) 'weather_scrape_and_load' retrieved from /opt/airflow/dags/weather_scrape_dag.py
[2026-07-10T21:56:57.967+0000] {logging_mixin.py:190} INFO - [2026-07-10T21:56:57.966+0000] {dag.py:3239} INFO - Sync 1 DAGs
[2026-07-10T21:56:58.021+0000] {logging_mixin.py:190} INFO - [2026-07-10T21:56:58.021+0000] {dag.py:4180} INFO - Setting next_dagrun for weather_scrape_and_load to 2026-07-10 21:00:00+00:00, run_after=2026-07-10 22:00:00+00:00
[2026-07-10T21:56:58.064+0000] {processor.py:208} INFO - Processing /opt/airflow/dags/weather_scrape_dag.py took 0.194 seconds
[2026-07-10T21:57:28.124+0000] {processor.py:186} INFO - Started process (PID=2799) to work on /opt/airflow/dags/weather_scrape_dag.py
[2026-07-10T21:57:28.125+0000] {processor.py:914} INFO - Processing file /opt/airflow/dags/weather_scrape_dag.py for tasks to queue
[2026-07-10T21:57:28.130+0000] {logging_mixin.py:190} INFO - [2026-07-10T21:57:28.129+0000] {dagbag.py:588} INFO - Filling up the DagBag from /opt/airflow/dags/weather_scrape_dag.py
[2026-07-10T21:57:28.151+0000] {processor.py:925} INFO - DAG(s) 'weather_scrape_and_load' retrieved from /opt/airflow/dags/weather_scrape_dag.py
[2026-07-10T21:57:28.199+0000] {logging_mixin.py:190} INFO - [2026-07-10T21:57:28.199+0000] {dag.py:3239} INFO - Sync 1 DAGs
[2026-07-10T21:57:28.245+0000] {logging_mixin.py:190} INFO - [2026-07-10T21:57:28.245+0000] {dag.py:4180} INFO - Setting next_dagrun for weather_scrape_and_load to 2026-07-10 21:00:00+00:00, run_after=2026-07-10 22:00:00+00:00
[2026-07-10T21:57:28.286+0000] {processor.py:208} INFO - Processing /opt/airflow/dags/weather_scrape_dag.py took 0.177 seconds
[2026-07-10T21:57:58.490+0000] {processor.py:186} INFO - Started process (PID=2804) to work on /opt/airflow/dags/weather_scrape_dag.py
[2026-07-10T21:57:58.491+0000] {processor.py:914} INFO - Processing file /opt/airflow/dags/weather_scrape_dag.py for tasks to queue
[2026-07-10T21:57:58.494+0000] {logging_mixin.py:190} INFO - [2026-07-10T21:57:58.494+0000] {dagbag.py:588} INFO - Filling up the DagBag from /opt/airflow/dags/weather_scrape_dag.py
[2026-07-10T21:57:58.516+0000] {processor.py:925} INFO - DAG(s) 'weather_scrape_and_load' retrieved from /opt/airflow/dags/weather_scrape_dag.py
[2026-07-10T21:57:58.564+0000] {logging_mixin.py:190} INFO - [2026-07-10T21:57:58.564+0000] {dag.py:3239} INFO - Sync 1 DAGs
[2026-07-10T21:57:58.610+0000] {logging_mixin.py:190} INFO - [2026-07-10T21:57:58.609+0000] {dag.py:4180} INFO - Setting next_dagrun for weather_scrape_and_load to 2026-07-10 21:00:00+00:00, run_after=2026-07-10 22:00:00+00:00
[2026-07-10T21:57:58.649+0000] {processor.py:208} INFO - Processing /opt/airflow/dags/weather_scrape_dag.py took 0.171 seconds
[2026-07-10T21:58:28.713+0000] {processor.py:186} INFO - Started process (PID=2809) to work on /opt/airflow/dags/weather_scrape_dag.py
[2026-07-10T21:58:28.722+0000] {processor.py:914} INFO - Processing file /opt/airflow/dags/weather_scrape_dag.py for tasks to queue
[2026-07-10T21:58:28.726+0000] {logging_mixin.py:190} INFO - [2026-07-10T21:58:28.725+0000] {dagbag.py:588} INFO - Filling up the DagBag from /opt/airflow/dags/weather_scrape_dag.py
[2026-07-10T21:58:28.747+0000] {processor.py:925} INFO - DAG(s) 'weather_scrape_and_load' retrieved from /opt/airflow/dags/weather_scrape_dag.py
[2026-07-10T21:58:28.797+0000] {logging_mixin.py:190} INFO - [2026-07-10T21:58:28.797+0000] {dag.py:3239} INFO - Sync 1 DAGs
[2026-07-10T21:58:28.843+0000] {logging_mixin.py:190} INFO - [2026-07-10T21:58:28.843+0000] {dag.py:4180} INFO - Setting next_dagrun for weather_scrape_and_load to 2026-07-10 21:00:00+00:00, run_after=2026-07-10 22:00:00+00:00
[2026-07-10T21:58:28.886+0000] {processor.py:208} INFO - Processing /opt/airflow/dags/weather_scrape_dag.py took 0.183 seconds
[2026-07-10T21:58:59.083+0000] {processor.py:186} INFO - Started process (PID=2814) to work on /opt/airflow/dags/weather_scrape_dag.py
[2026-07-10T21:58:59.084+0000] {processor.py:914} INFO - Processing file /opt/airflow/dags/weather_scrape_dag.py for tasks to queue
[2026-07-10T21:58:59.088+0000] {logging_mixin.py:190} INFO - [2026-07-10T21:58:59.087+0000] {dagbag.py:588} INFO - Filling up the DagBag from /opt/airflow/dags/weather_scrape_dag.py
[2026-07-10T21:58:59.110+0000] {processor.py:925} INFO - DAG(s) 'weather_scrape_and_load' retrieved from /opt/airflow/dags/weather_scrape_dag.py
[2026-07-10T21:58:59.158+0000] {logging_mixin.py:190} INFO - [2026-07-10T21:58:59.157+0000] {dag.py:3239} INFO - Sync 1 DAGs
[2026-07-10T21:58:59.205+0000] {logging_mixin.py:190} INFO - [2026-07-10T21:58:59.204+0000] {dag.py:4180} INFO - Setting next_dagrun for weather_scrape_and_load to 2026-07-10 21:00:00+00:00, run_after=2026-07-10 22:00:00+00:00
[2026-07-10T21:58:59.246+0000] {processor.py:208} INFO - Processing /opt/airflow/dags/weather_scrape_dag.py took 0.173 seconds
[2026-07-10T21:59:29.318+0000] {processor.py:186} INFO - Started process (PID=2819) to work on /opt/airflow/dags/weather_scrape_dag.py
[2026-07-10T21:59:29.328+0000] {processor.py:914} INFO - Processing file /opt/airflow/dags/weather_scrape_dag.py for tasks to queue
[2026-07-10T21:59:29.334+0000] {logging_mixin.py:190} INFO - [2026-07-10T21:59:29.333+0000] {dagbag.py:588} INFO - Filling up the DagBag from /opt/airflow/dags/weather_scrape_dag.py
[2026-07-10T21:59:29.359+0000] {processor.py:925} INFO - DAG(s) 'weather_scrape_and_load' retrieved from /opt/airflow/dags/weather_scrape_dag.py
[2026-07-10T21:59:29.408+0000] {logging_mixin.py:190} INFO - [2026-07-10T21:59:29.408+0000] {dag.py:3239} INFO - Sync 1 DAGs
[2026-07-10T21:59:29.455+0000] {logging_mixin.py:190} INFO - [2026-07-10T21:59:29.455+0000] {dag.py:4180} INFO - Setting next_dagrun for weather_scrape_and_load to 2026-07-10 21:00:00+00:00, run_after=2026-07-10 22:00:00+00:00
[2026-07-10T21:59:29.497+0000] {processor.py:208} INFO - Processing /opt/airflow/dags/weather_scrape_dag.py took 0.191 seconds
[2026-07-10T21:59:59.688+0000] {processor.py:186} INFO - Started process (PID=2824) to work on /opt/airflow/dags/weather_scrape_dag.py
[2026-07-10T21:59:59.689+0000] {processor.py:914} INFO - Processing file /opt/airflow/dags/weather_scrape_dag.py for tasks to queue
[2026-07-10T21:59:59.693+0000] {logging_mixin.py:190} INFO - [2026-07-10T21:59:59.692+0000] {dagbag.py:588} INFO - Filling up the DagBag from /opt/airflow/dags/weather_scrape_dag.py
[2026-07-10T21:59:59.716+0000] {processor.py:925} INFO - DAG(s) 'weather_scrape_and_load' retrieved from /opt/airflow/dags/weather_scrape_dag.py
[2026-07-10T21:59:59.763+0000] {logging_mixin.py:190} INFO - [2026-07-10T21:59:59.763+0000] {dag.py:3239} INFO - Sync 1 DAGs
[2026-07-10T21:59:59.812+0000] {logging_mixin.py:190} INFO - [2026-07-10T21:59:59.811+0000] {dag.py:4180} INFO - Setting next_dagrun for weather_scrape_and_load to 2026-07-10 21:00:00+00:00, run_after=2026-07-10 22:00:00+00:00
[2026-07-10T21:59:59.844+0000] {processor.py:208} INFO - Processing /opt/airflow/dags/weather_scrape_dag.py took 0.167 seconds
[2026-07-10T22:00:29.942+0000] {processor.py:186} INFO - Started process (PID=2845) to work on /opt/airflow/dags/weather_scrape_dag.py
[2026-07-10T22:00:29.943+0000] {processor.py:914} INFO - Processing file /opt/airflow/dags/weather_scrape_dag.py for tasks to queue
[2026-07-10T22:00:29.947+0000] {logging_mixin.py:190} INFO - [2026-07-10T22:00:29.946+0000] {dagbag.py:588} INFO - Filling up the DagBag from /opt/airflow/dags/weather_scrape_dag.py
[2026-07-10T22:00:29.968+0000] {processor.py:925} INFO - DAG(s) 'weather_scrape_and_load' retrieved from /opt/airflow/dags/weather_scrape_dag.py
[2026-07-10T22:00:30.018+0000] {logging_mixin.py:190} INFO - [2026-07-10T22:00:30.017+0000] {dag.py:3239} INFO - Sync 1 DAGs
[2026-07-10T22:00:30.072+0000] {logging_mixin.py:190} INFO - [2026-07-10T22:00:30.072+0000] {dag.py:4180} INFO - Setting next_dagrun for weather_scrape_and_load to 2026-07-10 22:00:00+00:00, run_after=2026-07-10 23:00:00+00:00
[2026-07-10T22:00:30.108+0000] {processor.py:208} INFO - Processing /opt/airflow/dags/weather_scrape_dag.py took 0.178 seconds
[2026-07-10T22:01:00.278+0000] {processor.py:186} INFO - Started process (PID=2850) to work on /opt/airflow/dags/weather_scrape_dag.py
[2026-07-10T22:01:00.279+0000] {processor.py:914} INFO - Processing file /opt/airflow/dags/weather_scrape_dag.py for tasks to queue
[2026-07-10T22:01:00.282+0000] {logging_mixin.py:190} INFO - [2026-07-10T22:01:00.282+0000] {dagbag.py:588} INFO - Filling up the DagBag from /opt/airflow/dags/weather_scrape_dag.py
[2026-07-10T22:01:00.303+0000] {processor.py:925} INFO - DAG(s) 'weather_scrape_and_load' retrieved from /opt/airflow/dags/weather_scrape_dag.py
[2026-07-10T22:01:00.350+0000] {logging_mixin.py:190} INFO - [2026-07-10T22:01:00.350+0000] {dag.py:3239} INFO - Sync 1 DAGs
[2026-07-10T22:01:00.396+0000] {logging_mixin.py:190} INFO - [2026-07-10T22:01:00.395+0000] {dag.py:4180} INFO - Setting next_dagrun for weather_scrape_and_load to 2026-07-10 22:00:00+00:00, run_after=2026-07-10 23:00:00+00:00
[2026-07-10T22:01:00.436+0000] {processor.py:208} INFO - Processing /opt/airflow/dags/weather_scrape_dag.py took 0.170 seconds
[2026-07-10T22:01:30.547+0000] {processor.py:186} INFO - Started process (PID=2855) to work on /opt/airflow/dags/weather_scrape_dag.py
[2026-07-10T22:01:30.549+0000] {processor.py:914} INFO - Processing file /opt/airflow/dags/weather_scrape_dag.py for tasks to queue
[2026-07-10T22:01:30.553+0000] {logging_mixin.py:190} INFO - [2026-07-10T22:01:30.552+0000] {dagbag.py:588} INFO - Filling up the DagBag from /opt/airflow/dags/weather_scrape_dag.py
[2026-07-10T22:01:30.579+0000] {processor.py:925} INFO - DAG(s) 'weather_scrape_and_load' retrieved from /opt/airflow/dags/weather_scrape_dag.py
[2026-07-10T22:01:30.634+0000] {logging_mixin.py:190} INFO - [2026-07-10T22:01:30.633+0000] {dag.py:3239} INFO - Sync 1 DAGs
[2026-07-10T22:01:30.689+0000] {logging_mixin.py:190} INFO - [2026-07-10T22:01:30.689+0000] {dag.py:4180} INFO - Setting next_dagrun for weather_scrape_and_load to 2026-07-10 22:00:00+00:00, run_after=2026-07-10 23:00:00+00:00
[2026-07-10T22:01:30.733+0000] {processor.py:208} INFO - Processing /opt/airflow/dags/weather_scrape_dag.py took 0.201 seconds
[2026-07-10T22:02:00.871+0000] {processor.py:186} INFO - Started process (PID=2860) to work on /opt/airflow/dags/weather_scrape_dag.py
[2026-07-10T22:02:00.879+0000] {processor.py:914} INFO - Processing file /opt/airflow/dags/weather_scrape_dag.py for tasks to queue
[2026-07-10T22:02:00.883+0000] {logging_mixin.py:190} INFO - [2026-07-10T22:02:00.882+0000] {dagbag.py:588} INFO - Filling up the DagBag from /opt/airflow/dags/weather_scrape_dag.py
[2026-07-10T22:02:00.904+0000] {processor.py:925} INFO - DAG(s) 'weather_scrape_and_load' retrieved from /opt/airflow/dags/weather_scrape_dag.py
[2026-07-10T22:02:00.953+0000] {logging_mixin.py:190} INFO - [2026-07-10T22:02:00.952+0000] {dag.py:3239} INFO - Sync 1 DAGs
[2026-07-10T22:02:00.998+0000] {logging_mixin.py:190} INFO - [2026-07-10T22:02:00.998+0000] {dag.py:4180} INFO - Setting next_dagrun for weather_scrape_and_load to 2026-07-10 22:00:00+00:00, run_after=2026-07-10 23:00:00+00:00
[2026-07-10T22:02:01.038+0000] {processor.py:208} INFO - Processing /opt/airflow/dags/weather_scrape_dag.py took 0.179 seconds
[2026-07-10T22:02:31.173+0000] {processor.py:186} INFO - Started process (PID=2865) to work on /opt/airflow/dags/weather_scrape_dag.py
[2026-07-10T22:02:31.174+0000] {processor.py:914} INFO - Processing file /opt/airflow/dags/weather_scrape_dag.py for tasks to queue
[2026-07-10T22:02:31.178+0000] {logging_mixin.py:190} INFO - [2026-07-10T22:02:31.177+0000] {dagbag.py:588} INFO - Filling up the DagBag from /opt/airflow/dags/weather_scrape_dag.py
[2026-07-10T22:02:31.198+0000] {processor.py:925} INFO - DAG(s) 'weather_scrape_and_load' retrieved from /opt/airflow/dags/weather_scrape_dag.py
[2026-07-10T22:02:31.247+0000] {logging_mixin.py:190} INFO - [2026-07-10T22:02:31.246+0000] {dag.py:3239} INFO - Sync 1 DAGs
[2026-07-10T22:02:31.295+0000] {logging_mixin.py:190} INFO - [2026-07-10T22:02:31.294+0000] {dag.py:4180} INFO - Setting next_dagrun for weather_scrape_and_load to 2026-07-10 22:00:00+00:00, run_after=2026-07-10 23:00:00+00:00
[2026-07-10T22:02:31.337+0000] {processor.py:208} INFO - Processing /opt/airflow/dags/weather_scrape_dag.py took 0.175 seconds
[2026-07-10T22:03:01.470+0000] {processor.py:186} INFO - Started process (PID=2870) to work on /opt/airflow/dags/weather_scrape_dag.py
[2026-07-10T22:03:01.479+0000] {processor.py:914} INFO - Processing file /opt/airflow/dags/weather_scrape_dag.py for tasks to queue
[2026-07-10T22:03:01.482+0000] {logging_mixin.py:190} INFO - [2026-07-10T22:03:01.482+0000] {dagbag.py:588} INFO - Filling up the DagBag from /opt/airflow/dags/weather_scrape_dag.py
[2026-07-10T22:03:01.504+0000] {processor.py:925} INFO - DAG(s) 'weather_scrape_and_load' retrieved from /opt/airflow/dags/weather_scrape_dag.py
[2026-07-10T22:03:01.553+0000] {logging_mixin.py:190} INFO - [2026-07-10T22:03:01.552+0000] {dag.py:3239} INFO - Sync 1 DAGs
[2026-07-10T22:03:01.602+0000] {logging_mixin.py:190} INFO - [2026-07-10T22:03:01.602+0000] {dag.py:4180} INFO - Setting next_dagrun for weather_scrape_and_load to 2026-07-10 22:00:00+00:00, run_after=2026-07-10 23:00:00+00:00
[2026-07-10T22:03:01.635+0000] {processor.py:208} INFO - Processing /opt/airflow/dags/weather_scrape_dag.py took 0.176 seconds
[2026-07-10T22:03:31.778+0000] {processor.py:186} INFO - Started process (PID=2875) to work on /opt/airflow/dags/weather_scrape_dag.py
[2026-07-10T22:03:31.779+0000] {processor.py:914} INFO - Processing file /opt/airflow/dags/weather_scrape_dag.py for tasks to queue
[2026-07-10T22:03:31.783+0000] {logging_mixin.py:190} INFO - [2026-07-10T22:03:31.782+0000] {dagbag.py:588} INFO - Filling up the DagBag from /opt/airflow/dags/weather_scrape_dag.py
[2026-07-10T22:03:31.809+0000] {processor.py:925} INFO - DAG(s) 'weather_scrape_and_load' retrieved from /opt/airflow/dags/weather_scrape_dag.py
[2026-07-10T22:03:31.866+0000] {logging_mixin.py:190} INFO - [2026-07-10T22:03:31.865+0000] {dag.py:3239} INFO - Sync 1 DAGs
[2026-07-10T22:03:31.913+0000] {logging_mixin.py:190} INFO - [2026-07-10T22:03:31.912+0000] {dag.py:4180} INFO - Setting next_dagrun for weather_scrape_and_load to 2026-07-10 22:00:00+00:00, run_after=2026-07-10 23:00:00+00:00
[2026-07-10T22:03:31.954+0000] {processor.py:208} INFO - Processing /opt/airflow/dags/weather_scrape_dag.py took 0.191 seconds
[2026-07-10T22:04:02.066+0000] {processor.py:186} INFO - Started process (PID=2880) to work on /opt/airflow/dags/weather_scrape_dag.py
[2026-07-10T22:04:02.075+0000] {processor.py:914} INFO - Processing file /opt/airflow/dags/weather_scrape_dag.py for tasks to queue
[2026-07-10T22:04:02.080+0000] {logging_mixin.py:190} INFO - [2026-07-10T22:04:02.080+0000] {dagbag.py:588} INFO - Filling up the DagBag from /opt/airflow/dags/weather_scrape_dag.py
[2026-07-10T22:04:02.104+0000] {processor.py:925} INFO - DAG(s) 'weather_scrape_and_load' retrieved from /opt/airflow/dags/weather_scrape_dag.py
[2026-07-10T22:04:02.161+0000] {logging_mixin.py:190} INFO - [2026-07-10T22:04:02.160+0000] {dag.py:3239} INFO - Sync 1 DAGs
[2026-07-10T22:04:02.215+0000] {logging_mixin.py:190} INFO - [2026-07-10T22:04:02.214+0000] {dag.py:4180} INFO - Setting next_dagrun for weather_scrape_and_load to 2026-07-10 22:00:00+00:00, run_after=2026-07-10 23:00:00+00:00
[2026-07-10T22:04:02.260+0000] {processor.py:208} INFO - Processing /opt/airflow/dags/weather_scrape_dag.py took 0.209 seconds
[2026-07-10T22:04:32.400+0000] {processor.py:186} INFO - Started process (PID=2885) to work on /opt/airflow/dags/weather_scrape_dag.py
[2026-07-10T22:04:32.401+0000] {processor.py:914} INFO - Processing file /opt/airflow/dags/weather_scrape_dag.py for tasks to queue
[2026-07-10T22:04:32.407+0000] {logging_mixin.py:190} INFO - [2026-07-10T22:04:32.406+0000] {dagbag.py:588} INFO - Filling up the DagBag from /opt/airflow/dags/weather_scrape_dag.py
[2026-07-10T22:04:32.428+0000] {processor.py:925} INFO - DAG(s) 'weather_scrape_and_load' retrieved from /opt/airflow/dags/weather_scrape_dag.py
[2026-07-10T22:04:32.478+0000] {logging_mixin.py:190} INFO - [2026-07-10T22:04:32.477+0000] {dag.py:3239} INFO - Sync 1 DAGs
[2026-07-10T22:04:32.525+0000] {logging_mixin.py:190} INFO - [2026-07-10T22:04:32.524+0000] {dag.py:4180} INFO - Setting next_dagrun for weather_scrape_and_load to 2026-07-10 22:00:00+00:00, run_after=2026-07-10 23:00:00+00:00
[2026-07-10T22:04:32.565+0000] {processor.py:208} INFO - Processing /opt/airflow/dags/weather_scrape_dag.py took 0.175 seconds
[2026-07-10T22:05:02.704+0000] {processor.py:186} INFO - Started process (PID=2890) to work on /opt/airflow/dags/weather_scrape_dag.py
[2026-07-10T22:05:02.713+0000] {processor.py:914} INFO - Processing file /opt/airflow/dags/weather_scrape_dag.py for tasks to queue
[2026-07-10T22:05:02.716+0000] {logging_mixin.py:190} INFO - [2026-07-10T22:05:02.716+0000] {dagbag.py:588} INFO - Filling up the DagBag from /opt/airflow/dags/weather_scrape_dag.py
[2026-07-10T22:05:02.738+0000] {processor.py:925} INFO - DAG(s) 'weather_scrape_and_load' retrieved from /opt/airflow/dags/weather_scrape_dag.py
[2026-07-10T22:05:02.786+0000] {logging_mixin.py:190} INFO - [2026-07-10T22:05:02.785+0000] {dag.py:3239} INFO - Sync 1 DAGs
[2026-07-10T22:05:02.833+0000] {logging_mixin.py:190} INFO - [2026-07-10T22:05:02.833+0000] {dag.py:4180} INFO - Setting next_dagrun for weather_scrape_and_load to 2026-07-10 22:00:00+00:00, run_after=2026-07-10 23:00:00+00:00
[2026-07-10T22:05:02.873+0000] {processor.py:208} INFO - Processing /opt/airflow/dags/weather_scrape_dag.py took 0.182 seconds
[2026-07-10T22:05:33.020+0000] {processor.py:186} INFO - Started process (PID=2895) to work on /opt/airflow/dags/weather_scrape_dag.py
[2026-07-10T22:05:33.021+0000] {processor.py:914} INFO - Processing file /opt/airflow/dags/weather_scrape_dag.py for tasks to queue
[2026-07-10T22:05:33.025+0000] {logging_mixin.py:190} INFO - [2026-07-10T22:05:33.024+0000] {dagbag.py:588} INFO - Filling up the DagBag from /opt/airflow/dags/weather_scrape_dag.py
[2026-07-10T22:05:33.045+0000] {processor.py:925} INFO - DAG(s) 'weather_scrape_and_load' retrieved from /opt/airflow/dags/weather_scrape_dag.py
[2026-07-10T22:05:33.095+0000] {logging_mixin.py:190} INFO - [2026-07-10T22:05:33.094+0000] {dag.py:3239} INFO - Sync 1 DAGs
[2026-07-10T22:05:33.141+0000] {logging_mixin.py:190} INFO - [2026-07-10T22:05:33.141+0000] {dag.py:4180} INFO - Setting next_dagrun for weather_scrape_and_load to 2026-07-10 22:00:00+00:00, run_after=2026-07-10 23:00:00+00:00
[2026-07-10T22:05:33.175+0000] {processor.py:208} INFO - Processing /opt/airflow/dags/weather_scrape_dag.py took 0.167 seconds
[2026-07-10T22:06:03.308+0000] {processor.py:186} INFO - Started process (PID=2900) to work on /opt/airflow/dags/weather_scrape_dag.py
[2026-07-10T22:06:03.316+0000] {processor.py:914} INFO - Processing file /opt/airflow/dags/weather_scrape_dag.py for tasks to queue
[2026-07-10T22:06:03.320+0000] {logging_mixin.py:190} INFO - [2026-07-10T22:06:03.320+0000] {dagbag.py:588} INFO - Filling up the DagBag from /opt/airflow/dags/weather_scrape_dag.py
[2026-07-10T22:06:03.342+0000] {processor.py:925} INFO - DAG(s) 'weather_scrape_and_load' retrieved from /opt/airflow/dags/weather_scrape_dag.py
[2026-07-10T22:06:03.392+0000] {logging_mixin.py:190} INFO - [2026-07-10T22:06:03.391+0000] {dag.py:3239} INFO - Sync 1 DAGs
[2026-07-10T22:06:03.443+0000] {logging_mixin.py:190} INFO - [2026-07-10T22:06:03.443+0000] {dag.py:4180} INFO - Setting next_dagrun for weather_scrape_and_load to 2026-07-10 22:00:00+00:00, run_after=2026-07-10 23:00:00+00:00
[2026-07-10T22:06:03.476+0000] {processor.py:208} INFO - Processing /opt/airflow/dags/weather_scrape_dag.py took 0.180 seconds
[2026-07-10T22:06:33.604+0000] {processor.py:186} INFO - Started process (PID=2905) to work on /opt/airflow/dags/weather_scrape_dag.py
[2026-07-10T22:06:33.613+0000] {processor.py:914} INFO - Processing file /opt/airflow/dags/weather_scrape_dag.py for tasks to queue
[2026-07-10T22:06:33.617+0000] {logging_mixin.py:190} INFO - [2026-07-10T22:06:33.616+0000] {dagbag.py:588} INFO - Filling up the DagBag from /opt/airflow/dags/weather_scrape_dag.py
[2026-07-10T22:06:33.638+0000] {processor.py:925} INFO - DAG(s) 'weather_scrape_and_load' retrieved from /opt/airflow/dags/weather_scrape_dag.py
[2026-07-10T22:06:33.687+0000] {logging_mixin.py:190} INFO - [2026-07-10T22:06:33.686+0000] {dag.py:3239} INFO - Sync 1 DAGs
[2026-07-10T22:06:33.733+0000] {logging_mixin.py:190} INFO - [2026-07-10T22:06:33.733+0000] {dag.py:4180} INFO - Setting next_dagrun for weather_scrape_and_load to 2026-07-10 22:00:00+00:00, run_after=2026-07-10 23:00:00+00:00
[2026-07-10T22:06:33.773+0000] {processor.py:208} INFO - Processing /opt/airflow/dags/weather_scrape_dag.py took 0.180 seconds
[2026-07-10T22:07:03.914+0000] {processor.py:186} INFO - Started process (PID=2910) to work on /opt/airflow/dags/weather_scrape_dag.py
[2026-07-10T22:07:03.915+0000] {processor.py:914} INFO - Processing file /opt/airflow/dags/weather_scrape_dag.py for tasks to queue
[2026-07-10T22:07:03.919+0000] {logging_mixin.py:190} INFO - [2026-07-10T22:07:03.918+0000] {dagbag.py:588} INFO - Filling up the DagBag from /opt/airflow/dags/weather_scrape_dag.py
[2026-07-10T22:07:03.940+0000] {processor.py:925} INFO - DAG(s) 'weather_scrape_and_load' retrieved from /opt/airflow/dags/weather_scrape_dag.py
[2026-07-10T22:07:03.988+0000] {logging_mixin.py:190} INFO - [2026-07-10T22:07:03.988+0000] {dag.py:3239} INFO - Sync 1 DAGs
[2026-07-10T22:07:04.035+0000] {logging_mixin.py:190} INFO - [2026-07-10T22:07:04.034+0000] {dag.py:4180} INFO - Setting next_dagrun for weather_scrape_and_load to 2026-07-10 22:00:00+00:00, run_after=2026-07-10 23:00:00+00:00
[2026-07-10T22:07:04.079+0000] {processor.py:208} INFO - Processing /opt/airflow/dags/weather_scrape_dag.py took 0.176 seconds
[2026-07-10T22:07:34.211+0000] {processor.py:186} INFO - Started process (PID=2915) to work on /opt/airflow/dags/weather_scrape_dag.py
[2026-07-10T22:07:34.212+0000] {processor.py:914} INFO - Processing file /opt/airflow/dags/weather_scrape_dag.py for tasks to queue
[2026-07-10T22:07:34.215+0000] {logging_mixin.py:190} INFO - [2026-07-10T22:07:34.215+0000] {dagbag.py:588} INFO - Filling up the DagBag from /opt/airflow/dags/weather_scrape_dag.py
[2026-07-10T22:07:34.237+0000] {processor.py:925} INFO - DAG(s) 'weather_scrape_and_load' retrieved from /opt/airflow/dags/weather_scrape_dag.py
[2026-07-10T22:07:34.289+0000] {logging_mixin.py:190} INFO - [2026-07-10T22:07:34.288+0000] {dag.py:3239} INFO - Sync 1 DAGs
[2026-07-10T22:07:34.335+0000] {logging_mixin.py:190} INFO - [2026-07-10T22:07:34.335+0000] {dag.py:4180} INFO - Setting next_dagrun for weather_scrape_and_load to 2026-07-10 22:00:00+00:00, run_after=2026-07-10 23:00:00+00:00
[2026-07-10T22:07:34.377+0000] {processor.py:208} INFO - Processing /opt/airflow/dags/weather_scrape_dag.py took 0.178 seconds
[2026-07-10T22:08:04.518+0000] {processor.py:186} INFO - Started process (PID=2920) to work on /opt/airflow/dags/weather_scrape_dag.py
[2026-07-10T22:08:04.519+0000] {processor.py:914} INFO - Processing file /opt/airflow/dags/weather_scrape_dag.py for tasks to queue
[2026-07-10T22:08:04.524+0000] {logging_mixin.py:190} INFO - [2026-07-10T22:08:04.523+0000] {dagbag.py:588} INFO - Filling up the DagBag from /opt/airflow/dags/weather_scrape_dag.py
[2026-07-10T22:08:04.544+0000] {processor.py:925} INFO - DAG(s) 'weather_scrape_and_load' retrieved from /opt/airflow/dags/weather_scrape_dag.py
[2026-07-10T22:08:04.597+0000] {logging_mixin.py:190} INFO - [2026-07-10T22:08:04.597+0000] {dag.py:3239} INFO - Sync 1 DAGs
[2026-07-10T22:08:04.647+0000] {logging_mixin.py:190} INFO - [2026-07-10T22:08:04.647+0000] {dag.py:4180} INFO - Setting next_dagrun for weather_scrape_and_load to 2026-07-10 22:00:00+00:00, run_after=2026-07-10 23:00:00+00:00
[2026-07-10T22:08:04.684+0000] {processor.py:208} INFO - Processing /opt/airflow/dags/weather_scrape_dag.py took 0.177 seconds
[2026-07-10T22:08:34.825+0000] {processor.py:186} INFO - Started process (PID=2925) to work on /opt/airflow/dags/weather_scrape_dag.py
[2026-07-10T22:08:34.834+0000] {processor.py:914} INFO - Processing file /opt/airflow/dags/weather_scrape_dag.py for tasks to queue
[2026-07-10T22:08:34.838+0000] {logging_mixin.py:190} INFO - [2026-07-10T22:08:34.837+0000] {dagbag.py:588} INFO - Filling up the DagBag from /opt/airflow/dags/weather_scrape_dag.py
[2026-07-10T22:08:34.859+0000] {processor.py:925} INFO - DAG(s) 'weather_scrape_and_load' retrieved from /opt/airflow/dags/weather_scrape_dag.py
[2026-07-10T22:08:34.909+0000] {logging_mixin.py:190} INFO - [2026-07-10T22:08:34.909+0000] {dag.py:3239} INFO - Sync 1 DAGs
[2026-07-10T22:08:34.957+0000] {logging_mixin.py:190} INFO - [2026-07-10T22:08:34.957+0000] {dag.py:4180} INFO - Setting next_dagrun for weather_scrape_and_load to 2026-07-10 22:00:00+00:00, run_after=2026-07-10 23:00:00+00:00
[2026-07-10T22:08:35.002+0000] {processor.py:208} INFO - Processing /opt/airflow/dags/weather_scrape_dag.py took 0.188 seconds
[2026-07-10T22:09:05.114+0000] {processor.py:186} INFO - Started process (PID=2930) to work on /opt/airflow/dags/weather_scrape_dag.py
[2026-07-10T22:09:05.116+0000] {processor.py:914} INFO - Processing file /opt/airflow/dags/weather_scrape_dag.py for tasks to queue
[2026-07-10T22:09:05.120+0000] {logging_mixin.py:190} INFO - [2026-07-10T22:09:05.120+0000] {dagbag.py:588} INFO - Filling up the DagBag from /opt/airflow/dags/weather_scrape_dag.py
[2026-07-10T22:09:05.141+0000] {processor.py:925} INFO - DAG(s) 'weather_scrape_and_load' retrieved from /opt/airflow/dags/weather_scrape_dag.py
[2026-07-10T22:09:05.197+0000] {logging_mixin.py:190} INFO - [2026-07-10T22:09:05.196+0000] {dag.py:3239} INFO - Sync 1 DAGs
[2026-07-10T22:09:05.253+0000] {logging_mixin.py:190} INFO - [2026-07-10T22:09:05.253+0000] {dag.py:4180} INFO - Setting next_dagrun for weather_scrape_and_load to 2026-07-10 22:00:00+00:00, run_after=2026-07-10 23:00:00+00:00
[2026-07-10T22:09:05.290+0000] {processor.py:208} INFO - Processing /opt/airflow/dags/weather_scrape_dag.py took 0.186 seconds
[2026-07-10T22:09:35.457+0000] {processor.py:186} INFO - Started process (PID=2935) to work on /opt/airflow/dags/weather_scrape_dag.py
[2026-07-10T22:09:35.466+0000] {processor.py:914} INFO - Processing file /opt/airflow/dags/weather_scrape_dag.py for tasks to queue
[2026-07-10T22:09:35.470+0000] {logging_mixin.py:190} INFO - [2026-07-10T22:09:35.469+0000] {dagbag.py:588} INFO - Filling up the DagBag from /opt/airflow/dags/weather_scrape_dag.py
[2026-07-10T22:09:35.490+0000] {processor.py:925} INFO - DAG(s) 'weather_scrape_and_load' retrieved from /opt/airflow/dags/weather_scrape_dag.py
[2026-07-10T22:09:35.537+0000] {logging_mixin.py:190} INFO - [2026-07-10T22:09:35.537+0000] {dag.py:3239} INFO - Sync 1 DAGs
[2026-07-10T22:09:35.582+0000] {logging_mixin.py:190} INFO - [2026-07-10T22:09:35.582+0000] {dag.py:4180} INFO - Setting next_dagrun for weather_scrape_and_load to 2026-07-10 22:00:00+00:00, run_after=2026-07-10 23:00:00+00:00
[2026-07-10T22:09:35.626+0000] {processor.py:208} INFO - Processing /opt/airflow/dags/weather_scrape_dag.py took 0.182 seconds
[2026-07-10T22:10:05.726+0000] {processor.py:186} INFO - Started process (PID=2940) to work on /opt/airflow/dags/weather_scrape_dag.py
[2026-07-10T22:10:05.727+0000] {processor.py:914} INFO - Processing file /opt/airflow/dags/weather_scrape_dag.py for tasks to queue
[2026-07-10T22:10:05.731+0000] {logging_mixin.py:190} INFO - [2026-07-10T22:10:05.730+0000] {dagbag.py:588} INFO - Filling up the DagBag from /opt/airflow/dags/weather_scrape_dag.py
[2026-07-10T22:10:05.752+0000] {processor.py:925} INFO - DAG(s) 'weather_scrape_and_load' retrieved from /opt/airflow/dags/weather_scrape_dag.py
[2026-07-10T22:10:05.802+0000] {logging_mixin.py:190} INFO - [2026-07-10T22:10:05.801+0000] {dag.py:3239} INFO - Sync 1 DAGs
[2026-07-10T22:10:05.850+0000] {logging_mixin.py:190} INFO - [2026-07-10T22:10:05.849+0000] {dag.py:4180} INFO - Setting next_dagrun for weather_scrape_and_load to 2026-07-10 22:00:00+00:00, run_after=2026-07-10 23:00:00+00:00
[2026-07-10T22:10:05.885+0000] {processor.py:208} INFO - Processing /opt/airflow/dags/weather_scrape_dag.py took 0.171 seconds
[2026-07-10T22:10:36.062+0000] {processor.py:186} INFO - Started process (PID=2945) to work on /opt/airflow/dags/weather_scrape_dag.py
[2026-07-10T22:10:36.071+0000] {processor.py:914} INFO - Processing file /opt/airflow/dags/weather_scrape_dag.py for tasks to queue
[2026-07-10T22:10:36.075+0000] {logging_mixin.py:190} INFO - [2026-07-10T22:10:36.074+0000] {dagbag.py:588} INFO - Filling up the DagBag from /opt/airflow/dags/weather_scrape_dag.py
[2026-07-10T22:10:36.096+0000] {processor.py:925} INFO - DAG(s) 'weather_scrape_and_load' retrieved from /opt/airflow/dags/weather_scrape_dag.py
[2026-07-10T22:10:36.144+0000] {logging_mixin.py:190} INFO - [2026-07-10T22:10:36.143+0000] {dag.py:3239} INFO - Sync 1 DAGs
[2026-07-10T22:10:36.190+0000] {logging_mixin.py:190} INFO - [2026-07-10T22:10:36.190+0000] {dag.py:4180} INFO - Setting next_dagrun for weather_scrape_and_load to 2026-07-10 22:00:00+00:00, run_after=2026-07-10 23:00:00+00:00
[2026-07-10T22:10:36.222+0000] {processor.py:208} INFO - Processing /opt/airflow/dags/weather_scrape_dag.py took 0.171 seconds
[2026-07-10T22:11:06.331+0000] {processor.py:186} INFO - Started process (PID=2950) to work on /opt/airflow/dags/weather_scrape_dag.py
[2026-07-10T22:11:06.332+0000] {processor.py:914} INFO - Processing file /opt/airflow/dags/weather_scrape_dag.py for tasks to queue
[2026-07-10T22:11:06.335+0000] {logging_mixin.py:190} INFO - [2026-07-10T22:11:06.335+0000] {dagbag.py:588} INFO - Filling up the DagBag from /opt/airflow/dags/weather_scrape_dag.py
[2026-07-10T22:11:06.357+0000] {processor.py:925} INFO - DAG(s) 'weather_scrape_and_load' retrieved from /opt/airflow/dags/weather_scrape_dag.py
[2026-07-10T22:11:06.407+0000] {logging_mixin.py:190} INFO - [2026-07-10T22:11:06.406+0000] {dag.py:3239} INFO - Sync 1 DAGs
[2026-07-10T22:11:06.454+0000] {logging_mixin.py:190} INFO - [2026-07-10T22:11:06.453+0000] {dag.py:4180} INFO - Setting next_dagrun for weather_scrape_and_load to 2026-07-10 22:00:00+00:00, run_after=2026-07-10 23:00:00+00:00
[2026-07-10T22:11:06.495+0000] {processor.py:208} INFO - Processing /opt/airflow/dags/weather_scrape_dag.py took 0.176 seconds
[2026-07-10T22:11:36.662+0000] {processor.py:186} INFO - Started process (PID=2955) to work on /opt/airflow/dags/weather_scrape_dag.py
[2026-07-10T22:11:36.671+0000] {processor.py:914} INFO - Processing file /opt/airflow/dags/weather_scrape_dag.py for tasks to queue
[2026-07-10T22:11:36.676+0000] {logging_mixin.py:190} INFO - [2026-07-10T22:11:36.676+0000] {dagbag.py:588} INFO - Filling up the DagBag from /opt/airflow/dags/weather_scrape_dag.py
[2026-07-10T22:11:36.701+0000] {processor.py:925} INFO - DAG(s) 'weather_scrape_and_load' retrieved from /opt/airflow/dags/weather_scrape_dag.py
[2026-07-10T22:11:36.757+0000] {logging_mixin.py:190} INFO - [2026-07-10T22:11:36.756+0000] {dag.py:3239} INFO - Sync 1 DAGs
[2026-07-10T22:11:36.806+0000] {logging_mixin.py:190} INFO - [2026-07-10T22:11:36.806+0000] {dag.py:4180} INFO - Setting next_dagrun for weather_scrape_and_load to 2026-07-10 22:00:00+00:00, run_after=2026-07-10 23:00:00+00:00
[2026-07-10T22:11:36.849+0000] {processor.py:208} INFO - Processing /opt/airflow/dags/weather_scrape_dag.py took 0.200 seconds
[2026-07-10T22:12:06.937+0000] {processor.py:186} INFO - Started process (PID=2960) to work on /opt/airflow/dags/weather_scrape_dag.py
[2026-07-10T22:12:06.938+0000] {processor.py:914} INFO - Processing file /opt/airflow/dags/weather_scrape_dag.py for tasks to queue
[2026-07-10T22:12:06.943+0000] {logging_mixin.py:190} INFO - [2026-07-10T22:12:06.942+0000] {dagbag.py:588} INFO - Filling up the DagBag from /opt/airflow/dags/weather_scrape_dag.py
[2026-07-10T22:12:06.963+0000] {processor.py:925} INFO - DAG(s) 'weather_scrape_and_load' retrieved from /opt/airflow/dags/weather_scrape_dag.py
[2026-07-10T22:12:07.013+0000] {logging_mixin.py:190} INFO - [2026-07-10T22:12:07.013+0000] {dag.py:3239} INFO - Sync 1 DAGs
[2026-07-10T22:12:07.060+0000] {logging_mixin.py:190} INFO - [2026-07-10T22:12:07.060+0000] {dag.py:4180} INFO - Setting next_dagrun for weather_scrape_and_load to 2026-07-10 22:00:00+00:00, run_after=2026-07-10 23:00:00+00:00
[2026-07-10T22:12:07.101+0000] {processor.py:208} INFO - Processing /opt/airflow/dags/weather_scrape_dag.py took 0.176 seconds
[2026-07-10T22:12:37.289+0000] {processor.py:186} INFO - Started process (PID=2965) to work on /opt/airflow/dags/weather_scrape_dag.py
[2026-07-10T22:12:37.298+0000] {processor.py:914} INFO - Processing file /opt/airflow/dags/weather_scrape_dag.py for tasks to queue
[2026-07-10T22:12:37.303+0000] {logging_mixin.py:190} INFO - [2026-07-10T22:12:37.302+0000] {dagbag.py:588} INFO - Filling up the DagBag from /opt/airflow/dags/weather_scrape_dag.py
[2026-07-10T22:12:37.324+0000] {processor.py:925} INFO - DAG(s) 'weather_scrape_and_load' retrieved from /opt/airflow/dags/weather_scrape_dag.py
[2026-07-10T22:12:37.372+0000] {logging_mixin.py:190} INFO - [2026-07-10T22:12:37.371+0000] {dag.py:3239} INFO - Sync 1 DAGs
[2026-07-10T22:12:37.417+0000] {logging_mixin.py:190} INFO - [2026-07-10T22:12:37.417+0000] {dag.py:4180} INFO - Setting next_dagrun for weather_scrape_and_load to 2026-07-10 22:00:00+00:00, run_after=2026-07-10 23:00:00+00:00
[2026-07-10T22:12:37.458+0000] {processor.py:208} INFO - Processing /opt/airflow/dags/weather_scrape_dag.py took 0.180 seconds
[2026-07-10T22:13:07.540+0000] {processor.py:186} INFO - Started process (PID=2970) to work on /opt/airflow/dags/weather_scrape_dag.py
[2026-07-10T22:13:07.541+0000] {processor.py:914} INFO - Processing file /opt/airflow/dags/weather_scrape_dag.py for tasks to queue
[2026-07-10T22:13:07.546+0000] {logging_mixin.py:190} INFO - [2026-07-10T22:13:07.545+0000] {dagbag.py:588} INFO - Filling up the DagBag from /opt/airflow/dags/weather_scrape_dag.py
[2026-07-10T22:13:07.571+0000] {processor.py:925} INFO - DAG(s) 'weather_scrape_and_load' retrieved from /opt/airflow/dags/weather_scrape_dag.py
[2026-07-10T22:13:07.621+0000] {logging_mixin.py:190} INFO - [2026-07-10T22:13:07.621+0000] {dag.py:3239} INFO - Sync 1 DAGs
[2026-07-10T22:13:07.675+0000] {logging_mixin.py:190} INFO - [2026-07-10T22:13:07.674+0000] {dag.py:4180} INFO - Setting next_dagrun for weather_scrape_and_load to 2026-07-10 22:00:00+00:00, run_after=2026-07-10 23:00:00+00:00
[2026-07-10T22:13:07.710+0000] {processor.py:208} INFO - Processing /opt/airflow/dags/weather_scrape_dag.py took 0.181 seconds
[2026-07-10T22:13:37.906+0000] {processor.py:186} INFO - Started process (PID=2975) to work on /opt/airflow/dags/weather_scrape_dag.py
[2026-07-10T22:13:37.915+0000] {processor.py:914} INFO - Processing file /opt/airflow/dags/weather_scrape_dag.py for tasks to queue
[2026-07-10T22:13:37.918+0000] {logging_mixin.py:190} INFO - [2026-07-10T22:13:37.917+0000] {dagbag.py:588} INFO - Filling up the DagBag from /opt/airflow/dags/weather_scrape_dag.py
[2026-07-10T22:13:37.939+0000] {processor.py:925} INFO - DAG(s) 'weather_scrape_and_load' retrieved from /opt/airflow/dags/weather_scrape_dag.py
[2026-07-10T22:13:37.987+0000] {logging_mixin.py:190} INFO - [2026-07-10T22:13:37.986+0000] {dag.py:3239} INFO - Sync 1 DAGs
[2026-07-10T22:13:38.034+0000] {logging_mixin.py:190} INFO - [2026-07-10T22:13:38.033+0000] {dag.py:4180} INFO - Setting next_dagrun for weather_scrape_and_load to 2026-07-10 22:00:00+00:00, run_after=2026-07-10 23:00:00+00:00
[2026-07-10T22:13:38.077+0000] {processor.py:208} INFO - Processing /opt/airflow/dags/weather_scrape_dag.py took 0.183 seconds
[2026-07-10T22:14:08.151+0000] {processor.py:186} INFO - Started process (PID=2980) to work on /opt/airflow/dags/weather_scrape_dag.py
[2026-07-10T22:14:08.152+0000] {processor.py:914} INFO - Processing file /opt/airflow/dags/weather_scrape_dag.py for tasks to queue
[2026-07-10T22:14:08.155+0000] {logging_mixin.py:190} INFO - [2026-07-10T22:14:08.155+0000] {dagbag.py:588} INFO - Filling up the DagBag from /opt/airflow/dags/weather_scrape_dag.py
[2026-07-10T22:14:08.176+0000] {processor.py:925} INFO - DAG(s) 'weather_scrape_and_load' retrieved from /opt/airflow/dags/weather_scrape_dag.py
[2026-07-10T22:14:08.226+0000] {logging_mixin.py:190} INFO - [2026-07-10T22:14:08.226+0000] {dag.py:3239} INFO - Sync 1 DAGs
[2026-07-10T22:14:08.274+0000] {logging_mixin.py:190} INFO - [2026-07-10T22:14:08.274+0000] {dag.py:4180} INFO - Setting next_dagrun for weather_scrape_and_load to 2026-07-10 22:00:00+00:00, run_after=2026-07-10 23:00:00+00:00
[2026-07-10T22:14:08.315+0000] {processor.py:208} INFO - Processing /opt/airflow/dags/weather_scrape_dag.py took 0.176 seconds
[2026-07-10T22:14:38.525+0000] {processor.py:186} INFO - Started process (PID=2985) to work on /opt/airflow/dags/weather_scrape_dag.py
[2026-07-10T22:14:38.527+0000] {processor.py:914} INFO - Processing file /opt/airflow/dags/weather_scrape_dag.py for tasks to queue
[2026-07-10T22:14:38.530+0000] {logging_mixin.py:190} INFO - [2026-07-10T22:14:38.530+0000] {dagbag.py:588} INFO - Filling up the DagBag from /opt/airflow/dags/weather_scrape_dag.py
[2026-07-10T22:14:38.551+0000] {processor.py:925} INFO - DAG(s) 'weather_scrape_and_load' retrieved from /opt/airflow/dags/weather_scrape_dag.py
[2026-07-10T22:14:38.600+0000] {logging_mixin.py:190} INFO - [2026-07-10T22:14:38.599+0000] {dag.py:3239} INFO - Sync 1 DAGs
[2026-07-10T22:14:38.645+0000] {logging_mixin.py:190} INFO - [2026-07-10T22:14:38.645+0000] {dag.py:4180} INFO - Setting next_dagrun for weather_scrape_and_load to 2026-07-10 22:00:00+00:00, run_after=2026-07-10 23:00:00+00:00
[2026-07-10T22:14:38.687+0000] {processor.py:208} INFO - Processing /opt/airflow/dags/weather_scrape_dag.py took 0.173 seconds
[2026-07-10T22:15:08.746+0000] {processor.py:186} INFO - Started process (PID=2990) to work on /opt/airflow/dags/weather_scrape_dag.py
[2026-07-10T22:15:08.747+0000] {processor.py:914} INFO - Processing file /opt/airflow/dags/weather_scrape_dag.py for tasks to queue
[2026-07-10T22:15:08.750+0000] {logging_mixin.py:190} INFO - [2026-07-10T22:15:08.750+0000] {dagbag.py:588} INFO - Filling up the DagBag from /opt/airflow/dags/weather_scrape_dag.py
[2026-07-10T22:15:08.772+0000] {processor.py:925} INFO - DAG(s) 'weather_scrape_and_load' retrieved from /opt/airflow/dags/weather_scrape_dag.py
[2026-07-10T22:15:08.821+0000] {logging_mixin.py:190} INFO - [2026-07-10T22:15:08.820+0000] {dag.py:3239} INFO - Sync 1 DAGs
[2026-07-10T22:15:08.868+0000] {logging_mixin.py:190} INFO - [2026-07-10T22:15:08.867+0000] {dag.py:4180} INFO - Setting next_dagrun for weather_scrape_and_load to 2026-07-10 22:00:00+00:00, run_after=2026-07-10 23:00:00+00:00
[2026-07-10T22:15:08.911+0000] {processor.py:208} INFO - Processing /opt/airflow/dags/weather_scrape_dag.py took 0.176 seconds
[2026-07-10T22:15:39.118+0000] {processor.py:186} INFO - Started process (PID=2995) to work on /opt/airflow/dags/weather_scrape_dag.py
[2026-07-10T22:15:39.127+0000] {processor.py:914} INFO - Processing file /opt/airflow/dags/weather_scrape_dag.py for tasks to queue
[2026-07-10T22:15:39.131+0000] {logging_mixin.py:190} INFO - [2026-07-10T22:15:39.130+0000] {dagbag.py:588} INFO - Filling up the DagBag from /opt/airflow/dags/weather_scrape_dag.py
[2026-07-10T22:15:39.152+0000] {processor.py:925} INFO - DAG(s) 'weather_scrape_and_load' retrieved from /opt/airflow/dags/weather_scrape_dag.py
[2026-07-10T22:15:39.201+0000] {logging_mixin.py:190} INFO - [2026-07-10T22:15:39.201+0000] {dag.py:3239} INFO - Sync 1 DAGs
[2026-07-10T22:15:39.250+0000] {logging_mixin.py:190} INFO - [2026-07-10T22:15:39.250+0000] {dag.py:4180} INFO - Setting next_dagrun for weather_scrape_and_load to 2026-07-10 22:00:00+00:00, run_after=2026-07-10 23:00:00+00:00
[2026-07-10T22:15:39.285+0000] {processor.py:208} INFO - Processing /opt/airflow/dags/weather_scrape_dag.py took 0.178 seconds
[2026-07-10T22:16:09.335+0000] {processor.py:186} INFO - Started process (PID=3000) to work on /opt/airflow/dags/weather_scrape_dag.py
[2026-07-10T22:16:09.337+0000] {processor.py:914} INFO - Processing file /opt/airflow/dags/weather_scrape_dag.py for tasks to queue
[2026-07-10T22:16:09.341+0000] {logging_mixin.py:190} INFO - [2026-07-10T22:16:09.340+0000] {dagbag.py:588} INFO - Filling up the DagBag from /opt/airflow/dags/weather_scrape_dag.py
[2026-07-10T22:16:09.361+0000] {processor.py:925} INFO - DAG(s) 'weather_scrape_and_load' retrieved from /opt/airflow/dags/weather_scrape_dag.py
[2026-07-10T22:16:09.410+0000] {logging_mixin.py:190} INFO - [2026-07-10T22:16:09.410+0000] {dag.py:3239} INFO - Sync 1 DAGs
[2026-07-10T22:16:09.458+0000] {logging_mixin.py:190} INFO - [2026-07-10T22:16:09.457+0000] {dag.py:4180} INFO - Setting next_dagrun for weather_scrape_and_load to 2026-07-10 22:00:00+00:00, run_after=2026-07-10 23:00:00+00:00
[2026-07-10T22:16:09.499+0000] {processor.py:208} INFO - Processing /opt/airflow/dags/weather_scrape_dag.py took 0.174 seconds
[2026-07-10T22:16:39.718+0000] {processor.py:186} INFO - Started process (PID=3005) to work on /opt/airflow/dags/weather_scrape_dag.py
[2026-07-10T22:16:39.727+0000] {processor.py:914} INFO - Processing file /opt/airflow/dags/weather_scrape_dag.py for tasks to queue
[2026-07-10T22:16:39.733+0000] {logging_mixin.py:190} INFO - [2026-07-10T22:16:39.732+0000] {dagbag.py:588} INFO - Filling up the DagBag from /opt/airflow/dags/weather_scrape_dag.py
[2026-07-10T22:16:39.757+0000] {processor.py:925} INFO - DAG(s) 'weather_scrape_and_load' retrieved from /opt/airflow/dags/weather_scrape_dag.py
[2026-07-10T22:16:39.807+0000] {logging_mixin.py:190} INFO - [2026-07-10T22:16:39.807+0000] {dag.py:3239} INFO - Sync 1 DAGs
[2026-07-10T22:16:39.856+0000] {logging_mixin.py:190} INFO - [2026-07-10T22:16:39.856+0000] {dag.py:4180} INFO - Setting next_dagrun for weather_scrape_and_load to 2026-07-10 22:00:00+00:00, run_after=2026-07-10 23:00:00+00:00
[2026-07-10T22:16:39.889+0000] {processor.py:208} INFO - Processing /opt/airflow/dags/weather_scrape_dag.py took 0.185 seconds
[2026-07-10T22:17:10.114+0000] {processor.py:186} INFO - Started process (PID=3010) to work on /opt/airflow/dags/weather_scrape_dag.py
[2026-07-10T22:17:10.115+0000] {processor.py:914} INFO - Processing file /opt/airflow/dags/weather_scrape_dag.py for tasks to queue
[2026-07-10T22:17:10.119+0000] {logging_mixin.py:190} INFO - [2026-07-10T22:17:10.119+0000] {dagbag.py:588} INFO - Filling up the DagBag from /opt/airflow/dags/weather_scrape_dag.py
[2026-07-10T22:17:10.141+0000] {processor.py:925} INFO - DAG(s) 'weather_scrape_and_load' retrieved from /opt/airflow/dags/weather_scrape_dag.py
[2026-07-10T22:17:10.192+0000] {logging_mixin.py:190} INFO - [2026-07-10T22:17:10.192+0000] {dag.py:3239} INFO - Sync 1 DAGs
[2026-07-10T22:17:10.238+0000] {logging_mixin.py:190} INFO - [2026-07-10T22:17:10.237+0000] {dag.py:4180} INFO - Setting next_dagrun for weather_scrape_and_load to 2026-07-10 22:00:00+00:00, run_after=2026-07-10 23:00:00+00:00
[2026-07-10T22:17:10.270+0000] {processor.py:208} INFO - Processing /opt/airflow/dags/weather_scrape_dag.py took 0.167 seconds
[2026-07-10T22:17:40.324+0000] {processor.py:186} INFO - Started process (PID=3015) to work on /opt/airflow/dags/weather_scrape_dag.py
[2026-07-10T22:17:40.325+0000] {processor.py:914} INFO - Processing file /opt/airflow/dags/weather_scrape_dag.py for tasks to queue
[2026-07-10T22:17:40.329+0000] {logging_mixin.py:190} INFO - [2026-07-10T22:17:40.328+0000] {dagbag.py:588} INFO - Filling up the DagBag from /opt/airflow/dags/weather_scrape_dag.py
[2026-07-10T22:17:40.350+0000] {processor.py:925} INFO - DAG(s) 'weather_scrape_and_load' retrieved from /opt/airflow/dags/weather_scrape_dag.py
[2026-07-10T22:17:40.398+0000] {logging_mixin.py:190} INFO - [2026-07-10T22:17:40.397+0000] {dag.py:3239} INFO - Sync 1 DAGs
[2026-07-10T22:17:40.442+0000] {logging_mixin.py:190} INFO - [2026-07-10T22:17:40.442+0000] {dag.py:4180} INFO - Setting next_dagrun for weather_scrape_and_load to 2026-07-10 22:00:00+00:00, run_after=2026-07-10 23:00:00+00:00
[2026-07-10T22:17:40.476+0000] {processor.py:208} INFO - Processing /opt/airflow/dags/weather_scrape_dag.py took 0.164 seconds
[2026-07-10T22:18:10.720+0000] {processor.py:186} INFO - Started process (PID=3020) to work on /opt/airflow/dags/weather_scrape_dag.py
[2026-07-10T22:18:10.721+0000] {processor.py:914} INFO - Processing file /opt/airflow/dags/weather_scrape_dag.py for tasks to queue
[2026-07-10T22:18:10.725+0000] {logging_mixin.py:190} INFO - [2026-07-10T22:18:10.724+0000] {dagbag.py:588} INFO - Filling up the DagBag from /opt/airflow/dags/weather_scrape_dag.py
[2026-07-10T22:18:10.745+0000] {processor.py:925} INFO - DAG(s) 'weather_scrape_and_load' retrieved from /opt/airflow/dags/weather_scrape_dag.py
[2026-07-10T22:18:10.792+0000] {logging_mixin.py:190} INFO - [2026-07-10T22:18:10.791+0000] {dag.py:3239} INFO - Sync 1 DAGs
[2026-07-10T22:18:10.837+0000] {logging_mixin.py:190} INFO - [2026-07-10T22:18:10.837+0000] {dag.py:4180} INFO - Setting next_dagrun for weather_scrape_and_load to 2026-07-10 22:00:00+00:00, run_after=2026-07-10 23:00:00+00:00
[2026-07-10T22:18:10.877+0000] {processor.py:208} INFO - Processing /opt/airflow/dags/weather_scrape_dag.py took 0.168 seconds
[2026-07-10T22:18:40.941+0000] {processor.py:186} INFO - Started process (PID=3025) to work on /opt/airflow/dags/weather_scrape_dag.py
[2026-07-10T22:18:40.950+0000] {processor.py:914} INFO - Processing file /opt/airflow/dags/weather_scrape_dag.py for tasks to queue
[2026-07-10T22:18:40.954+0000] {logging_mixin.py:190} INFO - [2026-07-10T22:18:40.953+0000] {dagbag.py:588} INFO - Filling up the DagBag from /opt/airflow/dags/weather_scrape_dag.py
[2026-07-10T22:18:40.974+0000] {processor.py:925} INFO - DAG(s) 'weather_scrape_and_load' retrieved from /opt/airflow/dags/weather_scrape_dag.py
[2026-07-10T22:18:41.023+0000] {logging_mixin.py:190} INFO - [2026-07-10T22:18:41.023+0000] {dag.py:3239} INFO - Sync 1 DAGs
[2026-07-10T22:18:41.071+0000] {logging_mixin.py:190} INFO - [2026-07-10T22:18:41.071+0000] {dag.py:4180} INFO - Setting next_dagrun for weather_scrape_and_load to 2026-07-10 22:00:00+00:00, run_after=2026-07-10 23:00:00+00:00
[2026-07-10T22:18:41.112+0000] {processor.py:208} INFO - Processing /opt/airflow/dags/weather_scrape_dag.py took 0.183 seconds
[2026-07-10T22:19:11.316+0000] {processor.py:186} INFO - Started process (PID=3030) to work on /opt/airflow/dags/weather_scrape_dag.py
[2026-07-10T22:19:11.317+0000] {processor.py:914} INFO - Processing file /opt/airflow/dags/weather_scrape_dag.py for tasks to queue
[2026-07-10T22:19:11.321+0000] {logging_mixin.py:190} INFO - [2026-07-10T22:19:11.320+0000] {dagbag.py:588} INFO - Filling up the DagBag from /opt/airflow/dags/weather_scrape_dag.py
[2026-07-10T22:19:11.342+0000] {processor.py:925} INFO - DAG(s) 'weather_scrape_and_load' retrieved from /opt/airflow/dags/weather_scrape_dag.py
[2026-07-10T22:19:11.391+0000] {logging_mixin.py:190} INFO - [2026-07-10T22:19:11.390+0000] {dag.py:3239} INFO - Sync 1 DAGs
[2026-07-10T22:19:11.438+0000] {logging_mixin.py:190} INFO - [2026-07-10T22:19:11.438+0000] {dag.py:4180} INFO - Setting next_dagrun for weather_scrape_and_load to 2026-07-10 22:00:00+00:00, run_after=2026-07-10 23:00:00+00:00
[2026-07-10T22:19:11.479+0000] {processor.py:208} INFO - Processing /opt/airflow/dags/weather_scrape_dag.py took 0.174 seconds
[2026-07-10T22:19:41.602+0000] {processor.py:186} INFO - Started process (PID=3035) to work on /opt/airflow/dags/weather_scrape_dag.py
[2026-07-10T22:19:41.612+0000] {processor.py:914} INFO - Processing file /opt/airflow/dags/weather_scrape_dag.py for tasks to queue
[2026-07-10T22:19:41.619+0000] {logging_mixin.py:190} INFO - [2026-07-10T22:19:41.618+0000] {dagbag.py:588} INFO - Filling up the DagBag from /opt/airflow/dags/weather_scrape_dag.py
[2026-07-10T22:19:41.657+0000] {processor.py:925} INFO - DAG(s) 'weather_scrape_and_load' retrieved from /opt/airflow/dags/weather_scrape_dag.py
[2026-07-10T22:19:41.728+0000] {logging_mixin.py:190} INFO - [2026-07-10T22:19:41.728+0000] {dag.py:3239} INFO - Sync 1 DAGs
[2026-07-10T22:19:41.785+0000] {logging_mixin.py:190} INFO - [2026-07-10T22:19:41.784+0000] {dag.py:4180} INFO - Setting next_dagrun for weather_scrape_and_load to 2026-07-10 22:00:00+00:00, run_after=2026-07-10 23:00:00+00:00
[2026-07-10T22:19:41.819+0000] {processor.py:208} INFO - Processing /opt/airflow/dags/weather_scrape_dag.py took 0.234 seconds
[2026-07-10T22:20:11.922+0000] {processor.py:186} INFO - Started process (PID=3040) to work on /opt/airflow/dags/weather_scrape_dag.py
[2026-07-10T22:20:11.923+0000] {processor.py:914} INFO - Processing file /opt/airflow/dags/weather_scrape_dag.py for tasks to queue
[2026-07-10T22:20:11.927+0000] {logging_mixin.py:190} INFO - [2026-07-10T22:20:11.927+0000] {dagbag.py:588} INFO - Filling up the DagBag from /opt/airflow/dags/weather_scrape_dag.py
[2026-07-10T22:20:11.948+0000] {processor.py:925} INFO - DAG(s) 'weather_scrape_and_load' retrieved from /opt/airflow/dags/weather_scrape_dag.py
[2026-07-10T22:20:11.996+0000] {logging_mixin.py:190} INFO - [2026-07-10T22:20:11.995+0000] {dag.py:3239} INFO - Sync 1 DAGs
[2026-07-10T22:20:12.043+0000] {logging_mixin.py:190} INFO - [2026-07-10T22:20:12.043+0000] {dag.py:4180} INFO - Setting next_dagrun for weather_scrape_and_load to 2026-07-10 22:00:00+00:00, run_after=2026-07-10 23:00:00+00:00
[2026-07-10T22:20:12.084+0000] {processor.py:208} INFO - Processing /opt/airflow/dags/weather_scrape_dag.py took 0.174 seconds
[2026-07-10T22:20:42.254+0000] {processor.py:186} INFO - Started process (PID=3045) to work on /opt/airflow/dags/weather_scrape_dag.py
[2026-07-10T22:20:42.263+0000] {processor.py:914} INFO - Processing file /opt/airflow/dags/weather_scrape_dag.py for tasks to queue
[2026-07-10T22:20:42.268+0000] {logging_mixin.py:190} INFO - [2026-07-10T22:20:42.267+0000] {dagbag.py:588} INFO - Filling up the DagBag from /opt/airflow/dags/weather_scrape_dag.py
[2026-07-10T22:20:42.289+0000] {processor.py:925} INFO - DAG(s) 'weather_scrape_and_load' retrieved from /opt/airflow/dags/weather_scrape_dag.py
[2026-07-10T22:20:42.337+0000] {logging_mixin.py:190} INFO - [2026-07-10T22:20:42.337+0000] {dag.py:3239} INFO - Sync 1 DAGs
[2026-07-10T22:20:42.385+0000] {logging_mixin.py:190} INFO - [2026-07-10T22:20:42.384+0000] {dag.py:4180} INFO - Setting next_dagrun for weather_scrape_and_load to 2026-07-10 22:00:00+00:00, run_after=2026-07-10 23:00:00+00:00
[2026-07-10T22:20:42.433+0000] {processor.py:208} INFO - Processing /opt/airflow/dags/weather_scrape_dag.py took 0.189 seconds
[2026-07-10T22:21:12.530+0000] {processor.py:186} INFO - Started process (PID=3050) to work on /opt/airflow/dags/weather_scrape_dag.py
[2026-07-10T22:21:12.531+0000] {processor.py:914} INFO - Processing file /opt/airflow/dags/weather_scrape_dag.py for tasks to queue
[2026-07-10T22:21:12.536+0000] {logging_mixin.py:190} INFO - [2026-07-10T22:21:12.535+0000] {dagbag.py:588} INFO - Filling up the DagBag from /opt/airflow/dags/weather_scrape_dag.py
[2026-07-10T22:21:12.557+0000] {processor.py:925} INFO - DAG(s) 'weather_scrape_and_load' retrieved from /opt/airflow/dags/weather_scrape_dag.py
[2026-07-10T22:21:12.606+0000] {logging_mixin.py:190} INFO - [2026-07-10T22:21:12.606+0000] {dag.py:3239} INFO - Sync 1 DAGs
[2026-07-10T22:21:12.654+0000] {logging_mixin.py:190} INFO - [2026-07-10T22:21:12.653+0000] {dag.py:4180} INFO - Setting next_dagrun for weather_scrape_and_load to 2026-07-10 22:00:00+00:00, run_after=2026-07-10 23:00:00+00:00
[2026-07-10T22:21:12.697+0000] {processor.py:208} INFO - Processing /opt/airflow/dags/weather_scrape_dag.py took 0.178 seconds
[2026-07-10T22:21:42.875+0000] {processor.py:186} INFO - Started process (PID=3055) to work on /opt/airflow/dags/weather_scrape_dag.py
[2026-07-10T22:21:42.883+0000] {processor.py:914} INFO - Processing file /opt/airflow/dags/weather_scrape_dag.py for tasks to queue
[2026-07-10T22:21:42.887+0000] {logging_mixin.py:190} INFO - [2026-07-10T22:21:42.886+0000] {dagbag.py:588} INFO - Filling up the DagBag from /opt/airflow/dags/weather_scrape_dag.py
[2026-07-10T22:21:42.908+0000] {processor.py:925} INFO - DAG(s) 'weather_scrape_and_load' retrieved from /opt/airflow/dags/weather_scrape_dag.py
[2026-07-10T22:21:42.958+0000] {logging_mixin.py:190} INFO - [2026-07-10T22:21:42.957+0000] {dag.py:3239} INFO - Sync 1 DAGs
[2026-07-10T22:21:43.007+0000] {logging_mixin.py:190} INFO - [2026-07-10T22:21:43.006+0000] {dag.py:4180} INFO - Setting next_dagrun for weather_scrape_and_load to 2026-07-10 22:00:00+00:00, run_after=2026-07-10 23:00:00+00:00
[2026-07-10T22:21:43.047+0000] {processor.py:208} INFO - Processing /opt/airflow/dags/weather_scrape_dag.py took 0.185 seconds
[2026-07-10T22:22:13.134+0000] {processor.py:186} INFO - Started process (PID=3060) to work on /opt/airflow/dags/weather_scrape_dag.py
[2026-07-10T22:22:13.135+0000] {processor.py:914} INFO - Processing file /opt/airflow/dags/weather_scrape_dag.py for tasks to queue
[2026-07-10T22:22:13.138+0000] {logging_mixin.py:190} INFO - [2026-07-10T22:22:13.138+0000] {dagbag.py:588} INFO - Filling up the DagBag from /opt/airflow/dags/weather_scrape_dag.py
[2026-07-10T22:22:13.159+0000] {processor.py:925} INFO - DAG(s) 'weather_scrape_and_load' retrieved from /opt/airflow/dags/weather_scrape_dag.py
[2026-07-10T22:22:13.207+0000] {logging_mixin.py:190} INFO - [2026-07-10T22:22:13.207+0000] {dag.py:3239} INFO - Sync 1 DAGs
[2026-07-10T22:22:13.255+0000] {logging_mixin.py:190} INFO - [2026-07-10T22:22:13.255+0000] {dag.py:4180} INFO - Setting next_dagrun for weather_scrape_and_load to 2026-07-10 22:00:00+00:00, run_after=2026-07-10 23:00:00+00:00
[2026-07-10T22:22:13.297+0000] {processor.py:208} INFO - Processing /opt/airflow/dags/weather_scrape_dag.py took 0.175 seconds
[2026-07-10T22:22:43.495+0000] {processor.py:186} INFO - Started process (PID=3065) to work on /opt/airflow/dags/weather_scrape_dag.py
[2026-07-10T22:22:43.504+0000] {processor.py:914} INFO - Processing file /opt/airflow/dags/weather_scrape_dag.py for tasks to queue
[2026-07-10T22:22:43.508+0000] {logging_mixin.py:190} INFO - [2026-07-10T22:22:43.508+0000] {dagbag.py:588} INFO - Filling up the DagBag from /opt/airflow/dags/weather_scrape_dag.py
[2026-07-10T22:22:43.530+0000] {processor.py:925} INFO - DAG(s) 'weather_scrape_and_load' retrieved from /opt/airflow/dags/weather_scrape_dag.py
[2026-07-10T22:22:43.578+0000] {logging_mixin.py:190} INFO - [2026-07-10T22:22:43.578+0000] {dag.py:3239} INFO - Sync 1 DAGs
[2026-07-10T22:22:43.624+0000] {logging_mixin.py:190} INFO - [2026-07-10T22:22:43.624+0000] {dag.py:4180} INFO - Setting next_dagrun for weather_scrape_and_load to 2026-07-10 22:00:00+00:00, run_after=2026-07-10 23:00:00+00:00
[2026-07-10T22:22:43.666+0000] {processor.py:208} INFO - Processing /opt/airflow/dags/weather_scrape_dag.py took 0.183 seconds
[2026-07-10T22:23:13.731+0000] {processor.py:186} INFO - Started process (PID=3070) to work on /opt/airflow/dags/weather_scrape_dag.py
[2026-07-10T22:23:13.732+0000] {processor.py:914} INFO - Processing file /opt/airflow/dags/weather_scrape_dag.py for tasks to queue
[2026-07-10T22:23:13.736+0000] {logging_mixin.py:190} INFO - [2026-07-10T22:23:13.735+0000] {dagbag.py:588} INFO - Filling up the DagBag from /opt/airflow/dags/weather_scrape_dag.py
[2026-07-10T22:23:13.757+0000] {processor.py:925} INFO - DAG(s) 'weather_scrape_and_load' retrieved from /opt/airflow/dags/weather_scrape_dag.py
[2026-07-10T22:23:13.813+0000] {logging_mixin.py:190} INFO - [2026-07-10T22:23:13.812+0000] {dag.py:3239} INFO - Sync 1 DAGs
[2026-07-10T22:23:13.876+0000] {logging_mixin.py:190} INFO - [2026-07-10T22:23:13.876+0000] {dag.py:4180} INFO - Setting next_dagrun for weather_scrape_and_load to 2026-07-10 22:00:00+00:00, run_after=2026-07-10 23:00:00+00:00
[2026-07-10T22:23:13.917+0000] {processor.py:208} INFO - Processing /opt/airflow/dags/weather_scrape_dag.py took 0.197 seconds
[2026-07-10T22:23:44.107+0000] {processor.py:186} INFO - Started process (PID=3075) to work on /opt/airflow/dags/weather_scrape_dag.py
[2026-07-10T22:23:44.116+0000] {processor.py:914} INFO - Processing file /opt/airflow/dags/weather_scrape_dag.py for tasks to queue
[2026-07-10T22:23:44.120+0000] {logging_mixin.py:190} INFO - [2026-07-10T22:23:44.119+0000] {dagbag.py:588} INFO - Filling up the DagBag from /opt/airflow/dags/weather_scrape_dag.py
[2026-07-10T22:23:44.140+0000] {processor.py:925} INFO - DAG(s) 'weather_scrape_and_load' retrieved from /opt/airflow/dags/weather_scrape_dag.py
[2026-07-10T22:23:44.188+0000] {logging_mixin.py:190} INFO - [2026-07-10T22:23:44.188+0000] {dag.py:3239} INFO - Sync 1 DAGs
[2026-07-10T22:23:44.233+0000] {logging_mixin.py:190} INFO - [2026-07-10T22:23:44.233+0000] {dag.py:4180} INFO - Setting next_dagrun for weather_scrape_and_load to 2026-07-10 22:00:00+00:00, run_after=2026-07-10 23:00:00+00:00
[2026-07-10T22:23:44.275+0000] {processor.py:208} INFO - Processing /opt/airflow/dags/weather_scrape_dag.py took 0.179 seconds
[2026-07-10T22:24:14.343+0000] {processor.py:186} INFO - Started process (PID=3080) to work on /opt/airflow/dags/weather_scrape_dag.py
[2026-07-10T22:24:14.344+0000] {processor.py:914} INFO - Processing file /opt/airflow/dags/weather_scrape_dag.py for tasks to queue
[2026-07-10T22:24:14.348+0000] {logging_mixin.py:190} INFO - [2026-07-10T22:24:14.348+0000] {dagbag.py:588} INFO - Filling up the DagBag from /opt/airflow/dags/weather_scrape_dag.py
[2026-07-10T22:24:14.369+0000] {processor.py:925} INFO - DAG(s) 'weather_scrape_and_load' retrieved from /opt/airflow/dags/weather_scrape_dag.py
[2026-07-10T22:24:14.419+0000] {logging_mixin.py:190} INFO - [2026-07-10T22:24:14.418+0000] {dag.py:3239} INFO - Sync 1 DAGs
[2026-07-10T22:24:14.464+0000] {logging_mixin.py:190} INFO - [2026-07-10T22:24:14.463+0000] {dag.py:4180} INFO - Setting next_dagrun for weather_scrape_and_load to 2026-07-10 22:00:00+00:00, run_after=2026-07-10 23:00:00+00:00
[2026-07-10T22:24:14.504+0000] {processor.py:208} INFO - Processing /opt/airflow/dags/weather_scrape_dag.py took 0.172 seconds
[2026-07-10T22:24:44.732+0000] {processor.py:186} INFO - Started process (PID=3085) to work on /opt/airflow/dags/weather_scrape_dag.py
[2026-07-10T22:24:44.733+0000] {processor.py:914} INFO - Processing file /opt/airflow/dags/weather_scrape_dag.py for tasks to queue
[2026-07-10T22:24:44.737+0000] {logging_mixin.py:190} INFO - [2026-07-10T22:24:44.737+0000] {dagbag.py:588} INFO - Filling up the DagBag from /opt/airflow/dags/weather_scrape_dag.py
[2026-07-10T22:24:44.758+0000] {processor.py:925} INFO - DAG(s) 'weather_scrape_and_load' retrieved from /opt/airflow/dags/weather_scrape_dag.py
[2026-07-10T22:24:44.814+0000] {logging_mixin.py:190} INFO - [2026-07-10T22:24:44.813+0000] {dag.py:3239} INFO - Sync 1 DAGs
[2026-07-10T22:24:44.866+0000] {logging_mixin.py:190} INFO - [2026-07-10T22:24:44.865+0000] {dag.py:4180} INFO - Setting next_dagrun for weather_scrape_and_load to 2026-07-10 22:00:00+00:00, run_after=2026-07-10 23:00:00+00:00
[2026-07-10T22:24:44.907+0000] {processor.py:208} INFO - Processing /opt/airflow/dags/weather_scrape_dag.py took 0.186 seconds
[2026-07-10T22:25:15.137+0000] {processor.py:186} INFO - Started process (PID=3090) to work on /opt/airflow/dags/weather_scrape_dag.py
[2026-07-10T22:25:15.145+0000] {processor.py:914} INFO - Processing file /opt/airflow/dags/weather_scrape_dag.py for tasks to queue
[2026-07-10T22:25:15.150+0000] {logging_mixin.py:190} INFO - [2026-07-10T22:25:15.149+0000] {dagbag.py:588} INFO - Filling up the DagBag from /opt/airflow/dags/weather_scrape_dag.py
[2026-07-10T22:25:15.171+0000] {processor.py:925} INFO - DAG(s) 'weather_scrape_and_load' retrieved from /opt/airflow/dags/weather_scrape_dag.py
[2026-07-10T22:25:15.220+0000] {logging_mixin.py:190} INFO - [2026-07-10T22:25:15.219+0000] {dag.py:3239} INFO - Sync 1 DAGs
[2026-07-10T22:25:15.265+0000] {logging_mixin.py:190} INFO - [2026-07-10T22:25:15.265+0000] {dag.py:4180} INFO - Setting next_dagrun for weather_scrape_and_load to 2026-07-10 22:00:00+00:00, run_after=2026-07-10 23:00:00+00:00
[2026-07-10T22:25:15.305+0000] {processor.py:208} INFO - Processing /opt/airflow/dags/weather_scrape_dag.py took 0.179 seconds
[2026-07-10T22:25:45.579+0000] {processor.py:186} INFO - Started process (PID=3095) to work on /opt/airflow/dags/weather_scrape_dag.py
[2026-07-10T22:25:45.583+0000] {processor.py:914} INFO - Processing file /opt/airflow/dags/weather_scrape_dag.py for tasks to queue
[2026-07-10T22:25:45.591+0000] {logging_mixin.py:190} INFO - [2026-07-10T22:25:45.588+0000] {dagbag.py:588} INFO - Filling up the DagBag from /opt/airflow/dags/weather_scrape_dag.py
[2026-07-10T22:25:45.621+0000] {processor.py:925} INFO - DAG(s) 'weather_scrape_and_load' retrieved from /opt/airflow/dags/weather_scrape_dag.py
[2026-07-10T22:25:45.677+0000] {logging_mixin.py:190} INFO - [2026-07-10T22:25:45.676+0000] {dag.py:3239} INFO - Sync 1 DAGs
[2026-07-10T22:25:45.724+0000] {logging_mixin.py:190} INFO - [2026-07-10T22:25:45.724+0000] {dag.py:4180} INFO - Setting next_dagrun for weather_scrape_and_load to 2026-07-10 22:00:00+00:00, run_after=2026-07-10 23:00:00+00:00
[2026-07-10T22:25:45.764+0000] {processor.py:208} INFO - Processing /opt/airflow/dags/weather_scrape_dag.py took 0.222 seconds
[2026-07-10T22:26:15.998+0000] {processor.py:186} INFO - Started process (PID=3100) to work on /opt/airflow/dags/weather_scrape_dag.py
[2026-07-10T22:26:16.007+0000] {processor.py:914} INFO - Processing file /opt/airflow/dags/weather_scrape_dag.py for tasks to queue
[2026-07-10T22:26:16.011+0000] {logging_mixin.py:190} INFO - [2026-07-10T22:26:16.010+0000] {dagbag.py:588} INFO - Filling up the DagBag from /opt/airflow/dags/weather_scrape_dag.py
[2026-07-10T22:26:16.032+0000] {processor.py:925} INFO - DAG(s) 'weather_scrape_and_load' retrieved from /opt/airflow/dags/weather_scrape_dag.py
[2026-07-10T22:26:16.080+0000] {logging_mixin.py:190} INFO - [2026-07-10T22:26:16.079+0000] {dag.py:3239} INFO - Sync 1 DAGs
[2026-07-10T22:26:16.126+0000] {logging_mixin.py:190} INFO - [2026-07-10T22:26:16.125+0000] {dag.py:4180} INFO - Setting next_dagrun for weather_scrape_and_load to 2026-07-10 22:00:00+00:00, run_after=2026-07-10 23:00:00+00:00
[2026-07-10T22:26:16.166+0000] {processor.py:208} INFO - Processing /opt/airflow/dags/weather_scrape_dag.py took 0.180 seconds
[2026-07-10T22:26:46.292+0000] {processor.py:186} INFO - Started process (PID=3105) to work on /opt/airflow/dags/weather_scrape_dag.py
[2026-07-10T22:26:46.293+0000] {processor.py:914} INFO - Processing file /opt/airflow/dags/weather_scrape_dag.py for tasks to queue
[2026-07-10T22:26:46.296+0000] {logging_mixin.py:190} INFO - [2026-07-10T22:26:46.296+0000] {dagbag.py:588} INFO - Filling up the DagBag from /opt/airflow/dags/weather_scrape_dag.py
[2026-07-10T22:26:46.317+0000] {processor.py:925} INFO - DAG(s) 'weather_scrape_and_load' retrieved from /opt/airflow/dags/weather_scrape_dag.py
[2026-07-10T22:26:46.366+0000] {logging_mixin.py:190} INFO - [2026-07-10T22:26:46.365+0000] {dag.py:3239} INFO - Sync 1 DAGs
[2026-07-10T22:26:46.415+0000] {logging_mixin.py:190} INFO - [2026-07-10T22:26:46.415+0000] {dag.py:4180} INFO - Setting next_dagrun for weather_scrape_and_load to 2026-07-10 22:00:00+00:00, run_after=2026-07-10 23:00:00+00:00
[2026-07-10T22:26:46.462+0000] {processor.py:208} INFO - Processing /opt/airflow/dags/weather_scrape_dag.py took 0.182 seconds
[2026-07-10T22:27:16.604+0000] {processor.py:186} INFO - Started process (PID=3110) to work on /opt/airflow/dags/weather_scrape_dag.py
[2026-07-10T22:27:16.613+0000] {processor.py:914} INFO - Processing file /opt/airflow/dags/weather_scrape_dag.py for tasks to queue
[2026-07-10T22:27:16.617+0000] {logging_mixin.py:190} INFO - [2026-07-10T22:27:16.616+0000] {dagbag.py:588} INFO - Filling up the DagBag from /opt/airflow/dags/weather_scrape_dag.py
[2026-07-10T22:27:16.638+0000] {processor.py:925} INFO - DAG(s) 'weather_scrape_and_load' retrieved from /opt/airflow/dags/weather_scrape_dag.py
[2026-07-10T22:27:16.687+0000] {logging_mixin.py:190} INFO - [2026-07-10T22:27:16.687+0000] {dag.py:3239} INFO - Sync 1 DAGs
[2026-07-10T22:27:16.753+0000] {logging_mixin.py:190} INFO - [2026-07-10T22:27:16.752+0000] {dag.py:4180} INFO - Setting next_dagrun for weather_scrape_and_load to 2026-07-10 22:00:00+00:00, run_after=2026-07-10 23:00:00+00:00
[2026-07-10T22:27:16.792+0000] {processor.py:208} INFO - Processing /opt/airflow/dags/weather_scrape_dag.py took 0.200 seconds
[2026-07-10T22:27:46.896+0000] {processor.py:186} INFO - Started process (PID=3115) to work on /opt/airflow/dags/weather_scrape_dag.py
[2026-07-10T22:27:46.897+0000] {processor.py:914} INFO - Processing file /opt/airflow/dags/weather_scrape_dag.py for tasks to queue
[2026-07-10T22:27:46.901+0000] {logging_mixin.py:190} INFO - [2026-07-10T22:27:46.900+0000] {dagbag.py:588} INFO - Filling up the DagBag from /opt/airflow/dags/weather_scrape_dag.py
[2026-07-10T22:27:46.922+0000] {processor.py:925} INFO - DAG(s) 'weather_scrape_and_load' retrieved from /opt/airflow/dags/weather_scrape_dag.py
[2026-07-10T22:27:46.972+0000] {logging_mixin.py:190} INFO - [2026-07-10T22:27:46.971+0000] {dag.py:3239} INFO - Sync 1 DAGs
[2026-07-10T22:27:47.019+0000] {logging_mixin.py:190} INFO - [2026-07-10T22:27:47.019+0000] {dag.py:4180} INFO - Setting next_dagrun for weather_scrape_and_load to 2026-07-10 22:00:00+00:00, run_after=2026-07-10 23:00:00+00:00
[2026-07-10T22:27:47.081+0000] {processor.py:208} INFO - Processing /opt/airflow/dags/weather_scrape_dag.py took 0.197 seconds
[2026-07-10T22:28:17.218+0000] {processor.py:186} INFO - Started process (PID=3120) to work on /opt/airflow/dags/weather_scrape_dag.py
[2026-07-10T22:28:17.228+0000] {processor.py:914} INFO - Processing file /opt/airflow/dags/weather_scrape_dag.py for tasks to queue
[2026-07-10T22:28:17.231+0000] {logging_mixin.py:190} INFO - [2026-07-10T22:28:17.231+0000] {dagbag.py:588} INFO - Filling up the DagBag from /opt/airflow/dags/weather_scrape_dag.py
[2026-07-10T22:28:17.253+0000] {processor.py:925} INFO - DAG(s) 'weather_scrape_and_load' retrieved from /opt/airflow/dags/weather_scrape_dag.py
[2026-07-10T22:28:17.302+0000] {logging_mixin.py:190} INFO - [2026-07-10T22:28:17.301+0000] {dag.py:3239} INFO - Sync 1 DAGs
[2026-07-10T22:28:17.353+0000] {logging_mixin.py:190} INFO - [2026-07-10T22:28:17.352+0000] {dag.py:4180} INFO - Setting next_dagrun for weather_scrape_and_load to 2026-07-10 22:00:00+00:00, run_after=2026-07-10 23:00:00+00:00
[2026-07-10T22:28:17.395+0000] {processor.py:208} INFO - Processing /opt/airflow/dags/weather_scrape_dag.py took 0.188 seconds
[2026-07-10T22:28:47.540+0000] {processor.py:186} INFO - Started process (PID=3125) to work on /opt/airflow/dags/weather_scrape_dag.py
[2026-07-10T22:28:47.541+0000] {processor.py:914} INFO - Processing file /opt/airflow/dags/weather_scrape_dag.py for tasks to queue
[2026-07-10T22:28:47.544+0000] {logging_mixin.py:190} INFO - [2026-07-10T22:28:47.544+0000] {dagbag.py:588} INFO - Filling up the DagBag from /opt/airflow/dags/weather_scrape_dag.py
[2026-07-10T22:28:47.566+0000] {processor.py:925} INFO - DAG(s) 'weather_scrape_and_load' retrieved from /opt/airflow/dags/weather_scrape_dag.py
[2026-07-10T22:28:47.616+0000] {logging_mixin.py:190} INFO - [2026-07-10T22:28:47.616+0000] {dag.py:3239} INFO - Sync 1 DAGs
[2026-07-10T22:28:47.663+0000] {logging_mixin.py:190} INFO - [2026-07-10T22:28:47.663+0000] {dag.py:4180} INFO - Setting next_dagrun for weather_scrape_and_load to 2026-07-10 22:00:00+00:00, run_after=2026-07-10 23:00:00+00:00
[2026-07-10T22:28:47.703+0000] {processor.py:208} INFO - Processing /opt/airflow/dags/weather_scrape_dag.py took 0.174 seconds
[2026-07-10T22:29:17.828+0000] {processor.py:186} INFO - Started process (PID=3130) to work on /opt/airflow/dags/weather_scrape_dag.py
[2026-07-10T22:29:17.836+0000] {processor.py:914} INFO - Processing file /opt/airflow/dags/weather_scrape_dag.py for tasks to queue
[2026-07-10T22:29:17.841+0000] {logging_mixin.py:190} INFO - [2026-07-10T22:29:17.840+0000] {dagbag.py:588} INFO - Filling up the DagBag from /opt/airflow/dags/weather_scrape_dag.py
[2026-07-10T22:29:17.864+0000] {processor.py:925} INFO - DAG(s) 'weather_scrape_and_load' retrieved from /opt/airflow/dags/weather_scrape_dag.py
[2026-07-10T22:29:17.919+0000] {logging_mixin.py:190} INFO - [2026-07-10T22:29:17.919+0000] {dag.py:3239} INFO - Sync 1 DAGs
[2026-07-10T22:29:17.974+0000] {logging_mixin.py:190} INFO - [2026-07-10T22:29:17.973+0000] {dag.py:4180} INFO - Setting next_dagrun for weather_scrape_and_load to 2026-07-10 22:00:00+00:00, run_after=2026-07-10 23:00:00+00:00
[2026-07-10T22:29:18.009+0000] {processor.py:208} INFO - Processing /opt/airflow/dags/weather_scrape_dag.py took 0.192 seconds
[2026-07-10T22:29:48.146+0000] {processor.py:186} INFO - Started process (PID=3135) to work on /opt/airflow/dags/weather_scrape_dag.py
[2026-07-10T22:29:48.148+0000] {processor.py:914} INFO - Processing file /opt/airflow/dags/weather_scrape_dag.py for tasks to queue
[2026-07-10T22:29:48.151+0000] {logging_mixin.py:190} INFO - [2026-07-10T22:29:48.150+0000] {dagbag.py:588} INFO - Filling up the DagBag from /opt/airflow/dags/weather_scrape_dag.py
[2026-07-10T22:29:48.172+0000] {processor.py:925} INFO - DAG(s) 'weather_scrape_and_load' retrieved from /opt/airflow/dags/weather_scrape_dag.py
[2026-07-10T22:29:48.221+0000] {logging_mixin.py:190} INFO - [2026-07-10T22:29:48.220+0000] {dag.py:3239} INFO - Sync 1 DAGs
[2026-07-10T22:29:48.267+0000] {logging_mixin.py:190} INFO - [2026-07-10T22:29:48.266+0000] {dag.py:4180} INFO - Setting next_dagrun for weather_scrape_and_load to 2026-07-10 22:00:00+00:00, run_after=2026-07-10 23:00:00+00:00
[2026-07-10T22:29:48.308+0000] {processor.py:208} INFO - Processing /opt/airflow/dags/weather_scrape_dag.py took 0.173 seconds
[2026-07-10T22:30:18.436+0000] {processor.py:186} INFO - Started process (PID=3140) to work on /opt/airflow/dags/weather_scrape_dag.py
[2026-07-10T22:30:18.445+0000] {processor.py:914} INFO - Processing file /opt/airflow/dags/weather_scrape_dag.py for tasks to queue
[2026-07-10T22:30:18.449+0000] {logging_mixin.py:190} INFO - [2026-07-10T22:30:18.448+0000] {dagbag.py:588} INFO - Filling up the DagBag from /opt/airflow/dags/weather_scrape_dag.py
[2026-07-10T22:30:18.469+0000] {processor.py:925} INFO - DAG(s) 'weather_scrape_and_load' retrieved from /opt/airflow/dags/weather_scrape_dag.py
[2026-07-10T22:30:18.517+0000] {logging_mixin.py:190} INFO - [2026-07-10T22:30:18.517+0000] {dag.py:3239} INFO - Sync 1 DAGs
[2026-07-10T22:30:18.564+0000] {logging_mixin.py:190} INFO - [2026-07-10T22:30:18.563+0000] {dag.py:4180} INFO - Setting next_dagrun for weather_scrape_and_load to 2026-07-10 22:00:00+00:00, run_after=2026-07-10 23:00:00+00:00
[2026-07-10T22:30:18.596+0000] {processor.py:208} INFO - Processing /opt/airflow/dags/weather_scrape_dag.py took 0.172 seconds
[2026-07-10T22:30:48.748+0000] {processor.py:186} INFO - Started process (PID=3145) to work on /opt/airflow/dags/weather_scrape_dag.py
[2026-07-10T22:30:48.749+0000] {processor.py:914} INFO - Processing file /opt/airflow/dags/weather_scrape_dag.py for tasks to queue
[2026-07-10T22:30:48.753+0000] {logging_mixin.py:190} INFO - [2026-07-10T22:30:48.752+0000] {dagbag.py:588} INFO - Filling up the DagBag from /opt/airflow/dags/weather_scrape_dag.py
[2026-07-10T22:30:48.774+0000] {processor.py:925} INFO - DAG(s) 'weather_scrape_and_load' retrieved from /opt/airflow/dags/weather_scrape_dag.py
[2026-07-10T22:30:48.831+0000] {logging_mixin.py:190} INFO - [2026-07-10T22:30:48.830+0000] {dag.py:3239} INFO - Sync 1 DAGs
[2026-07-10T22:30:48.888+0000] {logging_mixin.py:190} INFO - [2026-07-10T22:30:48.888+0000] {dag.py:4180} INFO - Setting next_dagrun for weather_scrape_and_load to 2026-07-10 22:00:00+00:00, run_after=2026-07-10 23:00:00+00:00
[2026-07-10T22:30:48.934+0000] {processor.py:208} INFO - Processing /opt/airflow/dags/weather_scrape_dag.py took 0.198 seconds
[2026-07-10T22:31:19.035+0000] {processor.py:186} INFO - Started process (PID=3150) to work on /opt/airflow/dags/weather_scrape_dag.py
[2026-07-10T22:31:19.037+0000] {processor.py:914} INFO - Processing file /opt/airflow/dags/weather_scrape_dag.py for tasks to queue
[2026-07-10T22:31:19.040+0000] {logging_mixin.py:190} INFO - [2026-07-10T22:31:19.040+0000] {dagbag.py:588} INFO - Filling up the DagBag from /opt/airflow/dags/weather_scrape_dag.py
[2026-07-10T22:31:19.062+0000] {processor.py:925} INFO - DAG(s) 'weather_scrape_and_load' retrieved from /opt/airflow/dags/weather_scrape_dag.py
[2026-07-10T22:31:19.111+0000] {logging_mixin.py:190} INFO - [2026-07-10T22:31:19.111+0000] {dag.py:3239} INFO - Sync 1 DAGs
[2026-07-10T22:31:19.157+0000] {logging_mixin.py:190} INFO - [2026-07-10T22:31:19.157+0000] {dag.py:4180} INFO - Setting next_dagrun for weather_scrape_and_load to 2026-07-10 22:00:00+00:00, run_after=2026-07-10 23:00:00+00:00
[2026-07-10T22:31:19.192+0000] {processor.py:208} INFO - Processing /opt/airflow/dags/weather_scrape_dag.py took 0.167 seconds
[2026-07-10T22:31:49.372+0000] {processor.py:186} INFO - Started process (PID=3155) to work on /opt/airflow/dags/weather_scrape_dag.py
[2026-07-10T22:31:49.374+0000] {processor.py:914} INFO - Processing file /opt/airflow/dags/weather_scrape_dag.py for tasks to queue
[2026-07-10T22:31:49.377+0000] {logging_mixin.py:190} INFO - [2026-07-10T22:31:49.377+0000] {dagbag.py:588} INFO - Filling up the DagBag from /opt/airflow/dags/weather_scrape_dag.py
[2026-07-10T22:31:49.399+0000] {processor.py:925} INFO - DAG(s) 'weather_scrape_and_load' retrieved from /opt/airflow/dags/weather_scrape_dag.py
[2026-07-10T22:31:49.447+0000] {logging_mixin.py:190} INFO - [2026-07-10T22:31:49.447+0000] {dag.py:3239} INFO - Sync 1 DAGs
[2026-07-10T22:31:49.494+0000] {logging_mixin.py:190} INFO - [2026-07-10T22:31:49.493+0000] {dag.py:4180} INFO - Setting next_dagrun for weather_scrape_and_load to 2026-07-10 22:00:00+00:00, run_after=2026-07-10 23:00:00+00:00
[2026-07-10T22:31:49.528+0000] {processor.py:208} INFO - Processing /opt/airflow/dags/weather_scrape_dag.py took 0.166 seconds
[2026-07-10T22:32:19.621+0000] {processor.py:186} INFO - Started process (PID=3160) to work on /opt/airflow/dags/weather_scrape_dag.py
[2026-07-10T22:32:19.630+0000] {processor.py:914} INFO - Processing file /opt/airflow/dags/weather_scrape_dag.py for tasks to queue
[2026-07-10T22:32:19.633+0000] {logging_mixin.py:190} INFO - [2026-07-10T22:32:19.633+0000] {dagbag.py:588} INFO - Filling up the DagBag from /opt/airflow/dags/weather_scrape_dag.py
[2026-07-10T22:32:19.655+0000] {processor.py:925} INFO - DAG(s) 'weather_scrape_and_load' retrieved from /opt/airflow/dags/weather_scrape_dag.py
[2026-07-10T22:32:19.712+0000] {logging_mixin.py:190} INFO - [2026-07-10T22:32:19.712+0000] {dag.py:3239} INFO - Sync 1 DAGs
[2026-07-10T22:32:19.763+0000] {logging_mixin.py:190} INFO - [2026-07-10T22:32:19.762+0000] {dag.py:4180} INFO - Setting next_dagrun for weather_scrape_and_load to 2026-07-10 22:00:00+00:00, run_after=2026-07-10 23:00:00+00:00
[2026-07-10T22:32:19.796+0000] {processor.py:208} INFO - Processing /opt/airflow/dags/weather_scrape_dag.py took 0.187 seconds
[2026-07-10T22:32:49.955+0000] {processor.py:186} INFO - Started process (PID=3165) to work on /opt/airflow/dags/weather_scrape_dag.py
[2026-07-10T22:32:49.956+0000] {processor.py:914} INFO - Processing file /opt/airflow/dags/weather_scrape_dag.py for tasks to queue
[2026-07-10T22:32:49.960+0000] {logging_mixin.py:190} INFO - [2026-07-10T22:32:49.959+0000] {dagbag.py:588} INFO - Filling up the DagBag from /opt/airflow/dags/weather_scrape_dag.py
[2026-07-10T22:32:49.981+0000] {processor.py:925} INFO - DAG(s) 'weather_scrape_and_load' retrieved from /opt/airflow/dags/weather_scrape_dag.py
[2026-07-10T22:32:50.032+0000] {logging_mixin.py:190} INFO - [2026-07-10T22:32:50.032+0000] {dag.py:3239} INFO - Sync 1 DAGs
[2026-07-10T22:32:50.081+0000] {logging_mixin.py:190} INFO - [2026-07-10T22:32:50.080+0000] {dag.py:4180} INFO - Setting next_dagrun for weather_scrape_and_load to 2026-07-10 22:00:00+00:00, run_after=2026-07-10 23:00:00+00:00
[2026-07-10T22:32:50.117+0000] {processor.py:208} INFO - Processing /opt/airflow/dags/weather_scrape_dag.py took 0.172 seconds
[2026-07-10T22:33:20.228+0000] {processor.py:186} INFO - Started process (PID=3170) to work on /opt/airflow/dags/weather_scrape_dag.py
[2026-07-10T22:33:20.229+0000] {processor.py:914} INFO - Processing file /opt/airflow/dags/weather_scrape_dag.py for tasks to queue
[2026-07-10T22:33:20.233+0000] {logging_mixin.py:190} INFO - [2026-07-10T22:33:20.232+0000] {dagbag.py:588} INFO - Filling up the DagBag from /opt/airflow/dags/weather_scrape_dag.py
[2026-07-10T22:33:20.253+0000] {processor.py:925} INFO - DAG(s) 'weather_scrape_and_load' retrieved from /opt/airflow/dags/weather_scrape_dag.py
[2026-07-10T22:33:20.302+0000] {logging_mixin.py:190} INFO - [2026-07-10T22:33:20.302+0000] {dag.py:3239} INFO - Sync 1 DAGs
[2026-07-10T22:33:20.349+0000] {logging_mixin.py:190} INFO - [2026-07-10T22:33:20.349+0000] {dag.py:4180} INFO - Setting next_dagrun for weather_scrape_and_load to 2026-07-10 22:00:00+00:00, run_after=2026-07-10 23:00:00+00:00
[2026-07-10T22:33:20.389+0000] {processor.py:208} INFO - Processing /opt/airflow/dags/weather_scrape_dag.py took 0.172 seconds
[2026-07-10T22:33:50.561+0000] {processor.py:186} INFO - Started process (PID=3175) to work on /opt/airflow/dags/weather_scrape_dag.py
[2026-07-10T22:33:50.570+0000] {processor.py:914} INFO - Processing file /opt/airflow/dags/weather_scrape_dag.py for tasks to queue
[2026-07-10T22:33:50.574+0000] {logging_mixin.py:190} INFO - [2026-07-10T22:33:50.573+0000] {dagbag.py:588} INFO - Filling up the DagBag from /opt/airflow/dags/weather_scrape_dag.py
[2026-07-10T22:33:50.594+0000] {processor.py:925} INFO - DAG(s) 'weather_scrape_and_load' retrieved from /opt/airflow/dags/weather_scrape_dag.py
[2026-07-10T22:33:50.644+0000] {logging_mixin.py:190} INFO - [2026-07-10T22:33:50.644+0000] {dag.py:3239} INFO - Sync 1 DAGs
[2026-07-10T22:33:50.691+0000] {logging_mixin.py:190} INFO - [2026-07-10T22:33:50.690+0000] {dag.py:4180} INFO - Setting next_dagrun for weather_scrape_and_load to 2026-07-10 22:00:00+00:00, run_after=2026-07-10 23:00:00+00:00
[2026-07-10T22:33:50.731+0000] {processor.py:208} INFO - Processing /opt/airflow/dags/weather_scrape_dag.py took 0.181 seconds
[2026-07-10T22:34:20.827+0000] {processor.py:186} INFO - Started process (PID=3180) to work on /opt/airflow/dags/weather_scrape_dag.py
[2026-07-10T22:34:20.828+0000] {processor.py:914} INFO - Processing file /opt/airflow/dags/weather_scrape_dag.py for tasks to queue
[2026-07-10T22:34:20.834+0000] {logging_mixin.py:190} INFO - [2026-07-10T22:34:20.833+0000] {dagbag.py:588} INFO - Filling up the DagBag from /opt/airflow/dags/weather_scrape_dag.py
[2026-07-10T22:34:20.858+0000] {processor.py:925} INFO - DAG(s) 'weather_scrape_and_load' retrieved from /opt/airflow/dags/weather_scrape_dag.py
[2026-07-10T22:34:20.915+0000] {logging_mixin.py:190} INFO - [2026-07-10T22:34:20.914+0000] {dag.py:3239} INFO - Sync 1 DAGs
[2026-07-10T22:34:20.965+0000] {logging_mixin.py:190} INFO - [2026-07-10T22:34:20.964+0000] {dag.py:4180} INFO - Setting next_dagrun for weather_scrape_and_load to 2026-07-10 22:00:00+00:00, run_after=2026-07-10 23:00:00+00:00
[2026-07-10T22:34:21.010+0000] {processor.py:208} INFO - Processing /opt/airflow/dags/weather_scrape_dag.py took 0.196 seconds
[2026-07-10T22:34:51.188+0000] {processor.py:186} INFO - Started process (PID=3185) to work on /opt/airflow/dags/weather_scrape_dag.py
[2026-07-10T22:34:51.197+0000] {processor.py:914} INFO - Processing file /opt/airflow/dags/weather_scrape_dag.py for tasks to queue
[2026-07-10T22:34:51.200+0000] {logging_mixin.py:190} INFO - [2026-07-10T22:34:51.200+0000] {dagbag.py:588} INFO - Filling up the DagBag from /opt/airflow/dags/weather_scrape_dag.py
[2026-07-10T22:34:51.223+0000] {processor.py:925} INFO - DAG(s) 'weather_scrape_and_load' retrieved from /opt/airflow/dags/weather_scrape_dag.py
[2026-07-10T22:34:51.271+0000] {logging_mixin.py:190} INFO - [2026-07-10T22:34:51.270+0000] {dag.py:3239} INFO - Sync 1 DAGs
[2026-07-10T22:34:51.318+0000] {logging_mixin.py:190} INFO - [2026-07-10T22:34:51.317+0000] {dag.py:4180} INFO - Setting next_dagrun for weather_scrape_and_load to 2026-07-10 22:00:00+00:00, run_after=2026-07-10 23:00:00+00:00
[2026-07-10T22:34:51.358+0000] {processor.py:208} INFO - Processing /opt/airflow/dags/weather_scrape_dag.py took 0.183 seconds
[2026-07-10T22:35:21.447+0000] {processor.py:186} INFO - Started process (PID=3190) to work on /opt/airflow/dags/weather_scrape_dag.py
[2026-07-10T22:35:21.448+0000] {processor.py:914} INFO - Processing file /opt/airflow/dags/weather_scrape_dag.py for tasks to queue
[2026-07-10T22:35:21.452+0000] {logging_mixin.py:190} INFO - [2026-07-10T22:35:21.451+0000] {dagbag.py:588} INFO - Filling up the DagBag from /opt/airflow/dags/weather_scrape_dag.py
[2026-07-10T22:35:21.473+0000] {processor.py:925} INFO - DAG(s) 'weather_scrape_and_load' retrieved from /opt/airflow/dags/weather_scrape_dag.py
[2026-07-10T22:35:21.520+0000] {logging_mixin.py:190} INFO - [2026-07-10T22:35:21.520+0000] {dag.py:3239} INFO - Sync 1 DAGs
[2026-07-10T22:35:21.565+0000] {logging_mixin.py:190} INFO - [2026-07-10T22:35:21.565+0000] {dag.py:4180} INFO - Setting next_dagrun for weather_scrape_and_load to 2026-07-10 22:00:00+00:00, run_after=2026-07-10 23:00:00+00:00
[2026-07-10T22:35:21.608+0000] {processor.py:208} INFO - Processing /opt/airflow/dags/weather_scrape_dag.py took 0.172 seconds
[2026-07-10T22:35:51.802+0000] {processor.py:186} INFO - Started process (PID=3195) to work on /opt/airflow/dags/weather_scrape_dag.py
[2026-07-10T22:35:51.804+0000] {processor.py:914} INFO - Processing file /opt/airflow/dags/weather_scrape_dag.py for tasks to queue
[2026-07-10T22:35:51.809+0000] {logging_mixin.py:190} INFO - [2026-07-10T22:35:51.809+0000] {dagbag.py:588} INFO - Filling up the DagBag from /opt/airflow/dags/weather_scrape_dag.py
[2026-07-10T22:35:51.834+0000] {processor.py:925} INFO - DAG(s) 'weather_scrape_and_load' retrieved from /opt/airflow/dags/weather_scrape_dag.py
[2026-07-10T22:35:51.890+0000] {logging_mixin.py:190} INFO - [2026-07-10T22:35:51.889+0000] {dag.py:3239} INFO - Sync 1 DAGs
[2026-07-10T22:35:51.948+0000] {logging_mixin.py:190} INFO - [2026-07-10T22:35:51.948+0000] {dag.py:4180} INFO - Setting next_dagrun for weather_scrape_and_load to 2026-07-10 22:00:00+00:00, run_after=2026-07-10 23:00:00+00:00
[2026-07-10T22:35:51.993+0000] {processor.py:208} INFO - Processing /opt/airflow/dags/weather_scrape_dag.py took 0.203 seconds
[2026-07-10T22:36:22.227+0000] {processor.py:186} INFO - Started process (PID=3200) to work on /opt/airflow/dags/weather_scrape_dag.py
[2026-07-10T22:36:22.236+0000] {processor.py:914} INFO - Processing file /opt/airflow/dags/weather_scrape_dag.py for tasks to queue
[2026-07-10T22:36:22.239+0000] {logging_mixin.py:190} INFO - [2026-07-10T22:36:22.239+0000] {dagbag.py:588} INFO - Filling up the DagBag from /opt/airflow/dags/weather_scrape_dag.py
[2026-07-10T22:36:22.261+0000] {processor.py:925} INFO - DAG(s) 'weather_scrape_and_load' retrieved from /opt/airflow/dags/weather_scrape_dag.py
[2026-07-10T22:36:22.312+0000] {logging_mixin.py:190} INFO - [2026-07-10T22:36:22.311+0000] {dag.py:3239} INFO - Sync 1 DAGs
[2026-07-10T22:36:22.362+0000] {logging_mixin.py:190} INFO - [2026-07-10T22:36:22.361+0000] {dag.py:4180} INFO - Setting next_dagrun for weather_scrape_and_load to 2026-07-10 22:00:00+00:00, run_after=2026-07-10 23:00:00+00:00
[2026-07-10T22:36:22.397+0000] {processor.py:208} INFO - Processing /opt/airflow/dags/weather_scrape_dag.py took 0.181 seconds
[2026-07-10T22:36:52.631+0000] {processor.py:186} INFO - Started process (PID=3205) to work on /opt/airflow/dags/weather_scrape_dag.py
[2026-07-10T22:36:52.632+0000] {processor.py:914} INFO - Processing file /opt/airflow/dags/weather_scrape_dag.py for tasks to queue
[2026-07-10T22:36:52.636+0000] {logging_mixin.py:190} INFO - [2026-07-10T22:36:52.636+0000] {dagbag.py:588} INFO - Filling up the DagBag from /opt/airflow/dags/weather_scrape_dag.py
[2026-07-10T22:36:52.657+0000] {processor.py:925} INFO - DAG(s) 'weather_scrape_and_load' retrieved from /opt/airflow/dags/weather_scrape_dag.py
[2026-07-10T22:36:52.707+0000] {logging_mixin.py:190} INFO - [2026-07-10T22:36:52.706+0000] {dag.py:3239} INFO - Sync 1 DAGs
[2026-07-10T22:36:52.753+0000] {logging_mixin.py:190} INFO - [2026-07-10T22:36:52.752+0000] {dag.py:4180} INFO - Setting next_dagrun for weather_scrape_and_load to 2026-07-10 22:00:00+00:00, run_after=2026-07-10 23:00:00+00:00
[2026-07-10T22:36:52.794+0000] {processor.py:208} INFO - Processing /opt/airflow/dags/weather_scrape_dag.py took 0.174 seconds
[2026-07-10T22:37:23.028+0000] {processor.py:186} INFO - Started process (PID=3210) to work on /opt/airflow/dags/weather_scrape_dag.py
[2026-07-10T22:37:23.037+0000] {processor.py:914} INFO - Processing file /opt/airflow/dags/weather_scrape_dag.py for tasks to queue
[2026-07-10T22:37:23.042+0000] {logging_mixin.py:190} INFO - [2026-07-10T22:37:23.041+0000] {dagbag.py:588} INFO - Filling up the DagBag from /opt/airflow/dags/weather_scrape_dag.py
[2026-07-10T22:37:23.062+0000] {processor.py:925} INFO - DAG(s) 'weather_scrape_and_load' retrieved from /opt/airflow/dags/weather_scrape_dag.py
[2026-07-10T22:37:23.115+0000] {logging_mixin.py:190} INFO - [2026-07-10T22:37:23.115+0000] {dag.py:3239} INFO - Sync 1 DAGs
[2026-07-10T22:37:23.161+0000] {logging_mixin.py:190} INFO - [2026-07-10T22:37:23.160+0000] {dag.py:4180} INFO - Setting next_dagrun for weather_scrape_and_load to 2026-07-10 22:00:00+00:00, run_after=2026-07-10 23:00:00+00:00
[2026-07-10T22:37:23.202+0000] {processor.py:208} INFO - Processing /opt/airflow/dags/weather_scrape_dag.py took 0.184 seconds
[2026-07-10T22:37:53.443+0000] {processor.py:186} INFO - Started process (PID=3215) to work on /opt/airflow/dags/weather_scrape_dag.py
[2026-07-10T22:37:53.444+0000] {processor.py:914} INFO - Processing file /opt/airflow/dags/weather_scrape_dag.py for tasks to queue
[2026-07-10T22:37:53.448+0000] {logging_mixin.py:190} INFO - [2026-07-10T22:37:53.448+0000] {dagbag.py:588} INFO - Filling up the DagBag from /opt/airflow/dags/weather_scrape_dag.py
[2026-07-10T22:37:53.470+0000] {processor.py:925} INFO - DAG(s) 'weather_scrape_and_load' retrieved from /opt/airflow/dags/weather_scrape_dag.py
[2026-07-10T22:37:53.518+0000] {logging_mixin.py:190} INFO - [2026-07-10T22:37:53.517+0000] {dag.py:3239} INFO - Sync 1 DAGs
[2026-07-10T22:37:53.563+0000] {logging_mixin.py:190} INFO - [2026-07-10T22:37:53.563+0000] {dag.py:4180} INFO - Setting next_dagrun for weather_scrape_and_load to 2026-07-10 22:00:00+00:00, run_after=2026-07-10 23:00:00+00:00
[2026-07-10T22:37:53.604+0000] {processor.py:208} INFO - Processing /opt/airflow/dags/weather_scrape_dag.py took 0.172 seconds
[2026-07-10T22:38:23.844+0000] {processor.py:186} INFO - Started process (PID=3220) to work on /opt/airflow/dags/weather_scrape_dag.py
[2026-07-10T22:38:23.853+0000] {processor.py:914} INFO - Processing file /opt/airflow/dags/weather_scrape_dag.py for tasks to queue
[2026-07-10T22:38:23.856+0000] {logging_mixin.py:190} INFO - [2026-07-10T22:38:23.856+0000] {dagbag.py:588} INFO - Filling up the DagBag from /opt/airflow/dags/weather_scrape_dag.py
[2026-07-10T22:38:23.877+0000] {processor.py:925} INFO - DAG(s) 'weather_scrape_and_load' retrieved from /opt/airflow/dags/weather_scrape_dag.py
[2026-07-10T22:38:23.926+0000] {logging_mixin.py:190} INFO - [2026-07-10T22:38:23.925+0000] {dag.py:3239} INFO - Sync 1 DAGs
[2026-07-10T22:38:23.975+0000] {logging_mixin.py:190} INFO - [2026-07-10T22:38:23.974+0000] {dag.py:4180} INFO - Setting next_dagrun for weather_scrape_and_load to 2026-07-10 22:00:00+00:00, run_after=2026-07-10 23:00:00+00:00
[2026-07-10T22:38:24.025+0000] {processor.py:208} INFO - Processing /opt/airflow/dags/weather_scrape_dag.py took 0.193 seconds
[2026-07-10T22:38:54.263+0000] {processor.py:186} INFO - Started process (PID=3225) to work on /opt/airflow/dags/weather_scrape_dag.py
[2026-07-10T22:38:54.264+0000] {processor.py:914} INFO - Processing file /opt/airflow/dags/weather_scrape_dag.py for tasks to queue
[2026-07-10T22:38:54.268+0000] {logging_mixin.py:190} INFO - [2026-07-10T22:38:54.267+0000] {dagbag.py:588} INFO - Filling up the DagBag from /opt/airflow/dags/weather_scrape_dag.py
[2026-07-10T22:38:54.289+0000] {processor.py:925} INFO - DAG(s) 'weather_scrape_and_load' retrieved from /opt/airflow/dags/weather_scrape_dag.py
[2026-07-10T22:38:54.337+0000] {logging_mixin.py:190} INFO - [2026-07-10T22:38:54.337+0000] {dag.py:3239} INFO - Sync 1 DAGs
[2026-07-10T22:38:54.384+0000] {logging_mixin.py:190} INFO - [2026-07-10T22:38:54.384+0000] {dag.py:4180} INFO - Setting next_dagrun for weather_scrape_and_load to 2026-07-10 22:00:00+00:00, run_after=2026-07-10 23:00:00+00:00
[2026-07-10T22:38:54.426+0000] {processor.py:208} INFO - Processing /opt/airflow/dags/weather_scrape_dag.py took 0.175 seconds
[2026-07-10T22:39:24.490+0000] {processor.py:186} INFO - Started process (PID=3230) to work on /opt/airflow/dags/weather_scrape_dag.py
[2026-07-10T22:39:24.492+0000] {processor.py:914} INFO - Processing file /opt/airflow/dags/weather_scrape_dag.py for tasks to queue
[2026-07-10T22:39:24.495+0000] {logging_mixin.py:190} INFO - [2026-07-10T22:39:24.495+0000] {dagbag.py:588} INFO - Filling up the DagBag from /opt/airflow/dags/weather_scrape_dag.py
[2026-07-10T22:39:24.516+0000] {processor.py:925} INFO - DAG(s) 'weather_scrape_and_load' retrieved from /opt/airflow/dags/weather_scrape_dag.py
[2026-07-10T22:39:24.566+0000] {logging_mixin.py:190} INFO - [2026-07-10T22:39:24.565+0000] {dag.py:3239} INFO - Sync 1 DAGs
[2026-07-10T22:39:24.614+0000] {logging_mixin.py:190} INFO - [2026-07-10T22:39:24.613+0000] {dag.py:4180} INFO - Setting next_dagrun for weather_scrape_and_load to 2026-07-10 22:00:00+00:00, run_after=2026-07-10 23:00:00+00:00
[2026-07-10T22:39:24.653+0000] {processor.py:208} INFO - Processing /opt/airflow/dags/weather_scrape_dag.py took 0.174 seconds
[2026-07-10T22:39:54.866+0000] {processor.py:186} INFO - Started process (PID=3235) to work on /opt/airflow/dags/weather_scrape_dag.py
[2026-07-10T22:39:54.867+0000] {processor.py:914} INFO - Processing file /opt/airflow/dags/weather_scrape_dag.py for tasks to queue
[2026-07-10T22:39:54.871+0000] {logging_mixin.py:190} INFO - [2026-07-10T22:39:54.870+0000] {dagbag.py:588} INFO - Filling up the DagBag from /opt/airflow/dags/weather_scrape_dag.py
[2026-07-10T22:39:54.893+0000] {processor.py:925} INFO - DAG(s) 'weather_scrape_and_load' retrieved from /opt/airflow/dags/weather_scrape_dag.py
[2026-07-10T22:39:54.946+0000] {logging_mixin.py:190} INFO - [2026-07-10T22:39:54.946+0000] {dag.py:3239} INFO - Sync 1 DAGs
[2026-07-10T22:39:55.002+0000] {logging_mixin.py:190} INFO - [2026-07-10T22:39:55.002+0000] {dag.py:4180} INFO - Setting next_dagrun for weather_scrape_and_load to 2026-07-10 22:00:00+00:00, run_after=2026-07-10 23:00:00+00:00
[2026-07-10T22:39:55.045+0000] {processor.py:208} INFO - Processing /opt/airflow/dags/weather_scrape_dag.py took 0.190 seconds
[2026-07-10T22:40:25.290+0000] {processor.py:186} INFO - Started process (PID=3240) to work on /opt/airflow/dags/weather_scrape_dag.py
[2026-07-10T22:40:25.299+0000] {processor.py:914} INFO - Processing file /opt/airflow/dags/weather_scrape_dag.py for tasks to queue
[2026-07-10T22:40:25.303+0000] {logging_mixin.py:190} INFO - [2026-07-10T22:40:25.302+0000] {dagbag.py:588} INFO - Filling up the DagBag from /opt/airflow/dags/weather_scrape_dag.py
[2026-07-10T22:40:25.325+0000] {processor.py:925} INFO - DAG(s) 'weather_scrape_and_load' retrieved from /opt/airflow/dags/weather_scrape_dag.py
[2026-07-10T22:40:25.374+0000] {logging_mixin.py:190} INFO - [2026-07-10T22:40:25.373+0000] {dag.py:3239} INFO - Sync 1 DAGs
[2026-07-10T22:40:25.420+0000] {logging_mixin.py:190} INFO - [2026-07-10T22:40:25.420+0000] {dag.py:4180} INFO - Setting next_dagrun for weather_scrape_and_load to 2026-07-10 22:00:00+00:00, run_after=2026-07-10 23:00:00+00:00
[2026-07-10T22:40:25.462+0000] {processor.py:208} INFO - Processing /opt/airflow/dags/weather_scrape_dag.py took 0.183 seconds
[2026-07-10T22:40:55.702+0000] {processor.py:186} INFO - Started process (PID=3245) to work on /opt/airflow/dags/weather_scrape_dag.py
[2026-07-10T22:40:55.703+0000] {processor.py:914} INFO - Processing file /opt/airflow/dags/weather_scrape_dag.py for tasks to queue
[2026-07-10T22:40:55.707+0000] {logging_mixin.py:190} INFO - [2026-07-10T22:40:55.706+0000] {dagbag.py:588} INFO - Filling up the DagBag from /opt/airflow/dags/weather_scrape_dag.py
[2026-07-10T22:40:55.727+0000] {processor.py:925} INFO - DAG(s) 'weather_scrape_and_load' retrieved from /opt/airflow/dags/weather_scrape_dag.py
[2026-07-10T22:40:55.777+0000] {logging_mixin.py:190} INFO - [2026-07-10T22:40:55.777+0000] {dag.py:3239} INFO - Sync 1 DAGs
[2026-07-10T22:40:55.822+0000] {logging_mixin.py:190} INFO - [2026-07-10T22:40:55.822+0000] {dag.py:4180} INFO - Setting next_dagrun for weather_scrape_and_load to 2026-07-10 22:00:00+00:00, run_after=2026-07-10 23:00:00+00:00
[2026-07-10T22:40:55.855+0000] {processor.py:208} INFO - Processing /opt/airflow/dags/weather_scrape_dag.py took 0.164 seconds
[2026-07-10T22:41:25.912+0000] {processor.py:186} INFO - Started process (PID=3250) to work on /opt/airflow/dags/weather_scrape_dag.py
[2026-07-10T22:41:25.916+0000] {processor.py:914} INFO - Processing file /opt/airflow/dags/weather_scrape_dag.py for tasks to queue
[2026-07-10T22:41:25.920+0000] {logging_mixin.py:190} INFO - [2026-07-10T22:41:25.919+0000] {dagbag.py:588} INFO - Filling up the DagBag from /opt/airflow/dags/weather_scrape_dag.py
[2026-07-10T22:41:25.945+0000] {processor.py:925} INFO - DAG(s) 'weather_scrape_and_load' retrieved from /opt/airflow/dags/weather_scrape_dag.py
[2026-07-10T22:41:26.002+0000] {logging_mixin.py:190} INFO - [2026-07-10T22:41:26.001+0000] {dag.py:3239} INFO - Sync 1 DAGs
[2026-07-10T22:41:26.054+0000] {logging_mixin.py:190} INFO - [2026-07-10T22:41:26.054+0000] {dag.py:4180} INFO - Setting next_dagrun for weather_scrape_and_load to 2026-07-10 22:00:00+00:00, run_after=2026-07-10 23:00:00+00:00
[2026-07-10T22:41:26.095+0000] {processor.py:208} INFO - Processing /opt/airflow/dags/weather_scrape_dag.py took 0.196 seconds
[2026-07-10T22:41:56.292+0000] {processor.py:186} INFO - Started process (PID=3255) to work on /opt/airflow/dags/weather_scrape_dag.py
[2026-07-10T22:41:56.293+0000] {processor.py:914} INFO - Processing file /opt/airflow/dags/weather_scrape_dag.py for tasks to queue
[2026-07-10T22:41:56.297+0000] {logging_mixin.py:190} INFO - [2026-07-10T22:41:56.297+0000] {dagbag.py:588} INFO - Filling up the DagBag from /opt/airflow/dags/weather_scrape_dag.py
[2026-07-10T22:41:56.318+0000] {processor.py:925} INFO - DAG(s) 'weather_scrape_and_load' retrieved from /opt/airflow/dags/weather_scrape_dag.py
[2026-07-10T22:41:56.367+0000] {logging_mixin.py:190} INFO - [2026-07-10T22:41:56.367+0000] {dag.py:3239} INFO - Sync 1 DAGs
[2026-07-10T22:41:56.416+0000] {logging_mixin.py:190} INFO - [2026-07-10T22:41:56.416+0000] {dag.py:4180} INFO - Setting next_dagrun for weather_scrape_and_load to 2026-07-10 22:00:00+00:00, run_after=2026-07-10 23:00:00+00:00
[2026-07-10T22:41:56.456+0000] {processor.py:208} INFO - Processing /opt/airflow/dags/weather_scrape_dag.py took 0.175 seconds
[2026-07-10T22:42:26.514+0000] {processor.py:186} INFO - Started process (PID=3260) to work on /opt/airflow/dags/weather_scrape_dag.py
[2026-07-10T22:42:26.523+0000] {processor.py:914} INFO - Processing file /opt/airflow/dags/weather_scrape_dag.py for tasks to queue
[2026-07-10T22:42:26.527+0000] {logging_mixin.py:190} INFO - [2026-07-10T22:42:26.527+0000] {dagbag.py:588} INFO - Filling up the DagBag from /opt/airflow/dags/weather_scrape_dag.py
[2026-07-10T22:42:26.549+0000] {processor.py:925} INFO - DAG(s) 'weather_scrape_and_load' retrieved from /opt/airflow/dags/weather_scrape_dag.py
[2026-07-10T22:42:26.599+0000] {logging_mixin.py:190} INFO - [2026-07-10T22:42:26.599+0000] {dag.py:3239} INFO - Sync 1 DAGs
[2026-07-10T22:42:26.649+0000] {logging_mixin.py:190} INFO - [2026-07-10T22:42:26.648+0000] {dag.py:4180} INFO - Setting next_dagrun for weather_scrape_and_load to 2026-07-10 22:00:00+00:00, run_after=2026-07-10 23:00:00+00:00
[2026-07-10T22:42:26.689+0000] {processor.py:208} INFO - Processing /opt/airflow/dags/weather_scrape_dag.py took 0.187 seconds
[2026-07-10T22:42:56.895+0000] {processor.py:186} INFO - Started process (PID=3265) to work on /opt/airflow/dags/weather_scrape_dag.py
[2026-07-10T22:42:56.897+0000] {processor.py:914} INFO - Processing file /opt/airflow/dags/weather_scrape_dag.py for tasks to queue
[2026-07-10T22:42:56.900+0000] {logging_mixin.py:190} INFO - [2026-07-10T22:42:56.899+0000] {dagbag.py:588} INFO - Filling up the DagBag from /opt/airflow/dags/weather_scrape_dag.py
[2026-07-10T22:42:56.921+0000] {processor.py:925} INFO - DAG(s) 'weather_scrape_and_load' retrieved from /opt/airflow/dags/weather_scrape_dag.py
[2026-07-10T22:42:56.972+0000] {logging_mixin.py:190} INFO - [2026-07-10T22:42:56.972+0000] {dag.py:3239} INFO - Sync 1 DAGs
[2026-07-10T22:42:57.019+0000] {logging_mixin.py:190} INFO - [2026-07-10T22:42:57.019+0000] {dag.py:4180} INFO - Setting next_dagrun for weather_scrape_and_load to 2026-07-10 22:00:00+00:00, run_after=2026-07-10 23:00:00+00:00
[2026-07-10T22:42:57.051+0000] {processor.py:208} INFO - Processing /opt/airflow/dags/weather_scrape_dag.py took 0.168 seconds
[2026-07-10T22:43:27.122+0000] {processor.py:186} INFO - Started process (PID=3270) to work on /opt/airflow/dags/weather_scrape_dag.py
[2026-07-10T22:43:27.130+0000] {processor.py:914} INFO - Processing file /opt/airflow/dags/weather_scrape_dag.py for tasks to queue
[2026-07-10T22:43:27.134+0000] {logging_mixin.py:190} INFO - [2026-07-10T22:43:27.133+0000] {dagbag.py:588} INFO - Filling up the DagBag from /opt/airflow/dags/weather_scrape_dag.py
[2026-07-10T22:43:27.155+0000] {processor.py:925} INFO - DAG(s) 'weather_scrape_and_load' retrieved from /opt/airflow/dags/weather_scrape_dag.py
[2026-07-10T22:43:27.204+0000] {logging_mixin.py:190} INFO - [2026-07-10T22:43:27.203+0000] {dag.py:3239} INFO - Sync 1 DAGs
[2026-07-10T22:43:27.249+0000] {logging_mixin.py:190} INFO - [2026-07-10T22:43:27.248+0000] {dag.py:4180} INFO - Setting next_dagrun for weather_scrape_and_load to 2026-07-10 22:00:00+00:00, run_after=2026-07-10 23:00:00+00:00
[2026-07-10T22:43:27.289+0000] {processor.py:208} INFO - Processing /opt/airflow/dags/weather_scrape_dag.py took 0.179 seconds
[2026-07-10T22:43:57.499+0000] {processor.py:186} INFO - Started process (PID=3275) to work on /opt/airflow/dags/weather_scrape_dag.py
[2026-07-10T22:43:57.500+0000] {processor.py:914} INFO - Processing file /opt/airflow/dags/weather_scrape_dag.py for tasks to queue
[2026-07-10T22:43:57.503+0000] {logging_mixin.py:190} INFO - [2026-07-10T22:43:57.503+0000] {dagbag.py:588} INFO - Filling up the DagBag from /opt/airflow/dags/weather_scrape_dag.py
[2026-07-10T22:43:57.524+0000] {processor.py:925} INFO - DAG(s) 'weather_scrape_and_load' retrieved from /opt/airflow/dags/weather_scrape_dag.py
[2026-07-10T22:43:57.572+0000] {logging_mixin.py:190} INFO - [2026-07-10T22:43:57.572+0000] {dag.py:3239} INFO - Sync 1 DAGs
[2026-07-10T22:43:57.620+0000] {logging_mixin.py:190} INFO - [2026-07-10T22:43:57.619+0000] {dag.py:4180} INFO - Setting next_dagrun for weather_scrape_and_load to 2026-07-10 22:00:00+00:00, run_after=2026-07-10 23:00:00+00:00
[2026-07-10T22:43:57.664+0000] {processor.py:208} INFO - Processing /opt/airflow/dags/weather_scrape_dag.py took 0.176 seconds
[2026-07-10T22:44:27.749+0000] {processor.py:186} INFO - Started process (PID=3280) to work on /opt/airflow/dags/weather_scrape_dag.py
[2026-07-10T22:44:27.758+0000] {processor.py:914} INFO - Processing file /opt/airflow/dags/weather_scrape_dag.py for tasks to queue
[2026-07-10T22:44:27.763+0000] {logging_mixin.py:190} INFO - [2026-07-10T22:44:27.762+0000] {dagbag.py:588} INFO - Filling up the DagBag from /opt/airflow/dags/weather_scrape_dag.py
[2026-07-10T22:44:27.790+0000] {processor.py:925} INFO - DAG(s) 'weather_scrape_and_load' retrieved from /opt/airflow/dags/weather_scrape_dag.py
[2026-07-10T22:44:27.839+0000] {logging_mixin.py:190} INFO - [2026-07-10T22:44:27.839+0000] {dag.py:3239} INFO - Sync 1 DAGs
[2026-07-10T22:44:27.888+0000] {logging_mixin.py:190} INFO - [2026-07-10T22:44:27.887+0000] {dag.py:4180} INFO - Setting next_dagrun for weather_scrape_and_load to 2026-07-10 22:00:00+00:00, run_after=2026-07-10 23:00:00+00:00
[2026-07-10T22:44:27.933+0000] {processor.py:208} INFO - Processing /opt/airflow/dags/weather_scrape_dag.py took 0.198 seconds
[2026-07-10T22:44:58.113+0000] {processor.py:186} INFO - Started process (PID=3285) to work on /opt/airflow/dags/weather_scrape_dag.py
[2026-07-10T22:44:58.114+0000] {processor.py:914} INFO - Processing file /opt/airflow/dags/weather_scrape_dag.py for tasks to queue
[2026-07-10T22:44:58.117+0000] {logging_mixin.py:190} INFO - [2026-07-10T22:44:58.117+0000] {dagbag.py:588} INFO - Filling up the DagBag from /opt/airflow/dags/weather_scrape_dag.py
[2026-07-10T22:44:58.139+0000] {processor.py:925} INFO - DAG(s) 'weather_scrape_and_load' retrieved from /opt/airflow/dags/weather_scrape_dag.py
[2026-07-10T22:44:58.188+0000] {logging_mixin.py:190} INFO - [2026-07-10T22:44:58.187+0000] {dag.py:3239} INFO - Sync 1 DAGs
[2026-07-10T22:44:58.235+0000] {logging_mixin.py:190} INFO - [2026-07-10T22:44:58.235+0000] {dag.py:4180} INFO - Setting next_dagrun for weather_scrape_and_load to 2026-07-10 22:00:00+00:00, run_after=2026-07-10 23:00:00+00:00
[2026-07-10T22:44:58.276+0000] {processor.py:208} INFO - Processing /opt/airflow/dags/weather_scrape_dag.py took 0.174 seconds
[2026-07-10T22:45:28.369+0000] {processor.py:186} INFO - Started process (PID=3290) to work on /opt/airflow/dags/weather_scrape_dag.py
[2026-07-10T22:45:28.378+0000] {processor.py:914} INFO - Processing file /opt/airflow/dags/weather_scrape_dag.py for tasks to queue
[2026-07-10T22:45:28.383+0000] {logging_mixin.py:190} INFO - [2026-07-10T22:45:28.382+0000] {dagbag.py:588} INFO - Filling up the DagBag from /opt/airflow/dags/weather_scrape_dag.py
[2026-07-10T22:45:28.404+0000] {processor.py:925} INFO - DAG(s) 'weather_scrape_and_load' retrieved from /opt/airflow/dags/weather_scrape_dag.py
[2026-07-10T22:45:28.455+0000] {logging_mixin.py:190} INFO - [2026-07-10T22:45:28.455+0000] {dag.py:3239} INFO - Sync 1 DAGs
[2026-07-10T22:45:28.502+0000] {logging_mixin.py:190} INFO - [2026-07-10T22:45:28.501+0000] {dag.py:4180} INFO - Setting next_dagrun for weather_scrape_and_load to 2026-07-10 22:00:00+00:00, run_after=2026-07-10 23:00:00+00:00
[2026-07-10T22:45:28.543+0000] {processor.py:208} INFO - Processing /opt/airflow/dags/weather_scrape_dag.py took 0.185 seconds
[2026-07-10T22:45:58.717+0000] {processor.py:186} INFO - Started process (PID=3295) to work on /opt/airflow/dags/weather_scrape_dag.py
[2026-07-10T22:45:58.718+0000] {processor.py:914} INFO - Processing file /opt/airflow/dags/weather_scrape_dag.py for tasks to queue
[2026-07-10T22:45:58.722+0000] {logging_mixin.py:190} INFO - [2026-07-10T22:45:58.722+0000] {dagbag.py:588} INFO - Filling up the DagBag from /opt/airflow/dags/weather_scrape_dag.py
[2026-07-10T22:45:58.744+0000] {processor.py:925} INFO - DAG(s) 'weather_scrape_and_load' retrieved from /opt/airflow/dags/weather_scrape_dag.py
[2026-07-10T22:45:58.792+0000] {logging_mixin.py:190} INFO - [2026-07-10T22:45:58.792+0000] {dag.py:3239} INFO - Sync 1 DAGs
[2026-07-10T22:45:58.838+0000] {logging_mixin.py:190} INFO - [2026-07-10T22:45:58.838+0000] {dag.py:4180} INFO - Setting next_dagrun for weather_scrape_and_load to 2026-07-10 22:00:00+00:00, run_after=2026-07-10 23:00:00+00:00
[2026-07-10T22:45:58.879+0000] {processor.py:208} INFO - Processing /opt/airflow/dags/weather_scrape_dag.py took 0.173 seconds
[2026-07-10T22:46:28.980+0000] {processor.py:186} INFO - Started process (PID=3300) to work on /opt/airflow/dags/weather_scrape_dag.py
[2026-07-10T22:46:28.989+0000] {processor.py:914} INFO - Processing file /opt/airflow/dags/weather_scrape_dag.py for tasks to queue
[2026-07-10T22:46:28.993+0000] {logging_mixin.py:190} INFO - [2026-07-10T22:46:28.993+0000] {dagbag.py:588} INFO - Filling up the DagBag from /opt/airflow/dags/weather_scrape_dag.py
[2026-07-10T22:46:29.014+0000] {processor.py:925} INFO - DAG(s) 'weather_scrape_and_load' retrieved from /opt/airflow/dags/weather_scrape_dag.py
[2026-07-10T22:46:29.061+0000] {logging_mixin.py:190} INFO - [2026-07-10T22:46:29.061+0000] {dag.py:3239} INFO - Sync 1 DAGs
[2026-07-10T22:46:29.107+0000] {logging_mixin.py:190} INFO - [2026-07-10T22:46:29.106+0000] {dag.py:4180} INFO - Setting next_dagrun for weather_scrape_and_load to 2026-07-10 22:00:00+00:00, run_after=2026-07-10 23:00:00+00:00
[2026-07-10T22:46:29.147+0000] {processor.py:208} INFO - Processing /opt/airflow/dags/weather_scrape_dag.py took 0.178 seconds
[2026-07-10T22:46:59.321+0000] {processor.py:186} INFO - Started process (PID=3305) to work on /opt/airflow/dags/weather_scrape_dag.py
[2026-07-10T22:46:59.322+0000] {processor.py:914} INFO - Processing file /opt/airflow/dags/weather_scrape_dag.py for tasks to queue
[2026-07-10T22:46:59.326+0000] {logging_mixin.py:190} INFO - [2026-07-10T22:46:59.325+0000] {dagbag.py:588} INFO - Filling up the DagBag from /opt/airflow/dags/weather_scrape_dag.py
[2026-07-10T22:46:59.347+0000] {processor.py:925} INFO - DAG(s) 'weather_scrape_and_load' retrieved from /opt/airflow/dags/weather_scrape_dag.py
[2026-07-10T22:46:59.395+0000] {logging_mixin.py:190} INFO - [2026-07-10T22:46:59.394+0000] {dag.py:3239} INFO - Sync 1 DAGs
[2026-07-10T22:46:59.442+0000] {logging_mixin.py:190} INFO - [2026-07-10T22:46:59.442+0000] {dag.py:4180} INFO - Setting next_dagrun for weather_scrape_and_load to 2026-07-10 22:00:00+00:00, run_after=2026-07-10 23:00:00+00:00
[2026-07-10T22:46:59.485+0000] {processor.py:208} INFO - Processing /opt/airflow/dags/weather_scrape_dag.py took 0.176 seconds
[2026-07-10T22:47:29.583+0000] {processor.py:186} INFO - Started process (PID=3310) to work on /opt/airflow/dags/weather_scrape_dag.py
[2026-07-10T22:47:29.592+0000] {processor.py:914} INFO - Processing file /opt/airflow/dags/weather_scrape_dag.py for tasks to queue
[2026-07-10T22:47:29.595+0000] {logging_mixin.py:190} INFO - [2026-07-10T22:47:29.595+0000] {dagbag.py:588} INFO - Filling up the DagBag from /opt/airflow/dags/weather_scrape_dag.py
[2026-07-10T22:47:29.616+0000] {processor.py:925} INFO - DAG(s) 'weather_scrape_and_load' retrieved from /opt/airflow/dags/weather_scrape_dag.py
[2026-07-10T22:47:29.668+0000] {logging_mixin.py:190} INFO - [2026-07-10T22:47:29.667+0000] {dag.py:3239} INFO - Sync 1 DAGs
[2026-07-10T22:47:29.718+0000] {logging_mixin.py:190} INFO - [2026-07-10T22:47:29.717+0000] {dag.py:4180} INFO - Setting next_dagrun for weather_scrape_and_load to 2026-07-10 22:00:00+00:00, run_after=2026-07-10 23:00:00+00:00
[2026-07-10T22:47:29.758+0000] {processor.py:208} INFO - Processing /opt/airflow/dags/weather_scrape_dag.py took 0.186 seconds
[2026-07-10T22:47:59.915+0000] {processor.py:186} INFO - Started process (PID=3315) to work on /opt/airflow/dags/weather_scrape_dag.py
[2026-07-10T22:47:59.917+0000] {processor.py:914} INFO - Processing file /opt/airflow/dags/weather_scrape_dag.py for tasks to queue
[2026-07-10T22:47:59.920+0000] {logging_mixin.py:190} INFO - [2026-07-10T22:47:59.919+0000] {dagbag.py:588} INFO - Filling up the DagBag from /opt/airflow/dags/weather_scrape_dag.py
[2026-07-10T22:47:59.941+0000] {processor.py:925} INFO - DAG(s) 'weather_scrape_and_load' retrieved from /opt/airflow/dags/weather_scrape_dag.py
[2026-07-10T22:47:59.996+0000] {logging_mixin.py:190} INFO - [2026-07-10T22:47:59.995+0000] {dag.py:3239} INFO - Sync 1 DAGs
[2026-07-10T22:48:00.049+0000] {logging_mixin.py:190} INFO - [2026-07-10T22:48:00.048+0000] {dag.py:4180} INFO - Setting next_dagrun for weather_scrape_and_load to 2026-07-10 22:00:00+00:00, run_after=2026-07-10 23:00:00+00:00
[2026-07-10T22:48:00.083+0000] {processor.py:208} INFO - Processing /opt/airflow/dags/weather_scrape_dag.py took 0.178 seconds
[2026-07-10T22:48:30.190+0000] {processor.py:186} INFO - Started process (PID=3320) to work on /opt/airflow/dags/weather_scrape_dag.py
[2026-07-10T22:48:30.199+0000] {processor.py:914} INFO - Processing file /opt/airflow/dags/weather_scrape_dag.py for tasks to queue
[2026-07-10T22:48:30.202+0000] {logging_mixin.py:190} INFO - [2026-07-10T22:48:30.201+0000] {dagbag.py:588} INFO - Filling up the DagBag from /opt/airflow/dags/weather_scrape_dag.py
[2026-07-10T22:48:30.223+0000] {processor.py:925} INFO - DAG(s) 'weather_scrape_and_load' retrieved from /opt/airflow/dags/weather_scrape_dag.py
[2026-07-10T22:48:30.271+0000] {logging_mixin.py:190} INFO - [2026-07-10T22:48:30.271+0000] {dag.py:3239} INFO - Sync 1 DAGs
[2026-07-10T22:48:30.316+0000] {logging_mixin.py:190} INFO - [2026-07-10T22:48:30.316+0000] {dag.py:4180} INFO - Setting next_dagrun for weather_scrape_and_load to 2026-07-10 22:00:00+00:00, run_after=2026-07-10 23:00:00+00:00
[2026-07-10T22:48:30.356+0000] {processor.py:208} INFO - Processing /opt/airflow/dags/weather_scrape_dag.py took 0.177 seconds
[2026-07-10T22:49:00.516+0000] {processor.py:186} INFO - Started process (PID=3325) to work on /opt/airflow/dags/weather_scrape_dag.py
[2026-07-10T22:49:00.517+0000] {processor.py:914} INFO - Processing file /opt/airflow/dags/weather_scrape_dag.py for tasks to queue
[2026-07-10T22:49:00.521+0000] {logging_mixin.py:190} INFO - [2026-07-10T22:49:00.520+0000] {dagbag.py:588} INFO - Filling up the DagBag from /opt/airflow/dags/weather_scrape_dag.py
[2026-07-10T22:49:00.548+0000] {processor.py:925} INFO - DAG(s) 'weather_scrape_and_load' retrieved from /opt/airflow/dags/weather_scrape_dag.py
[2026-07-10T22:49:00.604+0000] {logging_mixin.py:190} INFO - [2026-07-10T22:49:00.603+0000] {dag.py:3239} INFO - Sync 1 DAGs
[2026-07-10T22:49:00.658+0000] {logging_mixin.py:190} INFO - [2026-07-10T22:49:00.657+0000] {dag.py:4180} INFO - Setting next_dagrun for weather_scrape_and_load to 2026-07-10 22:00:00+00:00, run_after=2026-07-10 23:00:00+00:00
[2026-07-10T22:49:00.703+0000] {processor.py:208} INFO - Processing /opt/airflow/dags/weather_scrape_dag.py took 0.201 seconds
[2026-07-10T22:49:30.816+0000] {processor.py:186} INFO - Started process (PID=3331) to work on /opt/airflow/dags/weather_scrape_dag.py
[2026-07-10T22:49:30.825+0000] {processor.py:914} INFO - Processing file /opt/airflow/dags/weather_scrape_dag.py for tasks to queue
[2026-07-10T22:49:30.830+0000] {logging_mixin.py:190} INFO - [2026-07-10T22:49:30.829+0000] {dagbag.py:588} INFO - Filling up the DagBag from /opt/airflow/dags/weather_scrape_dag.py
[2026-07-10T22:49:30.854+0000] {processor.py:925} INFO - DAG(s) 'weather_scrape_and_load' retrieved from /opt/airflow/dags/weather_scrape_dag.py
[2026-07-10T22:49:30.912+0000] {logging_mixin.py:190} INFO - [2026-07-10T22:49:30.911+0000] {dag.py:3239} INFO - Sync 1 DAGs
[2026-07-10T22:49:30.959+0000] {logging_mixin.py:190} INFO - [2026-07-10T22:49:30.959+0000] {dag.py:4180} INFO - Setting next_dagrun for weather_scrape_and_load to 2026-07-10 22:00:00+00:00, run_after=2026-07-10 23:00:00+00:00
[2026-07-10T22:49:31.001+0000] {processor.py:208} INFO - Processing /opt/airflow/dags/weather_scrape_dag.py took 0.198 seconds
[2026-07-10T22:50:01.139+0000] {processor.py:186} INFO - Started process (PID=3336) to work on /opt/airflow/dags/weather_scrape_dag.py
[2026-07-10T22:50:01.140+0000] {processor.py:914} INFO - Processing file /opt/airflow/dags/weather_scrape_dag.py for tasks to queue
[2026-07-10T22:50:01.145+0000] {logging_mixin.py:190} INFO - [2026-07-10T22:50:01.144+0000] {dagbag.py:588} INFO - Filling up the DagBag from /opt/airflow/dags/weather_scrape_dag.py
[2026-07-10T22:50:01.166+0000] {processor.py:925} INFO - DAG(s) 'weather_scrape_and_load' retrieved from /opt/airflow/dags/weather_scrape_dag.py
[2026-07-10T22:50:01.216+0000] {logging_mixin.py:190} INFO - [2026-07-10T22:50:01.216+0000] {dag.py:3239} INFO - Sync 1 DAGs
[2026-07-10T22:50:01.264+0000] {logging_mixin.py:190} INFO - [2026-07-10T22:50:01.264+0000] {dag.py:4180} INFO - Setting next_dagrun for weather_scrape_and_load to 2026-07-10 22:00:00+00:00, run_after=2026-07-10 23:00:00+00:00
[2026-07-10T22:50:01.294+0000] {processor.py:208} INFO - Processing /opt/airflow/dags/weather_scrape_dag.py took 0.166 seconds
[2026-07-10T22:50:31.439+0000] {processor.py:186} INFO - Started process (PID=3341) to work on /opt/airflow/dags/weather_scrape_dag.py
[2026-07-10T22:50:31.440+0000] {processor.py:914} INFO - Processing file /opt/airflow/dags/weather_scrape_dag.py for tasks to queue
[2026-07-10T22:50:31.445+0000] {logging_mixin.py:190} INFO - [2026-07-10T22:50:31.444+0000] {dagbag.py:588} INFO - Filling up the DagBag from /opt/airflow/dags/weather_scrape_dag.py
[2026-07-10T22:50:31.467+0000] {processor.py:925} INFO - DAG(s) 'weather_scrape_and_load' retrieved from /opt/airflow/dags/weather_scrape_dag.py
[2026-07-10T22:50:31.518+0000] {logging_mixin.py:190} INFO - [2026-07-10T22:50:31.518+0000] {dag.py:3239} INFO - Sync 1 DAGs
[2026-07-10T22:50:31.567+0000] {logging_mixin.py:190} INFO - [2026-07-10T22:50:31.567+0000] {dag.py:4180} INFO - Setting next_dagrun for weather_scrape_and_load to 2026-07-10 22:00:00+00:00, run_after=2026-07-10 23:00:00+00:00
[2026-07-10T22:50:31.608+0000] {processor.py:208} INFO - Processing /opt/airflow/dags/weather_scrape_dag.py took 0.179 seconds
[2026-07-10T22:51:01.738+0000] {processor.py:186} INFO - Started process (PID=3346) to work on /opt/airflow/dags/weather_scrape_dag.py
[2026-07-10T22:51:01.740+0000] {processor.py:914} INFO - Processing file /opt/airflow/dags/weather_scrape_dag.py for tasks to queue
[2026-07-10T22:51:01.745+0000] {logging_mixin.py:190} INFO - [2026-07-10T22:51:01.744+0000] {dagbag.py:588} INFO - Filling up the DagBag from /opt/airflow/dags/weather_scrape_dag.py
[2026-07-10T22:51:01.769+0000] {processor.py:925} INFO - DAG(s) 'weather_scrape_and_load' retrieved from /opt/airflow/dags/weather_scrape_dag.py
[2026-07-10T22:51:01.827+0000] {logging_mixin.py:190} INFO - [2026-07-10T22:51:01.827+0000] {dag.py:3239} INFO - Sync 1 DAGs
[2026-07-10T22:51:01.882+0000] {logging_mixin.py:190} INFO - [2026-07-10T22:51:01.881+0000] {dag.py:4180} INFO - Setting next_dagrun for weather_scrape_and_load to 2026-07-10 22:00:00+00:00, run_after=2026-07-10 23:00:00+00:00
[2026-07-10T22:51:01.928+0000] {processor.py:208} INFO - Processing /opt/airflow/dags/weather_scrape_dag.py took 0.203 seconds
[2026-07-10T22:51:32.043+0000] {processor.py:186} INFO - Started process (PID=3351) to work on /opt/airflow/dags/weather_scrape_dag.py
[2026-07-10T22:51:32.044+0000] {processor.py:914} INFO - Processing file /opt/airflow/dags/weather_scrape_dag.py for tasks to queue
[2026-07-10T22:51:32.048+0000] {logging_mixin.py:190} INFO - [2026-07-10T22:51:32.047+0000] {dagbag.py:588} INFO - Filling up the DagBag from /opt/airflow/dags/weather_scrape_dag.py
[2026-07-10T22:51:32.068+0000] {processor.py:925} INFO - DAG(s) 'weather_scrape_and_load' retrieved from /opt/airflow/dags/weather_scrape_dag.py
[2026-07-10T22:51:32.116+0000] {logging_mixin.py:190} INFO - [2026-07-10T22:51:32.115+0000] {dag.py:3239} INFO - Sync 1 DAGs
[2026-07-10T22:51:32.162+0000] {logging_mixin.py:190} INFO - [2026-07-10T22:51:32.162+0000] {dag.py:4180} INFO - Setting next_dagrun for weather_scrape_and_load to 2026-07-10 22:00:00+00:00, run_after=2026-07-10 23:00:00+00:00
[2026-07-10T22:51:32.196+0000] {processor.py:208} INFO - Processing /opt/airflow/dags/weather_scrape_dag.py took 0.165 seconds
[2026-07-10T22:52:02.364+0000] {processor.py:186} INFO - Started process (PID=3356) to work on /opt/airflow/dags/weather_scrape_dag.py
[2026-07-10T22:52:02.366+0000] {processor.py:914} INFO - Processing file /opt/airflow/dags/weather_scrape_dag.py for tasks to queue
[2026-07-10T22:52:02.370+0000] {logging_mixin.py:190} INFO - [2026-07-10T22:52:02.369+0000] {dagbag.py:588} INFO - Filling up the DagBag from /opt/airflow/dags/weather_scrape_dag.py
[2026-07-10T22:52:02.393+0000] {processor.py:925} INFO - DAG(s) 'weather_scrape_and_load' retrieved from /opt/airflow/dags/weather_scrape_dag.py
[2026-07-10T22:52:02.445+0000] {logging_mixin.py:190} INFO - [2026-07-10T22:52:02.445+0000] {dag.py:3239} INFO - Sync 1 DAGs
[2026-07-10T22:52:02.494+0000] {logging_mixin.py:190} INFO - [2026-07-10T22:52:02.493+0000] {dag.py:4180} INFO - Setting next_dagrun for weather_scrape_and_load to 2026-07-10 22:00:00+00:00, run_after=2026-07-10 23:00:00+00:00
[2026-07-10T22:52:02.537+0000] {processor.py:208} INFO - Processing /opt/airflow/dags/weather_scrape_dag.py took 0.185 seconds
[2026-07-10T22:52:32.641+0000] {processor.py:186} INFO - Started process (PID=3361) to work on /opt/airflow/dags/weather_scrape_dag.py
[2026-07-10T22:52:32.643+0000] {processor.py:914} INFO - Processing file /opt/airflow/dags/weather_scrape_dag.py for tasks to queue
[2026-07-10T22:52:32.648+0000] {logging_mixin.py:190} INFO - [2026-07-10T22:52:32.647+0000] {dagbag.py:588} INFO - Filling up the DagBag from /opt/airflow/dags/weather_scrape_dag.py
[2026-07-10T22:52:32.680+0000] {processor.py:925} INFO - DAG(s) 'weather_scrape_and_load' retrieved from /opt/airflow/dags/weather_scrape_dag.py
[2026-07-10T22:52:32.738+0000] {logging_mixin.py:190} INFO - [2026-07-10T22:52:32.738+0000] {dag.py:3239} INFO - Sync 1 DAGs
[2026-07-10T22:52:32.789+0000] {logging_mixin.py:190} INFO - [2026-07-10T22:52:32.789+0000] {dag.py:4180} INFO - Setting next_dagrun for weather_scrape_and_load to 2026-07-10 22:00:00+00:00, run_after=2026-07-10 23:00:00+00:00
[2026-07-10T22:52:32.826+0000] {processor.py:208} INFO - Processing /opt/airflow/dags/weather_scrape_dag.py took 0.202 seconds
[2026-07-10T22:53:02.977+0000] {processor.py:186} INFO - Started process (PID=3366) to work on /opt/airflow/dags/weather_scrape_dag.py
[2026-07-10T22:53:02.978+0000] {processor.py:914} INFO - Processing file /opt/airflow/dags/weather_scrape_dag.py for tasks to queue
[2026-07-10T22:53:02.982+0000] {logging_mixin.py:190} INFO - [2026-07-10T22:53:02.981+0000] {dagbag.py:588} INFO - Filling up the DagBag from /opt/airflow/dags/weather_scrape_dag.py
[2026-07-10T22:53:03.003+0000] {processor.py:925} INFO - DAG(s) 'weather_scrape_and_load' retrieved from /opt/airflow/dags/weather_scrape_dag.py
[2026-07-10T22:53:03.052+0000] {logging_mixin.py:190} INFO - [2026-07-10T22:53:03.051+0000] {dag.py:3239} INFO - Sync 1 DAGs
[2026-07-10T22:53:03.103+0000] {logging_mixin.py:190} INFO - [2026-07-10T22:53:03.103+0000] {dag.py:4180} INFO - Setting next_dagrun for weather_scrape_and_load to 2026-07-10 22:00:00+00:00, run_after=2026-07-10 23:00:00+00:00
[2026-07-10T22:53:03.137+0000] {processor.py:208} INFO - Processing /opt/airflow/dags/weather_scrape_dag.py took 0.171 seconds
[2026-07-10T22:53:33.263+0000] {processor.py:186} INFO - Started process (PID=3371) to work on /opt/airflow/dags/weather_scrape_dag.py
[2026-07-10T22:53:33.265+0000] {processor.py:914} INFO - Processing file /opt/airflow/dags/weather_scrape_dag.py for tasks to queue
[2026-07-10T22:53:33.268+0000] {logging_mixin.py:190} INFO - [2026-07-10T22:53:33.268+0000] {dagbag.py:588} INFO - Filling up the DagBag from /opt/airflow/dags/weather_scrape_dag.py
[2026-07-10T22:53:33.290+0000] {processor.py:925} INFO - DAG(s) 'weather_scrape_and_load' retrieved from /opt/airflow/dags/weather_scrape_dag.py
[2026-07-10T22:53:33.338+0000] {logging_mixin.py:190} INFO - [2026-07-10T22:53:33.338+0000] {dag.py:3239} INFO - Sync 1 DAGs
[2026-07-10T22:53:33.395+0000] {logging_mixin.py:190} INFO - [2026-07-10T22:53:33.395+0000] {dag.py:4180} INFO - Setting next_dagrun for weather_scrape_and_load to 2026-07-10 22:00:00+00:00, run_after=2026-07-10 23:00:00+00:00
[2026-07-10T22:53:33.436+0000] {processor.py:208} INFO - Processing /opt/airflow/dags/weather_scrape_dag.py took 0.184 seconds
[2026-07-10T22:54:03.578+0000] {processor.py:186} INFO - Started process (PID=3376) to work on /opt/airflow/dags/weather_scrape_dag.py
[2026-07-10T22:54:03.579+0000] {processor.py:914} INFO - Processing file /opt/airflow/dags/weather_scrape_dag.py for tasks to queue
[2026-07-10T22:54:03.583+0000] {logging_mixin.py:190} INFO - [2026-07-10T22:54:03.583+0000] {dagbag.py:588} INFO - Filling up the DagBag from /opt/airflow/dags/weather_scrape_dag.py
[2026-07-10T22:54:03.604+0000] {processor.py:925} INFO - DAG(s) 'weather_scrape_and_load' retrieved from /opt/airflow/dags/weather_scrape_dag.py
[2026-07-10T22:54:03.656+0000] {logging_mixin.py:190} INFO - [2026-07-10T22:54:03.656+0000] {dag.py:3239} INFO - Sync 1 DAGs
[2026-07-10T22:54:03.703+0000] {logging_mixin.py:190} INFO - [2026-07-10T22:54:03.702+0000] {dag.py:4180} INFO - Setting next_dagrun for weather_scrape_and_load to 2026-07-10 22:00:00+00:00, run_after=2026-07-10 23:00:00+00:00
[2026-07-10T22:54:03.744+0000] {processor.py:208} INFO - Processing /opt/airflow/dags/weather_scrape_dag.py took 0.177 seconds
[2026-07-10T22:54:33.879+0000] {processor.py:186} INFO - Started process (PID=3381) to work on /opt/airflow/dags/weather_scrape_dag.py
[2026-07-10T22:54:33.888+0000] {processor.py:914} INFO - Processing file /opt/airflow/dags/weather_scrape_dag.py for tasks to queue
[2026-07-10T22:54:33.893+0000] {logging_mixin.py:190} INFO - [2026-07-10T22:54:33.893+0000] {dagbag.py:588} INFO - Filling up the DagBag from /opt/airflow/dags/weather_scrape_dag.py
[2026-07-10T22:54:33.914+0000] {processor.py:925} INFO - DAG(s) 'weather_scrape_and_load' retrieved from /opt/airflow/dags/weather_scrape_dag.py
[2026-07-10T22:54:33.964+0000] {logging_mixin.py:190} INFO - [2026-07-10T22:54:33.964+0000] {dag.py:3239} INFO - Sync 1 DAGs
[2026-07-10T22:54:34.011+0000] {logging_mixin.py:190} INFO - [2026-07-10T22:54:34.010+0000] {dag.py:4180} INFO - Setting next_dagrun for weather_scrape_and_load to 2026-07-10 22:00:00+00:00, run_after=2026-07-10 23:00:00+00:00
[2026-07-10T22:54:34.051+0000] {processor.py:208} INFO - Processing /opt/airflow/dags/weather_scrape_dag.py took 0.183 seconds
[2026-07-10T22:55:04.195+0000] {processor.py:186} INFO - Started process (PID=3386) to work on /opt/airflow/dags/weather_scrape_dag.py
[2026-07-10T22:55:04.197+0000] {processor.py:914} INFO - Processing file /opt/airflow/dags/weather_scrape_dag.py for tasks to queue
[2026-07-10T22:55:04.201+0000] {logging_mixin.py:190} INFO - [2026-07-10T22:55:04.200+0000] {dagbag.py:588} INFO - Filling up the DagBag from /opt/airflow/dags/weather_scrape_dag.py
[2026-07-10T22:55:04.226+0000] {processor.py:925} INFO - DAG(s) 'weather_scrape_and_load' retrieved from /opt/airflow/dags/weather_scrape_dag.py
[2026-07-10T22:55:04.282+0000] {logging_mixin.py:190} INFO - [2026-07-10T22:55:04.281+0000] {dag.py:3239} INFO - Sync 1 DAGs
[2026-07-10T22:55:04.336+0000] {logging_mixin.py:190} INFO - [2026-07-10T22:55:04.335+0000] {dag.py:4180} INFO - Setting next_dagrun for weather_scrape_and_load to 2026-07-10 22:00:00+00:00, run_after=2026-07-10 23:00:00+00:00
[2026-07-10T22:55:04.378+0000] {processor.py:208} INFO - Processing /opt/airflow/dags/weather_scrape_dag.py took 0.197 seconds
[2026-07-10T22:55:34.497+0000] {processor.py:186} INFO - Started process (PID=3391) to work on /opt/airflow/dags/weather_scrape_dag.py
[2026-07-10T22:55:34.503+0000] {processor.py:914} INFO - Processing file /opt/airflow/dags/weather_scrape_dag.py for tasks to queue
[2026-07-10T22:55:34.507+0000] {logging_mixin.py:190} INFO - [2026-07-10T22:55:34.506+0000] {dagbag.py:588} INFO - Filling up the DagBag from /opt/airflow/dags/weather_scrape_dag.py
[2026-07-10T22:55:34.528+0000] {processor.py:925} INFO - DAG(s) 'weather_scrape_and_load' retrieved from /opt/airflow/dags/weather_scrape_dag.py
[2026-07-10T22:55:34.577+0000] {logging_mixin.py:190} INFO - [2026-07-10T22:55:34.576+0000] {dag.py:3239} INFO - Sync 1 DAGs
[2026-07-10T22:55:34.634+0000] {logging_mixin.py:190} INFO - [2026-07-10T22:55:34.634+0000] {dag.py:4180} INFO - Setting next_dagrun for weather_scrape_and_load to 2026-07-10 22:00:00+00:00, run_after=2026-07-10 23:00:00+00:00
[2026-07-10T22:55:34.676+0000] {processor.py:208} INFO - Processing /opt/airflow/dags/weather_scrape_dag.py took 0.191 seconds
[2026-07-10T22:56:04.821+0000] {processor.py:186} INFO - Started process (PID=3396) to work on /opt/airflow/dags/weather_scrape_dag.py
[2026-07-10T22:56:04.822+0000] {processor.py:914} INFO - Processing file /opt/airflow/dags/weather_scrape_dag.py for tasks to queue
[2026-07-10T22:56:04.825+0000] {logging_mixin.py:190} INFO - [2026-07-10T22:56:04.825+0000] {dagbag.py:588} INFO - Filling up the DagBag from /opt/airflow/dags/weather_scrape_dag.py
[2026-07-10T22:56:04.846+0000] {processor.py:925} INFO - DAG(s) 'weather_scrape_and_load' retrieved from /opt/airflow/dags/weather_scrape_dag.py
[2026-07-10T22:56:04.898+0000] {logging_mixin.py:190} INFO - [2026-07-10T22:56:04.898+0000] {dag.py:3239} INFO - Sync 1 DAGs
[2026-07-10T22:56:04.945+0000] {logging_mixin.py:190} INFO - [2026-07-10T22:56:04.945+0000] {dag.py:4180} INFO - Setting next_dagrun for weather_scrape_and_load to 2026-07-10 22:00:00+00:00, run_after=2026-07-10 23:00:00+00:00
[2026-07-10T22:56:04.986+0000] {processor.py:208} INFO - Processing /opt/airflow/dags/weather_scrape_dag.py took 0.177 seconds
[2026-07-10T22:56:35.110+0000] {processor.py:186} INFO - Started process (PID=3401) to work on /opt/airflow/dags/weather_scrape_dag.py
[2026-07-10T22:56:35.119+0000] {processor.py:914} INFO - Processing file /opt/airflow/dags/weather_scrape_dag.py for tasks to queue
[2026-07-10T22:56:35.123+0000] {logging_mixin.py:190} INFO - [2026-07-10T22:56:35.122+0000] {dagbag.py:588} INFO - Filling up the DagBag from /opt/airflow/dags/weather_scrape_dag.py
[2026-07-10T22:56:35.144+0000] {processor.py:925} INFO - DAG(s) 'weather_scrape_and_load' retrieved from /opt/airflow/dags/weather_scrape_dag.py
[2026-07-10T22:56:35.193+0000] {logging_mixin.py:190} INFO - [2026-07-10T22:56:35.192+0000] {dag.py:3239} INFO - Sync 1 DAGs
[2026-07-10T22:56:35.240+0000] {logging_mixin.py:190} INFO - [2026-07-10T22:56:35.240+0000] {dag.py:4180} INFO - Setting next_dagrun for weather_scrape_and_load to 2026-07-10 22:00:00+00:00, run_after=2026-07-10 23:00:00+00:00
[2026-07-10T22:56:35.282+0000] {processor.py:208} INFO - Processing /opt/airflow/dags/weather_scrape_dag.py took 0.184 seconds
[2026-07-10T22:57:05.421+0000] {processor.py:186} INFO - Started process (PID=3406) to work on /opt/airflow/dags/weather_scrape_dag.py
[2026-07-10T22:57:05.423+0000] {processor.py:914} INFO - Processing file /opt/airflow/dags/weather_scrape_dag.py for tasks to queue
[2026-07-10T22:57:05.426+0000] {logging_mixin.py:190} INFO - [2026-07-10T22:57:05.425+0000] {dagbag.py:588} INFO - Filling up the DagBag from /opt/airflow/dags/weather_scrape_dag.py
[2026-07-10T22:57:05.448+0000] {processor.py:925} INFO - DAG(s) 'weather_scrape_and_load' retrieved from /opt/airflow/dags/weather_scrape_dag.py
[2026-07-10T22:57:05.501+0000] {logging_mixin.py:190} INFO - [2026-07-10T22:57:05.500+0000] {dag.py:3239} INFO - Sync 1 DAGs
[2026-07-10T22:57:05.554+0000] {logging_mixin.py:190} INFO - [2026-07-10T22:57:05.553+0000] {dag.py:4180} INFO - Setting next_dagrun for weather_scrape_and_load to 2026-07-10 22:00:00+00:00, run_after=2026-07-10 23:00:00+00:00
[2026-07-10T22:57:05.599+0000] {processor.py:208} INFO - Processing /opt/airflow/dags/weather_scrape_dag.py took 0.189 seconds
[2026-07-10T22:57:35.711+0000] {processor.py:186} INFO - Started process (PID=3411) to work on /opt/airflow/dags/weather_scrape_dag.py
[2026-07-10T22:57:35.720+0000] {processor.py:914} INFO - Processing file /opt/airflow/dags/weather_scrape_dag.py for tasks to queue
[2026-07-10T22:57:35.723+0000] {logging_mixin.py:190} INFO - [2026-07-10T22:57:35.723+0000] {dagbag.py:588} INFO - Filling up the DagBag from /opt/airflow/dags/weather_scrape_dag.py
[2026-07-10T22:57:35.746+0000] {processor.py:925} INFO - DAG(s) 'weather_scrape_and_load' retrieved from /opt/airflow/dags/weather_scrape_dag.py
[2026-07-10T22:57:35.798+0000] {logging_mixin.py:190} INFO - [2026-07-10T22:57:35.798+0000] {dag.py:3239} INFO - Sync 1 DAGs
[2026-07-10T22:57:35.848+0000] {logging_mixin.py:190} INFO - [2026-07-10T22:57:35.848+0000] {dag.py:4180} INFO - Setting next_dagrun for weather_scrape_and_load to 2026-07-10 22:00:00+00:00, run_after=2026-07-10 23:00:00+00:00
[2026-07-10T22:57:35.880+0000] {processor.py:208} INFO - Processing /opt/airflow/dags/weather_scrape_dag.py took 0.181 seconds
[2026-07-10T22:58:06.040+0000] {processor.py:186} INFO - Started process (PID=3416) to work on /opt/airflow/dags/weather_scrape_dag.py
[2026-07-10T22:58:06.042+0000] {processor.py:914} INFO - Processing file /opt/airflow/dags/weather_scrape_dag.py for tasks to queue
[2026-07-10T22:58:06.046+0000] {logging_mixin.py:190} INFO - [2026-07-10T22:58:06.046+0000] {dagbag.py:588} INFO - Filling up the DagBag from /opt/airflow/dags/weather_scrape_dag.py
[2026-07-10T22:58:06.067+0000] {processor.py:925} INFO - DAG(s) 'weather_scrape_and_load' retrieved from /opt/airflow/dags/weather_scrape_dag.py
[2026-07-10T22:58:06.118+0000] {logging_mixin.py:190} INFO - [2026-07-10T22:58:06.117+0000] {dag.py:3239} INFO - Sync 1 DAGs
[2026-07-10T22:58:06.178+0000] {logging_mixin.py:190} INFO - [2026-07-10T22:58:06.178+0000] {dag.py:4180} INFO - Setting next_dagrun for weather_scrape_and_load to 2026-07-10 22:00:00+00:00, run_after=2026-07-10 23:00:00+00:00
[2026-07-10T22:58:06.221+0000] {processor.py:208} INFO - Processing /opt/airflow/dags/weather_scrape_dag.py took 0.192 seconds
[2026-07-10T22:58:36.316+0000] {processor.py:186} INFO - Started process (PID=3421) to work on /opt/airflow/dags/weather_scrape_dag.py
[2026-07-10T22:58:36.319+0000] {processor.py:914} INFO - Processing file /opt/airflow/dags/weather_scrape_dag.py for tasks to queue
[2026-07-10T22:58:36.323+0000] {logging_mixin.py:190} INFO - [2026-07-10T22:58:36.322+0000] {dagbag.py:588} INFO - Filling up the DagBag from /opt/airflow/dags/weather_scrape_dag.py
[2026-07-10T22:58:36.344+0000] {processor.py:925} INFO - DAG(s) 'weather_scrape_and_load' retrieved from /opt/airflow/dags/weather_scrape_dag.py
[2026-07-10T22:58:36.401+0000] {logging_mixin.py:190} INFO - [2026-07-10T22:58:36.400+0000] {dag.py:3239} INFO - Sync 1 DAGs
[2026-07-10T22:58:36.451+0000] {logging_mixin.py:190} INFO - [2026-07-10T22:58:36.451+0000] {dag.py:4180} INFO - Setting next_dagrun for weather_scrape_and_load to 2026-07-10 22:00:00+00:00, run_after=2026-07-10 23:00:00+00:00
[2026-07-10T22:58:36.492+0000] {processor.py:208} INFO - Processing /opt/airflow/dags/weather_scrape_dag.py took 0.188 seconds
[2026-07-10T22:59:06.663+0000] {processor.py:186} INFO - Started process (PID=3426) to work on /opt/airflow/dags/weather_scrape_dag.py
[2026-07-10T22:59:06.664+0000] {processor.py:914} INFO - Processing file /opt/airflow/dags/weather_scrape_dag.py for tasks to queue
[2026-07-10T22:59:06.669+0000] {logging_mixin.py:190} INFO - [2026-07-10T22:59:06.668+0000] {dagbag.py:588} INFO - Filling up the DagBag from /opt/airflow/dags/weather_scrape_dag.py
[2026-07-10T22:59:06.690+0000] {processor.py:925} INFO - DAG(s) 'weather_scrape_and_load' retrieved from /opt/airflow/dags/weather_scrape_dag.py
[2026-07-10T22:59:06.740+0000] {logging_mixin.py:190} INFO - [2026-07-10T22:59:06.740+0000] {dag.py:3239} INFO - Sync 1 DAGs
[2026-07-10T22:59:06.803+0000] {logging_mixin.py:190} INFO - [2026-07-10T22:59:06.802+0000] {dag.py:4180} INFO - Setting next_dagrun for weather_scrape_and_load to 2026-07-10 22:00:00+00:00, run_after=2026-07-10 23:00:00+00:00
[2026-07-10T22:59:06.837+0000] {processor.py:208} INFO - Processing /opt/airflow/dags/weather_scrape_dag.py took 0.185 seconds
[2026-07-10T22:59:36.934+0000] {processor.py:186} INFO - Started process (PID=3431) to work on /opt/airflow/dags/weather_scrape_dag.py
[2026-07-10T22:59:36.943+0000] {processor.py:914} INFO - Processing file /opt/airflow/dags/weather_scrape_dag.py for tasks to queue
[2026-07-10T22:59:36.947+0000] {logging_mixin.py:190} INFO - [2026-07-10T22:59:36.946+0000] {dagbag.py:588} INFO - Filling up the DagBag from /opt/airflow/dags/weather_scrape_dag.py
[2026-07-10T22:59:36.968+0000] {processor.py:925} INFO - DAG(s) 'weather_scrape_and_load' retrieved from /opt/airflow/dags/weather_scrape_dag.py
[2026-07-10T22:59:37.020+0000] {logging_mixin.py:190} INFO - [2026-07-10T22:59:37.019+0000] {dag.py:3239} INFO - Sync 1 DAGs
[2026-07-10T22:59:37.070+0000] {logging_mixin.py:190} INFO - [2026-07-10T22:59:37.070+0000] {dag.py:4180} INFO - Setting next_dagrun for weather_scrape_and_load to 2026-07-10 22:00:00+00:00, run_after=2026-07-10 23:00:00+00:00
[2026-07-10T22:59:37.111+0000] {processor.py:208} INFO - Processing /opt/airflow/dags/weather_scrape_dag.py took 0.189 seconds
[2026-07-10T23:00:07.261+0000] {processor.py:186} INFO - Started process (PID=3440) to work on /opt/airflow/dags/weather_scrape_dag.py
[2026-07-10T23:00:07.262+0000] {processor.py:914} INFO - Processing file /opt/airflow/dags/weather_scrape_dag.py for tasks to queue
[2026-07-10T23:00:07.266+0000] {logging_mixin.py:190} INFO - [2026-07-10T23:00:07.265+0000] {dagbag.py:588} INFO - Filling up the DagBag from /opt/airflow/dags/weather_scrape_dag.py
[2026-07-10T23:00:07.287+0000] {processor.py:925} INFO - DAG(s) 'weather_scrape_and_load' retrieved from /opt/airflow/dags/weather_scrape_dag.py
[2026-07-10T23:00:07.336+0000] {logging_mixin.py:190} INFO - [2026-07-10T23:00:07.336+0000] {dag.py:3239} INFO - Sync 1 DAGs
[2026-07-10T23:00:07.383+0000] {logging_mixin.py:190} INFO - [2026-07-10T23:00:07.383+0000] {dag.py:4180} INFO - Setting next_dagrun for weather_scrape_and_load to 2026-07-10 23:00:00+00:00, run_after=2026-07-11 00:00:00+00:00
[2026-07-10T23:00:07.417+0000] {processor.py:208} INFO - Processing /opt/airflow/dags/weather_scrape_dag.py took 0.167 seconds
[2026-07-10T23:00:37.536+0000] {processor.py:186} INFO - Started process (PID=3457) to work on /opt/airflow/dags/weather_scrape_dag.py
[2026-07-10T23:00:37.545+0000] {processor.py:914} INFO - Processing file /opt/airflow/dags/weather_scrape_dag.py for tasks to queue
[2026-07-10T23:00:37.549+0000] {logging_mixin.py:190} INFO - [2026-07-10T23:00:37.548+0000] {dagbag.py:588} INFO - Filling up the DagBag from /opt/airflow/dags/weather_scrape_dag.py
[2026-07-10T23:00:37.569+0000] {processor.py:925} INFO - DAG(s) 'weather_scrape_and_load' retrieved from /opt/airflow/dags/weather_scrape_dag.py
[2026-07-10T23:00:37.617+0000] {logging_mixin.py:190} INFO - [2026-07-10T23:00:37.616+0000] {dag.py:3239} INFO - Sync 1 DAGs
[2026-07-10T23:00:37.663+0000] {logging_mixin.py:190} INFO - [2026-07-10T23:00:37.663+0000] {dag.py:4180} INFO - Setting next_dagrun for weather_scrape_and_load to 2026-07-10 23:00:00+00:00, run_after=2026-07-11 00:00:00+00:00
[2026-07-10T23:00:37.697+0000] {processor.py:208} INFO - Processing /opt/airflow/dags/weather_scrape_dag.py took 0.172 seconds
[2026-07-10T23:01:07.850+0000] {processor.py:186} INFO - Started process (PID=3462) to work on /opt/airflow/dags/weather_scrape_dag.py
[2026-07-10T23:01:07.851+0000] {processor.py:914} INFO - Processing file /opt/airflow/dags/weather_scrape_dag.py for tasks to queue
[2026-07-10T23:01:07.855+0000] {logging_mixin.py:190} INFO - [2026-07-10T23:01:07.854+0000] {dagbag.py:588} INFO - Filling up the DagBag from /opt/airflow/dags/weather_scrape_dag.py
[2026-07-10T23:01:07.876+0000] {processor.py:925} INFO - DAG(s) 'weather_scrape_and_load' retrieved from /opt/airflow/dags/weather_scrape_dag.py
[2026-07-10T23:01:07.926+0000] {logging_mixin.py:190} INFO - [2026-07-10T23:01:07.925+0000] {dag.py:3239} INFO - Sync 1 DAGs
[2026-07-10T23:01:07.973+0000] {logging_mixin.py:190} INFO - [2026-07-10T23:01:07.972+0000] {dag.py:4180} INFO - Setting next_dagrun for weather_scrape_and_load to 2026-07-10 23:00:00+00:00, run_after=2026-07-11 00:00:00+00:00
[2026-07-10T23:01:08.015+0000] {processor.py:208} INFO - Processing /opt/airflow/dags/weather_scrape_dag.py took 0.176 seconds
[2026-07-10T23:01:38.143+0000] {processor.py:186} INFO - Started process (PID=3467) to work on /opt/airflow/dags/weather_scrape_dag.py
[2026-07-10T23:01:38.144+0000] {processor.py:914} INFO - Processing file /opt/airflow/dags/weather_scrape_dag.py for tasks to queue
[2026-07-10T23:01:38.147+0000] {logging_mixin.py:190} INFO - [2026-07-10T23:01:38.147+0000] {dagbag.py:588} INFO - Filling up the DagBag from /opt/airflow/dags/weather_scrape_dag.py
[2026-07-10T23:01:38.168+0000] {processor.py:925} INFO - DAG(s) 'weather_scrape_and_load' retrieved from /opt/airflow/dags/weather_scrape_dag.py
[2026-07-10T23:01:38.218+0000] {logging_mixin.py:190} INFO - [2026-07-10T23:01:38.217+0000] {dag.py:3239} INFO - Sync 1 DAGs
[2026-07-10T23:01:38.266+0000] {logging_mixin.py:190} INFO - [2026-07-10T23:01:38.266+0000] {dag.py:4180} INFO - Setting next_dagrun for weather_scrape_and_load to 2026-07-10 23:00:00+00:00, run_after=2026-07-11 00:00:00+00:00
[2026-07-10T23:01:38.309+0000] {processor.py:208} INFO - Processing /opt/airflow/dags/weather_scrape_dag.py took 0.178 seconds
[2026-07-10T23:02:08.454+0000] {processor.py:186} INFO - Started process (PID=3472) to work on /opt/airflow/dags/weather_scrape_dag.py
[2026-07-10T23:02:08.455+0000] {processor.py:914} INFO - Processing file /opt/airflow/dags/weather_scrape_dag.py for tasks to queue
[2026-07-10T23:02:08.459+0000] {logging_mixin.py:190} INFO - [2026-07-10T23:02:08.459+0000] {dagbag.py:588} INFO - Filling up the DagBag from /opt/airflow/dags/weather_scrape_dag.py
[2026-07-10T23:02:08.480+0000] {processor.py:925} INFO - DAG(s) 'weather_scrape_and_load' retrieved from /opt/airflow/dags/weather_scrape_dag.py
[2026-07-10T23:02:08.530+0000] {logging_mixin.py:190} INFO - [2026-07-10T23:02:08.529+0000] {dag.py:3239} INFO - Sync 1 DAGs
[2026-07-10T23:02:08.578+0000] {logging_mixin.py:190} INFO - [2026-07-10T23:02:08.578+0000] {dag.py:4180} INFO - Setting next_dagrun for weather_scrape_and_load to 2026-07-10 23:00:00+00:00, run_after=2026-07-11 00:00:00+00:00
[2026-07-10T23:02:08.620+0000] {processor.py:208} INFO - Processing /opt/airflow/dags/weather_scrape_dag.py took 0.177 seconds
[2026-07-10T23:02:38.738+0000] {processor.py:186} INFO - Started process (PID=3477) to work on /opt/airflow/dags/weather_scrape_dag.py
[2026-07-10T23:02:38.747+0000] {processor.py:914} INFO - Processing file /opt/airflow/dags/weather_scrape_dag.py for tasks to queue
[2026-07-10T23:02:38.751+0000] {logging_mixin.py:190} INFO - [2026-07-10T23:02:38.750+0000] {dagbag.py:588} INFO - Filling up the DagBag from /opt/airflow/dags/weather_scrape_dag.py
[2026-07-10T23:02:38.775+0000] {processor.py:925} INFO - DAG(s) 'weather_scrape_and_load' retrieved from /opt/airflow/dags/weather_scrape_dag.py
[2026-07-10T23:02:38.831+0000] {logging_mixin.py:190} INFO - [2026-07-10T23:02:38.830+0000] {dag.py:3239} INFO - Sync 1 DAGs
[2026-07-10T23:02:38.884+0000] {logging_mixin.py:190} INFO - [2026-07-10T23:02:38.883+0000] {dag.py:4180} INFO - Setting next_dagrun for weather_scrape_and_load to 2026-07-10 23:00:00+00:00, run_after=2026-07-11 00:00:00+00:00
[2026-07-10T23:02:38.918+0000] {processor.py:208} INFO - Processing /opt/airflow/dags/weather_scrape_dag.py took 0.191 seconds
[2026-07-10T23:03:09.058+0000] {processor.py:186} INFO - Started process (PID=3482) to work on /opt/airflow/dags/weather_scrape_dag.py
[2026-07-10T23:03:09.059+0000] {processor.py:914} INFO - Processing file /opt/airflow/dags/weather_scrape_dag.py for tasks to queue
[2026-07-10T23:03:09.064+0000] {logging_mixin.py:190} INFO - [2026-07-10T23:03:09.063+0000] {dagbag.py:588} INFO - Filling up the DagBag from /opt/airflow/dags/weather_scrape_dag.py
[2026-07-10T23:03:09.084+0000] {processor.py:925} INFO - DAG(s) 'weather_scrape_and_load' retrieved from /opt/airflow/dags/weather_scrape_dag.py
[2026-07-10T23:03:09.132+0000] {logging_mixin.py:190} INFO - [2026-07-10T23:03:09.131+0000] {dag.py:3239} INFO - Sync 1 DAGs
[2026-07-10T23:03:09.178+0000] {logging_mixin.py:190} INFO - [2026-07-10T23:03:09.177+0000] {dag.py:4180} INFO - Setting next_dagrun for weather_scrape_and_load to 2026-07-10 23:00:00+00:00, run_after=2026-07-11 00:00:00+00:00
[2026-07-10T23:03:09.219+0000] {processor.py:208} INFO - Processing /opt/airflow/dags/weather_scrape_dag.py took 0.173 seconds
[2026-07-10T23:03:39.361+0000] {processor.py:186} INFO - Started process (PID=3487) to work on /opt/airflow/dags/weather_scrape_dag.py
[2026-07-10T23:03:39.370+0000] {processor.py:914} INFO - Processing file /opt/airflow/dags/weather_scrape_dag.py for tasks to queue
[2026-07-10T23:03:39.374+0000] {logging_mixin.py:190} INFO - [2026-07-10T23:03:39.373+0000] {dagbag.py:588} INFO - Filling up the DagBag from /opt/airflow/dags/weather_scrape_dag.py
[2026-07-10T23:03:39.395+0000] {processor.py:925} INFO - DAG(s) 'weather_scrape_and_load' retrieved from /opt/airflow/dags/weather_scrape_dag.py
[2026-07-10T23:03:39.452+0000] {logging_mixin.py:190} INFO - [2026-07-10T23:03:39.451+0000] {dag.py:3239} INFO - Sync 1 DAGs
[2026-07-10T23:03:39.509+0000] {logging_mixin.py:190} INFO - [2026-07-10T23:03:39.509+0000] {dag.py:4180} INFO - Setting next_dagrun for weather_scrape_and_load to 2026-07-10 23:00:00+00:00, run_after=2026-07-11 00:00:00+00:00
[2026-07-10T23:03:39.546+0000] {processor.py:208} INFO - Processing /opt/airflow/dags/weather_scrape_dag.py took 0.196 seconds
[2026-07-10T23:04:09.660+0000] {processor.py:186} INFO - Started process (PID=3492) to work on /opt/airflow/dags/weather_scrape_dag.py
[2026-07-10T23:04:09.661+0000] {processor.py:914} INFO - Processing file /opt/airflow/dags/weather_scrape_dag.py for tasks to queue
[2026-07-10T23:04:09.665+0000] {logging_mixin.py:190} INFO - [2026-07-10T23:04:09.664+0000] {dagbag.py:588} INFO - Filling up the DagBag from /opt/airflow/dags/weather_scrape_dag.py
[2026-07-10T23:04:09.686+0000] {processor.py:925} INFO - DAG(s) 'weather_scrape_and_load' retrieved from /opt/airflow/dags/weather_scrape_dag.py
[2026-07-10T23:04:09.735+0000] {logging_mixin.py:190} INFO - [2026-07-10T23:04:09.735+0000] {dag.py:3239} INFO - Sync 1 DAGs
[2026-07-10T23:04:09.785+0000] {logging_mixin.py:190} INFO - [2026-07-10T23:04:09.785+0000] {dag.py:4180} INFO - Setting next_dagrun for weather_scrape_and_load to 2026-07-10 23:00:00+00:00, run_after=2026-07-11 00:00:00+00:00
[2026-07-10T23:04:09.829+0000] {processor.py:208} INFO - Processing /opt/airflow/dags/weather_scrape_dag.py took 0.181 seconds
[2026-07-10T23:04:40.000+0000] {processor.py:186} INFO - Started process (PID=3497) to work on /opt/airflow/dags/weather_scrape_dag.py
[2026-07-10T23:04:40.009+0000] {processor.py:914} INFO - Processing file /opt/airflow/dags/weather_scrape_dag.py for tasks to queue
[2026-07-10T23:04:40.012+0000] {logging_mixin.py:190} INFO - [2026-07-10T23:04:40.012+0000] {dagbag.py:588} INFO - Filling up the DagBag from /opt/airflow/dags/weather_scrape_dag.py
[2026-07-10T23:04:40.034+0000] {processor.py:925} INFO - DAG(s) 'weather_scrape_and_load' retrieved from /opt/airflow/dags/weather_scrape_dag.py
[2026-07-10T23:04:40.082+0000] {logging_mixin.py:190} INFO - [2026-07-10T23:04:40.082+0000] {dag.py:3239} INFO - Sync 1 DAGs
[2026-07-10T23:04:40.129+0000] {logging_mixin.py:190} INFO - [2026-07-10T23:04:40.128+0000] {dag.py:4180} INFO - Setting next_dagrun for weather_scrape_and_load to 2026-07-10 23:00:00+00:00, run_after=2026-07-11 00:00:00+00:00
[2026-07-10T23:04:40.163+0000] {processor.py:208} INFO - Processing /opt/airflow/dags/weather_scrape_dag.py took 0.174 seconds
[2026-07-10T23:05:10.271+0000] {processor.py:186} INFO - Started process (PID=3502) to work on /opt/airflow/dags/weather_scrape_dag.py
[2026-07-10T23:05:10.272+0000] {processor.py:914} INFO - Processing file /opt/airflow/dags/weather_scrape_dag.py for tasks to queue
[2026-07-10T23:05:10.275+0000] {logging_mixin.py:190} INFO - [2026-07-10T23:05:10.275+0000] {dagbag.py:588} INFO - Filling up the DagBag from /opt/airflow/dags/weather_scrape_dag.py
[2026-07-10T23:05:10.297+0000] {processor.py:925} INFO - DAG(s) 'weather_scrape_and_load' retrieved from /opt/airflow/dags/weather_scrape_dag.py
[2026-07-10T23:05:10.347+0000] {logging_mixin.py:190} INFO - [2026-07-10T23:05:10.346+0000] {dag.py:3239} INFO - Sync 1 DAGs
[2026-07-10T23:05:10.395+0000] {logging_mixin.py:190} INFO - [2026-07-10T23:05:10.395+0000] {dag.py:4180} INFO - Setting next_dagrun for weather_scrape_and_load to 2026-07-10 23:00:00+00:00, run_after=2026-07-11 00:00:00+00:00
[2026-07-10T23:05:10.436+0000] {processor.py:208} INFO - Processing /opt/airflow/dags/weather_scrape_dag.py took 0.177 seconds
[2026-07-10T23:05:40.599+0000] {processor.py:186} INFO - Started process (PID=3507) to work on /opt/airflow/dags/weather_scrape_dag.py
[2026-07-10T23:05:40.608+0000] {processor.py:914} INFO - Processing file /opt/airflow/dags/weather_scrape_dag.py for tasks to queue
[2026-07-10T23:05:40.612+0000] {logging_mixin.py:190} INFO - [2026-07-10T23:05:40.611+0000] {dagbag.py:588} INFO - Filling up the DagBag from /opt/airflow/dags/weather_scrape_dag.py
[2026-07-10T23:05:40.634+0000] {processor.py:925} INFO - DAG(s) 'weather_scrape_and_load' retrieved from /opt/airflow/dags/weather_scrape_dag.py
[2026-07-10T23:05:40.683+0000] {logging_mixin.py:190} INFO - [2026-07-10T23:05:40.682+0000] {dag.py:3239} INFO - Sync 1 DAGs
[2026-07-10T23:05:40.731+0000] {logging_mixin.py:190} INFO - [2026-07-10T23:05:40.730+0000] {dag.py:4180} INFO - Setting next_dagrun for weather_scrape_and_load to 2026-07-10 23:00:00+00:00, run_after=2026-07-11 00:00:00+00:00
[2026-07-10T23:05:40.772+0000] {processor.py:208} INFO - Processing /opt/airflow/dags/weather_scrape_dag.py took 0.184 seconds
[2026-07-10T23:06:10.864+0000] {processor.py:186} INFO - Started process (PID=3512) to work on /opt/airflow/dags/weather_scrape_dag.py
[2026-07-10T23:06:10.865+0000] {processor.py:914} INFO - Processing file /opt/airflow/dags/weather_scrape_dag.py for tasks to queue
[2026-07-10T23:06:10.869+0000] {logging_mixin.py:190} INFO - [2026-07-10T23:06:10.869+0000] {dagbag.py:588} INFO - Filling up the DagBag from /opt/airflow/dags/weather_scrape_dag.py
[2026-07-10T23:06:10.890+0000] {processor.py:925} INFO - DAG(s) 'weather_scrape_and_load' retrieved from /opt/airflow/dags/weather_scrape_dag.py
[2026-07-10T23:06:10.939+0000] {logging_mixin.py:190} INFO - [2026-07-10T23:06:10.939+0000] {dag.py:3239} INFO - Sync 1 DAGs
[2026-07-10T23:06:10.986+0000] {logging_mixin.py:190} INFO - [2026-07-10T23:06:10.985+0000] {dag.py:4180} INFO - Setting next_dagrun for weather_scrape_and_load to 2026-07-10 23:00:00+00:00, run_after=2026-07-11 00:00:00+00:00
[2026-07-10T23:06:11.027+0000] {processor.py:208} INFO - Processing /opt/airflow/dags/weather_scrape_dag.py took 0.174 seconds
[2026-07-10T23:06:41.214+0000] {processor.py:186} INFO - Started process (PID=3517) to work on /opt/airflow/dags/weather_scrape_dag.py
[2026-07-10T23:06:41.223+0000] {processor.py:914} INFO - Processing file /opt/airflow/dags/weather_scrape_dag.py for tasks to queue
[2026-07-10T23:06:41.228+0000] {logging_mixin.py:190} INFO - [2026-07-10T23:06:41.227+0000] {dagbag.py:588} INFO - Filling up the DagBag from /opt/airflow/dags/weather_scrape_dag.py
[2026-07-10T23:06:41.250+0000] {processor.py:925} INFO - DAG(s) 'weather_scrape_and_load' retrieved from /opt/airflow/dags/weather_scrape_dag.py
[2026-07-10T23:06:41.298+0000] {logging_mixin.py:190} INFO - [2026-07-10T23:06:41.297+0000] {dag.py:3239} INFO - Sync 1 DAGs
[2026-07-10T23:06:41.344+0000] {logging_mixin.py:190} INFO - [2026-07-10T23:06:41.344+0000] {dag.py:4180} INFO - Setting next_dagrun for weather_scrape_and_load to 2026-07-10 23:00:00+00:00, run_after=2026-07-11 00:00:00+00:00
[2026-07-10T23:06:41.384+0000] {processor.py:208} INFO - Processing /opt/airflow/dags/weather_scrape_dag.py took 0.180 seconds
[2026-07-10T23:07:11.502+0000] {processor.py:186} INFO - Started process (PID=3522) to work on /opt/airflow/dags/weather_scrape_dag.py
[2026-07-10T23:07:11.504+0000] {processor.py:914} INFO - Processing file /opt/airflow/dags/weather_scrape_dag.py for tasks to queue
[2026-07-10T23:07:11.513+0000] {logging_mixin.py:190} INFO - [2026-07-10T23:07:11.512+0000] {dagbag.py:588} INFO - Filling up the DagBag from /opt/airflow/dags/weather_scrape_dag.py
[2026-07-10T23:07:11.544+0000] {processor.py:925} INFO - DAG(s) 'weather_scrape_and_load' retrieved from /opt/airflow/dags/weather_scrape_dag.py
[2026-07-10T23:07:11.603+0000] {logging_mixin.py:190} INFO - [2026-07-10T23:07:11.603+0000] {dag.py:3239} INFO - Sync 1 DAGs
[2026-07-10T23:07:11.651+0000] {logging_mixin.py:190} INFO - [2026-07-10T23:07:11.650+0000] {dag.py:4180} INFO - Setting next_dagrun for weather_scrape_and_load to 2026-07-10 23:00:00+00:00, run_after=2026-07-11 00:00:00+00:00
[2026-07-10T23:07:11.690+0000] {processor.py:208} INFO - Processing /opt/airflow/dags/weather_scrape_dag.py took 0.211 seconds
[2026-07-10T23:07:41.837+0000] {processor.py:186} INFO - Started process (PID=3527) to work on /opt/airflow/dags/weather_scrape_dag.py
[2026-07-10T23:07:41.847+0000] {processor.py:914} INFO - Processing file /opt/airflow/dags/weather_scrape_dag.py for tasks to queue
[2026-07-10T23:07:41.852+0000] {logging_mixin.py:190} INFO - [2026-07-10T23:07:41.851+0000] {dagbag.py:588} INFO - Filling up the DagBag from /opt/airflow/dags/weather_scrape_dag.py
[2026-07-10T23:07:41.882+0000] {processor.py:925} INFO - DAG(s) 'weather_scrape_and_load' retrieved from /opt/airflow/dags/weather_scrape_dag.py
[2026-07-10T23:07:41.930+0000] {logging_mixin.py:190} INFO - [2026-07-10T23:07:41.930+0000] {dag.py:3239} INFO - Sync 1 DAGs
[2026-07-10T23:07:41.978+0000] {logging_mixin.py:190} INFO - [2026-07-10T23:07:41.977+0000] {dag.py:4180} INFO - Setting next_dagrun for weather_scrape_and_load to 2026-07-10 23:00:00+00:00, run_after=2026-07-11 00:00:00+00:00
[2026-07-10T23:07:42.018+0000] {processor.py:208} INFO - Processing /opt/airflow/dags/weather_scrape_dag.py took 0.199 seconds
[2026-07-10T23:08:12.139+0000] {processor.py:186} INFO - Started process (PID=3532) to work on /opt/airflow/dags/weather_scrape_dag.py
[2026-07-10T23:08:12.140+0000] {processor.py:914} INFO - Processing file /opt/airflow/dags/weather_scrape_dag.py for tasks to queue
[2026-07-10T23:08:12.144+0000] {logging_mixin.py:190} INFO - [2026-07-10T23:08:12.143+0000] {dagbag.py:588} INFO - Filling up the DagBag from /opt/airflow/dags/weather_scrape_dag.py
[2026-07-10T23:08:12.164+0000] {processor.py:925} INFO - DAG(s) 'weather_scrape_and_load' retrieved from /opt/airflow/dags/weather_scrape_dag.py
[2026-07-10T23:08:12.213+0000] {logging_mixin.py:190} INFO - [2026-07-10T23:08:12.212+0000] {dag.py:3239} INFO - Sync 1 DAGs
[2026-07-10T23:08:12.259+0000] {logging_mixin.py:190} INFO - [2026-07-10T23:08:12.259+0000] {dag.py:4180} INFO - Setting next_dagrun for weather_scrape_and_load to 2026-07-10 23:00:00+00:00, run_after=2026-07-11 00:00:00+00:00
[2026-07-10T23:08:12.300+0000] {processor.py:208} INFO - Processing /opt/airflow/dags/weather_scrape_dag.py took 0.176 seconds
[2026-07-10T23:08:42.445+0000] {processor.py:186} INFO - Started process (PID=3537) to work on /opt/airflow/dags/weather_scrape_dag.py
[2026-07-10T23:08:42.447+0000] {processor.py:914} INFO - Processing file /opt/airflow/dags/weather_scrape_dag.py for tasks to queue
[2026-07-10T23:08:42.450+0000] {logging_mixin.py:190} INFO - [2026-07-10T23:08:42.449+0000] {dagbag.py:588} INFO - Filling up the DagBag from /opt/airflow/dags/weather_scrape_dag.py
[2026-07-10T23:08:42.471+0000] {processor.py:925} INFO - DAG(s) 'weather_scrape_and_load' retrieved from /opt/airflow/dags/weather_scrape_dag.py
[2026-07-10T23:08:42.519+0000] {logging_mixin.py:190} INFO - [2026-07-10T23:08:42.519+0000] {dag.py:3239} INFO - Sync 1 DAGs
[2026-07-10T23:08:42.564+0000] {logging_mixin.py:190} INFO - [2026-07-10T23:08:42.564+0000] {dag.py:4180} INFO - Setting next_dagrun for weather_scrape_and_load to 2026-07-10 23:00:00+00:00, run_after=2026-07-11 00:00:00+00:00
[2026-07-10T23:08:42.597+0000] {processor.py:208} INFO - Processing /opt/airflow/dags/weather_scrape_dag.py took 0.164 seconds
[2026-07-10T23:09:12.753+0000] {processor.py:186} INFO - Started process (PID=3542) to work on /opt/airflow/dags/weather_scrape_dag.py
[2026-07-10T23:09:12.755+0000] {processor.py:914} INFO - Processing file /opt/airflow/dags/weather_scrape_dag.py for tasks to queue
[2026-07-10T23:09:12.758+0000] {logging_mixin.py:190} INFO - [2026-07-10T23:09:12.757+0000] {dagbag.py:588} INFO - Filling up the DagBag from /opt/airflow/dags/weather_scrape_dag.py
[2026-07-10T23:09:12.787+0000] {processor.py:925} INFO - DAG(s) 'weather_scrape_and_load' retrieved from /opt/airflow/dags/weather_scrape_dag.py
[2026-07-10T23:09:12.838+0000] {logging_mixin.py:190} INFO - [2026-07-10T23:09:12.837+0000] {dag.py:3239} INFO - Sync 1 DAGs
[2026-07-10T23:09:12.886+0000] {logging_mixin.py:190} INFO - [2026-07-10T23:09:12.886+0000] {dag.py:4180} INFO - Setting next_dagrun for weather_scrape_and_load to 2026-07-10 23:00:00+00:00, run_after=2026-07-11 00:00:00+00:00
[2026-07-10T23:09:12.923+0000] {processor.py:208} INFO - Processing /opt/airflow/dags/weather_scrape_dag.py took 0.183 seconds
[2026-07-10T23:09:43.043+0000] {processor.py:186} INFO - Started process (PID=3547) to work on /opt/airflow/dags/weather_scrape_dag.py
[2026-07-10T23:09:43.052+0000] {processor.py:914} INFO - Processing file /opt/airflow/dags/weather_scrape_dag.py for tasks to queue
[2026-07-10T23:09:43.056+0000] {logging_mixin.py:190} INFO - [2026-07-10T23:09:43.055+0000] {dagbag.py:588} INFO - Filling up the DagBag from /opt/airflow/dags/weather_scrape_dag.py
[2026-07-10T23:09:43.077+0000] {processor.py:925} INFO - DAG(s) 'weather_scrape_and_load' retrieved from /opt/airflow/dags/weather_scrape_dag.py
[2026-07-10T23:09:43.128+0000] {logging_mixin.py:190} INFO - [2026-07-10T23:09:43.128+0000] {dag.py:3239} INFO - Sync 1 DAGs
[2026-07-10T23:09:43.177+0000] {logging_mixin.py:190} INFO - [2026-07-10T23:09:43.176+0000] {dag.py:4180} INFO - Setting next_dagrun for weather_scrape_and_load to 2026-07-10 23:00:00+00:00, run_after=2026-07-11 00:00:00+00:00
[2026-07-10T23:09:43.213+0000] {processor.py:208} INFO - Processing /opt/airflow/dags/weather_scrape_dag.py took 0.180 seconds
[2026-07-10T23:10:13.347+0000] {processor.py:186} INFO - Started process (PID=3552) to work on /opt/airflow/dags/weather_scrape_dag.py
[2026-07-10T23:10:13.348+0000] {processor.py:914} INFO - Processing file /opt/airflow/dags/weather_scrape_dag.py for tasks to queue
[2026-07-10T23:10:13.353+0000] {logging_mixin.py:190} INFO - [2026-07-10T23:10:13.352+0000] {dagbag.py:588} INFO - Filling up the DagBag from /opt/airflow/dags/weather_scrape_dag.py
[2026-07-10T23:10:13.374+0000] {processor.py:925} INFO - DAG(s) 'weather_scrape_and_load' retrieved from /opt/airflow/dags/weather_scrape_dag.py
[2026-07-10T23:10:13.423+0000] {logging_mixin.py:190} INFO - [2026-07-10T23:10:13.423+0000] {dag.py:3239} INFO - Sync 1 DAGs
[2026-07-10T23:10:13.471+0000] {logging_mixin.py:190} INFO - [2026-07-10T23:10:13.470+0000] {dag.py:4180} INFO - Setting next_dagrun for weather_scrape_and_load to 2026-07-10 23:00:00+00:00, run_after=2026-07-11 00:00:00+00:00
[2026-07-10T23:10:13.512+0000] {processor.py:208} INFO - Processing /opt/airflow/dags/weather_scrape_dag.py took 0.178 seconds
[2026-07-10T23:10:43.621+0000] {processor.py:186} INFO - Started process (PID=3557) to work on /opt/airflow/dags/weather_scrape_dag.py
[2026-07-10T23:10:43.631+0000] {processor.py:914} INFO - Processing file /opt/airflow/dags/weather_scrape_dag.py for tasks to queue
[2026-07-10T23:10:43.635+0000] {logging_mixin.py:190} INFO - [2026-07-10T23:10:43.635+0000] {dagbag.py:588} INFO - Filling up the DagBag from /opt/airflow/dags/weather_scrape_dag.py
[2026-07-10T23:10:43.656+0000] {processor.py:925} INFO - DAG(s) 'weather_scrape_and_load' retrieved from /opt/airflow/dags/weather_scrape_dag.py
[2026-07-10T23:10:43.705+0000] {logging_mixin.py:190} INFO - [2026-07-10T23:10:43.705+0000] {dag.py:3239} INFO - Sync 1 DAGs
[2026-07-10T23:10:43.755+0000] {logging_mixin.py:190} INFO - [2026-07-10T23:10:43.755+0000] {dag.py:4180} INFO - Setting next_dagrun for weather_scrape_and_load to 2026-07-10 23:00:00+00:00, run_after=2026-07-11 00:00:00+00:00
[2026-07-10T23:10:43.798+0000] {processor.py:208} INFO - Processing /opt/airflow/dags/weather_scrape_dag.py took 0.188 seconds
[2026-07-10T23:11:13.958+0000] {processor.py:186} INFO - Started process (PID=3562) to work on /opt/airflow/dags/weather_scrape_dag.py
[2026-07-10T23:11:13.960+0000] {processor.py:914} INFO - Processing file /opt/airflow/dags/weather_scrape_dag.py for tasks to queue
[2026-07-10T23:11:13.964+0000] {logging_mixin.py:190} INFO - [2026-07-10T23:11:13.964+0000] {dagbag.py:588} INFO - Filling up the DagBag from /opt/airflow/dags/weather_scrape_dag.py
[2026-07-10T23:11:13.985+0000] {processor.py:925} INFO - DAG(s) 'weather_scrape_and_load' retrieved from /opt/airflow/dags/weather_scrape_dag.py
[2026-07-10T23:11:14.033+0000] {logging_mixin.py:190} INFO - [2026-07-10T23:11:14.033+0000] {dag.py:3239} INFO - Sync 1 DAGs
[2026-07-10T23:11:14.079+0000] {logging_mixin.py:190} INFO - [2026-07-10T23:11:14.078+0000] {dag.py:4180} INFO - Setting next_dagrun for weather_scrape_and_load to 2026-07-10 23:00:00+00:00, run_after=2026-07-11 00:00:00+00:00
[2026-07-10T23:11:14.112+0000] {processor.py:208} INFO - Processing /opt/airflow/dags/weather_scrape_dag.py took 0.164 seconds
[2026-07-10T23:11:44.238+0000] {processor.py:186} INFO - Started process (PID=3567) to work on /opt/airflow/dags/weather_scrape_dag.py
[2026-07-10T23:11:44.239+0000] {processor.py:914} INFO - Processing file /opt/airflow/dags/weather_scrape_dag.py for tasks to queue
[2026-07-10T23:11:44.242+0000] {logging_mixin.py:190} INFO - [2026-07-10T23:11:44.242+0000] {dagbag.py:588} INFO - Filling up the DagBag from /opt/airflow/dags/weather_scrape_dag.py
[2026-07-10T23:11:44.263+0000] {processor.py:925} INFO - DAG(s) 'weather_scrape_and_load' retrieved from /opt/airflow/dags/weather_scrape_dag.py
[2026-07-10T23:11:44.316+0000] {logging_mixin.py:190} INFO - [2026-07-10T23:11:44.315+0000] {dag.py:3239} INFO - Sync 1 DAGs
[2026-07-10T23:11:44.370+0000] {logging_mixin.py:190} INFO - [2026-07-10T23:11:44.369+0000] {dag.py:4180} INFO - Setting next_dagrun for weather_scrape_and_load to 2026-07-10 23:00:00+00:00, run_after=2026-07-11 00:00:00+00:00
[2026-07-10T23:11:44.414+0000] {processor.py:208} INFO - Processing /opt/airflow/dags/weather_scrape_dag.py took 0.189 seconds
[2026-07-10T23:12:14.561+0000] {processor.py:186} INFO - Started process (PID=3572) to work on /opt/airflow/dags/weather_scrape_dag.py
[2026-07-10T23:12:14.562+0000] {processor.py:914} INFO - Processing file /opt/airflow/dags/weather_scrape_dag.py for tasks to queue
[2026-07-10T23:12:14.566+0000] {logging_mixin.py:190} INFO - [2026-07-10T23:12:14.565+0000] {dagbag.py:588} INFO - Filling up the DagBag from /opt/airflow/dags/weather_scrape_dag.py
[2026-07-10T23:12:14.586+0000] {processor.py:925} INFO - DAG(s) 'weather_scrape_and_load' retrieved from /opt/airflow/dags/weather_scrape_dag.py
[2026-07-10T23:12:14.637+0000] {logging_mixin.py:190} INFO - [2026-07-10T23:12:14.636+0000] {dag.py:3239} INFO - Sync 1 DAGs
[2026-07-10T23:12:14.683+0000] {logging_mixin.py:190} INFO - [2026-07-10T23:12:14.683+0000] {dag.py:4180} INFO - Setting next_dagrun for weather_scrape_and_load to 2026-07-10 23:00:00+00:00, run_after=2026-07-11 00:00:00+00:00
[2026-07-10T23:12:14.724+0000] {processor.py:208} INFO - Processing /opt/airflow/dags/weather_scrape_dag.py took 0.175 seconds
[2026-07-10T23:12:44.856+0000] {processor.py:186} INFO - Started process (PID=3577) to work on /opt/airflow/dags/weather_scrape_dag.py
[2026-07-10T23:12:44.864+0000] {processor.py:914} INFO - Processing file /opt/airflow/dags/weather_scrape_dag.py for tasks to queue
[2026-07-10T23:12:44.868+0000] {logging_mixin.py:190} INFO - [2026-07-10T23:12:44.867+0000] {dagbag.py:588} INFO - Filling up the DagBag from /opt/airflow/dags/weather_scrape_dag.py
[2026-07-10T23:12:44.889+0000] {processor.py:925} INFO - DAG(s) 'weather_scrape_and_load' retrieved from /opt/airflow/dags/weather_scrape_dag.py
[2026-07-10T23:12:44.938+0000] {logging_mixin.py:190} INFO - [2026-07-10T23:12:44.937+0000] {dag.py:3239} INFO - Sync 1 DAGs
[2026-07-10T23:12:44.984+0000] {logging_mixin.py:190} INFO - [2026-07-10T23:12:44.983+0000] {dag.py:4180} INFO - Setting next_dagrun for weather_scrape_and_load to 2026-07-10 23:00:00+00:00, run_after=2026-07-11 00:00:00+00:00
[2026-07-10T23:12:45.019+0000] {processor.py:208} INFO - Processing /opt/airflow/dags/weather_scrape_dag.py took 0.176 seconds
[2026-07-10T23:13:15.158+0000] {processor.py:186} INFO - Started process (PID=3582) to work on /opt/airflow/dags/weather_scrape_dag.py
[2026-07-10T23:13:15.159+0000] {processor.py:914} INFO - Processing file /opt/airflow/dags/weather_scrape_dag.py for tasks to queue
[2026-07-10T23:13:15.164+0000] {logging_mixin.py:190} INFO - [2026-07-10T23:13:15.163+0000] {dagbag.py:588} INFO - Filling up the DagBag from /opt/airflow/dags/weather_scrape_dag.py
[2026-07-10T23:13:15.186+0000] {processor.py:925} INFO - DAG(s) 'weather_scrape_and_load' retrieved from /opt/airflow/dags/weather_scrape_dag.py
[2026-07-10T23:13:15.244+0000] {logging_mixin.py:190} INFO - [2026-07-10T23:13:15.243+0000] {dag.py:3239} INFO - Sync 1 DAGs
[2026-07-10T23:13:15.300+0000] {logging_mixin.py:190} INFO - [2026-07-10T23:13:15.300+0000] {dag.py:4180} INFO - Setting next_dagrun for weather_scrape_and_load to 2026-07-10 23:00:00+00:00, run_after=2026-07-11 00:00:00+00:00
[2026-07-10T23:13:15.341+0000] {processor.py:208} INFO - Processing /opt/airflow/dags/weather_scrape_dag.py took 0.196 seconds
[2026-07-10T23:13:45.450+0000] {processor.py:186} INFO - Started process (PID=3587) to work on /opt/airflow/dags/weather_scrape_dag.py
[2026-07-10T23:13:45.459+0000] {processor.py:914} INFO - Processing file /opt/airflow/dags/weather_scrape_dag.py for tasks to queue
[2026-07-10T23:13:45.463+0000] {logging_mixin.py:190} INFO - [2026-07-10T23:13:45.462+0000] {dagbag.py:588} INFO - Filling up the DagBag from /opt/airflow/dags/weather_scrape_dag.py
[2026-07-10T23:13:45.485+0000] {processor.py:925} INFO - DAG(s) 'weather_scrape_and_load' retrieved from /opt/airflow/dags/weather_scrape_dag.py
[2026-07-10T23:13:45.534+0000] {logging_mixin.py:190} INFO - [2026-07-10T23:13:45.533+0000] {dag.py:3239} INFO - Sync 1 DAGs
[2026-07-10T23:13:45.581+0000] {logging_mixin.py:190} INFO - [2026-07-10T23:13:45.581+0000] {dag.py:4180} INFO - Setting next_dagrun for weather_scrape_and_load to 2026-07-10 23:00:00+00:00, run_after=2026-07-11 00:00:00+00:00
[2026-07-10T23:13:45.622+0000] {processor.py:208} INFO - Processing /opt/airflow/dags/weather_scrape_dag.py took 0.183 seconds
[2026-07-10T23:14:15.786+0000] {processor.py:186} INFO - Started process (PID=3592) to work on /opt/airflow/dags/weather_scrape_dag.py
[2026-07-10T23:14:15.787+0000] {processor.py:914} INFO - Processing file /opt/airflow/dags/weather_scrape_dag.py for tasks to queue
[2026-07-10T23:14:15.791+0000] {logging_mixin.py:190} INFO - [2026-07-10T23:14:15.790+0000] {dagbag.py:588} INFO - Filling up the DagBag from /opt/airflow/dags/weather_scrape_dag.py
[2026-07-10T23:14:15.813+0000] {processor.py:925} INFO - DAG(s) 'weather_scrape_and_load' retrieved from /opt/airflow/dags/weather_scrape_dag.py
[2026-07-10T23:14:15.862+0000] {logging_mixin.py:190} INFO - [2026-07-10T23:14:15.861+0000] {dag.py:3239} INFO - Sync 1 DAGs
[2026-07-10T23:14:15.909+0000] {logging_mixin.py:190} INFO - [2026-07-10T23:14:15.908+0000] {dag.py:4180} INFO - Setting next_dagrun for weather_scrape_and_load to 2026-07-10 23:00:00+00:00, run_after=2026-07-11 00:00:00+00:00
[2026-07-10T23:14:15.950+0000] {processor.py:208} INFO - Processing /opt/airflow/dags/weather_scrape_dag.py took 0.178 seconds
[2026-07-10T23:14:46.074+0000] {processor.py:186} INFO - Started process (PID=3597) to work on /opt/airflow/dags/weather_scrape_dag.py
[2026-07-10T23:14:46.083+0000] {processor.py:914} INFO - Processing file /opt/airflow/dags/weather_scrape_dag.py for tasks to queue
[2026-07-10T23:14:46.087+0000] {logging_mixin.py:190} INFO - [2026-07-10T23:14:46.087+0000] {dagbag.py:588} INFO - Filling up the DagBag from /opt/airflow/dags/weather_scrape_dag.py
[2026-07-10T23:14:46.112+0000] {processor.py:925} INFO - DAG(s) 'weather_scrape_and_load' retrieved from /opt/airflow/dags/weather_scrape_dag.py
[2026-07-10T23:14:46.165+0000] {logging_mixin.py:190} INFO - [2026-07-10T23:14:46.165+0000] {dag.py:3239} INFO - Sync 1 DAGs
[2026-07-10T23:14:46.211+0000] {logging_mixin.py:190} INFO - [2026-07-10T23:14:46.210+0000] {dag.py:4180} INFO - Setting next_dagrun for weather_scrape_and_load to 2026-07-10 23:00:00+00:00, run_after=2026-07-11 00:00:00+00:00
[2026-07-10T23:14:46.252+0000] {processor.py:208} INFO - Processing /opt/airflow/dags/weather_scrape_dag.py took 0.192 seconds
[2026-07-10T23:15:16.388+0000] {processor.py:186} INFO - Started process (PID=3602) to work on /opt/airflow/dags/weather_scrape_dag.py
[2026-07-10T23:15:16.389+0000] {processor.py:914} INFO - Processing file /opt/airflow/dags/weather_scrape_dag.py for tasks to queue
[2026-07-10T23:15:16.394+0000] {logging_mixin.py:190} INFO - [2026-07-10T23:15:16.393+0000] {dagbag.py:588} INFO - Filling up the DagBag from /opt/airflow/dags/weather_scrape_dag.py
[2026-07-10T23:15:16.414+0000] {processor.py:925} INFO - DAG(s) 'weather_scrape_and_load' retrieved from /opt/airflow/dags/weather_scrape_dag.py
[2026-07-10T23:15:16.464+0000] {logging_mixin.py:190} INFO - [2026-07-10T23:15:16.463+0000] {dag.py:3239} INFO - Sync 1 DAGs
[2026-07-10T23:15:16.509+0000] {logging_mixin.py:190} INFO - [2026-07-10T23:15:16.509+0000] {dag.py:4180} INFO - Setting next_dagrun for weather_scrape_and_load to 2026-07-10 23:00:00+00:00, run_after=2026-07-11 00:00:00+00:00
[2026-07-10T23:15:16.542+0000] {processor.py:208} INFO - Processing /opt/airflow/dags/weather_scrape_dag.py took 0.165 seconds
[2026-07-10T23:15:46.682+0000] {processor.py:186} INFO - Started process (PID=3607) to work on /opt/airflow/dags/weather_scrape_dag.py
[2026-07-10T23:15:46.691+0000] {processor.py:914} INFO - Processing file /opt/airflow/dags/weather_scrape_dag.py for tasks to queue
[2026-07-10T23:15:46.695+0000] {logging_mixin.py:190} INFO - [2026-07-10T23:15:46.694+0000] {dagbag.py:588} INFO - Filling up the DagBag from /opt/airflow/dags/weather_scrape_dag.py
[2026-07-10T23:15:46.716+0000] {processor.py:925} INFO - DAG(s) 'weather_scrape_and_load' retrieved from /opt/airflow/dags/weather_scrape_dag.py
[2026-07-10T23:15:46.782+0000] {logging_mixin.py:190} INFO - [2026-07-10T23:15:46.781+0000] {dag.py:3239} INFO - Sync 1 DAGs
[2026-07-10T23:15:46.831+0000] {logging_mixin.py:190} INFO - [2026-07-10T23:15:46.831+0000] {dag.py:4180} INFO - Setting next_dagrun for weather_scrape_and_load to 2026-07-10 23:00:00+00:00, run_after=2026-07-11 00:00:00+00:00
[2026-07-10T23:15:46.863+0000] {processor.py:208} INFO - Processing /opt/airflow/dags/weather_scrape_dag.py took 0.192 seconds
[2026-07-10T23:16:16.976+0000] {processor.py:186} INFO - Started process (PID=3612) to work on /opt/airflow/dags/weather_scrape_dag.py
[2026-07-10T23:16:16.977+0000] {processor.py:914} INFO - Processing file /opt/airflow/dags/weather_scrape_dag.py for tasks to queue
[2026-07-10T23:16:16.981+0000] {logging_mixin.py:190} INFO - [2026-07-10T23:16:16.980+0000] {dagbag.py:588} INFO - Filling up the DagBag from /opt/airflow/dags/weather_scrape_dag.py
[2026-07-10T23:16:17.002+0000] {processor.py:925} INFO - DAG(s) 'weather_scrape_and_load' retrieved from /opt/airflow/dags/weather_scrape_dag.py
[2026-07-10T23:16:17.051+0000] {logging_mixin.py:190} INFO - [2026-07-10T23:16:17.051+0000] {dag.py:3239} INFO - Sync 1 DAGs
[2026-07-10T23:16:17.101+0000] {logging_mixin.py:190} INFO - [2026-07-10T23:16:17.100+0000] {dag.py:4180} INFO - Setting next_dagrun for weather_scrape_and_load to 2026-07-10 23:00:00+00:00, run_after=2026-07-11 00:00:00+00:00
[2026-07-10T23:16:17.141+0000] {processor.py:208} INFO - Processing /opt/airflow/dags/weather_scrape_dag.py took 0.177 seconds
[2026-07-10T23:16:47.305+0000] {processor.py:186} INFO - Started process (PID=3617) to work on /opt/airflow/dags/weather_scrape_dag.py
[2026-07-10T23:16:47.314+0000] {processor.py:914} INFO - Processing file /opt/airflow/dags/weather_scrape_dag.py for tasks to queue
[2026-07-10T23:16:47.317+0000] {logging_mixin.py:190} INFO - [2026-07-10T23:16:47.317+0000] {dagbag.py:588} INFO - Filling up the DagBag from /opt/airflow/dags/weather_scrape_dag.py
[2026-07-10T23:16:47.339+0000] {processor.py:925} INFO - DAG(s) 'weather_scrape_and_load' retrieved from /opt/airflow/dags/weather_scrape_dag.py
[2026-07-10T23:16:47.389+0000] {logging_mixin.py:190} INFO - [2026-07-10T23:16:47.389+0000] {dag.py:3239} INFO - Sync 1 DAGs
[2026-07-10T23:16:47.436+0000] {logging_mixin.py:190} INFO - [2026-07-10T23:16:47.436+0000] {dag.py:4180} INFO - Setting next_dagrun for weather_scrape_and_load to 2026-07-10 23:00:00+00:00, run_after=2026-07-11 00:00:00+00:00
[2026-07-10T23:16:47.477+0000] {processor.py:208} INFO - Processing /opt/airflow/dags/weather_scrape_dag.py took 0.184 seconds
[2026-07-10T23:17:17.572+0000] {processor.py:186} INFO - Started process (PID=3622) to work on /opt/airflow/dags/weather_scrape_dag.py
[2026-07-10T23:17:17.573+0000] {processor.py:914} INFO - Processing file /opt/airflow/dags/weather_scrape_dag.py for tasks to queue
[2026-07-10T23:17:17.576+0000] {logging_mixin.py:190} INFO - [2026-07-10T23:17:17.576+0000] {dagbag.py:588} INFO - Filling up the DagBag from /opt/airflow/dags/weather_scrape_dag.py
[2026-07-10T23:17:17.597+0000] {processor.py:925} INFO - DAG(s) 'weather_scrape_and_load' retrieved from /opt/airflow/dags/weather_scrape_dag.py
[2026-07-10T23:17:17.647+0000] {logging_mixin.py:190} INFO - [2026-07-10T23:17:17.647+0000] {dag.py:3239} INFO - Sync 1 DAGs
[2026-07-10T23:17:17.698+0000] {logging_mixin.py:190} INFO - [2026-07-10T23:17:17.697+0000] {dag.py:4180} INFO - Setting next_dagrun for weather_scrape_and_load to 2026-07-10 23:00:00+00:00, run_after=2026-07-11 00:00:00+00:00
[2026-07-10T23:17:17.743+0000] {processor.py:208} INFO - Processing /opt/airflow/dags/weather_scrape_dag.py took 0.182 seconds
[2026-07-10T23:17:47.906+0000] {processor.py:186} INFO - Started process (PID=3627) to work on /opt/airflow/dags/weather_scrape_dag.py
[2026-07-10T23:17:47.915+0000] {processor.py:914} INFO - Processing file /opt/airflow/dags/weather_scrape_dag.py for tasks to queue
[2026-07-10T23:17:47.918+0000] {logging_mixin.py:190} INFO - [2026-07-10T23:17:47.918+0000] {dagbag.py:588} INFO - Filling up the DagBag from /opt/airflow/dags/weather_scrape_dag.py
[2026-07-10T23:17:47.939+0000] {processor.py:925} INFO - DAG(s) 'weather_scrape_and_load' retrieved from /opt/airflow/dags/weather_scrape_dag.py
[2026-07-10T23:17:47.988+0000] {logging_mixin.py:190} INFO - [2026-07-10T23:17:47.988+0000] {dag.py:3239} INFO - Sync 1 DAGs
[2026-07-10T23:17:48.038+0000] {logging_mixin.py:190} INFO - [2026-07-10T23:17:48.037+0000] {dag.py:4180} INFO - Setting next_dagrun for weather_scrape_and_load to 2026-07-10 23:00:00+00:00, run_after=2026-07-11 00:00:00+00:00
[2026-07-10T23:17:48.081+0000] {processor.py:208} INFO - Processing /opt/airflow/dags/weather_scrape_dag.py took 0.186 seconds
[2026-07-10T23:18:18.185+0000] {processor.py:186} INFO - Started process (PID=3632) to work on /opt/airflow/dags/weather_scrape_dag.py
[2026-07-10T23:18:18.186+0000] {processor.py:914} INFO - Processing file /opt/airflow/dags/weather_scrape_dag.py for tasks to queue
[2026-07-10T23:18:18.190+0000] {logging_mixin.py:190} INFO - [2026-07-10T23:18:18.190+0000] {dagbag.py:588} INFO - Filling up the DagBag from /opt/airflow/dags/weather_scrape_dag.py
[2026-07-10T23:18:18.211+0000] {processor.py:925} INFO - DAG(s) 'weather_scrape_and_load' retrieved from /opt/airflow/dags/weather_scrape_dag.py
[2026-07-10T23:18:18.261+0000] {logging_mixin.py:190} INFO - [2026-07-10T23:18:18.261+0000] {dag.py:3239} INFO - Sync 1 DAGs
[2026-07-10T23:18:18.307+0000] {logging_mixin.py:190} INFO - [2026-07-10T23:18:18.307+0000] {dag.py:4180} INFO - Setting next_dagrun for weather_scrape_and_load to 2026-07-10 23:00:00+00:00, run_after=2026-07-11 00:00:00+00:00
[2026-07-10T23:18:18.352+0000] {processor.py:208} INFO - Processing /opt/airflow/dags/weather_scrape_dag.py took 0.178 seconds
[2026-07-10T23:18:48.515+0000] {processor.py:186} INFO - Started process (PID=3637) to work on /opt/airflow/dags/weather_scrape_dag.py
[2026-07-10T23:18:48.524+0000] {processor.py:914} INFO - Processing file /opt/airflow/dags/weather_scrape_dag.py for tasks to queue
[2026-07-10T23:18:48.528+0000] {logging_mixin.py:190} INFO - [2026-07-10T23:18:48.527+0000] {dagbag.py:588} INFO - Filling up the DagBag from /opt/airflow/dags/weather_scrape_dag.py
[2026-07-10T23:18:48.550+0000] {processor.py:925} INFO - DAG(s) 'weather_scrape_and_load' retrieved from /opt/airflow/dags/weather_scrape_dag.py
[2026-07-10T23:18:48.596+0000] {logging_mixin.py:190} INFO - [2026-07-10T23:18:48.596+0000] {dag.py:3239} INFO - Sync 1 DAGs
[2026-07-10T23:18:48.644+0000] {logging_mixin.py:190} INFO - [2026-07-10T23:18:48.643+0000] {dag.py:4180} INFO - Setting next_dagrun for weather_scrape_and_load to 2026-07-10 23:00:00+00:00, run_after=2026-07-11 00:00:00+00:00
[2026-07-10T23:18:48.681+0000] {processor.py:208} INFO - Processing /opt/airflow/dags/weather_scrape_dag.py took 0.176 seconds
[2026-07-10T23:19:18.820+0000] {processor.py:186} INFO - Started process (PID=3642) to work on /opt/airflow/dags/weather_scrape_dag.py
[2026-07-10T23:19:18.822+0000] {processor.py:914} INFO - Processing file /opt/airflow/dags/weather_scrape_dag.py for tasks to queue
[2026-07-10T23:19:18.827+0000] {logging_mixin.py:190} INFO - [2026-07-10T23:19:18.826+0000] {dagbag.py:588} INFO - Filling up the DagBag from /opt/airflow/dags/weather_scrape_dag.py
[2026-07-10T23:19:18.850+0000] {processor.py:925} INFO - DAG(s) 'weather_scrape_and_load' retrieved from /opt/airflow/dags/weather_scrape_dag.py
[2026-07-10T23:19:18.901+0000] {logging_mixin.py:190} INFO - [2026-07-10T23:19:18.900+0000] {dag.py:3239} INFO - Sync 1 DAGs
[2026-07-10T23:19:18.950+0000] {logging_mixin.py:190} INFO - [2026-07-10T23:19:18.949+0000] {dag.py:4180} INFO - Setting next_dagrun for weather_scrape_and_load to 2026-07-10 23:00:00+00:00, run_after=2026-07-11 00:00:00+00:00
[2026-07-10T23:19:18.991+0000] {processor.py:208} INFO - Processing /opt/airflow/dags/weather_scrape_dag.py took 0.184 seconds
[2026-07-10T23:19:49.136+0000] {processor.py:186} INFO - Started process (PID=3647) to work on /opt/airflow/dags/weather_scrape_dag.py
[2026-07-10T23:19:49.145+0000] {processor.py:914} INFO - Processing file /opt/airflow/dags/weather_scrape_dag.py for tasks to queue
[2026-07-10T23:19:49.148+0000] {logging_mixin.py:190} INFO - [2026-07-10T23:19:49.148+0000] {dagbag.py:588} INFO - Filling up the DagBag from /opt/airflow/dags/weather_scrape_dag.py
[2026-07-10T23:19:49.169+0000] {processor.py:925} INFO - DAG(s) 'weather_scrape_and_load' retrieved from /opt/airflow/dags/weather_scrape_dag.py
[2026-07-10T23:19:49.219+0000] {logging_mixin.py:190} INFO - [2026-07-10T23:19:49.219+0000] {dag.py:3239} INFO - Sync 1 DAGs
[2026-07-10T23:19:49.265+0000] {logging_mixin.py:190} INFO - [2026-07-10T23:19:49.264+0000] {dag.py:4180} INFO - Setting next_dagrun for weather_scrape_and_load to 2026-07-10 23:00:00+00:00, run_after=2026-07-11 00:00:00+00:00
[2026-07-10T23:19:49.304+0000] {processor.py:208} INFO - Processing /opt/airflow/dags/weather_scrape_dag.py took 0.181 seconds
[2026-07-10T23:20:19.425+0000] {processor.py:186} INFO - Started process (PID=3652) to work on /opt/airflow/dags/weather_scrape_dag.py
[2026-07-10T23:20:19.433+0000] {processor.py:914} INFO - Processing file /opt/airflow/dags/weather_scrape_dag.py for tasks to queue
[2026-07-10T23:20:19.437+0000] {logging_mixin.py:190} INFO - [2026-07-10T23:20:19.436+0000] {dagbag.py:588} INFO - Filling up the DagBag from /opt/airflow/dags/weather_scrape_dag.py
[2026-07-10T23:20:19.458+0000] {processor.py:925} INFO - DAG(s) 'weather_scrape_and_load' retrieved from /opt/airflow/dags/weather_scrape_dag.py
[2026-07-10T23:20:19.506+0000] {logging_mixin.py:190} INFO - [2026-07-10T23:20:19.506+0000] {dag.py:3239} INFO - Sync 1 DAGs
[2026-07-10T23:20:19.553+0000] {logging_mixin.py:190} INFO - [2026-07-10T23:20:19.552+0000] {dag.py:4180} INFO - Setting next_dagrun for weather_scrape_and_load to 2026-07-10 23:00:00+00:00, run_after=2026-07-11 00:00:00+00:00
[2026-07-10T23:20:19.595+0000] {processor.py:208} INFO - Processing /opt/airflow/dags/weather_scrape_dag.py took 0.183 seconds
[2026-07-10T23:20:49.731+0000] {processor.py:186} INFO - Started process (PID=3657) to work on /opt/airflow/dags/weather_scrape_dag.py
[2026-07-10T23:20:49.732+0000] {processor.py:914} INFO - Processing file /opt/airflow/dags/weather_scrape_dag.py for tasks to queue
[2026-07-10T23:20:49.735+0000] {logging_mixin.py:190} INFO - [2026-07-10T23:20:49.735+0000] {dagbag.py:588} INFO - Filling up the DagBag from /opt/airflow/dags/weather_scrape_dag.py
[2026-07-10T23:20:49.756+0000] {processor.py:925} INFO - DAG(s) 'weather_scrape_and_load' retrieved from /opt/airflow/dags/weather_scrape_dag.py
[2026-07-10T23:20:49.805+0000] {logging_mixin.py:190} INFO - [2026-07-10T23:20:49.804+0000] {dag.py:3239} INFO - Sync 1 DAGs
[2026-07-10T23:20:49.850+0000] {logging_mixin.py:190} INFO - [2026-07-10T23:20:49.850+0000] {dag.py:4180} INFO - Setting next_dagrun for weather_scrape_and_load to 2026-07-10 23:00:00+00:00, run_after=2026-07-11 00:00:00+00:00
[2026-07-10T23:20:49.884+0000] {processor.py:208} INFO - Processing /opt/airflow/dags/weather_scrape_dag.py took 0.165 seconds
[2026-07-10T23:21:20.026+0000] {processor.py:186} INFO - Started process (PID=3662) to work on /opt/airflow/dags/weather_scrape_dag.py
[2026-07-10T23:21:20.027+0000] {processor.py:914} INFO - Processing file /opt/airflow/dags/weather_scrape_dag.py for tasks to queue
[2026-07-10T23:21:20.031+0000] {logging_mixin.py:190} INFO - [2026-07-10T23:21:20.030+0000] {dagbag.py:588} INFO - Filling up the DagBag from /opt/airflow/dags/weather_scrape_dag.py
[2026-07-10T23:21:20.052+0000] {processor.py:925} INFO - DAG(s) 'weather_scrape_and_load' retrieved from /opt/airflow/dags/weather_scrape_dag.py
[2026-07-10T23:21:20.106+0000] {logging_mixin.py:190} INFO - [2026-07-10T23:21:20.105+0000] {dag.py:3239} INFO - Sync 1 DAGs
[2026-07-10T23:21:20.152+0000] {logging_mixin.py:190} INFO - [2026-07-10T23:21:20.151+0000] {dag.py:4180} INFO - Setting next_dagrun for weather_scrape_and_load to 2026-07-10 23:00:00+00:00, run_after=2026-07-11 00:00:00+00:00
[2026-07-10T23:21:20.186+0000] {processor.py:208} INFO - Processing /opt/airflow/dags/weather_scrape_dag.py took 0.172 seconds
[2026-07-10T23:21:50.328+0000] {processor.py:186} INFO - Started process (PID=3667) to work on /opt/airflow/dags/weather_scrape_dag.py
[2026-07-10T23:21:50.337+0000] {processor.py:914} INFO - Processing file /opt/airflow/dags/weather_scrape_dag.py for tasks to queue
[2026-07-10T23:21:50.341+0000] {logging_mixin.py:190} INFO - [2026-07-10T23:21:50.340+0000] {dagbag.py:588} INFO - Filling up the DagBag from /opt/airflow/dags/weather_scrape_dag.py
[2026-07-10T23:21:50.362+0000] {processor.py:925} INFO - DAG(s) 'weather_scrape_and_load' retrieved from /opt/airflow/dags/weather_scrape_dag.py
[2026-07-10T23:21:50.413+0000] {logging_mixin.py:190} INFO - [2026-07-10T23:21:50.412+0000] {dag.py:3239} INFO - Sync 1 DAGs
[2026-07-10T23:21:50.459+0000] {logging_mixin.py:190} INFO - [2026-07-10T23:21:50.459+0000] {dag.py:4180} INFO - Setting next_dagrun for weather_scrape_and_load to 2026-07-10 23:00:00+00:00, run_after=2026-07-11 00:00:00+00:00
[2026-07-10T23:21:50.501+0000] {processor.py:208} INFO - Processing /opt/airflow/dags/weather_scrape_dag.py took 0.184 seconds
[2026-07-10T23:22:20.622+0000] {processor.py:186} INFO - Started process (PID=3672) to work on /opt/airflow/dags/weather_scrape_dag.py
[2026-07-10T23:22:20.623+0000] {processor.py:914} INFO - Processing file /opt/airflow/dags/weather_scrape_dag.py for tasks to queue
[2026-07-10T23:22:20.627+0000] {logging_mixin.py:190} INFO - [2026-07-10T23:22:20.626+0000] {dagbag.py:588} INFO - Filling up the DagBag from /opt/airflow/dags/weather_scrape_dag.py
[2026-07-10T23:22:20.648+0000] {processor.py:925} INFO - DAG(s) 'weather_scrape_and_load' retrieved from /opt/airflow/dags/weather_scrape_dag.py
[2026-07-10T23:22:20.696+0000] {logging_mixin.py:190} INFO - [2026-07-10T23:22:20.696+0000] {dag.py:3239} INFO - Sync 1 DAGs
[2026-07-10T23:22:20.743+0000] {logging_mixin.py:190} INFO - [2026-07-10T23:22:20.743+0000] {dag.py:4180} INFO - Setting next_dagrun for weather_scrape_and_load to 2026-07-10 23:00:00+00:00, run_after=2026-07-11 00:00:00+00:00
[2026-07-10T23:22:20.784+0000] {processor.py:208} INFO - Processing /opt/airflow/dags/weather_scrape_dag.py took 0.173 seconds
[2026-07-10T23:22:50.936+0000] {processor.py:186} INFO - Started process (PID=3677) to work on /opt/airflow/dags/weather_scrape_dag.py
[2026-07-10T23:22:50.938+0000] {processor.py:914} INFO - Processing file /opt/airflow/dags/weather_scrape_dag.py for tasks to queue
[2026-07-10T23:22:50.941+0000] {logging_mixin.py:190} INFO - [2026-07-10T23:22:50.940+0000] {dagbag.py:588} INFO - Filling up the DagBag from /opt/airflow/dags/weather_scrape_dag.py
[2026-07-10T23:22:50.961+0000] {processor.py:925} INFO - DAG(s) 'weather_scrape_and_load' retrieved from /opt/airflow/dags/weather_scrape_dag.py
[2026-07-10T23:22:51.010+0000] {logging_mixin.py:190} INFO - [2026-07-10T23:22:51.010+0000] {dag.py:3239} INFO - Sync 1 DAGs
[2026-07-10T23:22:51.055+0000] {logging_mixin.py:190} INFO - [2026-07-10T23:22:51.055+0000] {dag.py:4180} INFO - Setting next_dagrun for weather_scrape_and_load to 2026-07-10 23:00:00+00:00, run_after=2026-07-11 00:00:00+00:00
[2026-07-10T23:22:51.096+0000] {processor.py:208} INFO - Processing /opt/airflow/dags/weather_scrape_dag.py took 0.170 seconds
[2026-07-10T23:23:21.230+0000] {processor.py:186} INFO - Started process (PID=3682) to work on /opt/airflow/dags/weather_scrape_dag.py
[2026-07-10T23:23:21.231+0000] {processor.py:914} INFO - Processing file /opt/airflow/dags/weather_scrape_dag.py for tasks to queue
[2026-07-10T23:23:21.236+0000] {logging_mixin.py:190} INFO - [2026-07-10T23:23:21.235+0000] {dagbag.py:588} INFO - Filling up the DagBag from /opt/airflow/dags/weather_scrape_dag.py
[2026-07-10T23:23:21.256+0000] {processor.py:925} INFO - DAG(s) 'weather_scrape_and_load' retrieved from /opt/airflow/dags/weather_scrape_dag.py
[2026-07-10T23:23:21.309+0000] {logging_mixin.py:190} INFO - [2026-07-10T23:23:21.308+0000] {dag.py:3239} INFO - Sync 1 DAGs
[2026-07-10T23:23:21.357+0000] {logging_mixin.py:190} INFO - [2026-07-10T23:23:21.357+0000] {dag.py:4180} INFO - Setting next_dagrun for weather_scrape_and_load to 2026-07-10 23:00:00+00:00, run_after=2026-07-11 00:00:00+00:00
[2026-07-10T23:23:21.402+0000] {processor.py:208} INFO - Processing /opt/airflow/dags/weather_scrape_dag.py took 0.183 seconds
[2026-07-10T23:23:51.543+0000] {processor.py:186} INFO - Started process (PID=3687) to work on /opt/airflow/dags/weather_scrape_dag.py
[2026-07-10T23:23:51.552+0000] {processor.py:914} INFO - Processing file /opt/airflow/dags/weather_scrape_dag.py for tasks to queue
[2026-07-10T23:23:51.556+0000] {logging_mixin.py:190} INFO - [2026-07-10T23:23:51.556+0000] {dagbag.py:588} INFO - Filling up the DagBag from /opt/airflow/dags/weather_scrape_dag.py
[2026-07-10T23:23:51.577+0000] {processor.py:925} INFO - DAG(s) 'weather_scrape_and_load' retrieved from /opt/airflow/dags/weather_scrape_dag.py
[2026-07-10T23:23:51.632+0000] {logging_mixin.py:190} INFO - [2026-07-10T23:23:51.631+0000] {dag.py:3239} INFO - Sync 1 DAGs
[2026-07-10T23:23:51.684+0000] {logging_mixin.py:190} INFO - [2026-07-10T23:23:51.684+0000] {dag.py:4180} INFO - Setting next_dagrun for weather_scrape_and_load to 2026-07-10 23:00:00+00:00, run_after=2026-07-11 00:00:00+00:00
[2026-07-10T23:23:51.728+0000] {processor.py:208} INFO - Processing /opt/airflow/dags/weather_scrape_dag.py took 0.196 seconds
[2026-07-10T23:24:21.849+0000] {processor.py:186} INFO - Started process (PID=3692) to work on /opt/airflow/dags/weather_scrape_dag.py
[2026-07-10T23:24:21.850+0000] {processor.py:914} INFO - Processing file /opt/airflow/dags/weather_scrape_dag.py for tasks to queue
[2026-07-10T23:24:21.854+0000] {logging_mixin.py:190} INFO - [2026-07-10T23:24:21.854+0000] {dagbag.py:588} INFO - Filling up the DagBag from /opt/airflow/dags/weather_scrape_dag.py
[2026-07-10T23:24:21.875+0000] {processor.py:925} INFO - DAG(s) 'weather_scrape_and_load' retrieved from /opt/airflow/dags/weather_scrape_dag.py
[2026-07-10T23:24:21.924+0000] {logging_mixin.py:190} INFO - [2026-07-10T23:24:21.923+0000] {dag.py:3239} INFO - Sync 1 DAGs
[2026-07-10T23:24:21.972+0000] {logging_mixin.py:190} INFO - [2026-07-10T23:24:21.972+0000] {dag.py:4180} INFO - Setting next_dagrun for weather_scrape_and_load to 2026-07-10 23:00:00+00:00, run_after=2026-07-11 00:00:00+00:00
[2026-07-10T23:24:22.013+0000] {processor.py:208} INFO - Processing /opt/airflow/dags/weather_scrape_dag.py took 0.176 seconds
[2026-07-10T23:24:52.181+0000] {processor.py:186} INFO - Started process (PID=3697) to work on /opt/airflow/dags/weather_scrape_dag.py
[2026-07-10T23:24:52.190+0000] {processor.py:914} INFO - Processing file /opt/airflow/dags/weather_scrape_dag.py for tasks to queue
[2026-07-10T23:24:52.193+0000] {logging_mixin.py:190} INFO - [2026-07-10T23:24:52.193+0000] {dagbag.py:588} INFO - Filling up the DagBag from /opt/airflow/dags/weather_scrape_dag.py
[2026-07-10T23:24:52.214+0000] {processor.py:925} INFO - DAG(s) 'weather_scrape_and_load' retrieved from /opt/airflow/dags/weather_scrape_dag.py
[2026-07-10T23:24:52.264+0000] {logging_mixin.py:190} INFO - [2026-07-10T23:24:52.263+0000] {dag.py:3239} INFO - Sync 1 DAGs
[2026-07-10T23:24:52.310+0000] {logging_mixin.py:190} INFO - [2026-07-10T23:24:52.310+0000] {dag.py:4180} INFO - Setting next_dagrun for weather_scrape_and_load to 2026-07-10 23:00:00+00:00, run_after=2026-07-11 00:00:00+00:00
[2026-07-10T23:24:52.351+0000] {processor.py:208} INFO - Processing /opt/airflow/dags/weather_scrape_dag.py took 0.182 seconds
[2026-07-10T23:25:22.449+0000] {processor.py:186} INFO - Started process (PID=3702) to work on /opt/airflow/dags/weather_scrape_dag.py
[2026-07-10T23:25:22.450+0000] {processor.py:914} INFO - Processing file /opt/airflow/dags/weather_scrape_dag.py for tasks to queue
[2026-07-10T23:25:22.454+0000] {logging_mixin.py:190} INFO - [2026-07-10T23:25:22.453+0000] {dagbag.py:588} INFO - Filling up the DagBag from /opt/airflow/dags/weather_scrape_dag.py
[2026-07-10T23:25:22.475+0000] {processor.py:925} INFO - DAG(s) 'weather_scrape_and_load' retrieved from /opt/airflow/dags/weather_scrape_dag.py
[2026-07-10T23:25:22.526+0000] {logging_mixin.py:190} INFO - [2026-07-10T23:25:22.525+0000] {dag.py:3239} INFO - Sync 1 DAGs
[2026-07-10T23:25:22.579+0000] {logging_mixin.py:190} INFO - [2026-07-10T23:25:22.579+0000] {dag.py:4180} INFO - Setting next_dagrun for weather_scrape_and_load to 2026-07-10 23:00:00+00:00, run_after=2026-07-11 00:00:00+00:00
[2026-07-10T23:25:22.617+0000] {processor.py:208} INFO - Processing /opt/airflow/dags/weather_scrape_dag.py took 0.179 seconds
[2026-07-10T23:25:52.786+0000] {processor.py:186} INFO - Started process (PID=3707) to work on /opt/airflow/dags/weather_scrape_dag.py
[2026-07-10T23:25:52.795+0000] {processor.py:914} INFO - Processing file /opt/airflow/dags/weather_scrape_dag.py for tasks to queue
[2026-07-10T23:25:52.798+0000] {logging_mixin.py:190} INFO - [2026-07-10T23:25:52.798+0000] {dagbag.py:588} INFO - Filling up the DagBag from /opt/airflow/dags/weather_scrape_dag.py
[2026-07-10T23:25:52.820+0000] {processor.py:925} INFO - DAG(s) 'weather_scrape_and_load' retrieved from /opt/airflow/dags/weather_scrape_dag.py
[2026-07-10T23:25:52.867+0000] {logging_mixin.py:190} INFO - [2026-07-10T23:25:52.867+0000] {dag.py:3239} INFO - Sync 1 DAGs
[2026-07-10T23:25:52.913+0000] {logging_mixin.py:190} INFO - [2026-07-10T23:25:52.913+0000] {dag.py:4180} INFO - Setting next_dagrun for weather_scrape_and_load to 2026-07-10 23:00:00+00:00, run_after=2026-07-11 00:00:00+00:00
[2026-07-10T23:25:52.947+0000] {processor.py:208} INFO - Processing /opt/airflow/dags/weather_scrape_dag.py took 0.172 seconds
[2026-07-10T23:26:23.039+0000] {processor.py:186} INFO - Started process (PID=3712) to work on /opt/airflow/dags/weather_scrape_dag.py
[2026-07-10T23:26:23.040+0000] {processor.py:914} INFO - Processing file /opt/airflow/dags/weather_scrape_dag.py for tasks to queue
[2026-07-10T23:26:23.043+0000] {logging_mixin.py:190} INFO - [2026-07-10T23:26:23.043+0000] {dagbag.py:588} INFO - Filling up the DagBag from /opt/airflow/dags/weather_scrape_dag.py
[2026-07-10T23:26:23.064+0000] {processor.py:925} INFO - DAG(s) 'weather_scrape_and_load' retrieved from /opt/airflow/dags/weather_scrape_dag.py
[2026-07-10T23:26:23.112+0000] {logging_mixin.py:190} INFO - [2026-07-10T23:26:23.112+0000] {dag.py:3239} INFO - Sync 1 DAGs
[2026-07-10T23:26:23.160+0000] {logging_mixin.py:190} INFO - [2026-07-10T23:26:23.160+0000] {dag.py:4180} INFO - Setting next_dagrun for weather_scrape_and_load to 2026-07-10 23:00:00+00:00, run_after=2026-07-11 00:00:00+00:00
[2026-07-10T23:26:23.200+0000] {processor.py:208} INFO - Processing /opt/airflow/dags/weather_scrape_dag.py took 0.173 seconds
[2026-07-10T23:26:53.376+0000] {processor.py:186} INFO - Started process (PID=3717) to work on /opt/airflow/dags/weather_scrape_dag.py
[2026-07-10T23:26:53.377+0000] {processor.py:914} INFO - Processing file /opt/airflow/dags/weather_scrape_dag.py for tasks to queue
[2026-07-10T23:26:53.381+0000] {logging_mixin.py:190} INFO - [2026-07-10T23:26:53.380+0000] {dagbag.py:588} INFO - Filling up the DagBag from /opt/airflow/dags/weather_scrape_dag.py
[2026-07-10T23:26:53.402+0000] {processor.py:925} INFO - DAG(s) 'weather_scrape_and_load' retrieved from /opt/airflow/dags/weather_scrape_dag.py
[2026-07-10T23:26:53.450+0000] {logging_mixin.py:190} INFO - [2026-07-10T23:26:53.449+0000] {dag.py:3239} INFO - Sync 1 DAGs
[2026-07-10T23:26:53.495+0000] {logging_mixin.py:190} INFO - [2026-07-10T23:26:53.494+0000] {dag.py:4180} INFO - Setting next_dagrun for weather_scrape_and_load to 2026-07-10 23:00:00+00:00, run_after=2026-07-11 00:00:00+00:00
[2026-07-10T23:26:53.538+0000] {processor.py:208} INFO - Processing /opt/airflow/dags/weather_scrape_dag.py took 0.173 seconds
[2026-07-10T23:27:23.643+0000] {processor.py:186} INFO - Started process (PID=3722) to work on /opt/airflow/dags/weather_scrape_dag.py
[2026-07-10T23:27:23.644+0000] {processor.py:914} INFO - Processing file /opt/airflow/dags/weather_scrape_dag.py for tasks to queue
[2026-07-10T23:27:23.649+0000] {logging_mixin.py:190} INFO - [2026-07-10T23:27:23.649+0000] {dagbag.py:588} INFO - Filling up the DagBag from /opt/airflow/dags/weather_scrape_dag.py
[2026-07-10T23:27:23.671+0000] {processor.py:925} INFO - DAG(s) 'weather_scrape_and_load' retrieved from /opt/airflow/dags/weather_scrape_dag.py
[2026-07-10T23:27:23.730+0000] {logging_mixin.py:190} INFO - [2026-07-10T23:27:23.729+0000] {dag.py:3239} INFO - Sync 1 DAGs
[2026-07-10T23:27:23.781+0000] {logging_mixin.py:190} INFO - [2026-07-10T23:27:23.780+0000] {dag.py:4180} INFO - Setting next_dagrun for weather_scrape_and_load to 2026-07-10 23:00:00+00:00, run_after=2026-07-11 00:00:00+00:00
[2026-07-10T23:27:23.822+0000] {processor.py:208} INFO - Processing /opt/airflow/dags/weather_scrape_dag.py took 0.189 seconds
[2026-07-10T23:27:53.982+0000] {processor.py:186} INFO - Started process (PID=3727) to work on /opt/airflow/dags/weather_scrape_dag.py
[2026-07-10T23:27:53.992+0000] {processor.py:914} INFO - Processing file /opt/airflow/dags/weather_scrape_dag.py for tasks to queue
[2026-07-10T23:27:53.997+0000] {logging_mixin.py:190} INFO - [2026-07-10T23:27:53.996+0000] {dagbag.py:588} INFO - Filling up the DagBag from /opt/airflow/dags/weather_scrape_dag.py
[2026-07-10T23:27:54.017+0000] {processor.py:925} INFO - DAG(s) 'weather_scrape_and_load' retrieved from /opt/airflow/dags/weather_scrape_dag.py
[2026-07-10T23:27:54.067+0000] {logging_mixin.py:190} INFO - [2026-07-10T23:27:54.067+0000] {dag.py:3239} INFO - Sync 1 DAGs
[2026-07-10T23:27:54.119+0000] {logging_mixin.py:190} INFO - [2026-07-10T23:27:54.118+0000] {dag.py:4180} INFO - Setting next_dagrun for weather_scrape_and_load to 2026-07-10 23:00:00+00:00, run_after=2026-07-11 00:00:00+00:00
[2026-07-10T23:27:54.151+0000] {processor.py:208} INFO - Processing /opt/airflow/dags/weather_scrape_dag.py took 0.180 seconds
[2026-07-10T23:28:24.255+0000] {processor.py:186} INFO - Started process (PID=3732) to work on /opt/airflow/dags/weather_scrape_dag.py
[2026-07-10T23:28:24.256+0000] {processor.py:914} INFO - Processing file /opt/airflow/dags/weather_scrape_dag.py for tasks to queue
[2026-07-10T23:28:24.260+0000] {logging_mixin.py:190} INFO - [2026-07-10T23:28:24.260+0000] {dagbag.py:588} INFO - Filling up the DagBag from /opt/airflow/dags/weather_scrape_dag.py
[2026-07-10T23:28:24.282+0000] {processor.py:925} INFO - DAG(s) 'weather_scrape_and_load' retrieved from /opt/airflow/dags/weather_scrape_dag.py
[2026-07-10T23:28:24.332+0000] {logging_mixin.py:190} INFO - [2026-07-10T23:28:24.332+0000] {dag.py:3239} INFO - Sync 1 DAGs
[2026-07-10T23:28:24.380+0000] {logging_mixin.py:190} INFO - [2026-07-10T23:28:24.379+0000] {dag.py:4180} INFO - Setting next_dagrun for weather_scrape_and_load to 2026-07-10 23:00:00+00:00, run_after=2026-07-11 00:00:00+00:00
[2026-07-10T23:28:24.421+0000] {processor.py:208} INFO - Processing /opt/airflow/dags/weather_scrape_dag.py took 0.177 seconds
[2026-07-10T23:28:54.599+0000] {processor.py:186} INFO - Started process (PID=3737) to work on /opt/airflow/dags/weather_scrape_dag.py
[2026-07-10T23:28:54.608+0000] {processor.py:914} INFO - Processing file /opt/airflow/dags/weather_scrape_dag.py for tasks to queue
[2026-07-10T23:28:54.611+0000] {logging_mixin.py:190} INFO - [2026-07-10T23:28:54.611+0000] {dagbag.py:588} INFO - Filling up the DagBag from /opt/airflow/dags/weather_scrape_dag.py
[2026-07-10T23:28:54.634+0000] {processor.py:925} INFO - DAG(s) 'weather_scrape_and_load' retrieved from /opt/airflow/dags/weather_scrape_dag.py
[2026-07-10T23:28:54.683+0000] {logging_mixin.py:190} INFO - [2026-07-10T23:28:54.682+0000] {dag.py:3239} INFO - Sync 1 DAGs
[2026-07-10T23:28:54.730+0000] {logging_mixin.py:190} INFO - [2026-07-10T23:28:54.729+0000] {dag.py:4180} INFO - Setting next_dagrun for weather_scrape_and_load to 2026-07-10 23:00:00+00:00, run_after=2026-07-11 00:00:00+00:00
[2026-07-10T23:28:54.768+0000] {processor.py:208} INFO - Processing /opt/airflow/dags/weather_scrape_dag.py took 0.182 seconds
[2026-07-10T23:29:24.860+0000] {processor.py:186} INFO - Started process (PID=3742) to work on /opt/airflow/dags/weather_scrape_dag.py
[2026-07-10T23:29:24.861+0000] {processor.py:914} INFO - Processing file /opt/airflow/dags/weather_scrape_dag.py for tasks to queue
[2026-07-10T23:29:24.865+0000] {logging_mixin.py:190} INFO - [2026-07-10T23:29:24.864+0000] {dagbag.py:588} INFO - Filling up the DagBag from /opt/airflow/dags/weather_scrape_dag.py
[2026-07-10T23:29:24.886+0000] {processor.py:925} INFO - DAG(s) 'weather_scrape_and_load' retrieved from /opt/airflow/dags/weather_scrape_dag.py
[2026-07-10T23:29:24.935+0000] {logging_mixin.py:190} INFO - [2026-07-10T23:29:24.935+0000] {dag.py:3239} INFO - Sync 1 DAGs
[2026-07-10T23:29:24.983+0000] {logging_mixin.py:190} INFO - [2026-07-10T23:29:24.982+0000] {dag.py:4180} INFO - Setting next_dagrun for weather_scrape_and_load to 2026-07-10 23:00:00+00:00, run_after=2026-07-11 00:00:00+00:00
[2026-07-10T23:29:25.023+0000] {processor.py:208} INFO - Processing /opt/airflow/dags/weather_scrape_dag.py took 0.175 seconds
[2026-07-10T23:29:55.220+0000] {processor.py:186} INFO - Started process (PID=3747) to work on /opt/airflow/dags/weather_scrape_dag.py
[2026-07-10T23:29:55.229+0000] {processor.py:914} INFO - Processing file /opt/airflow/dags/weather_scrape_dag.py for tasks to queue
[2026-07-10T23:29:55.232+0000] {logging_mixin.py:190} INFO - [2026-07-10T23:29:55.232+0000] {dagbag.py:588} INFO - Filling up the DagBag from /opt/airflow/dags/weather_scrape_dag.py
[2026-07-10T23:29:55.253+0000] {processor.py:925} INFO - DAG(s) 'weather_scrape_and_load' retrieved from /opt/airflow/dags/weather_scrape_dag.py
[2026-07-10T23:29:55.302+0000] {logging_mixin.py:190} INFO - [2026-07-10T23:29:55.302+0000] {dag.py:3239} INFO - Sync 1 DAGs
[2026-07-10T23:29:55.348+0000] {logging_mixin.py:190} INFO - [2026-07-10T23:29:55.348+0000] {dag.py:4180} INFO - Setting next_dagrun for weather_scrape_and_load to 2026-07-10 23:00:00+00:00, run_after=2026-07-11 00:00:00+00:00
[2026-07-10T23:29:55.383+0000] {processor.py:208} INFO - Processing /opt/airflow/dags/weather_scrape_dag.py took 0.175 seconds
[2026-07-10T23:30:25.457+0000] {processor.py:186} INFO - Started process (PID=3752) to work on /opt/airflow/dags/weather_scrape_dag.py
[2026-07-10T23:30:25.458+0000] {processor.py:914} INFO - Processing file /opt/airflow/dags/weather_scrape_dag.py for tasks to queue
[2026-07-10T23:30:25.462+0000] {logging_mixin.py:190} INFO - [2026-07-10T23:30:25.461+0000] {dagbag.py:588} INFO - Filling up the DagBag from /opt/airflow/dags/weather_scrape_dag.py
[2026-07-10T23:30:25.483+0000] {processor.py:925} INFO - DAG(s) 'weather_scrape_and_load' retrieved from /opt/airflow/dags/weather_scrape_dag.py
[2026-07-10T23:30:25.531+0000] {logging_mixin.py:190} INFO - [2026-07-10T23:30:25.531+0000] {dag.py:3239} INFO - Sync 1 DAGs
[2026-07-10T23:30:25.578+0000] {logging_mixin.py:190} INFO - [2026-07-10T23:30:25.577+0000] {dag.py:4180} INFO - Setting next_dagrun for weather_scrape_and_load to 2026-07-10 23:00:00+00:00, run_after=2026-07-11 00:00:00+00:00
[2026-07-10T23:30:25.619+0000] {processor.py:208} INFO - Processing /opt/airflow/dags/weather_scrape_dag.py took 0.173 seconds
[2026-07-10T23:30:55.807+0000] {processor.py:186} INFO - Started process (PID=3757) to work on /opt/airflow/dags/weather_scrape_dag.py
[2026-07-10T23:30:55.816+0000] {processor.py:914} INFO - Processing file /opt/airflow/dags/weather_scrape_dag.py for tasks to queue
[2026-07-10T23:30:55.820+0000] {logging_mixin.py:190} INFO - [2026-07-10T23:30:55.819+0000] {dagbag.py:588} INFO - Filling up the DagBag from /opt/airflow/dags/weather_scrape_dag.py
[2026-07-10T23:30:55.841+0000] {processor.py:925} INFO - DAG(s) 'weather_scrape_and_load' retrieved from /opt/airflow/dags/weather_scrape_dag.py
[2026-07-10T23:30:55.889+0000] {logging_mixin.py:190} INFO - [2026-07-10T23:30:55.888+0000] {dag.py:3239} INFO - Sync 1 DAGs
[2026-07-10T23:30:55.934+0000] {logging_mixin.py:190} INFO - [2026-07-10T23:30:55.934+0000] {dag.py:4180} INFO - Setting next_dagrun for weather_scrape_and_load to 2026-07-10 23:00:00+00:00, run_after=2026-07-11 00:00:00+00:00
[2026-07-10T23:30:55.976+0000] {processor.py:208} INFO - Processing /opt/airflow/dags/weather_scrape_dag.py took 0.180 seconds
[2026-07-10T23:31:26.068+0000] {processor.py:186} INFO - Started process (PID=3762) to work on /opt/airflow/dags/weather_scrape_dag.py
[2026-07-10T23:31:26.069+0000] {processor.py:914} INFO - Processing file /opt/airflow/dags/weather_scrape_dag.py for tasks to queue
[2026-07-10T23:31:26.074+0000] {logging_mixin.py:190} INFO - [2026-07-10T23:31:26.073+0000] {dagbag.py:588} INFO - Filling up the DagBag from /opt/airflow/dags/weather_scrape_dag.py
[2026-07-10T23:31:26.095+0000] {processor.py:925} INFO - DAG(s) 'weather_scrape_and_load' retrieved from /opt/airflow/dags/weather_scrape_dag.py
[2026-07-10T23:31:26.144+0000] {logging_mixin.py:190} INFO - [2026-07-10T23:31:26.143+0000] {dag.py:3239} INFO - Sync 1 DAGs
[2026-07-10T23:31:26.194+0000] {logging_mixin.py:190} INFO - [2026-07-10T23:31:26.194+0000] {dag.py:4180} INFO - Setting next_dagrun for weather_scrape_and_load to 2026-07-10 23:00:00+00:00, run_after=2026-07-11 00:00:00+00:00
[2026-07-10T23:31:26.232+0000] {processor.py:208} INFO - Processing /opt/airflow/dags/weather_scrape_dag.py took 0.178 seconds
[2026-07-10T23:31:56.406+0000] {processor.py:186} INFO - Started process (PID=3767) to work on /opt/airflow/dags/weather_scrape_dag.py
[2026-07-10T23:31:56.415+0000] {processor.py:914} INFO - Processing file /opt/airflow/dags/weather_scrape_dag.py for tasks to queue
[2026-07-10T23:31:56.419+0000] {logging_mixin.py:190} INFO - [2026-07-10T23:31:56.419+0000] {dagbag.py:588} INFO - Filling up the DagBag from /opt/airflow/dags/weather_scrape_dag.py
[2026-07-10T23:31:56.445+0000] {processor.py:925} INFO - DAG(s) 'weather_scrape_and_load' retrieved from /opt/airflow/dags/weather_scrape_dag.py
[2026-07-10T23:31:56.504+0000] {logging_mixin.py:190} INFO - [2026-07-10T23:31:56.504+0000] {dag.py:3239} INFO - Sync 1 DAGs
[2026-07-10T23:31:56.560+0000] {logging_mixin.py:190} INFO - [2026-07-10T23:31:56.560+0000] {dag.py:4180} INFO - Setting next_dagrun for weather_scrape_and_load to 2026-07-10 23:00:00+00:00, run_after=2026-07-11 00:00:00+00:00
[2026-07-10T23:31:56.604+0000] {processor.py:208} INFO - Processing /opt/airflow/dags/weather_scrape_dag.py took 0.209 seconds
[2026-07-10T23:32:26.664+0000] {processor.py:186} INFO - Started process (PID=3772) to work on /opt/airflow/dags/weather_scrape_dag.py
[2026-07-10T23:32:26.665+0000] {processor.py:914} INFO - Processing file /opt/airflow/dags/weather_scrape_dag.py for tasks to queue
[2026-07-10T23:32:26.669+0000] {logging_mixin.py:190} INFO - [2026-07-10T23:32:26.669+0000] {dagbag.py:588} INFO - Filling up the DagBag from /opt/airflow/dags/weather_scrape_dag.py
[2026-07-10T23:32:26.690+0000] {processor.py:925} INFO - DAG(s) 'weather_scrape_and_load' retrieved from /opt/airflow/dags/weather_scrape_dag.py
[2026-07-10T23:32:26.741+0000] {logging_mixin.py:190} INFO - [2026-07-10T23:32:26.740+0000] {dag.py:3239} INFO - Sync 1 DAGs
[2026-07-10T23:32:26.789+0000] {logging_mixin.py:190} INFO - [2026-07-10T23:32:26.789+0000] {dag.py:4180} INFO - Setting next_dagrun for weather_scrape_and_load to 2026-07-10 23:00:00+00:00, run_after=2026-07-11 00:00:00+00:00
[2026-07-10T23:32:26.831+0000] {processor.py:208} INFO - Processing /opt/airflow/dags/weather_scrape_dag.py took 0.178 seconds
[2026-07-10T23:32:57.040+0000] {processor.py:186} INFO - Started process (PID=3777) to work on /opt/airflow/dags/weather_scrape_dag.py
[2026-07-10T23:32:57.049+0000] {processor.py:914} INFO - Processing file /opt/airflow/dags/weather_scrape_dag.py for tasks to queue
[2026-07-10T23:32:57.052+0000] {logging_mixin.py:190} INFO - [2026-07-10T23:32:57.052+0000] {dagbag.py:588} INFO - Filling up the DagBag from /opt/airflow/dags/weather_scrape_dag.py
[2026-07-10T23:32:57.073+0000] {processor.py:925} INFO - DAG(s) 'weather_scrape_and_load' retrieved from /opt/airflow/dags/weather_scrape_dag.py
[2026-07-10T23:32:57.121+0000] {logging_mixin.py:190} INFO - [2026-07-10T23:32:57.120+0000] {dag.py:3239} INFO - Sync 1 DAGs
[2026-07-10T23:32:57.167+0000] {logging_mixin.py:190} INFO - [2026-07-10T23:32:57.167+0000] {dag.py:4180} INFO - Setting next_dagrun for weather_scrape_and_load to 2026-07-10 23:00:00+00:00, run_after=2026-07-11 00:00:00+00:00
[2026-07-10T23:32:57.207+0000] {processor.py:208} INFO - Processing /opt/airflow/dags/weather_scrape_dag.py took 0.178 seconds
[2026-07-10T23:33:27.273+0000] {processor.py:186} INFO - Started process (PID=3782) to work on /opt/airflow/dags/weather_scrape_dag.py
[2026-07-10T23:33:27.274+0000] {processor.py:914} INFO - Processing file /opt/airflow/dags/weather_scrape_dag.py for tasks to queue
[2026-07-10T23:33:27.277+0000] {logging_mixin.py:190} INFO - [2026-07-10T23:33:27.277+0000] {dagbag.py:588} INFO - Filling up the DagBag from /opt/airflow/dags/weather_scrape_dag.py
[2026-07-10T23:33:27.298+0000] {processor.py:925} INFO - DAG(s) 'weather_scrape_and_load' retrieved from /opt/airflow/dags/weather_scrape_dag.py
[2026-07-10T23:33:27.364+0000] {logging_mixin.py:190} INFO - [2026-07-10T23:33:27.364+0000] {dag.py:3239} INFO - Sync 1 DAGs
[2026-07-10T23:33:27.416+0000] {logging_mixin.py:190} INFO - [2026-07-10T23:33:27.416+0000] {dag.py:4180} INFO - Setting next_dagrun for weather_scrape_and_load to 2026-07-10 23:00:00+00:00, run_after=2026-07-11 00:00:00+00:00
[2026-07-10T23:33:27.457+0000] {processor.py:208} INFO - Processing /opt/airflow/dags/weather_scrape_dag.py took 0.197 seconds
[2026-07-10T23:33:57.653+0000] {processor.py:186} INFO - Started process (PID=3787) to work on /opt/airflow/dags/weather_scrape_dag.py
[2026-07-10T23:33:57.661+0000] {processor.py:914} INFO - Processing file /opt/airflow/dags/weather_scrape_dag.py for tasks to queue
[2026-07-10T23:33:57.665+0000] {logging_mixin.py:190} INFO - [2026-07-10T23:33:57.664+0000] {dagbag.py:588} INFO - Filling up the DagBag from /opt/airflow/dags/weather_scrape_dag.py
[2026-07-10T23:33:57.685+0000] {processor.py:925} INFO - DAG(s) 'weather_scrape_and_load' retrieved from /opt/airflow/dags/weather_scrape_dag.py
[2026-07-10T23:33:57.733+0000] {logging_mixin.py:190} INFO - [2026-07-10T23:33:57.733+0000] {dag.py:3239} INFO - Sync 1 DAGs
[2026-07-10T23:33:57.780+0000] {logging_mixin.py:190} INFO - [2026-07-10T23:33:57.780+0000] {dag.py:4180} INFO - Setting next_dagrun for weather_scrape_and_load to 2026-07-10 23:00:00+00:00, run_after=2026-07-11 00:00:00+00:00
[2026-07-10T23:33:57.821+0000] {processor.py:208} INFO - Processing /opt/airflow/dags/weather_scrape_dag.py took 0.181 seconds
[2026-07-10T23:34:27.895+0000] {processor.py:186} INFO - Started process (PID=3792) to work on /opt/airflow/dags/weather_scrape_dag.py
[2026-07-10T23:34:27.896+0000] {processor.py:914} INFO - Processing file /opt/airflow/dags/weather_scrape_dag.py for tasks to queue
[2026-07-10T23:34:27.900+0000] {logging_mixin.py:190} INFO - [2026-07-10T23:34:27.899+0000] {dagbag.py:588} INFO - Filling up the DagBag from /opt/airflow/dags/weather_scrape_dag.py
[2026-07-10T23:34:27.921+0000] {processor.py:925} INFO - DAG(s) 'weather_scrape_and_load' retrieved from /opt/airflow/dags/weather_scrape_dag.py
[2026-07-10T23:34:27.970+0000] {logging_mixin.py:190} INFO - [2026-07-10T23:34:27.970+0000] {dag.py:3239} INFO - Sync 1 DAGs
[2026-07-10T23:34:28.017+0000] {logging_mixin.py:190} INFO - [2026-07-10T23:34:28.017+0000] {dag.py:4180} INFO - Setting next_dagrun for weather_scrape_and_load to 2026-07-10 23:00:00+00:00, run_after=2026-07-11 00:00:00+00:00
[2026-07-10T23:34:28.052+0000] {processor.py:208} INFO - Processing /opt/airflow/dags/weather_scrape_dag.py took 0.168 seconds
[2026-07-10T23:34:58.267+0000] {processor.py:186} INFO - Started process (PID=3797) to work on /opt/airflow/dags/weather_scrape_dag.py
[2026-07-10T23:34:58.272+0000] {processor.py:914} INFO - Processing file /opt/airflow/dags/weather_scrape_dag.py for tasks to queue
[2026-07-10T23:34:58.275+0000] {logging_mixin.py:190} INFO - [2026-07-10T23:34:58.275+0000] {dagbag.py:588} INFO - Filling up the DagBag from /opt/airflow/dags/weather_scrape_dag.py
[2026-07-10T23:34:58.296+0000] {processor.py:925} INFO - DAG(s) 'weather_scrape_and_load' retrieved from /opt/airflow/dags/weather_scrape_dag.py
[2026-07-10T23:34:58.344+0000] {logging_mixin.py:190} INFO - [2026-07-10T23:34:58.344+0000] {dag.py:3239} INFO - Sync 1 DAGs
[2026-07-10T23:34:58.392+0000] {logging_mixin.py:190} INFO - [2026-07-10T23:34:58.391+0000] {dag.py:4180} INFO - Setting next_dagrun for weather_scrape_and_load to 2026-07-10 23:00:00+00:00, run_after=2026-07-11 00:00:00+00:00
[2026-07-10T23:34:58.436+0000] {processor.py:208} INFO - Processing /opt/airflow/dags/weather_scrape_dag.py took 0.179 seconds
[2026-07-10T23:35:28.489+0000] {processor.py:186} INFO - Started process (PID=3802) to work on /opt/airflow/dags/weather_scrape_dag.py
[2026-07-10T23:35:28.491+0000] {processor.py:914} INFO - Processing file /opt/airflow/dags/weather_scrape_dag.py for tasks to queue
[2026-07-10T23:35:28.495+0000] {logging_mixin.py:190} INFO - [2026-07-10T23:35:28.494+0000] {dagbag.py:588} INFO - Filling up the DagBag from /opt/airflow/dags/weather_scrape_dag.py
[2026-07-10T23:35:28.515+0000] {processor.py:925} INFO - DAG(s) 'weather_scrape_and_load' retrieved from /opt/airflow/dags/weather_scrape_dag.py
[2026-07-10T23:35:28.564+0000] {logging_mixin.py:190} INFO - [2026-07-10T23:35:28.564+0000] {dag.py:3239} INFO - Sync 1 DAGs
[2026-07-10T23:35:28.609+0000] {logging_mixin.py:190} INFO - [2026-07-10T23:35:28.608+0000] {dag.py:4180} INFO - Setting next_dagrun for weather_scrape_and_load to 2026-07-10 23:00:00+00:00, run_after=2026-07-11 00:00:00+00:00
[2026-07-10T23:35:28.643+0000] {processor.py:208} INFO - Processing /opt/airflow/dags/weather_scrape_dag.py took 0.164 seconds
[2026-07-10T23:35:58.876+0000] {processor.py:186} INFO - Started process (PID=3807) to work on /opt/airflow/dags/weather_scrape_dag.py
[2026-07-10T23:35:58.885+0000] {processor.py:914} INFO - Processing file /opt/airflow/dags/weather_scrape_dag.py for tasks to queue
[2026-07-10T23:35:58.890+0000] {logging_mixin.py:190} INFO - [2026-07-10T23:35:58.889+0000] {dagbag.py:588} INFO - Filling up the DagBag from /opt/airflow/dags/weather_scrape_dag.py
[2026-07-10T23:35:58.916+0000] {processor.py:925} INFO - DAG(s) 'weather_scrape_and_load' retrieved from /opt/airflow/dags/weather_scrape_dag.py
[2026-07-10T23:35:58.970+0000] {logging_mixin.py:190} INFO - [2026-07-10T23:35:58.969+0000] {dag.py:3239} INFO - Sync 1 DAGs
[2026-07-10T23:35:59.024+0000] {logging_mixin.py:190} INFO - [2026-07-10T23:35:59.023+0000] {dag.py:4180} INFO - Setting next_dagrun for weather_scrape_and_load to 2026-07-10 23:00:00+00:00, run_after=2026-07-11 00:00:00+00:00
[2026-07-10T23:35:59.068+0000] {processor.py:208} INFO - Processing /opt/airflow/dags/weather_scrape_dag.py took 0.204 seconds
[2026-07-10T23:36:29.313+0000] {processor.py:186} INFO - Started process (PID=3812) to work on /opt/airflow/dags/weather_scrape_dag.py
[2026-07-10T23:36:29.314+0000] {processor.py:914} INFO - Processing file /opt/airflow/dags/weather_scrape_dag.py for tasks to queue
[2026-07-10T23:36:29.319+0000] {logging_mixin.py:190} INFO - [2026-07-10T23:36:29.318+0000] {dagbag.py:588} INFO - Filling up the DagBag from /opt/airflow/dags/weather_scrape_dag.py
[2026-07-10T23:36:29.341+0000] {processor.py:925} INFO - DAG(s) 'weather_scrape_and_load' retrieved from /opt/airflow/dags/weather_scrape_dag.py
[2026-07-10T23:36:29.399+0000] {logging_mixin.py:190} INFO - [2026-07-10T23:36:29.398+0000] {dag.py:3239} INFO - Sync 1 DAGs
[2026-07-10T23:36:29.446+0000] {logging_mixin.py:190} INFO - [2026-07-10T23:36:29.446+0000] {dag.py:4180} INFO - Setting next_dagrun for weather_scrape_and_load to 2026-07-10 23:00:00+00:00, run_after=2026-07-11 00:00:00+00:00
[2026-07-10T23:36:29.480+0000] {processor.py:208} INFO - Processing /opt/airflow/dags/weather_scrape_dag.py took 0.178 seconds
[2026-07-10T23:36:59.719+0000] {processor.py:186} INFO - Started process (PID=3817) to work on /opt/airflow/dags/weather_scrape_dag.py
[2026-07-10T23:36:59.728+0000] {processor.py:914} INFO - Processing file /opt/airflow/dags/weather_scrape_dag.py for tasks to queue
[2026-07-10T23:36:59.732+0000] {logging_mixin.py:190} INFO - [2026-07-10T23:36:59.731+0000] {dagbag.py:588} INFO - Filling up the DagBag from /opt/airflow/dags/weather_scrape_dag.py
[2026-07-10T23:36:59.752+0000] {processor.py:925} INFO - DAG(s) 'weather_scrape_and_load' retrieved from /opt/airflow/dags/weather_scrape_dag.py
[2026-07-10T23:36:59.801+0000] {logging_mixin.py:190} INFO - [2026-07-10T23:36:59.800+0000] {dag.py:3239} INFO - Sync 1 DAGs
[2026-07-10T23:36:59.846+0000] {logging_mixin.py:190} INFO - [2026-07-10T23:36:59.846+0000] {dag.py:4180} INFO - Setting next_dagrun for weather_scrape_and_load to 2026-07-10 23:00:00+00:00, run_after=2026-07-11 00:00:00+00:00
[2026-07-10T23:36:59.887+0000] {processor.py:208} INFO - Processing /opt/airflow/dags/weather_scrape_dag.py took 0.180 seconds
[2026-07-10T23:37:30.123+0000] {processor.py:186} INFO - Started process (PID=3822) to work on /opt/airflow/dags/weather_scrape_dag.py
[2026-07-10T23:37:30.125+0000] {processor.py:914} INFO - Processing file /opt/airflow/dags/weather_scrape_dag.py for tasks to queue
[2026-07-10T23:37:30.128+0000] {logging_mixin.py:190} INFO - [2026-07-10T23:37:30.127+0000] {dagbag.py:588} INFO - Filling up the DagBag from /opt/airflow/dags/weather_scrape_dag.py
[2026-07-10T23:37:30.149+0000] {processor.py:925} INFO - DAG(s) 'weather_scrape_and_load' retrieved from /opt/airflow/dags/weather_scrape_dag.py
[2026-07-10T23:37:30.198+0000] {logging_mixin.py:190} INFO - [2026-07-10T23:37:30.198+0000] {dag.py:3239} INFO - Sync 1 DAGs
[2026-07-10T23:37:30.246+0000] {logging_mixin.py:190} INFO - [2026-07-10T23:37:30.246+0000] {dag.py:4180} INFO - Setting next_dagrun for weather_scrape_and_load to 2026-07-10 23:00:00+00:00, run_after=2026-07-11 00:00:00+00:00
[2026-07-10T23:37:30.287+0000] {processor.py:208} INFO - Processing /opt/airflow/dags/weather_scrape_dag.py took 0.176 seconds
[2026-07-10T23:38:00.513+0000] {processor.py:186} INFO - Started process (PID=3827) to work on /opt/airflow/dags/weather_scrape_dag.py
[2026-07-10T23:38:00.522+0000] {processor.py:914} INFO - Processing file /opt/airflow/dags/weather_scrape_dag.py for tasks to queue
[2026-07-10T23:38:00.526+0000] {logging_mixin.py:190} INFO - [2026-07-10T23:38:00.525+0000] {dagbag.py:588} INFO - Filling up the DagBag from /opt/airflow/dags/weather_scrape_dag.py
[2026-07-10T23:38:00.548+0000] {processor.py:925} INFO - DAG(s) 'weather_scrape_and_load' retrieved from /opt/airflow/dags/weather_scrape_dag.py
[2026-07-10T23:38:00.597+0000] {logging_mixin.py:190} INFO - [2026-07-10T23:38:00.596+0000] {dag.py:3239} INFO - Sync 1 DAGs
[2026-07-10T23:38:00.644+0000] {logging_mixin.py:190} INFO - [2026-07-10T23:38:00.643+0000] {dag.py:4180} INFO - Setting next_dagrun for weather_scrape_and_load to 2026-07-10 23:00:00+00:00, run_after=2026-07-11 00:00:00+00:00
[2026-07-10T23:38:00.686+0000] {processor.py:208} INFO - Processing /opt/airflow/dags/weather_scrape_dag.py took 0.183 seconds
[2026-07-10T23:38:30.928+0000] {processor.py:186} INFO - Started process (PID=3832) to work on /opt/airflow/dags/weather_scrape_dag.py
[2026-07-10T23:38:30.929+0000] {processor.py:914} INFO - Processing file /opt/airflow/dags/weather_scrape_dag.py for tasks to queue
[2026-07-10T23:38:30.932+0000] {logging_mixin.py:190} INFO - [2026-07-10T23:38:30.932+0000] {dagbag.py:588} INFO - Filling up the DagBag from /opt/airflow/dags/weather_scrape_dag.py
[2026-07-10T23:38:30.953+0000] {processor.py:925} INFO - DAG(s) 'weather_scrape_and_load' retrieved from /opt/airflow/dags/weather_scrape_dag.py
[2026-07-10T23:38:31.005+0000] {logging_mixin.py:190} INFO - [2026-07-10T23:38:31.004+0000] {dag.py:3239} INFO - Sync 1 DAGs
[2026-07-10T23:38:31.051+0000] {logging_mixin.py:190} INFO - [2026-07-10T23:38:31.050+0000] {dag.py:4180} INFO - Setting next_dagrun for weather_scrape_and_load to 2026-07-10 23:00:00+00:00, run_after=2026-07-11 00:00:00+00:00
[2026-07-10T23:38:31.093+0000] {processor.py:208} INFO - Processing /opt/airflow/dags/weather_scrape_dag.py took 0.176 seconds
[2026-07-10T23:39:01.143+0000] {processor.py:186} INFO - Started process (PID=3837) to work on /opt/airflow/dags/weather_scrape_dag.py
[2026-07-10T23:39:01.152+0000] {processor.py:914} INFO - Processing file /opt/airflow/dags/weather_scrape_dag.py for tasks to queue
[2026-07-10T23:39:01.156+0000] {logging_mixin.py:190} INFO - [2026-07-10T23:39:01.155+0000] {dagbag.py:588} INFO - Filling up the DagBag from /opt/airflow/dags/weather_scrape_dag.py
[2026-07-10T23:39:01.177+0000] {processor.py:925} INFO - DAG(s) 'weather_scrape_and_load' retrieved from /opt/airflow/dags/weather_scrape_dag.py
[2026-07-10T23:39:01.225+0000] {logging_mixin.py:190} INFO - [2026-07-10T23:39:01.225+0000] {dag.py:3239} INFO - Sync 1 DAGs
[2026-07-10T23:39:01.271+0000] {logging_mixin.py:190} INFO - [2026-07-10T23:39:01.271+0000] {dag.py:4180} INFO - Setting next_dagrun for weather_scrape_and_load to 2026-07-10 23:00:00+00:00, run_after=2026-07-11 00:00:00+00:00
[2026-07-10T23:39:01.313+0000] {processor.py:208} INFO - Processing /opt/airflow/dags/weather_scrape_dag.py took 0.182 seconds
[2026-07-10T23:39:31.550+0000] {processor.py:186} INFO - Started process (PID=3842) to work on /opt/airflow/dags/weather_scrape_dag.py
[2026-07-10T23:39:31.559+0000] {processor.py:914} INFO - Processing file /opt/airflow/dags/weather_scrape_dag.py for tasks to queue
[2026-07-10T23:39:31.563+0000] {logging_mixin.py:190} INFO - [2026-07-10T23:39:31.563+0000] {dagbag.py:588} INFO - Filling up the DagBag from /opt/airflow/dags/weather_scrape_dag.py
[2026-07-10T23:39:31.584+0000] {processor.py:925} INFO - DAG(s) 'weather_scrape_and_load' retrieved from /opt/airflow/dags/weather_scrape_dag.py
[2026-07-10T23:39:31.645+0000] {logging_mixin.py:190} INFO - [2026-07-10T23:39:31.644+0000] {dag.py:3239} INFO - Sync 1 DAGs
[2026-07-10T23:39:31.716+0000] {logging_mixin.py:190} INFO - [2026-07-10T23:39:31.715+0000] {dag.py:4180} INFO - Setting next_dagrun for weather_scrape_and_load to 2026-07-10 23:00:00+00:00, run_after=2026-07-11 00:00:00+00:00
[2026-07-10T23:39:31.793+0000] {processor.py:208} INFO - Processing /opt/airflow/dags/weather_scrape_dag.py took 0.254 seconds
[2026-07-10T23:40:02.042+0000] {processor.py:186} INFO - Started process (PID=3847) to work on /opt/airflow/dags/weather_scrape_dag.py
[2026-07-10T23:40:02.051+0000] {processor.py:914} INFO - Processing file /opt/airflow/dags/weather_scrape_dag.py for tasks to queue
[2026-07-10T23:40:02.057+0000] {logging_mixin.py:190} INFO - [2026-07-10T23:40:02.056+0000] {dagbag.py:588} INFO - Filling up the DagBag from /opt/airflow/dags/weather_scrape_dag.py
[2026-07-10T23:40:02.081+0000] {processor.py:925} INFO - DAG(s) 'weather_scrape_and_load' retrieved from /opt/airflow/dags/weather_scrape_dag.py
[2026-07-10T23:40:02.129+0000] {logging_mixin.py:190} INFO - [2026-07-10T23:40:02.129+0000] {dag.py:3239} INFO - Sync 1 DAGs
[2026-07-10T23:40:02.177+0000] {logging_mixin.py:190} INFO - [2026-07-10T23:40:02.177+0000] {dag.py:4180} INFO - Setting next_dagrun for weather_scrape_and_load to 2026-07-10 23:00:00+00:00, run_after=2026-07-11 00:00:00+00:00
[2026-07-10T23:40:02.220+0000] {processor.py:208} INFO - Processing /opt/airflow/dags/weather_scrape_dag.py took 0.192 seconds
[2026-07-10T23:40:32.453+0000] {processor.py:186} INFO - Started process (PID=3852) to work on /opt/airflow/dags/weather_scrape_dag.py
[2026-07-10T23:40:32.454+0000] {processor.py:914} INFO - Processing file /opt/airflow/dags/weather_scrape_dag.py for tasks to queue
[2026-07-10T23:40:32.458+0000] {logging_mixin.py:190} INFO - [2026-07-10T23:40:32.457+0000] {dagbag.py:588} INFO - Filling up the DagBag from /opt/airflow/dags/weather_scrape_dag.py
[2026-07-10T23:40:32.479+0000] {processor.py:925} INFO - DAG(s) 'weather_scrape_and_load' retrieved from /opt/airflow/dags/weather_scrape_dag.py
[2026-07-10T23:40:32.528+0000] {logging_mixin.py:190} INFO - [2026-07-10T23:40:32.528+0000] {dag.py:3239} INFO - Sync 1 DAGs
[2026-07-10T23:40:32.574+0000] {logging_mixin.py:190} INFO - [2026-07-10T23:40:32.573+0000] {dag.py:4180} INFO - Setting next_dagrun for weather_scrape_and_load to 2026-07-10 23:00:00+00:00, run_after=2026-07-11 00:00:00+00:00
[2026-07-10T23:40:32.629+0000] {processor.py:208} INFO - Processing /opt/airflow/dags/weather_scrape_dag.py took 0.188 seconds
[2026-07-10T23:41:02.886+0000] {processor.py:186} INFO - Started process (PID=3857) to work on /opt/airflow/dags/weather_scrape_dag.py
[2026-07-10T23:41:02.887+0000] {processor.py:914} INFO - Processing file /opt/airflow/dags/weather_scrape_dag.py for tasks to queue
[2026-07-10T23:41:02.890+0000] {logging_mixin.py:190} INFO - [2026-07-10T23:41:02.890+0000] {dagbag.py:588} INFO - Filling up the DagBag from /opt/airflow/dags/weather_scrape_dag.py
[2026-07-10T23:41:02.911+0000] {processor.py:925} INFO - DAG(s) 'weather_scrape_and_load' retrieved from /opt/airflow/dags/weather_scrape_dag.py
[2026-07-10T23:41:02.961+0000] {logging_mixin.py:190} INFO - [2026-07-10T23:41:02.960+0000] {dag.py:3239} INFO - Sync 1 DAGs
[2026-07-10T23:41:03.010+0000] {logging_mixin.py:190} INFO - [2026-07-10T23:41:03.009+0000] {dag.py:4180} INFO - Setting next_dagrun for weather_scrape_and_load to 2026-07-10 23:00:00+00:00, run_after=2026-07-11 00:00:00+00:00
[2026-07-10T23:41:03.054+0000] {processor.py:208} INFO - Processing /opt/airflow/dags/weather_scrape_dag.py took 0.180 seconds
[2026-07-10T23:41:33.291+0000] {processor.py:186} INFO - Started process (PID=3862) to work on /opt/airflow/dags/weather_scrape_dag.py
[2026-07-10T23:41:33.300+0000] {processor.py:914} INFO - Processing file /opt/airflow/dags/weather_scrape_dag.py for tasks to queue
[2026-07-10T23:41:33.303+0000] {logging_mixin.py:190} INFO - [2026-07-10T23:41:33.303+0000] {dagbag.py:588} INFO - Filling up the DagBag from /opt/airflow/dags/weather_scrape_dag.py
[2026-07-10T23:41:33.325+0000] {processor.py:925} INFO - DAG(s) 'weather_scrape_and_load' retrieved from /opt/airflow/dags/weather_scrape_dag.py
[2026-07-10T23:41:33.373+0000] {logging_mixin.py:190} INFO - [2026-07-10T23:41:33.373+0000] {dag.py:3239} INFO - Sync 1 DAGs
[2026-07-10T23:41:33.421+0000] {logging_mixin.py:190} INFO - [2026-07-10T23:41:33.420+0000] {dag.py:4180} INFO - Setting next_dagrun for weather_scrape_and_load to 2026-07-10 23:00:00+00:00, run_after=2026-07-11 00:00:00+00:00
[2026-07-10T23:41:33.463+0000] {processor.py:208} INFO - Processing /opt/airflow/dags/weather_scrape_dag.py took 0.183 seconds
[2026-07-10T23:42:03.698+0000] {processor.py:186} INFO - Started process (PID=3867) to work on /opt/airflow/dags/weather_scrape_dag.py
[2026-07-10T23:42:03.700+0000] {processor.py:914} INFO - Processing file /opt/airflow/dags/weather_scrape_dag.py for tasks to queue
[2026-07-10T23:42:03.703+0000] {logging_mixin.py:190} INFO - [2026-07-10T23:42:03.703+0000] {dagbag.py:588} INFO - Filling up the DagBag from /opt/airflow/dags/weather_scrape_dag.py
[2026-07-10T23:42:03.727+0000] {processor.py:925} INFO - DAG(s) 'weather_scrape_and_load' retrieved from /opt/airflow/dags/weather_scrape_dag.py
[2026-07-10T23:42:03.777+0000] {logging_mixin.py:190} INFO - [2026-07-10T23:42:03.777+0000] {dag.py:3239} INFO - Sync 1 DAGs
[2026-07-10T23:42:03.825+0000] {logging_mixin.py:190} INFO - [2026-07-10T23:42:03.825+0000] {dag.py:4180} INFO - Setting next_dagrun for weather_scrape_and_load to 2026-07-10 23:00:00+00:00, run_after=2026-07-11 00:00:00+00:00
[2026-07-10T23:42:03.866+0000] {processor.py:208} INFO - Processing /opt/airflow/dags/weather_scrape_dag.py took 0.178 seconds
[2026-07-10T23:42:33.915+0000] {processor.py:186} INFO - Started process (PID=3872) to work on /opt/airflow/dags/weather_scrape_dag.py
[2026-07-10T23:42:33.924+0000] {processor.py:914} INFO - Processing file /opt/airflow/dags/weather_scrape_dag.py for tasks to queue
[2026-07-10T23:42:33.928+0000] {logging_mixin.py:190} INFO - [2026-07-10T23:42:33.927+0000] {dagbag.py:588} INFO - Filling up the DagBag from /opt/airflow/dags/weather_scrape_dag.py
[2026-07-10T23:42:33.949+0000] {processor.py:925} INFO - DAG(s) 'weather_scrape_and_load' retrieved from /opt/airflow/dags/weather_scrape_dag.py
[2026-07-10T23:42:33.999+0000] {logging_mixin.py:190} INFO - [2026-07-10T23:42:33.999+0000] {dag.py:3239} INFO - Sync 1 DAGs
[2026-07-10T23:42:34.045+0000] {logging_mixin.py:190} INFO - [2026-07-10T23:42:34.044+0000] {dag.py:4180} INFO - Setting next_dagrun for weather_scrape_and_load to 2026-07-10 23:00:00+00:00, run_after=2026-07-11 00:00:00+00:00
[2026-07-10T23:42:34.087+0000] {processor.py:208} INFO - Processing /opt/airflow/dags/weather_scrape_dag.py took 0.183 seconds
[2026-07-10T23:43:04.306+0000] {processor.py:186} INFO - Started process (PID=3877) to work on /opt/airflow/dags/weather_scrape_dag.py
[2026-07-10T23:43:04.307+0000] {processor.py:914} INFO - Processing file /opt/airflow/dags/weather_scrape_dag.py for tasks to queue
[2026-07-10T23:43:04.311+0000] {logging_mixin.py:190} INFO - [2026-07-10T23:43:04.310+0000] {dagbag.py:588} INFO - Filling up the DagBag from /opt/airflow/dags/weather_scrape_dag.py
[2026-07-10T23:43:04.331+0000] {processor.py:925} INFO - DAG(s) 'weather_scrape_and_load' retrieved from /opt/airflow/dags/weather_scrape_dag.py
[2026-07-10T23:43:04.380+0000] {logging_mixin.py:190} INFO - [2026-07-10T23:43:04.379+0000] {dag.py:3239} INFO - Sync 1 DAGs
[2026-07-10T23:43:04.424+0000] {logging_mixin.py:190} INFO - [2026-07-10T23:43:04.423+0000] {dag.py:4180} INFO - Setting next_dagrun for weather_scrape_and_load to 2026-07-10 23:00:00+00:00, run_after=2026-07-11 00:00:00+00:00
[2026-07-10T23:43:04.467+0000] {processor.py:208} INFO - Processing /opt/airflow/dags/weather_scrape_dag.py took 0.172 seconds
[2026-07-10T23:43:34.525+0000] {processor.py:186} INFO - Started process (PID=3882) to work on /opt/airflow/dags/weather_scrape_dag.py
[2026-07-10T23:43:34.534+0000] {processor.py:914} INFO - Processing file /opt/airflow/dags/weather_scrape_dag.py for tasks to queue
[2026-07-10T23:43:34.538+0000] {logging_mixin.py:190} INFO - [2026-07-10T23:43:34.537+0000] {dagbag.py:588} INFO - Filling up the DagBag from /opt/airflow/dags/weather_scrape_dag.py
[2026-07-10T23:43:34.560+0000] {processor.py:925} INFO - DAG(s) 'weather_scrape_and_load' retrieved from /opt/airflow/dags/weather_scrape_dag.py
[2026-07-10T23:43:34.610+0000] {logging_mixin.py:190} INFO - [2026-07-10T23:43:34.609+0000] {dag.py:3239} INFO - Sync 1 DAGs
[2026-07-10T23:43:34.656+0000] {logging_mixin.py:190} INFO - [2026-07-10T23:43:34.656+0000] {dag.py:4180} INFO - Setting next_dagrun for weather_scrape_and_load to 2026-07-10 23:00:00+00:00, run_after=2026-07-11 00:00:00+00:00
[2026-07-10T23:43:34.700+0000] {processor.py:208} INFO - Processing /opt/airflow/dags/weather_scrape_dag.py took 0.185 seconds
[2026-07-10T23:44:04.893+0000] {processor.py:186} INFO - Started process (PID=3887) to work on /opt/airflow/dags/weather_scrape_dag.py
[2026-07-10T23:44:04.894+0000] {processor.py:914} INFO - Processing file /opt/airflow/dags/weather_scrape_dag.py for tasks to queue
[2026-07-10T23:44:04.899+0000] {logging_mixin.py:190} INFO - [2026-07-10T23:44:04.898+0000] {dagbag.py:588} INFO - Filling up the DagBag from /opt/airflow/dags/weather_scrape_dag.py
[2026-07-10T23:44:04.920+0000] {processor.py:925} INFO - DAG(s) 'weather_scrape_and_load' retrieved from /opt/airflow/dags/weather_scrape_dag.py
[2026-07-10T23:44:04.967+0000] {logging_mixin.py:190} INFO - [2026-07-10T23:44:04.966+0000] {dag.py:3239} INFO - Sync 1 DAGs
[2026-07-10T23:44:05.012+0000] {logging_mixin.py:190} INFO - [2026-07-10T23:44:05.012+0000] {dag.py:4180} INFO - Setting next_dagrun for weather_scrape_and_load to 2026-07-10 23:00:00+00:00, run_after=2026-07-11 00:00:00+00:00
[2026-07-10T23:44:05.055+0000] {processor.py:208} INFO - Processing /opt/airflow/dags/weather_scrape_dag.py took 0.173 seconds
[2026-07-10T23:44:35.149+0000] {processor.py:186} INFO - Started process (PID=3892) to work on /opt/airflow/dags/weather_scrape_dag.py
[2026-07-10T23:44:35.158+0000] {processor.py:914} INFO - Processing file /opt/airflow/dags/weather_scrape_dag.py for tasks to queue
[2026-07-10T23:44:35.163+0000] {logging_mixin.py:190} INFO - [2026-07-10T23:44:35.163+0000] {dagbag.py:588} INFO - Filling up the DagBag from /opt/airflow/dags/weather_scrape_dag.py
[2026-07-10T23:44:35.184+0000] {processor.py:925} INFO - DAG(s) 'weather_scrape_and_load' retrieved from /opt/airflow/dags/weather_scrape_dag.py
[2026-07-10T23:44:35.232+0000] {logging_mixin.py:190} INFO - [2026-07-10T23:44:35.231+0000] {dag.py:3239} INFO - Sync 1 DAGs
[2026-07-10T23:44:35.278+0000] {logging_mixin.py:190} INFO - [2026-07-10T23:44:35.278+0000] {dag.py:4180} INFO - Setting next_dagrun for weather_scrape_and_load to 2026-07-10 23:00:00+00:00, run_after=2026-07-11 00:00:00+00:00
[2026-07-10T23:44:35.319+0000] {processor.py:208} INFO - Processing /opt/airflow/dags/weather_scrape_dag.py took 0.181 seconds
[2026-07-10T23:45:05.483+0000] {processor.py:186} INFO - Started process (PID=3897) to work on /opt/airflow/dags/weather_scrape_dag.py
[2026-07-10T23:45:05.484+0000] {processor.py:914} INFO - Processing file /opt/airflow/dags/weather_scrape_dag.py for tasks to queue
[2026-07-10T23:45:05.487+0000] {logging_mixin.py:190} INFO - [2026-07-10T23:45:05.487+0000] {dagbag.py:588} INFO - Filling up the DagBag from /opt/airflow/dags/weather_scrape_dag.py
[2026-07-10T23:45:05.508+0000] {processor.py:925} INFO - DAG(s) 'weather_scrape_and_load' retrieved from /opt/airflow/dags/weather_scrape_dag.py
[2026-07-10T23:45:05.557+0000] {logging_mixin.py:190} INFO - [2026-07-10T23:45:05.557+0000] {dag.py:3239} INFO - Sync 1 DAGs
[2026-07-10T23:45:05.604+0000] {logging_mixin.py:190} INFO - [2026-07-10T23:45:05.604+0000] {dag.py:4180} INFO - Setting next_dagrun for weather_scrape_and_load to 2026-07-10 23:00:00+00:00, run_after=2026-07-11 00:00:00+00:00
[2026-07-10T23:45:05.645+0000] {processor.py:208} INFO - Processing /opt/airflow/dags/weather_scrape_dag.py took 0.174 seconds
[2026-07-10T23:45:35.753+0000] {processor.py:186} INFO - Started process (PID=3902) to work on /opt/airflow/dags/weather_scrape_dag.py
[2026-07-10T23:45:35.762+0000] {processor.py:914} INFO - Processing file /opt/airflow/dags/weather_scrape_dag.py for tasks to queue
[2026-07-10T23:45:35.766+0000] {logging_mixin.py:190} INFO - [2026-07-10T23:45:35.765+0000] {dagbag.py:588} INFO - Filling up the DagBag from /opt/airflow/dags/weather_scrape_dag.py
[2026-07-10T23:45:35.787+0000] {processor.py:925} INFO - DAG(s) 'weather_scrape_and_load' retrieved from /opt/airflow/dags/weather_scrape_dag.py
[2026-07-10T23:45:35.835+0000] {logging_mixin.py:190} INFO - [2026-07-10T23:45:35.835+0000] {dag.py:3239} INFO - Sync 1 DAGs
[2026-07-10T23:45:35.884+0000] {logging_mixin.py:190} INFO - [2026-07-10T23:45:35.884+0000] {dag.py:4180} INFO - Setting next_dagrun for weather_scrape_and_load to 2026-07-10 23:00:00+00:00, run_after=2026-07-11 00:00:00+00:00
[2026-07-10T23:45:35.917+0000] {processor.py:208} INFO - Processing /opt/airflow/dags/weather_scrape_dag.py took 0.175 seconds
[2026-07-10T23:46:06.070+0000] {processor.py:186} INFO - Started process (PID=3907) to work on /opt/airflow/dags/weather_scrape_dag.py
[2026-07-10T23:46:06.071+0000] {processor.py:914} INFO - Processing file /opt/airflow/dags/weather_scrape_dag.py for tasks to queue
[2026-07-10T23:46:06.074+0000] {logging_mixin.py:190} INFO - [2026-07-10T23:46:06.074+0000] {dagbag.py:588} INFO - Filling up the DagBag from /opt/airflow/dags/weather_scrape_dag.py
[2026-07-10T23:46:06.096+0000] {processor.py:925} INFO - DAG(s) 'weather_scrape_and_load' retrieved from /opt/airflow/dags/weather_scrape_dag.py
[2026-07-10T23:46:06.144+0000] {logging_mixin.py:190} INFO - [2026-07-10T23:46:06.143+0000] {dag.py:3239} INFO - Sync 1 DAGs
[2026-07-10T23:46:06.190+0000] {logging_mixin.py:190} INFO - [2026-07-10T23:46:06.189+0000] {dag.py:4180} INFO - Setting next_dagrun for weather_scrape_and_load to 2026-07-10 23:00:00+00:00, run_after=2026-07-11 00:00:00+00:00
[2026-07-10T23:46:06.232+0000] {processor.py:208} INFO - Processing /opt/airflow/dags/weather_scrape_dag.py took 0.173 seconds
[2026-07-10T23:46:36.348+0000] {processor.py:186} INFO - Started process (PID=3912) to work on /opt/airflow/dags/weather_scrape_dag.py
[2026-07-10T23:46:36.350+0000] {processor.py:914} INFO - Processing file /opt/airflow/dags/weather_scrape_dag.py for tasks to queue
[2026-07-10T23:46:36.353+0000] {logging_mixin.py:190} INFO - [2026-07-10T23:46:36.353+0000] {dagbag.py:588} INFO - Filling up the DagBag from /opt/airflow/dags/weather_scrape_dag.py
[2026-07-10T23:46:36.375+0000] {processor.py:925} INFO - DAG(s) 'weather_scrape_and_load' retrieved from /opt/airflow/dags/weather_scrape_dag.py
[2026-07-10T23:46:36.423+0000] {logging_mixin.py:190} INFO - [2026-07-10T23:46:36.422+0000] {dag.py:3239} INFO - Sync 1 DAGs
[2026-07-10T23:46:36.469+0000] {logging_mixin.py:190} INFO - [2026-07-10T23:46:36.469+0000] {dag.py:4180} INFO - Setting next_dagrun for weather_scrape_and_load to 2026-07-10 23:00:00+00:00, run_after=2026-07-11 00:00:00+00:00
[2026-07-10T23:46:36.510+0000] {processor.py:208} INFO - Processing /opt/airflow/dags/weather_scrape_dag.py took 0.174 seconds
[2026-07-10T23:47:06.665+0000] {processor.py:186} INFO - Started process (PID=3917) to work on /opt/airflow/dags/weather_scrape_dag.py
[2026-07-10T23:47:06.666+0000] {processor.py:914} INFO - Processing file /opt/airflow/dags/weather_scrape_dag.py for tasks to queue
[2026-07-10T23:47:06.670+0000] {logging_mixin.py:190} INFO - [2026-07-10T23:47:06.669+0000] {dagbag.py:588} INFO - Filling up the DagBag from /opt/airflow/dags/weather_scrape_dag.py
[2026-07-10T23:47:06.691+0000] {processor.py:925} INFO - DAG(s) 'weather_scrape_and_load' retrieved from /opt/airflow/dags/weather_scrape_dag.py
[2026-07-10T23:47:06.749+0000] {logging_mixin.py:190} INFO - [2026-07-10T23:47:06.749+0000] {dag.py:3239} INFO - Sync 1 DAGs
[2026-07-10T23:47:06.798+0000] {logging_mixin.py:190} INFO - [2026-07-10T23:47:06.797+0000] {dag.py:4180} INFO - Setting next_dagrun for weather_scrape_and_load to 2026-07-10 23:00:00+00:00, run_after=2026-07-11 00:00:00+00:00
[2026-07-10T23:47:06.846+0000] {processor.py:208} INFO - Processing /opt/airflow/dags/weather_scrape_dag.py took 0.193 seconds
[2026-07-10T23:47:36.947+0000] {processor.py:186} INFO - Started process (PID=3922) to work on /opt/airflow/dags/weather_scrape_dag.py
[2026-07-10T23:47:36.948+0000] {processor.py:914} INFO - Processing file /opt/airflow/dags/weather_scrape_dag.py for tasks to queue
[2026-07-10T23:47:36.952+0000] {logging_mixin.py:190} INFO - [2026-07-10T23:47:36.951+0000] {dagbag.py:588} INFO - Filling up the DagBag from /opt/airflow/dags/weather_scrape_dag.py
[2026-07-10T23:47:36.973+0000] {processor.py:925} INFO - DAG(s) 'weather_scrape_and_load' retrieved from /opt/airflow/dags/weather_scrape_dag.py
[2026-07-10T23:47:37.026+0000] {logging_mixin.py:190} INFO - [2026-07-10T23:47:37.026+0000] {dag.py:3239} INFO - Sync 1 DAGs
[2026-07-10T23:47:37.079+0000] {logging_mixin.py:190} INFO - [2026-07-10T23:47:37.079+0000] {dag.py:4180} INFO - Setting next_dagrun for weather_scrape_and_load to 2026-07-10 23:00:00+00:00, run_after=2026-07-11 00:00:00+00:00
[2026-07-10T23:47:37.111+0000] {processor.py:208} INFO - Processing /opt/airflow/dags/weather_scrape_dag.py took 0.175 seconds
[2026-07-10T23:48:07.281+0000] {processor.py:186} INFO - Started process (PID=3927) to work on /opt/airflow/dags/weather_scrape_dag.py
[2026-07-10T23:48:07.290+0000] {processor.py:914} INFO - Processing file /opt/airflow/dags/weather_scrape_dag.py for tasks to queue
[2026-07-10T23:48:07.294+0000] {logging_mixin.py:190} INFO - [2026-07-10T23:48:07.293+0000] {dagbag.py:588} INFO - Filling up the DagBag from /opt/airflow/dags/weather_scrape_dag.py
[2026-07-10T23:48:07.314+0000] {processor.py:925} INFO - DAG(s) 'weather_scrape_and_load' retrieved from /opt/airflow/dags/weather_scrape_dag.py
[2026-07-10T23:48:07.363+0000] {logging_mixin.py:190} INFO - [2026-07-10T23:48:07.363+0000] {dag.py:3239} INFO - Sync 1 DAGs
[2026-07-10T23:48:07.411+0000] {logging_mixin.py:190} INFO - [2026-07-10T23:48:07.411+0000] {dag.py:4180} INFO - Setting next_dagrun for weather_scrape_and_load to 2026-07-10 23:00:00+00:00, run_after=2026-07-11 00:00:00+00:00
[2026-07-10T23:48:07.442+0000] {processor.py:208} INFO - Processing /opt/airflow/dags/weather_scrape_dag.py took 0.173 seconds
[2026-07-10T23:48:37.544+0000] {processor.py:186} INFO - Started process (PID=3932) to work on /opt/airflow/dags/weather_scrape_dag.py
[2026-07-10T23:48:37.545+0000] {processor.py:914} INFO - Processing file /opt/airflow/dags/weather_scrape_dag.py for tasks to queue
[2026-07-10T23:48:37.550+0000] {logging_mixin.py:190} INFO - [2026-07-10T23:48:37.549+0000] {dagbag.py:588} INFO - Filling up the DagBag from /opt/airflow/dags/weather_scrape_dag.py
[2026-07-10T23:48:37.572+0000] {processor.py:925} INFO - DAG(s) 'weather_scrape_and_load' retrieved from /opt/airflow/dags/weather_scrape_dag.py
[2026-07-10T23:48:37.636+0000] {logging_mixin.py:190} INFO - [2026-07-10T23:48:37.635+0000] {dag.py:3239} INFO - Sync 1 DAGs
[2026-07-10T23:48:37.688+0000] {logging_mixin.py:190} INFO - [2026-07-10T23:48:37.688+0000] {dag.py:4180} INFO - Setting next_dagrun for weather_scrape_and_load to 2026-07-10 23:00:00+00:00, run_after=2026-07-11 00:00:00+00:00
[2026-07-10T23:48:37.730+0000] {processor.py:208} INFO - Processing /opt/airflow/dags/weather_scrape_dag.py took 0.197 seconds
[2026-07-10T23:49:07.868+0000] {processor.py:186} INFO - Started process (PID=3937) to work on /opt/airflow/dags/weather_scrape_dag.py
[2026-07-10T23:49:07.877+0000] {processor.py:914} INFO - Processing file /opt/airflow/dags/weather_scrape_dag.py for tasks to queue
[2026-07-10T23:49:07.882+0000] {logging_mixin.py:190} INFO - [2026-07-10T23:49:07.882+0000] {dagbag.py:588} INFO - Filling up the DagBag from /opt/airflow/dags/weather_scrape_dag.py
[2026-07-10T23:49:07.903+0000] {processor.py:925} INFO - DAG(s) 'weather_scrape_and_load' retrieved from /opt/airflow/dags/weather_scrape_dag.py
[2026-07-10T23:49:07.953+0000] {logging_mixin.py:190} INFO - [2026-07-10T23:49:07.952+0000] {dag.py:3239} INFO - Sync 1 DAGs
[2026-07-10T23:49:07.999+0000] {logging_mixin.py:190} INFO - [2026-07-10T23:49:07.999+0000] {dag.py:4180} INFO - Setting next_dagrun for weather_scrape_and_load to 2026-07-10 23:00:00+00:00, run_after=2026-07-11 00:00:00+00:00
[2026-07-10T23:49:08.040+0000] {processor.py:208} INFO - Processing /opt/airflow/dags/weather_scrape_dag.py took 0.182 seconds
[2026-07-10T23:49:38.201+0000] {processor.py:186} INFO - Started process (PID=3942) to work on /opt/airflow/dags/weather_scrape_dag.py
[2026-07-10T23:49:38.202+0000] {processor.py:914} INFO - Processing file /opt/airflow/dags/weather_scrape_dag.py for tasks to queue
[2026-07-10T23:49:38.206+0000] {logging_mixin.py:190} INFO - [2026-07-10T23:49:38.205+0000] {dagbag.py:588} INFO - Filling up the DagBag from /opt/airflow/dags/weather_scrape_dag.py
[2026-07-10T23:49:38.226+0000] {processor.py:925} INFO - DAG(s) 'weather_scrape_and_load' retrieved from /opt/airflow/dags/weather_scrape_dag.py
[2026-07-10T23:49:38.274+0000] {logging_mixin.py:190} INFO - [2026-07-10T23:49:38.274+0000] {dag.py:3239} INFO - Sync 1 DAGs
[2026-07-10T23:49:38.319+0000] {logging_mixin.py:190} INFO - [2026-07-10T23:49:38.318+0000] {dag.py:4180} INFO - Setting next_dagrun for weather_scrape_and_load to 2026-07-10 23:00:00+00:00, run_after=2026-07-11 00:00:00+00:00
[2026-07-10T23:49:38.362+0000] {processor.py:208} INFO - Processing /opt/airflow/dags/weather_scrape_dag.py took 0.173 seconds
[2026-07-10T23:50:08.480+0000] {processor.py:186} INFO - Started process (PID=3947) to work on /opt/airflow/dags/weather_scrape_dag.py
[2026-07-10T23:50:08.489+0000] {processor.py:914} INFO - Processing file /opt/airflow/dags/weather_scrape_dag.py for tasks to queue
[2026-07-10T23:50:08.492+0000] {logging_mixin.py:190} INFO - [2026-07-10T23:50:08.492+0000] {dagbag.py:588} INFO - Filling up the DagBag from /opt/airflow/dags/weather_scrape_dag.py
[2026-07-10T23:50:08.513+0000] {processor.py:925} INFO - DAG(s) 'weather_scrape_and_load' retrieved from /opt/airflow/dags/weather_scrape_dag.py
[2026-07-10T23:50:08.562+0000] {logging_mixin.py:190} INFO - [2026-07-10T23:50:08.562+0000] {dag.py:3239} INFO - Sync 1 DAGs
[2026-07-10T23:50:08.610+0000] {logging_mixin.py:190} INFO - [2026-07-10T23:50:08.610+0000] {dag.py:4180} INFO - Setting next_dagrun for weather_scrape_and_load to 2026-07-10 23:00:00+00:00, run_after=2026-07-11 00:00:00+00:00
[2026-07-10T23:50:08.652+0000] {processor.py:208} INFO - Processing /opt/airflow/dags/weather_scrape_dag.py took 0.183 seconds
[2026-07-10T23:50:38.793+0000] {processor.py:186} INFO - Started process (PID=3952) to work on /opt/airflow/dags/weather_scrape_dag.py
[2026-07-10T23:50:38.794+0000] {processor.py:914} INFO - Processing file /opt/airflow/dags/weather_scrape_dag.py for tasks to queue
[2026-07-10T23:50:38.798+0000] {logging_mixin.py:190} INFO - [2026-07-10T23:50:38.797+0000] {dagbag.py:588} INFO - Filling up the DagBag from /opt/airflow/dags/weather_scrape_dag.py
[2026-07-10T23:50:38.821+0000] {processor.py:925} INFO - DAG(s) 'weather_scrape_and_load' retrieved from /opt/airflow/dags/weather_scrape_dag.py
[2026-07-10T23:50:38.868+0000] {logging_mixin.py:190} INFO - [2026-07-10T23:50:38.868+0000] {dag.py:3239} INFO - Sync 1 DAGs
[2026-07-10T23:50:38.915+0000] {logging_mixin.py:190} INFO - [2026-07-10T23:50:38.914+0000] {dag.py:4180} INFO - Setting next_dagrun for weather_scrape_and_load to 2026-07-10 23:00:00+00:00, run_after=2026-07-11 00:00:00+00:00
[2026-07-10T23:50:38.955+0000] {processor.py:208} INFO - Processing /opt/airflow/dags/weather_scrape_dag.py took 0.174 seconds
[2026-07-10T23:51:09.093+0000] {processor.py:186} INFO - Started process (PID=3957) to work on /opt/airflow/dags/weather_scrape_dag.py
[2026-07-10T23:51:09.094+0000] {processor.py:914} INFO - Processing file /opt/airflow/dags/weather_scrape_dag.py for tasks to queue
[2026-07-10T23:51:09.098+0000] {logging_mixin.py:190} INFO - [2026-07-10T23:51:09.098+0000] {dagbag.py:588} INFO - Filling up the DagBag from /opt/airflow/dags/weather_scrape_dag.py
[2026-07-10T23:51:09.124+0000] {processor.py:925} INFO - DAG(s) 'weather_scrape_and_load' retrieved from /opt/airflow/dags/weather_scrape_dag.py
[2026-07-10T23:51:09.175+0000] {logging_mixin.py:190} INFO - [2026-07-10T23:51:09.175+0000] {dag.py:3239} INFO - Sync 1 DAGs
[2026-07-10T23:51:09.221+0000] {logging_mixin.py:190} INFO - [2026-07-10T23:51:09.221+0000] {dag.py:4180} INFO - Setting next_dagrun for weather_scrape_and_load to 2026-07-10 23:00:00+00:00, run_after=2026-07-11 00:00:00+00:00
[2026-07-10T23:51:09.261+0000] {processor.py:208} INFO - Processing /opt/airflow/dags/weather_scrape_dag.py took 0.181 seconds
[2026-07-10T23:51:39.393+0000] {processor.py:186} INFO - Started process (PID=3962) to work on /opt/airflow/dags/weather_scrape_dag.py
[2026-07-10T23:51:39.395+0000] {processor.py:914} INFO - Processing file /opt/airflow/dags/weather_scrape_dag.py for tasks to queue
[2026-07-10T23:51:39.398+0000] {logging_mixin.py:190} INFO - [2026-07-10T23:51:39.398+0000] {dagbag.py:588} INFO - Filling up the DagBag from /opt/airflow/dags/weather_scrape_dag.py
[2026-07-10T23:51:39.420+0000] {processor.py:925} INFO - DAG(s) 'weather_scrape_and_load' retrieved from /opt/airflow/dags/weather_scrape_dag.py
[2026-07-10T23:51:39.468+0000] {logging_mixin.py:190} INFO - [2026-07-10T23:51:39.467+0000] {dag.py:3239} INFO - Sync 1 DAGs
[2026-07-10T23:51:39.514+0000] {logging_mixin.py:190} INFO - [2026-07-10T23:51:39.513+0000] {dag.py:4180} INFO - Setting next_dagrun for weather_scrape_and_load to 2026-07-10 23:00:00+00:00, run_after=2026-07-11 00:00:00+00:00
[2026-07-10T23:51:39.555+0000] {processor.py:208} INFO - Processing /opt/airflow/dags/weather_scrape_dag.py took 0.173 seconds
[2026-07-10T23:52:09.698+0000] {processor.py:186} INFO - Started process (PID=3967) to work on /opt/airflow/dags/weather_scrape_dag.py
[2026-07-10T23:52:09.707+0000] {processor.py:914} INFO - Processing file /opt/airflow/dags/weather_scrape_dag.py for tasks to queue
[2026-07-10T23:52:09.711+0000] {logging_mixin.py:190} INFO - [2026-07-10T23:52:09.711+0000] {dagbag.py:588} INFO - Filling up the DagBag from /opt/airflow/dags/weather_scrape_dag.py
[2026-07-10T23:52:09.732+0000] {processor.py:925} INFO - DAG(s) 'weather_scrape_and_load' retrieved from /opt/airflow/dags/weather_scrape_dag.py
[2026-07-10T23:52:09.780+0000] {logging_mixin.py:190} INFO - [2026-07-10T23:52:09.780+0000] {dag.py:3239} INFO - Sync 1 DAGs
[2026-07-10T23:52:09.826+0000] {logging_mixin.py:190} INFO - [2026-07-10T23:52:09.826+0000] {dag.py:4180} INFO - Setting next_dagrun for weather_scrape_and_load to 2026-07-10 23:00:00+00:00, run_after=2026-07-11 00:00:00+00:00
[2026-07-10T23:52:09.866+0000] {processor.py:208} INFO - Processing /opt/airflow/dags/weather_scrape_dag.py took 0.179 seconds
[2026-07-10T23:52:39.990+0000] {processor.py:186} INFO - Started process (PID=3972) to work on /opt/airflow/dags/weather_scrape_dag.py
[2026-07-10T23:52:39.991+0000] {processor.py:914} INFO - Processing file /opt/airflow/dags/weather_scrape_dag.py for tasks to queue
[2026-07-10T23:52:39.996+0000] {logging_mixin.py:190} INFO - [2026-07-10T23:52:39.995+0000] {dagbag.py:588} INFO - Filling up the DagBag from /opt/airflow/dags/weather_scrape_dag.py
[2026-07-10T23:52:40.016+0000] {processor.py:925} INFO - DAG(s) 'weather_scrape_and_load' retrieved from /opt/airflow/dags/weather_scrape_dag.py
[2026-07-10T23:52:40.065+0000] {logging_mixin.py:190} INFO - [2026-07-10T23:52:40.064+0000] {dag.py:3239} INFO - Sync 1 DAGs
[2026-07-10T23:52:40.113+0000] {logging_mixin.py:190} INFO - [2026-07-10T23:52:40.112+0000] {dag.py:4180} INFO - Setting next_dagrun for weather_scrape_and_load to 2026-07-10 23:00:00+00:00, run_after=2026-07-11 00:00:00+00:00
[2026-07-10T23:52:40.156+0000] {processor.py:208} INFO - Processing /opt/airflow/dags/weather_scrape_dag.py took 0.177 seconds
[2026-07-10T23:53:10.294+0000] {processor.py:186} INFO - Started process (PID=3977) to work on /opt/airflow/dags/weather_scrape_dag.py
[2026-07-10T23:53:10.303+0000] {processor.py:914} INFO - Processing file /opt/airflow/dags/weather_scrape_dag.py for tasks to queue
[2026-07-10T23:53:10.307+0000] {logging_mixin.py:190} INFO - [2026-07-10T23:53:10.307+0000] {dagbag.py:588} INFO - Filling up the DagBag from /opt/airflow/dags/weather_scrape_dag.py
[2026-07-10T23:53:10.328+0000] {processor.py:925} INFO - DAG(s) 'weather_scrape_and_load' retrieved from /opt/airflow/dags/weather_scrape_dag.py
[2026-07-10T23:53:10.384+0000] {logging_mixin.py:190} INFO - [2026-07-10T23:53:10.383+0000] {dag.py:3239} INFO - Sync 1 DAGs
[2026-07-10T23:53:10.441+0000] {logging_mixin.py:190} INFO - [2026-07-10T23:53:10.440+0000] {dag.py:4180} INFO - Setting next_dagrun for weather_scrape_and_load to 2026-07-10 23:00:00+00:00, run_after=2026-07-11 00:00:00+00:00
[2026-07-10T23:53:10.477+0000] {processor.py:208} INFO - Processing /opt/airflow/dags/weather_scrape_dag.py took 0.194 seconds
[2026-07-10T23:53:40.598+0000] {processor.py:186} INFO - Started process (PID=3982) to work on /opt/airflow/dags/weather_scrape_dag.py
[2026-07-10T23:53:40.599+0000] {processor.py:914} INFO - Processing file /opt/airflow/dags/weather_scrape_dag.py for tasks to queue
[2026-07-10T23:53:40.603+0000] {logging_mixin.py:190} INFO - [2026-07-10T23:53:40.602+0000] {dagbag.py:588} INFO - Filling up the DagBag from /opt/airflow/dags/weather_scrape_dag.py
[2026-07-10T23:53:40.624+0000] {processor.py:925} INFO - DAG(s) 'weather_scrape_and_load' retrieved from /opt/airflow/dags/weather_scrape_dag.py
[2026-07-10T23:53:40.673+0000] {logging_mixin.py:190} INFO - [2026-07-10T23:53:40.672+0000] {dag.py:3239} INFO - Sync 1 DAGs
[2026-07-10T23:53:40.721+0000] {logging_mixin.py:190} INFO - [2026-07-10T23:53:40.720+0000] {dag.py:4180} INFO - Setting next_dagrun for weather_scrape_and_load to 2026-07-10 23:00:00+00:00, run_after=2026-07-11 00:00:00+00:00
[2026-07-10T23:53:40.761+0000] {processor.py:208} INFO - Processing /opt/airflow/dags/weather_scrape_dag.py took 0.175 seconds
[2026-07-10T23:54:10.908+0000] {processor.py:186} INFO - Started process (PID=3987) to work on /opt/airflow/dags/weather_scrape_dag.py
[2026-07-10T23:54:10.917+0000] {processor.py:914} INFO - Processing file /opt/airflow/dags/weather_scrape_dag.py for tasks to queue
[2026-07-10T23:54:10.921+0000] {logging_mixin.py:190} INFO - [2026-07-10T23:54:10.920+0000] {dagbag.py:588} INFO - Filling up the DagBag from /opt/airflow/dags/weather_scrape_dag.py
[2026-07-10T23:54:10.942+0000] {processor.py:925} INFO - DAG(s) 'weather_scrape_and_load' retrieved from /opt/airflow/dags/weather_scrape_dag.py
[2026-07-10T23:54:10.992+0000] {logging_mixin.py:190} INFO - [2026-07-10T23:54:10.991+0000] {dag.py:3239} INFO - Sync 1 DAGs
[2026-07-10T23:54:11.038+0000] {logging_mixin.py:190} INFO - [2026-07-10T23:54:11.038+0000] {dag.py:4180} INFO - Setting next_dagrun for weather_scrape_and_load to 2026-07-10 23:00:00+00:00, run_after=2026-07-11 00:00:00+00:00
[2026-07-10T23:54:11.070+0000] {processor.py:208} INFO - Processing /opt/airflow/dags/weather_scrape_dag.py took 0.173 seconds
[2026-07-10T23:54:41.196+0000] {processor.py:186} INFO - Started process (PID=3992) to work on /opt/airflow/dags/weather_scrape_dag.py
[2026-07-10T23:54:41.197+0000] {processor.py:914} INFO - Processing file /opt/airflow/dags/weather_scrape_dag.py for tasks to queue
[2026-07-10T23:54:41.200+0000] {logging_mixin.py:190} INFO - [2026-07-10T23:54:41.200+0000] {dagbag.py:588} INFO - Filling up the DagBag from /opt/airflow/dags/weather_scrape_dag.py
[2026-07-10T23:54:41.222+0000] {processor.py:925} INFO - DAG(s) 'weather_scrape_and_load' retrieved from /opt/airflow/dags/weather_scrape_dag.py
[2026-07-10T23:54:41.271+0000] {logging_mixin.py:190} INFO - [2026-07-10T23:54:41.270+0000] {dag.py:3239} INFO - Sync 1 DAGs
[2026-07-10T23:54:41.317+0000] {logging_mixin.py:190} INFO - [2026-07-10T23:54:41.317+0000] {dag.py:4180} INFO - Setting next_dagrun for weather_scrape_and_load to 2026-07-10 23:00:00+00:00, run_after=2026-07-11 00:00:00+00:00
[2026-07-10T23:54:41.362+0000] {processor.py:208} INFO - Processing /opt/airflow/dags/weather_scrape_dag.py took 0.177 seconds
[2026-07-10T23:55:11.523+0000] {processor.py:186} INFO - Started process (PID=3997) to work on /opt/airflow/dags/weather_scrape_dag.py
[2026-07-10T23:55:11.532+0000] {processor.py:914} INFO - Processing file /opt/airflow/dags/weather_scrape_dag.py for tasks to queue
[2026-07-10T23:55:11.536+0000] {logging_mixin.py:190} INFO - [2026-07-10T23:55:11.535+0000] {dagbag.py:588} INFO - Filling up the DagBag from /opt/airflow/dags/weather_scrape_dag.py
[2026-07-10T23:55:11.557+0000] {processor.py:925} INFO - DAG(s) 'weather_scrape_and_load' retrieved from /opt/airflow/dags/weather_scrape_dag.py
[2026-07-10T23:55:11.605+0000] {logging_mixin.py:190} INFO - [2026-07-10T23:55:11.604+0000] {dag.py:3239} INFO - Sync 1 DAGs
[2026-07-10T23:55:11.653+0000] {logging_mixin.py:190} INFO - [2026-07-10T23:55:11.653+0000] {dag.py:4180} INFO - Setting next_dagrun for weather_scrape_and_load to 2026-07-10 23:00:00+00:00, run_after=2026-07-11 00:00:00+00:00
[2026-07-10T23:55:11.691+0000] {processor.py:208} INFO - Processing /opt/airflow/dags/weather_scrape_dag.py took 0.179 seconds
[2026-07-10T23:55:41.801+0000] {processor.py:186} INFO - Started process (PID=4002) to work on /opt/airflow/dags/weather_scrape_dag.py
[2026-07-10T23:55:41.802+0000] {processor.py:914} INFO - Processing file /opt/airflow/dags/weather_scrape_dag.py for tasks to queue
[2026-07-10T23:55:41.805+0000] {logging_mixin.py:190} INFO - [2026-07-10T23:55:41.805+0000] {dagbag.py:588} INFO - Filling up the DagBag from /opt/airflow/dags/weather_scrape_dag.py
[2026-07-10T23:55:41.827+0000] {processor.py:925} INFO - DAG(s) 'weather_scrape_and_load' retrieved from /opt/airflow/dags/weather_scrape_dag.py
[2026-07-10T23:55:41.877+0000] {logging_mixin.py:190} INFO - [2026-07-10T23:55:41.876+0000] {dag.py:3239} INFO - Sync 1 DAGs
[2026-07-10T23:55:41.924+0000] {logging_mixin.py:190} INFO - [2026-07-10T23:55:41.923+0000] {dag.py:4180} INFO - Setting next_dagrun for weather_scrape_and_load to 2026-07-10 23:00:00+00:00, run_after=2026-07-11 00:00:00+00:00
[2026-07-10T23:55:41.966+0000] {processor.py:208} INFO - Processing /opt/airflow/dags/weather_scrape_dag.py took 0.177 seconds
[2026-07-10T23:56:12.117+0000] {processor.py:186} INFO - Started process (PID=4007) to work on /opt/airflow/dags/weather_scrape_dag.py
[2026-07-10T23:56:12.126+0000] {processor.py:914} INFO - Processing file /opt/airflow/dags/weather_scrape_dag.py for tasks to queue
[2026-07-10T23:56:12.130+0000] {logging_mixin.py:190} INFO - [2026-07-10T23:56:12.129+0000] {dagbag.py:588} INFO - Filling up the DagBag from /opt/airflow/dags/weather_scrape_dag.py
[2026-07-10T23:56:12.151+0000] {processor.py:925} INFO - DAG(s) 'weather_scrape_and_load' retrieved from /opt/airflow/dags/weather_scrape_dag.py
[2026-07-10T23:56:12.201+0000] {logging_mixin.py:190} INFO - [2026-07-10T23:56:12.200+0000] {dag.py:3239} INFO - Sync 1 DAGs
[2026-07-10T23:56:12.248+0000] {logging_mixin.py:190} INFO - [2026-07-10T23:56:12.247+0000] {dag.py:4180} INFO - Setting next_dagrun for weather_scrape_and_load to 2026-07-10 23:00:00+00:00, run_after=2026-07-11 00:00:00+00:00
[2026-07-10T23:56:12.289+0000] {processor.py:208} INFO - Processing /opt/airflow/dags/weather_scrape_dag.py took 0.183 seconds
[2026-07-10T23:56:42.397+0000] {processor.py:186} INFO - Started process (PID=4012) to work on /opt/airflow/dags/weather_scrape_dag.py
[2026-07-10T23:56:42.398+0000] {processor.py:914} INFO - Processing file /opt/airflow/dags/weather_scrape_dag.py for tasks to queue
[2026-07-10T23:56:42.403+0000] {logging_mixin.py:190} INFO - [2026-07-10T23:56:42.402+0000] {dagbag.py:588} INFO - Filling up the DagBag from /opt/airflow/dags/weather_scrape_dag.py
[2026-07-10T23:56:42.424+0000] {processor.py:925} INFO - DAG(s) 'weather_scrape_and_load' retrieved from /opt/airflow/dags/weather_scrape_dag.py
[2026-07-10T23:56:42.474+0000] {logging_mixin.py:190} INFO - [2026-07-10T23:56:42.473+0000] {dag.py:3239} INFO - Sync 1 DAGs
[2026-07-10T23:56:42.521+0000] {logging_mixin.py:190} INFO - [2026-07-10T23:56:42.520+0000] {dag.py:4180} INFO - Setting next_dagrun for weather_scrape_and_load to 2026-07-10 23:00:00+00:00, run_after=2026-07-11 00:00:00+00:00
[2026-07-10T23:56:42.552+0000] {processor.py:208} INFO - Processing /opt/airflow/dags/weather_scrape_dag.py took 0.166 seconds
[2026-07-10T23:57:12.726+0000] {processor.py:186} INFO - Started process (PID=4017) to work on /opt/airflow/dags/weather_scrape_dag.py
[2026-07-10T23:57:12.735+0000] {processor.py:914} INFO - Processing file /opt/airflow/dags/weather_scrape_dag.py for tasks to queue
[2026-07-10T23:57:12.739+0000] {logging_mixin.py:190} INFO - [2026-07-10T23:57:12.738+0000] {dagbag.py:588} INFO - Filling up the DagBag from /opt/airflow/dags/weather_scrape_dag.py
[2026-07-10T23:57:12.760+0000] {processor.py:925} INFO - DAG(s) 'weather_scrape_and_load' retrieved from /opt/airflow/dags/weather_scrape_dag.py
[2026-07-10T23:57:12.809+0000] {logging_mixin.py:190} INFO - [2026-07-10T23:57:12.808+0000] {dag.py:3239} INFO - Sync 1 DAGs
[2026-07-10T23:57:12.854+0000] {logging_mixin.py:190} INFO - [2026-07-10T23:57:12.854+0000] {dag.py:4180} INFO - Setting next_dagrun for weather_scrape_and_load to 2026-07-10 23:00:00+00:00, run_after=2026-07-11 00:00:00+00:00
[2026-07-10T23:57:12.895+0000] {processor.py:208} INFO - Processing /opt/airflow/dags/weather_scrape_dag.py took 0.180 seconds
[2026-07-10T23:57:42.981+0000] {processor.py:186} INFO - Started process (PID=4022) to work on /opt/airflow/dags/weather_scrape_dag.py
[2026-07-10T23:57:42.982+0000] {processor.py:914} INFO - Processing file /opt/airflow/dags/weather_scrape_dag.py for tasks to queue
[2026-07-10T23:57:42.986+0000] {logging_mixin.py:190} INFO - [2026-07-10T23:57:42.986+0000] {dagbag.py:588} INFO - Filling up the DagBag from /opt/airflow/dags/weather_scrape_dag.py
[2026-07-10T23:57:43.013+0000] {processor.py:925} INFO - DAG(s) 'weather_scrape_and_load' retrieved from /opt/airflow/dags/weather_scrape_dag.py
[2026-07-10T23:57:43.063+0000] {logging_mixin.py:190} INFO - [2026-07-10T23:57:43.063+0000] {dag.py:3239} INFO - Sync 1 DAGs
[2026-07-10T23:57:43.110+0000] {logging_mixin.py:190} INFO - [2026-07-10T23:57:43.110+0000] {dag.py:4180} INFO - Setting next_dagrun for weather_scrape_and_load to 2026-07-10 23:00:00+00:00, run_after=2026-07-11 00:00:00+00:00
[2026-07-10T23:57:43.152+0000] {processor.py:208} INFO - Processing /opt/airflow/dags/weather_scrape_dag.py took 0.185 seconds
[2026-07-10T23:58:13.334+0000] {processor.py:186} INFO - Started process (PID=4027) to work on /opt/airflow/dags/weather_scrape_dag.py
[2026-07-10T23:58:13.343+0000] {processor.py:914} INFO - Processing file /opt/airflow/dags/weather_scrape_dag.py for tasks to queue
[2026-07-10T23:58:13.347+0000] {logging_mixin.py:190} INFO - [2026-07-10T23:58:13.346+0000] {dagbag.py:588} INFO - Filling up the DagBag from /opt/airflow/dags/weather_scrape_dag.py
[2026-07-10T23:58:13.370+0000] {processor.py:925} INFO - DAG(s) 'weather_scrape_and_load' retrieved from /opt/airflow/dags/weather_scrape_dag.py
[2026-07-10T23:58:13.425+0000] {logging_mixin.py:190} INFO - [2026-07-10T23:58:13.424+0000] {dag.py:3239} INFO - Sync 1 DAGs
[2026-07-10T23:58:13.480+0000] {logging_mixin.py:190} INFO - [2026-07-10T23:58:13.480+0000] {dag.py:4180} INFO - Setting next_dagrun for weather_scrape_and_load to 2026-07-10 23:00:00+00:00, run_after=2026-07-11 00:00:00+00:00
[2026-07-10T23:58:13.522+0000] {processor.py:208} INFO - Processing /opt/airflow/dags/weather_scrape_dag.py took 0.203 seconds
[2026-07-10T23:58:43.589+0000] {processor.py:186} INFO - Started process (PID=4032) to work on /opt/airflow/dags/weather_scrape_dag.py
[2026-07-10T23:58:43.590+0000] {processor.py:914} INFO - Processing file /opt/airflow/dags/weather_scrape_dag.py for tasks to queue
[2026-07-10T23:58:43.594+0000] {logging_mixin.py:190} INFO - [2026-07-10T23:58:43.593+0000] {dagbag.py:588} INFO - Filling up the DagBag from /opt/airflow/dags/weather_scrape_dag.py
[2026-07-10T23:58:43.615+0000] {processor.py:925} INFO - DAG(s) 'weather_scrape_and_load' retrieved from /opt/airflow/dags/weather_scrape_dag.py
[2026-07-10T23:58:43.666+0000] {logging_mixin.py:190} INFO - [2026-07-10T23:58:43.666+0000] {dag.py:3239} INFO - Sync 1 DAGs
[2026-07-10T23:58:43.713+0000] {logging_mixin.py:190} INFO - [2026-07-10T23:58:43.713+0000] {dag.py:4180} INFO - Setting next_dagrun for weather_scrape_and_load to 2026-07-10 23:00:00+00:00, run_after=2026-07-11 00:00:00+00:00
[2026-07-10T23:58:43.753+0000] {processor.py:208} INFO - Processing /opt/airflow/dags/weather_scrape_dag.py took 0.176 seconds
[2026-07-10T23:59:13.958+0000] {processor.py:186} INFO - Started process (PID=4037) to work on /opt/airflow/dags/weather_scrape_dag.py
[2026-07-10T23:59:13.960+0000] {processor.py:914} INFO - Processing file /opt/airflow/dags/weather_scrape_dag.py for tasks to queue
[2026-07-10T23:59:13.965+0000] {logging_mixin.py:190} INFO - [2026-07-10T23:59:13.964+0000] {dagbag.py:588} INFO - Filling up the DagBag from /opt/airflow/dags/weather_scrape_dag.py
[2026-07-10T23:59:13.996+0000] {processor.py:925} INFO - DAG(s) 'weather_scrape_and_load' retrieved from /opt/airflow/dags/weather_scrape_dag.py
[2026-07-10T23:59:14.067+0000] {logging_mixin.py:190} INFO - [2026-07-10T23:59:14.067+0000] {dag.py:3239} INFO - Sync 1 DAGs
[2026-07-10T23:59:14.135+0000] {logging_mixin.py:190} INFO - [2026-07-10T23:59:14.135+0000] {dag.py:4180} INFO - Setting next_dagrun for weather_scrape_and_load to 2026-07-10 23:00:00+00:00, run_after=2026-07-11 00:00:00+00:00
[2026-07-10T23:59:14.180+0000] {processor.py:208} INFO - Processing /opt/airflow/dags/weather_scrape_dag.py took 0.232 seconds
[2026-07-10T23:59:44.425+0000] {processor.py:186} INFO - Started process (PID=4042) to work on /opt/airflow/dags/weather_scrape_dag.py
[2026-07-10T23:59:44.426+0000] {processor.py:914} INFO - Processing file /opt/airflow/dags/weather_scrape_dag.py for tasks to queue
[2026-07-10T23:59:44.430+0000] {logging_mixin.py:190} INFO - [2026-07-10T23:59:44.429+0000] {dagbag.py:588} INFO - Filling up the DagBag from /opt/airflow/dags/weather_scrape_dag.py
[2026-07-10T23:59:44.451+0000] {processor.py:925} INFO - DAG(s) 'weather_scrape_and_load' retrieved from /opt/airflow/dags/weather_scrape_dag.py
[2026-07-10T23:59:44.500+0000] {logging_mixin.py:190} INFO - [2026-07-10T23:59:44.500+0000] {dag.py:3239} INFO - Sync 1 DAGs
[2026-07-10T23:59:44.546+0000] {logging_mixin.py:190} INFO - [2026-07-10T23:59:44.546+0000] {dag.py:4180} INFO - Setting next_dagrun for weather_scrape_and_load to 2026-07-10 23:00:00+00:00, run_after=2026-07-11 00:00:00+00:00
[2026-07-10T23:59:44.589+0000] {processor.py:208} INFO - Processing /opt/airflow/dags/weather_scrape_dag.py took 0.175 seconds
