[2026-07-14T19:24:45.970+0000] {processor.py:186} INFO - Started process (PID=6533) to work on /opt/airflow/dags/weather_scrape_dag.py
[2026-07-14T19:24:45.972+0000] {processor.py:914} INFO - Processing file /opt/airflow/dags/weather_scrape_dag.py for tasks to queue
[2026-07-14T19:24:45.979+0000] {logging_mixin.py:190} INFO - [2026-07-14T19:24:45.978+0000] {dagbag.py:588} INFO - Filling up the DagBag from /opt/airflow/dags/weather_scrape_dag.py
[2026-07-14T19:24:46.041+0000] {processor.py:925} INFO - DAG(s) 'weather_scrape_and_load' retrieved from /opt/airflow/dags/weather_scrape_dag.py
[2026-07-14T19:24:46.301+0000] {logging_mixin.py:190} INFO - [2026-07-14T19:24:46.300+0000] {dag.py:3239} INFO - Sync 1 DAGs
[2026-07-14T19:24:46.554+0000] {logging_mixin.py:190} INFO - [2026-07-14T19:24:46.554+0000] {dag.py:4180} INFO - Setting next_dagrun for weather_scrape_and_load to 2026-07-14 19:00:00+00:00, run_after=2026-07-14 20:00:00+00:00
[2026-07-14T19:24:46.671+0000] {processor.py:208} INFO - Processing /opt/airflow/dags/weather_scrape_dag.py took 0.788 seconds
[2026-07-14T19:25:16.992+0000] {processor.py:186} INFO - Started process (PID=6570) to work on /opt/airflow/dags/weather_scrape_dag.py
[2026-07-14T19:25:16.993+0000] {processor.py:914} INFO - Processing file /opt/airflow/dags/weather_scrape_dag.py for tasks to queue
[2026-07-14T19:25:16.997+0000] {logging_mixin.py:190} INFO - [2026-07-14T19:25:16.996+0000] {dagbag.py:588} INFO - Filling up the DagBag from /opt/airflow/dags/weather_scrape_dag.py
[2026-07-14T19:25:17.018+0000] {processor.py:925} INFO - DAG(s) 'weather_scrape_and_load' retrieved from /opt/airflow/dags/weather_scrape_dag.py
[2026-07-14T19:25:17.070+0000] {logging_mixin.py:190} INFO - [2026-07-14T19:25:17.070+0000] {dag.py:3239} INFO - Sync 1 DAGs
[2026-07-14T19:25:17.137+0000] {logging_mixin.py:190} INFO - [2026-07-14T19:25:17.137+0000] {dag.py:4180} INFO - Setting next_dagrun for weather_scrape_and_load to 2026-07-14 19:00:00+00:00, run_after=2026-07-14 20:00:00+00:00
[2026-07-14T19:25:17.171+0000] {processor.py:208} INFO - Processing /opt/airflow/dags/weather_scrape_dag.py took 0.192 seconds
[2026-07-14T19:25:47.291+0000] {processor.py:186} INFO - Started process (PID=6575) to work on /opt/airflow/dags/weather_scrape_dag.py
[2026-07-14T19:25:47.297+0000] {processor.py:914} INFO - Processing file /opt/airflow/dags/weather_scrape_dag.py for tasks to queue
[2026-07-14T19:25:47.301+0000] {logging_mixin.py:190} INFO - [2026-07-14T19:25:47.300+0000] {dagbag.py:588} INFO - Filling up the DagBag from /opt/airflow/dags/weather_scrape_dag.py
[2026-07-14T19:25:47.321+0000] {processor.py:925} INFO - DAG(s) 'weather_scrape_and_load' retrieved from /opt/airflow/dags/weather_scrape_dag.py
[2026-07-14T19:25:47.381+0000] {logging_mixin.py:190} INFO - [2026-07-14T19:25:47.381+0000] {dag.py:3239} INFO - Sync 1 DAGs
[2026-07-14T19:25:47.441+0000] {logging_mixin.py:190} INFO - [2026-07-14T19:25:47.441+0000] {dag.py:4180} INFO - Setting next_dagrun for weather_scrape_and_load to 2026-07-14 19:00:00+00:00, run_after=2026-07-14 20:00:00+00:00
[2026-07-14T19:25:47.477+0000] {processor.py:208} INFO - Processing /opt/airflow/dags/weather_scrape_dag.py took 0.198 seconds
[2026-07-14T19:26:17.666+0000] {processor.py:186} INFO - Started process (PID=6580) to work on /opt/airflow/dags/weather_scrape_dag.py
[2026-07-14T19:26:17.668+0000] {processor.py:914} INFO - Processing file /opt/airflow/dags/weather_scrape_dag.py for tasks to queue
[2026-07-14T19:26:17.671+0000] {logging_mixin.py:190} INFO - [2026-07-14T19:26:17.671+0000] {dagbag.py:588} INFO - Filling up the DagBag from /opt/airflow/dags/weather_scrape_dag.py
[2026-07-14T19:26:17.692+0000] {processor.py:925} INFO - DAG(s) 'weather_scrape_and_load' retrieved from /opt/airflow/dags/weather_scrape_dag.py
[2026-07-14T19:26:17.742+0000] {logging_mixin.py:190} INFO - [2026-07-14T19:26:17.742+0000] {dag.py:3239} INFO - Sync 1 DAGs
[2026-07-14T19:26:17.789+0000] {logging_mixin.py:190} INFO - [2026-07-14T19:26:17.789+0000] {dag.py:4180} INFO - Setting next_dagrun for weather_scrape_and_load to 2026-07-14 19:00:00+00:00, run_after=2026-07-14 20:00:00+00:00
[2026-07-14T19:26:17.831+0000] {processor.py:208} INFO - Processing /opt/airflow/dags/weather_scrape_dag.py took 0.175 seconds
[2026-07-14T19:26:47.956+0000] {processor.py:186} INFO - Started process (PID=6585) to work on /opt/airflow/dags/weather_scrape_dag.py
[2026-07-14T19:26:47.965+0000] {processor.py:914} INFO - Processing file /opt/airflow/dags/weather_scrape_dag.py for tasks to queue
[2026-07-14T19:26:47.969+0000] {logging_mixin.py:190} INFO - [2026-07-14T19:26:47.968+0000] {dagbag.py:588} INFO - Filling up the DagBag from /opt/airflow/dags/weather_scrape_dag.py
[2026-07-14T19:26:47.991+0000] {processor.py:925} INFO - DAG(s) 'weather_scrape_and_load' retrieved from /opt/airflow/dags/weather_scrape_dag.py
[2026-07-14T19:26:48.039+0000] {logging_mixin.py:190} INFO - [2026-07-14T19:26:48.039+0000] {dag.py:3239} INFO - Sync 1 DAGs
[2026-07-14T19:26:48.085+0000] {logging_mixin.py:190} INFO - [2026-07-14T19:26:48.085+0000] {dag.py:4180} INFO - Setting next_dagrun for weather_scrape_and_load to 2026-07-14 19:00:00+00:00, run_after=2026-07-14 20:00:00+00:00
[2026-07-14T19:26:48.129+0000] {processor.py:208} INFO - Processing /opt/airflow/dags/weather_scrape_dag.py took 0.184 seconds
[2026-07-14T19:27:18.323+0000] {processor.py:186} INFO - Started process (PID=6590) to work on /opt/airflow/dags/weather_scrape_dag.py
[2026-07-14T19:27:18.325+0000] {processor.py:914} INFO - Processing file /opt/airflow/dags/weather_scrape_dag.py for tasks to queue
[2026-07-14T19:27:18.328+0000] {logging_mixin.py:190} INFO - [2026-07-14T19:27:18.328+0000] {dagbag.py:588} INFO - Filling up the DagBag from /opt/airflow/dags/weather_scrape_dag.py
[2026-07-14T19:27:18.359+0000] {processor.py:925} INFO - DAG(s) 'weather_scrape_and_load' retrieved from /opt/airflow/dags/weather_scrape_dag.py
[2026-07-14T19:27:18.408+0000] {logging_mixin.py:190} INFO - [2026-07-14T19:27:18.407+0000] {dag.py:3239} INFO - Sync 1 DAGs
[2026-07-14T19:27:18.455+0000] {logging_mixin.py:190} INFO - [2026-07-14T19:27:18.455+0000] {dag.py:4180} INFO - Setting next_dagrun for weather_scrape_and_load to 2026-07-14 19:00:00+00:00, run_after=2026-07-14 20:00:00+00:00
[2026-07-14T19:27:18.487+0000] {processor.py:208} INFO - Processing /opt/airflow/dags/weather_scrape_dag.py took 0.175 seconds
[2026-07-14T19:27:48.616+0000] {processor.py:186} INFO - Started process (PID=6595) to work on /opt/airflow/dags/weather_scrape_dag.py
[2026-07-14T19:27:48.625+0000] {processor.py:914} INFO - Processing file /opt/airflow/dags/weather_scrape_dag.py for tasks to queue
[2026-07-14T19:27:48.628+0000] {logging_mixin.py:190} INFO - [2026-07-14T19:27:48.628+0000] {dagbag.py:588} INFO - Filling up the DagBag from /opt/airflow/dags/weather_scrape_dag.py
[2026-07-14T19:27:48.650+0000] {processor.py:925} INFO - DAG(s) 'weather_scrape_and_load' retrieved from /opt/airflow/dags/weather_scrape_dag.py
[2026-07-14T19:27:48.702+0000] {logging_mixin.py:190} INFO - [2026-07-14T19:27:48.701+0000] {dag.py:3239} INFO - Sync 1 DAGs
[2026-07-14T19:27:48.751+0000] {logging_mixin.py:190} INFO - [2026-07-14T19:27:48.751+0000] {dag.py:4180} INFO - Setting next_dagrun for weather_scrape_and_load to 2026-07-14 19:00:00+00:00, run_after=2026-07-14 20:00:00+00:00
[2026-07-14T19:27:48.797+0000] {processor.py:208} INFO - Processing /opt/airflow/dags/weather_scrape_dag.py took 0.192 seconds
[2026-07-14T19:28:18.966+0000] {processor.py:186} INFO - Started process (PID=6600) to work on /opt/airflow/dags/weather_scrape_dag.py
[2026-07-14T19:28:18.967+0000] {processor.py:914} INFO - Processing file /opt/airflow/dags/weather_scrape_dag.py for tasks to queue
[2026-07-14T19:28:18.971+0000] {logging_mixin.py:190} INFO - [2026-07-14T19:28:18.971+0000] {dagbag.py:588} INFO - Filling up the DagBag from /opt/airflow/dags/weather_scrape_dag.py
[2026-07-14T19:28:18.992+0000] {processor.py:925} INFO - DAG(s) 'weather_scrape_and_load' retrieved from /opt/airflow/dags/weather_scrape_dag.py
[2026-07-14T19:28:19.049+0000] {logging_mixin.py:190} INFO - [2026-07-14T19:28:19.049+0000] {dag.py:3239} INFO - Sync 1 DAGs
[2026-07-14T19:28:19.096+0000] {logging_mixin.py:190} INFO - [2026-07-14T19:28:19.095+0000] {dag.py:4180} INFO - Setting next_dagrun for weather_scrape_and_load to 2026-07-14 19:00:00+00:00, run_after=2026-07-14 20:00:00+00:00
[2026-07-14T19:28:19.131+0000] {processor.py:208} INFO - Processing /opt/airflow/dags/weather_scrape_dag.py took 0.176 seconds
[2026-07-14T19:28:49.296+0000] {processor.py:186} INFO - Started process (PID=6605) to work on /opt/airflow/dags/weather_scrape_dag.py
[2026-07-14T19:28:49.298+0000] {processor.py:914} INFO - Processing file /opt/airflow/dags/weather_scrape_dag.py for tasks to queue
[2026-07-14T19:28:49.302+0000] {logging_mixin.py:190} INFO - [2026-07-14T19:28:49.302+0000] {dagbag.py:588} INFO - Filling up the DagBag from /opt/airflow/dags/weather_scrape_dag.py
[2026-07-14T19:28:49.323+0000] {processor.py:925} INFO - DAG(s) 'weather_scrape_and_load' retrieved from /opt/airflow/dags/weather_scrape_dag.py
[2026-07-14T19:28:49.372+0000] {logging_mixin.py:190} INFO - [2026-07-14T19:28:49.371+0000] {dag.py:3239} INFO - Sync 1 DAGs
[2026-07-14T19:28:49.419+0000] {logging_mixin.py:190} INFO - [2026-07-14T19:28:49.419+0000] {dag.py:4180} INFO - Setting next_dagrun for weather_scrape_and_load to 2026-07-14 19:00:00+00:00, run_after=2026-07-14 20:00:00+00:00
[2026-07-14T19:28:49.464+0000] {processor.py:208} INFO - Processing /opt/airflow/dags/weather_scrape_dag.py took 0.178 seconds
[2026-07-14T19:29:19.604+0000] {processor.py:186} INFO - Started process (PID=6610) to work on /opt/airflow/dags/weather_scrape_dag.py
[2026-07-14T19:29:19.605+0000] {processor.py:914} INFO - Processing file /opt/airflow/dags/weather_scrape_dag.py for tasks to queue
[2026-07-14T19:29:19.610+0000] {logging_mixin.py:190} INFO - [2026-07-14T19:29:19.609+0000] {dagbag.py:588} INFO - Filling up the DagBag from /opt/airflow/dags/weather_scrape_dag.py
[2026-07-14T19:29:19.631+0000] {processor.py:925} INFO - DAG(s) 'weather_scrape_and_load' retrieved from /opt/airflow/dags/weather_scrape_dag.py
[2026-07-14T19:29:19.683+0000] {logging_mixin.py:190} INFO - [2026-07-14T19:29:19.682+0000] {dag.py:3239} INFO - Sync 1 DAGs
[2026-07-14T19:29:19.732+0000] {logging_mixin.py:190} INFO - [2026-07-14T19:29:19.732+0000] {dag.py:4180} INFO - Setting next_dagrun for weather_scrape_and_load to 2026-07-14 19:00:00+00:00, run_after=2026-07-14 20:00:00+00:00
[2026-07-14T19:29:19.777+0000] {processor.py:208} INFO - Processing /opt/airflow/dags/weather_scrape_dag.py took 0.184 seconds
[2026-07-14T19:29:49.969+0000] {processor.py:186} INFO - Started process (PID=6615) to work on /opt/airflow/dags/weather_scrape_dag.py
[2026-07-14T19:29:49.978+0000] {processor.py:914} INFO - Processing file /opt/airflow/dags/weather_scrape_dag.py for tasks to queue
[2026-07-14T19:29:49.982+0000] {logging_mixin.py:190} INFO - [2026-07-14T19:29:49.981+0000] {dagbag.py:588} INFO - Filling up the DagBag from /opt/airflow/dags/weather_scrape_dag.py
[2026-07-14T19:29:50.003+0000] {processor.py:925} INFO - DAG(s) 'weather_scrape_and_load' retrieved from /opt/airflow/dags/weather_scrape_dag.py
[2026-07-14T19:29:50.052+0000] {logging_mixin.py:190} INFO - [2026-07-14T19:29:50.052+0000] {dag.py:3239} INFO - Sync 1 DAGs
[2026-07-14T19:29:50.099+0000] {logging_mixin.py:190} INFO - [2026-07-14T19:29:50.099+0000] {dag.py:4180} INFO - Setting next_dagrun for weather_scrape_and_load to 2026-07-14 19:00:00+00:00, run_after=2026-07-14 20:00:00+00:00
[2026-07-14T19:29:50.142+0000] {processor.py:208} INFO - Processing /opt/airflow/dags/weather_scrape_dag.py took 0.186 seconds
[2026-07-14T19:30:20.263+0000] {processor.py:186} INFO - Started process (PID=6632) to work on /opt/airflow/dags/weather_scrape_dag.py
[2026-07-14T19:30:20.264+0000] {processor.py:914} INFO - Processing file /opt/airflow/dags/weather_scrape_dag.py for tasks to queue
[2026-07-14T19:30:20.268+0000] {logging_mixin.py:190} INFO - [2026-07-14T19:30:20.267+0000] {dagbag.py:588} INFO - Filling up the DagBag from /opt/airflow/dags/weather_scrape_dag.py
[2026-07-14T19:30:20.289+0000] {processor.py:925} INFO - DAG(s) 'weather_scrape_and_load' retrieved from /opt/airflow/dags/weather_scrape_dag.py
[2026-07-14T19:30:20.340+0000] {logging_mixin.py:190} INFO - [2026-07-14T19:30:20.340+0000] {dag.py:3239} INFO - Sync 1 DAGs
[2026-07-14T19:30:20.397+0000] {logging_mixin.py:190} INFO - [2026-07-14T19:30:20.396+0000] {dag.py:4180} INFO - Setting next_dagrun for weather_scrape_and_load to 2026-07-14 19:00:00+00:00, run_after=2026-07-14 20:00:00+00:00
[2026-07-14T19:30:20.441+0000] {processor.py:208} INFO - Processing /opt/airflow/dags/weather_scrape_dag.py took 0.189 seconds
[2026-07-14T19:30:50.643+0000] {processor.py:186} INFO - Started process (PID=6637) to work on /opt/airflow/dags/weather_scrape_dag.py
[2026-07-14T19:30:50.652+0000] {processor.py:914} INFO - Processing file /opt/airflow/dags/weather_scrape_dag.py for tasks to queue
[2026-07-14T19:30:50.655+0000] {logging_mixin.py:190} INFO - [2026-07-14T19:30:50.655+0000] {dagbag.py:588} INFO - Filling up the DagBag from /opt/airflow/dags/weather_scrape_dag.py
[2026-07-14T19:30:50.676+0000] {processor.py:925} INFO - DAG(s) 'weather_scrape_and_load' retrieved from /opt/airflow/dags/weather_scrape_dag.py
[2026-07-14T19:30:50.725+0000] {logging_mixin.py:190} INFO - [2026-07-14T19:30:50.725+0000] {dag.py:3239} INFO - Sync 1 DAGs
[2026-07-14T19:30:50.772+0000] {logging_mixin.py:190} INFO - [2026-07-14T19:30:50.772+0000] {dag.py:4180} INFO - Setting next_dagrun for weather_scrape_and_load to 2026-07-14 19:00:00+00:00, run_after=2026-07-14 20:00:00+00:00
[2026-07-14T19:30:50.813+0000] {processor.py:208} INFO - Processing /opt/airflow/dags/weather_scrape_dag.py took 0.182 seconds
[2026-07-14T19:31:20.933+0000] {processor.py:186} INFO - Started process (PID=6642) to work on /opt/airflow/dags/weather_scrape_dag.py
[2026-07-14T19:31:20.934+0000] {processor.py:914} INFO - Processing file /opt/airflow/dags/weather_scrape_dag.py for tasks to queue
[2026-07-14T19:31:20.938+0000] {logging_mixin.py:190} INFO - [2026-07-14T19:31:20.937+0000] {dagbag.py:588} INFO - Filling up the DagBag from /opt/airflow/dags/weather_scrape_dag.py
[2026-07-14T19:31:20.960+0000] {processor.py:925} INFO - DAG(s) 'weather_scrape_and_load' retrieved from /opt/airflow/dags/weather_scrape_dag.py
[2026-07-14T19:31:21.011+0000] {logging_mixin.py:190} INFO - [2026-07-14T19:31:21.011+0000] {dag.py:3239} INFO - Sync 1 DAGs
[2026-07-14T19:31:21.058+0000] {logging_mixin.py:190} INFO - [2026-07-14T19:31:21.057+0000] {dag.py:4180} INFO - Setting next_dagrun for weather_scrape_and_load to 2026-07-14 19:00:00+00:00, run_after=2026-07-14 20:00:00+00:00
[2026-07-14T19:31:21.098+0000] {processor.py:208} INFO - Processing /opt/airflow/dags/weather_scrape_dag.py took 0.176 seconds
[2026-07-14T19:31:51.305+0000] {processor.py:186} INFO - Started process (PID=6647) to work on /opt/airflow/dags/weather_scrape_dag.py
[2026-07-14T19:31:51.314+0000] {processor.py:914} INFO - Processing file /opt/airflow/dags/weather_scrape_dag.py for tasks to queue
[2026-07-14T19:31:51.317+0000] {logging_mixin.py:190} INFO - [2026-07-14T19:31:51.317+0000] {dagbag.py:588} INFO - Filling up the DagBag from /opt/airflow/dags/weather_scrape_dag.py
[2026-07-14T19:31:51.339+0000] {processor.py:925} INFO - DAG(s) 'weather_scrape_and_load' retrieved from /opt/airflow/dags/weather_scrape_dag.py
[2026-07-14T19:31:51.389+0000] {logging_mixin.py:190} INFO - [2026-07-14T19:31:51.388+0000] {dag.py:3239} INFO - Sync 1 DAGs
[2026-07-14T19:31:51.436+0000] {logging_mixin.py:190} INFO - [2026-07-14T19:31:51.436+0000] {dag.py:4180} INFO - Setting next_dagrun for weather_scrape_and_load to 2026-07-14 19:00:00+00:00, run_after=2026-07-14 20:00:00+00:00
[2026-07-14T19:31:51.478+0000] {processor.py:208} INFO - Processing /opt/airflow/dags/weather_scrape_dag.py took 0.184 seconds
[2026-07-14T19:32:21.577+0000] {processor.py:186} INFO - Started process (PID=6652) to work on /opt/airflow/dags/weather_scrape_dag.py
[2026-07-14T19:32:21.578+0000] {processor.py:914} INFO - Processing file /opt/airflow/dags/weather_scrape_dag.py for tasks to queue
[2026-07-14T19:32:21.583+0000] {logging_mixin.py:190} INFO - [2026-07-14T19:32:21.582+0000] {dagbag.py:588} INFO - Filling up the DagBag from /opt/airflow/dags/weather_scrape_dag.py
[2026-07-14T19:32:21.604+0000] {processor.py:925} INFO - DAG(s) 'weather_scrape_and_load' retrieved from /opt/airflow/dags/weather_scrape_dag.py
[2026-07-14T19:32:21.656+0000] {logging_mixin.py:190} INFO - [2026-07-14T19:32:21.655+0000] {dag.py:3239} INFO - Sync 1 DAGs
[2026-07-14T19:32:21.707+0000] {logging_mixin.py:190} INFO - [2026-07-14T19:32:21.706+0000] {dag.py:4180} INFO - Setting next_dagrun for weather_scrape_and_load to 2026-07-14 19:00:00+00:00, run_after=2026-07-14 20:00:00+00:00
[2026-07-14T19:32:21.742+0000] {processor.py:208} INFO - Processing /opt/airflow/dags/weather_scrape_dag.py took 0.176 seconds
[2026-07-14T19:32:51.951+0000] {processor.py:186} INFO - Started process (PID=6657) to work on /opt/airflow/dags/weather_scrape_dag.py
[2026-07-14T19:32:51.952+0000] {processor.py:914} INFO - Processing file /opt/airflow/dags/weather_scrape_dag.py for tasks to queue
[2026-07-14T19:32:51.957+0000] {logging_mixin.py:190} INFO - [2026-07-14T19:32:51.956+0000] {dagbag.py:588} INFO - Filling up the DagBag from /opt/airflow/dags/weather_scrape_dag.py
[2026-07-14T19:32:51.977+0000] {processor.py:925} INFO - DAG(s) 'weather_scrape_and_load' retrieved from /opt/airflow/dags/weather_scrape_dag.py
[2026-07-14T19:32:52.023+0000] {logging_mixin.py:190} INFO - [2026-07-14T19:32:52.022+0000] {dag.py:3239} INFO - Sync 1 DAGs
[2026-07-14T19:32:52.071+0000] {logging_mixin.py:190} INFO - [2026-07-14T19:32:52.070+0000] {dag.py:4180} INFO - Setting next_dagrun for weather_scrape_and_load to 2026-07-14 19:00:00+00:00, run_after=2026-07-14 20:00:00+00:00
[2026-07-14T19:32:52.104+0000] {processor.py:208} INFO - Processing /opt/airflow/dags/weather_scrape_dag.py took 0.163 seconds
[2026-07-14T19:33:22.192+0000] {processor.py:186} INFO - Started process (PID=6662) to work on /opt/airflow/dags/weather_scrape_dag.py
[2026-07-14T19:33:22.193+0000] {processor.py:914} INFO - Processing file /opt/airflow/dags/weather_scrape_dag.py for tasks to queue
[2026-07-14T19:33:22.197+0000] {logging_mixin.py:190} INFO - [2026-07-14T19:33:22.197+0000] {dagbag.py:588} INFO - Filling up the DagBag from /opt/airflow/dags/weather_scrape_dag.py
[2026-07-14T19:33:22.218+0000] {processor.py:925} INFO - DAG(s) 'weather_scrape_and_load' retrieved from /opt/airflow/dags/weather_scrape_dag.py
[2026-07-14T19:33:22.267+0000] {logging_mixin.py:190} INFO - [2026-07-14T19:33:22.266+0000] {dag.py:3239} INFO - Sync 1 DAGs
[2026-07-14T19:33:22.313+0000] {logging_mixin.py:190} INFO - [2026-07-14T19:33:22.313+0000] {dag.py:4180} INFO - Setting next_dagrun for weather_scrape_and_load to 2026-07-14 19:00:00+00:00, run_after=2026-07-14 20:00:00+00:00
[2026-07-14T19:33:22.355+0000] {processor.py:208} INFO - Processing /opt/airflow/dags/weather_scrape_dag.py took 0.173 seconds
[2026-07-14T19:33:52.592+0000] {processor.py:186} INFO - Started process (PID=6667) to work on /opt/airflow/dags/weather_scrape_dag.py
[2026-07-14T19:33:52.601+0000] {processor.py:914} INFO - Processing file /opt/airflow/dags/weather_scrape_dag.py for tasks to queue
[2026-07-14T19:33:52.604+0000] {logging_mixin.py:190} INFO - [2026-07-14T19:33:52.604+0000] {dagbag.py:588} INFO - Filling up the DagBag from /opt/airflow/dags/weather_scrape_dag.py
[2026-07-14T19:33:52.626+0000] {processor.py:925} INFO - DAG(s) 'weather_scrape_and_load' retrieved from /opt/airflow/dags/weather_scrape_dag.py
[2026-07-14T19:33:52.682+0000] {logging_mixin.py:190} INFO - [2026-07-14T19:33:52.682+0000] {dag.py:3239} INFO - Sync 1 DAGs
[2026-07-14T19:33:52.731+0000] {logging_mixin.py:190} INFO - [2026-07-14T19:33:52.730+0000] {dag.py:4180} INFO - Setting next_dagrun for weather_scrape_and_load to 2026-07-14 19:00:00+00:00, run_after=2026-07-14 20:00:00+00:00
[2026-07-14T19:33:52.773+0000] {processor.py:208} INFO - Processing /opt/airflow/dags/weather_scrape_dag.py took 0.194 seconds
[2026-07-14T19:34:22.846+0000] {processor.py:186} INFO - Started process (PID=6672) to work on /opt/airflow/dags/weather_scrape_dag.py
[2026-07-14T19:34:22.847+0000] {processor.py:914} INFO - Processing file /opt/airflow/dags/weather_scrape_dag.py for tasks to queue
[2026-07-14T19:34:22.850+0000] {logging_mixin.py:190} INFO - [2026-07-14T19:34:22.850+0000] {dagbag.py:588} INFO - Filling up the DagBag from /opt/airflow/dags/weather_scrape_dag.py
[2026-07-14T19:34:22.871+0000] {processor.py:925} INFO - DAG(s) 'weather_scrape_and_load' retrieved from /opt/airflow/dags/weather_scrape_dag.py
[2026-07-14T19:34:22.923+0000] {logging_mixin.py:190} INFO - [2026-07-14T19:34:22.923+0000] {dag.py:3239} INFO - Sync 1 DAGs
[2026-07-14T19:34:22.970+0000] {logging_mixin.py:190} INFO - [2026-07-14T19:34:22.970+0000] {dag.py:4180} INFO - Setting next_dagrun for weather_scrape_and_load to 2026-07-14 19:00:00+00:00, run_after=2026-07-14 20:00:00+00:00
[2026-07-14T19:34:23.014+0000] {processor.py:208} INFO - Processing /opt/airflow/dags/weather_scrape_dag.py took 0.180 seconds
[2026-07-14T19:34:53.294+0000] {processor.py:186} INFO - Started process (PID=6677) to work on /opt/airflow/dags/weather_scrape_dag.py
[2026-07-14T19:34:53.304+0000] {processor.py:914} INFO - Processing file /opt/airflow/dags/weather_scrape_dag.py for tasks to queue
[2026-07-14T19:34:53.308+0000] {logging_mixin.py:190} INFO - [2026-07-14T19:34:53.308+0000] {dagbag.py:588} INFO - Filling up the DagBag from /opt/airflow/dags/weather_scrape_dag.py
[2026-07-14T19:34:53.330+0000] {processor.py:925} INFO - DAG(s) 'weather_scrape_and_load' retrieved from /opt/airflow/dags/weather_scrape_dag.py
[2026-07-14T19:34:53.381+0000] {logging_mixin.py:190} INFO - [2026-07-14T19:34:53.380+0000] {dag.py:3239} INFO - Sync 1 DAGs
[2026-07-14T19:34:53.430+0000] {logging_mixin.py:190} INFO - [2026-07-14T19:34:53.429+0000] {dag.py:4180} INFO - Setting next_dagrun for weather_scrape_and_load to 2026-07-14 19:00:00+00:00, run_after=2026-07-14 20:00:00+00:00
[2026-07-14T19:34:53.471+0000] {processor.py:208} INFO - Processing /opt/airflow/dags/weather_scrape_dag.py took 0.188 seconds
[2026-07-14T19:35:23.540+0000] {processor.py:186} INFO - Started process (PID=6682) to work on /opt/airflow/dags/weather_scrape_dag.py
[2026-07-14T19:35:23.542+0000] {processor.py:914} INFO - Processing file /opt/airflow/dags/weather_scrape_dag.py for tasks to queue
[2026-07-14T19:35:23.545+0000] {logging_mixin.py:190} INFO - [2026-07-14T19:35:23.545+0000] {dagbag.py:588} INFO - Filling up the DagBag from /opt/airflow/dags/weather_scrape_dag.py
[2026-07-14T19:35:23.568+0000] {processor.py:925} INFO - DAG(s) 'weather_scrape_and_load' retrieved from /opt/airflow/dags/weather_scrape_dag.py
[2026-07-14T19:35:23.620+0000] {logging_mixin.py:190} INFO - [2026-07-14T19:35:23.619+0000] {dag.py:3239} INFO - Sync 1 DAGs
[2026-07-14T19:35:23.687+0000] {logging_mixin.py:190} INFO - [2026-07-14T19:35:23.687+0000] {dag.py:4180} INFO - Setting next_dagrun for weather_scrape_and_load to 2026-07-14 19:00:00+00:00, run_after=2026-07-14 20:00:00+00:00
[2026-07-14T19:35:23.724+0000] {processor.py:208} INFO - Processing /opt/airflow/dags/weather_scrape_dag.py took 0.195 seconds
[2026-07-14T19:35:53.971+0000] {processor.py:186} INFO - Started process (PID=6687) to work on /opt/airflow/dags/weather_scrape_dag.py
[2026-07-14T19:35:53.980+0000] {processor.py:914} INFO - Processing file /opt/airflow/dags/weather_scrape_dag.py for tasks to queue
[2026-07-14T19:35:53.985+0000] {logging_mixin.py:190} INFO - [2026-07-14T19:35:53.984+0000] {dagbag.py:588} INFO - Filling up the DagBag from /opt/airflow/dags/weather_scrape_dag.py
[2026-07-14T19:35:54.006+0000] {processor.py:925} INFO - DAG(s) 'weather_scrape_and_load' retrieved from /opt/airflow/dags/weather_scrape_dag.py
[2026-07-14T19:35:54.055+0000] {logging_mixin.py:190} INFO - [2026-07-14T19:35:54.054+0000] {dag.py:3239} INFO - Sync 1 DAGs
[2026-07-14T19:35:54.103+0000] {logging_mixin.py:190} INFO - [2026-07-14T19:35:54.103+0000] {dag.py:4180} INFO - Setting next_dagrun for weather_scrape_and_load to 2026-07-14 19:00:00+00:00, run_after=2026-07-14 20:00:00+00:00
[2026-07-14T19:35:54.145+0000] {processor.py:208} INFO - Processing /opt/airflow/dags/weather_scrape_dag.py took 0.185 seconds
[2026-07-14T19:36:24.216+0000] {processor.py:186} INFO - Started process (PID=6692) to work on /opt/airflow/dags/weather_scrape_dag.py
[2026-07-14T19:36:24.217+0000] {processor.py:914} INFO - Processing file /opt/airflow/dags/weather_scrape_dag.py for tasks to queue
[2026-07-14T19:36:24.222+0000] {logging_mixin.py:190} INFO - [2026-07-14T19:36:24.221+0000] {dagbag.py:588} INFO - Filling up the DagBag from /opt/airflow/dags/weather_scrape_dag.py
[2026-07-14T19:36:24.243+0000] {processor.py:925} INFO - DAG(s) 'weather_scrape_and_load' retrieved from /opt/airflow/dags/weather_scrape_dag.py
[2026-07-14T19:36:24.291+0000] {logging_mixin.py:190} INFO - [2026-07-14T19:36:24.290+0000] {dag.py:3239} INFO - Sync 1 DAGs
[2026-07-14T19:36:24.335+0000] {logging_mixin.py:190} INFO - [2026-07-14T19:36:24.335+0000] {dag.py:4180} INFO - Setting next_dagrun for weather_scrape_and_load to 2026-07-14 19:00:00+00:00, run_after=2026-07-14 20:00:00+00:00
[2026-07-14T19:36:24.372+0000] {processor.py:208} INFO - Processing /opt/airflow/dags/weather_scrape_dag.py took 0.168 seconds
[2026-07-14T19:36:54.453+0000] {processor.py:186} INFO - Started process (PID=6697) to work on /opt/airflow/dags/weather_scrape_dag.py
[2026-07-14T19:36:54.462+0000] {processor.py:914} INFO - Processing file /opt/airflow/dags/weather_scrape_dag.py for tasks to queue
[2026-07-14T19:36:54.467+0000] {logging_mixin.py:190} INFO - [2026-07-14T19:36:54.466+0000] {dagbag.py:588} INFO - Filling up the DagBag from /opt/airflow/dags/weather_scrape_dag.py
[2026-07-14T19:36:54.488+0000] {processor.py:925} INFO - DAG(s) 'weather_scrape_and_load' retrieved from /opt/airflow/dags/weather_scrape_dag.py
[2026-07-14T19:36:54.539+0000] {logging_mixin.py:190} INFO - [2026-07-14T19:36:54.538+0000] {dag.py:3239} INFO - Sync 1 DAGs
[2026-07-14T19:36:54.585+0000] {logging_mixin.py:190} INFO - [2026-07-14T19:36:54.585+0000] {dag.py:4180} INFO - Setting next_dagrun for weather_scrape_and_load to 2026-07-14 19:00:00+00:00, run_after=2026-07-14 20:00:00+00:00
[2026-07-14T19:36:54.627+0000] {processor.py:208} INFO - Processing /opt/airflow/dags/weather_scrape_dag.py took 0.186 seconds
[2026-07-14T19:37:24.848+0000] {processor.py:186} INFO - Started process (PID=6702) to work on /opt/airflow/dags/weather_scrape_dag.py
[2026-07-14T19:37:24.849+0000] {processor.py:914} INFO - Processing file /opt/airflow/dags/weather_scrape_dag.py for tasks to queue
[2026-07-14T19:37:24.853+0000] {logging_mixin.py:190} INFO - [2026-07-14T19:37:24.852+0000] {dagbag.py:588} INFO - Filling up the DagBag from /opt/airflow/dags/weather_scrape_dag.py
[2026-07-14T19:37:24.874+0000] {processor.py:925} INFO - DAG(s) 'weather_scrape_and_load' retrieved from /opt/airflow/dags/weather_scrape_dag.py
[2026-07-14T19:37:24.921+0000] {logging_mixin.py:190} INFO - [2026-07-14T19:37:24.921+0000] {dag.py:3239} INFO - Sync 1 DAGs
[2026-07-14T19:37:24.968+0000] {logging_mixin.py:190} INFO - [2026-07-14T19:37:24.968+0000] {dag.py:4180} INFO - Setting next_dagrun for weather_scrape_and_load to 2026-07-14 19:00:00+00:00, run_after=2026-07-14 20:00:00+00:00
[2026-07-14T19:37:25.019+0000] {processor.py:208} INFO - Processing /opt/airflow/dags/weather_scrape_dag.py took 0.183 seconds
[2026-07-14T19:37:55.101+0000] {processor.py:186} INFO - Started process (PID=6707) to work on /opt/airflow/dags/weather_scrape_dag.py
[2026-07-14T19:37:55.110+0000] {processor.py:914} INFO - Processing file /opt/airflow/dags/weather_scrape_dag.py for tasks to queue
[2026-07-14T19:37:55.114+0000] {logging_mixin.py:190} INFO - [2026-07-14T19:37:55.113+0000] {dagbag.py:588} INFO - Filling up the DagBag from /opt/airflow/dags/weather_scrape_dag.py
[2026-07-14T19:37:55.134+0000] {processor.py:925} INFO - DAG(s) 'weather_scrape_and_load' retrieved from /opt/airflow/dags/weather_scrape_dag.py
[2026-07-14T19:37:55.186+0000] {logging_mixin.py:190} INFO - [2026-07-14T19:37:55.185+0000] {dag.py:3239} INFO - Sync 1 DAGs
[2026-07-14T19:37:55.233+0000] {logging_mixin.py:190} INFO - [2026-07-14T19:37:55.232+0000] {dag.py:4180} INFO - Setting next_dagrun for weather_scrape_and_load to 2026-07-14 19:00:00+00:00, run_after=2026-07-14 20:00:00+00:00
[2026-07-14T19:37:55.267+0000] {processor.py:208} INFO - Processing /opt/airflow/dags/weather_scrape_dag.py took 0.177 seconds
[2026-07-14T19:38:25.506+0000] {processor.py:186} INFO - Started process (PID=6712) to work on /opt/airflow/dags/weather_scrape_dag.py
[2026-07-14T19:38:25.507+0000] {processor.py:914} INFO - Processing file /opt/airflow/dags/weather_scrape_dag.py for tasks to queue
[2026-07-14T19:38:25.510+0000] {logging_mixin.py:190} INFO - [2026-07-14T19:38:25.510+0000] {dagbag.py:588} INFO - Filling up the DagBag from /opt/airflow/dags/weather_scrape_dag.py
[2026-07-14T19:38:25.531+0000] {processor.py:925} INFO - DAG(s) 'weather_scrape_and_load' retrieved from /opt/airflow/dags/weather_scrape_dag.py
[2026-07-14T19:38:25.580+0000] {logging_mixin.py:190} INFO - [2026-07-14T19:38:25.580+0000] {dag.py:3239} INFO - Sync 1 DAGs
[2026-07-14T19:38:25.630+0000] {logging_mixin.py:190} INFO - [2026-07-14T19:38:25.629+0000] {dag.py:4180} INFO - Setting next_dagrun for weather_scrape_and_load to 2026-07-14 19:00:00+00:00, run_after=2026-07-14 20:00:00+00:00
[2026-07-14T19:38:25.667+0000] {processor.py:208} INFO - Processing /opt/airflow/dags/weather_scrape_dag.py took 0.172 seconds
[2026-07-14T19:38:55.757+0000] {processor.py:186} INFO - Started process (PID=6717) to work on /opt/airflow/dags/weather_scrape_dag.py
[2026-07-14T19:38:55.762+0000] {processor.py:914} INFO - Processing file /opt/airflow/dags/weather_scrape_dag.py for tasks to queue
[2026-07-14T19:38:55.766+0000] {logging_mixin.py:190} INFO - [2026-07-14T19:38:55.765+0000] {dagbag.py:588} INFO - Filling up the DagBag from /opt/airflow/dags/weather_scrape_dag.py
[2026-07-14T19:38:55.787+0000] {processor.py:925} INFO - DAG(s) 'weather_scrape_and_load' retrieved from /opt/airflow/dags/weather_scrape_dag.py
[2026-07-14T19:38:55.837+0000] {logging_mixin.py:190} INFO - [2026-07-14T19:38:55.836+0000] {dag.py:3239} INFO - Sync 1 DAGs
[2026-07-14T19:38:55.884+0000] {logging_mixin.py:190} INFO - [2026-07-14T19:38:55.884+0000] {dag.py:4180} INFO - Setting next_dagrun for weather_scrape_and_load to 2026-07-14 19:00:00+00:00, run_after=2026-07-14 20:00:00+00:00
[2026-07-14T19:38:55.919+0000] {processor.py:208} INFO - Processing /opt/airflow/dags/weather_scrape_dag.py took 0.172 seconds
[2026-07-14T19:39:26.167+0000] {processor.py:186} INFO - Started process (PID=6722) to work on /opt/airflow/dags/weather_scrape_dag.py
[2026-07-14T19:39:26.168+0000] {processor.py:914} INFO - Processing file /opt/airflow/dags/weather_scrape_dag.py for tasks to queue
[2026-07-14T19:39:26.171+0000] {logging_mixin.py:190} INFO - [2026-07-14T19:39:26.171+0000] {dagbag.py:588} INFO - Filling up the DagBag from /opt/airflow/dags/weather_scrape_dag.py
[2026-07-14T19:39:26.192+0000] {processor.py:925} INFO - DAG(s) 'weather_scrape_and_load' retrieved from /opt/airflow/dags/weather_scrape_dag.py
[2026-07-14T19:39:26.243+0000] {logging_mixin.py:190} INFO - [2026-07-14T19:39:26.242+0000] {dag.py:3239} INFO - Sync 1 DAGs
[2026-07-14T19:39:26.289+0000] {logging_mixin.py:190} INFO - [2026-07-14T19:39:26.288+0000] {dag.py:4180} INFO - Setting next_dagrun for weather_scrape_and_load to 2026-07-14 19:00:00+00:00, run_after=2026-07-14 20:00:00+00:00
[2026-07-14T19:39:26.331+0000] {processor.py:208} INFO - Processing /opt/airflow/dags/weather_scrape_dag.py took 0.175 seconds
[2026-07-14T19:39:56.424+0000] {processor.py:186} INFO - Started process (PID=6727) to work on /opt/airflow/dags/weather_scrape_dag.py
[2026-07-14T19:39:56.433+0000] {processor.py:914} INFO - Processing file /opt/airflow/dags/weather_scrape_dag.py for tasks to queue
[2026-07-14T19:39:56.438+0000] {logging_mixin.py:190} INFO - [2026-07-14T19:39:56.437+0000] {dagbag.py:588} INFO - Filling up the DagBag from /opt/airflow/dags/weather_scrape_dag.py
[2026-07-14T19:39:56.458+0000] {processor.py:925} INFO - DAG(s) 'weather_scrape_and_load' retrieved from /opt/airflow/dags/weather_scrape_dag.py
[2026-07-14T19:39:56.513+0000] {logging_mixin.py:190} INFO - [2026-07-14T19:39:56.512+0000] {dag.py:3239} INFO - Sync 1 DAGs
[2026-07-14T19:39:56.559+0000] {logging_mixin.py:190} INFO - [2026-07-14T19:39:56.558+0000] {dag.py:4180} INFO - Setting next_dagrun for weather_scrape_and_load to 2026-07-14 19:00:00+00:00, run_after=2026-07-14 20:00:00+00:00
[2026-07-14T19:39:56.597+0000] {processor.py:208} INFO - Processing /opt/airflow/dags/weather_scrape_dag.py took 0.183 seconds
[2026-07-14T20:14:52.546+0000] {processor.py:186} INFO - Started process (PID=6732) to work on /opt/airflow/dags/weather_scrape_dag.py
[2026-07-14T20:14:52.548+0000] {processor.py:914} INFO - Processing file /opt/airflow/dags/weather_scrape_dag.py for tasks to queue
[2026-07-14T20:14:52.562+0000] {logging_mixin.py:190} INFO - [2026-07-14T20:14:52.561+0000] {dagbag.py:588} INFO - Filling up the DagBag from /opt/airflow/dags/weather_scrape_dag.py
[2026-07-14T20:14:52.601+0000] {processor.py:925} INFO - DAG(s) 'weather_scrape_and_load' retrieved from /opt/airflow/dags/weather_scrape_dag.py
[2026-07-14T20:14:52.681+0000] {logging_mixin.py:190} INFO - [2026-07-14T20:14:52.680+0000] {dag.py:3239} INFO - Sync 1 DAGs
[2026-07-14T20:14:52.839+0000] {logging_mixin.py:190} INFO - [2026-07-14T20:14:52.839+0000] {dag.py:4180} INFO - Setting next_dagrun for weather_scrape_and_load to 2026-07-14 20:00:00+00:00, run_after=2026-07-14 21:00:00+00:00
[2026-07-14T20:14:52.920+0000] {processor.py:208} INFO - Processing /opt/airflow/dags/weather_scrape_dag.py took 0.391 seconds
[2026-07-14T20:15:23.183+0000] {processor.py:186} INFO - Started process (PID=6753) to work on /opt/airflow/dags/weather_scrape_dag.py
[2026-07-14T20:15:23.191+0000] {processor.py:914} INFO - Processing file /opt/airflow/dags/weather_scrape_dag.py for tasks to queue
[2026-07-14T20:15:23.195+0000] {logging_mixin.py:190} INFO - [2026-07-14T20:15:23.194+0000] {dagbag.py:588} INFO - Filling up the DagBag from /opt/airflow/dags/weather_scrape_dag.py
[2026-07-14T20:15:23.218+0000] {processor.py:925} INFO - DAG(s) 'weather_scrape_and_load' retrieved from /opt/airflow/dags/weather_scrape_dag.py
[2026-07-14T20:15:23.266+0000] {logging_mixin.py:190} INFO - [2026-07-14T20:15:23.266+0000] {dag.py:3239} INFO - Sync 1 DAGs
[2026-07-14T20:15:23.314+0000] {logging_mixin.py:190} INFO - [2026-07-14T20:15:23.314+0000] {dag.py:4180} INFO - Setting next_dagrun for weather_scrape_and_load to 2026-07-14 20:00:00+00:00, run_after=2026-07-14 21:00:00+00:00
[2026-07-14T20:15:23.349+0000] {processor.py:208} INFO - Processing /opt/airflow/dags/weather_scrape_dag.py took 0.177 seconds
[2026-07-14T20:15:53.418+0000] {processor.py:186} INFO - Started process (PID=6758) to work on /opt/airflow/dags/weather_scrape_dag.py
[2026-07-14T20:15:53.419+0000] {processor.py:914} INFO - Processing file /opt/airflow/dags/weather_scrape_dag.py for tasks to queue
[2026-07-14T20:15:53.423+0000] {logging_mixin.py:190} INFO - [2026-07-14T20:15:53.422+0000] {dagbag.py:588} INFO - Filling up the DagBag from /opt/airflow/dags/weather_scrape_dag.py
[2026-07-14T20:15:53.443+0000] {processor.py:925} INFO - DAG(s) 'weather_scrape_and_load' retrieved from /opt/airflow/dags/weather_scrape_dag.py
[2026-07-14T20:15:53.492+0000] {logging_mixin.py:190} INFO - [2026-07-14T20:15:53.491+0000] {dag.py:3239} INFO - Sync 1 DAGs
[2026-07-14T20:15:53.537+0000] {logging_mixin.py:190} INFO - [2026-07-14T20:15:53.537+0000] {dag.py:4180} INFO - Setting next_dagrun for weather_scrape_and_load to 2026-07-14 20:00:00+00:00, run_after=2026-07-14 21:00:00+00:00
[2026-07-14T20:15:53.571+0000] {processor.py:208} INFO - Processing /opt/airflow/dags/weather_scrape_dag.py took 0.164 seconds
[2026-07-14T20:16:23.801+0000] {processor.py:186} INFO - Started process (PID=6763) to work on /opt/airflow/dags/weather_scrape_dag.py
[2026-07-14T20:16:23.809+0000] {processor.py:914} INFO - Processing file /opt/airflow/dags/weather_scrape_dag.py for tasks to queue
[2026-07-14T20:16:23.810+0000] {logging_mixin.py:190} INFO - [2026-07-14T20:16:23.810+0000] {dagbag.py:588} INFO - Filling up the DagBag from /opt/airflow/dags/weather_scrape_dag.py
[2026-07-14T20:16:23.817+0000] {processor.py:925} INFO - DAG(s) 'weather_scrape_and_load' retrieved from /opt/airflow/dags/weather_scrape_dag.py
[2026-07-14T20:16:23.833+0000] {logging_mixin.py:190} INFO - [2026-07-14T20:16:23.833+0000] {dag.py:3239} INFO - Sync 1 DAGs
[2026-07-14T20:16:23.848+0000] {logging_mixin.py:190} INFO - [2026-07-14T20:16:23.848+0000] {dag.py:4180} INFO - Setting next_dagrun for weather_scrape_and_load to 2026-07-14 20:00:00+00:00, run_after=2026-07-14 21:00:00+00:00
[2026-07-14T20:16:23.860+0000] {processor.py:208} INFO - Processing /opt/airflow/dags/weather_scrape_dag.py took 0.064 seconds
[2026-07-14T20:16:53.915+0000] {processor.py:186} INFO - Started process (PID=6768) to work on /opt/airflow/dags/weather_scrape_dag.py
[2026-07-14T20:16:53.915+0000] {processor.py:914} INFO - Processing file /opt/airflow/dags/weather_scrape_dag.py for tasks to queue
[2026-07-14T20:16:53.917+0000] {logging_mixin.py:190} INFO - [2026-07-14T20:16:53.916+0000] {dagbag.py:588} INFO - Filling up the DagBag from /opt/airflow/dags/weather_scrape_dag.py
[2026-07-14T20:16:53.923+0000] {processor.py:925} INFO - DAG(s) 'weather_scrape_and_load' retrieved from /opt/airflow/dags/weather_scrape_dag.py
[2026-07-14T20:16:53.939+0000] {logging_mixin.py:190} INFO - [2026-07-14T20:16:53.939+0000] {dag.py:3239} INFO - Sync 1 DAGs
[2026-07-14T20:16:53.955+0000] {logging_mixin.py:190} INFO - [2026-07-14T20:16:53.954+0000] {dag.py:4180} INFO - Setting next_dagrun for weather_scrape_and_load to 2026-07-14 20:00:00+00:00, run_after=2026-07-14 21:00:00+00:00
[2026-07-14T20:16:53.967+0000] {processor.py:208} INFO - Processing /opt/airflow/dags/weather_scrape_dag.py took 0.055 seconds
[2026-07-14T20:17:24.071+0000] {processor.py:186} INFO - Started process (PID=6773) to work on /opt/airflow/dags/weather_scrape_dag.py
[2026-07-14T20:17:24.071+0000] {processor.py:914} INFO - Processing file /opt/airflow/dags/weather_scrape_dag.py for tasks to queue
[2026-07-14T20:17:24.072+0000] {logging_mixin.py:190} INFO - [2026-07-14T20:17:24.072+0000] {dagbag.py:588} INFO - Filling up the DagBag from /opt/airflow/dags/weather_scrape_dag.py
[2026-07-14T20:17:24.079+0000] {processor.py:925} INFO - DAG(s) 'weather_scrape_and_load' retrieved from /opt/airflow/dags/weather_scrape_dag.py
[2026-07-14T20:17:24.096+0000] {logging_mixin.py:190} INFO - [2026-07-14T20:17:24.095+0000] {dag.py:3239} INFO - Sync 1 DAGs
[2026-07-14T20:17:24.110+0000] {logging_mixin.py:190} INFO - [2026-07-14T20:17:24.110+0000] {dag.py:4180} INFO - Setting next_dagrun for weather_scrape_and_load to 2026-07-14 20:00:00+00:00, run_after=2026-07-14 21:00:00+00:00
[2026-07-14T20:17:24.122+0000] {processor.py:208} INFO - Processing /opt/airflow/dags/weather_scrape_dag.py took 0.055 seconds
[2026-07-14T20:17:54.186+0000] {processor.py:186} INFO - Started process (PID=6778) to work on /opt/airflow/dags/weather_scrape_dag.py
[2026-07-14T20:17:54.187+0000] {processor.py:914} INFO - Processing file /opt/airflow/dags/weather_scrape_dag.py for tasks to queue
[2026-07-14T20:17:54.188+0000] {logging_mixin.py:190} INFO - [2026-07-14T20:17:54.188+0000] {dagbag.py:588} INFO - Filling up the DagBag from /opt/airflow/dags/weather_scrape_dag.py
[2026-07-14T20:17:54.195+0000] {processor.py:925} INFO - DAG(s) 'weather_scrape_and_load' retrieved from /opt/airflow/dags/weather_scrape_dag.py
[2026-07-14T20:17:54.211+0000] {logging_mixin.py:190} INFO - [2026-07-14T20:17:54.211+0000] {dag.py:3239} INFO - Sync 1 DAGs
[2026-07-14T20:17:54.226+0000] {logging_mixin.py:190} INFO - [2026-07-14T20:17:54.225+0000] {dag.py:4180} INFO - Setting next_dagrun for weather_scrape_and_load to 2026-07-14 20:00:00+00:00, run_after=2026-07-14 21:00:00+00:00
[2026-07-14T20:17:54.237+0000] {processor.py:208} INFO - Processing /opt/airflow/dags/weather_scrape_dag.py took 0.055 seconds
[2026-07-14T20:18:24.336+0000] {processor.py:186} INFO - Started process (PID=6783) to work on /opt/airflow/dags/weather_scrape_dag.py
[2026-07-14T20:18:24.336+0000] {processor.py:914} INFO - Processing file /opt/airflow/dags/weather_scrape_dag.py for tasks to queue
[2026-07-14T20:18:24.337+0000] {logging_mixin.py:190} INFO - [2026-07-14T20:18:24.337+0000] {dagbag.py:588} INFO - Filling up the DagBag from /opt/airflow/dags/weather_scrape_dag.py
[2026-07-14T20:18:24.344+0000] {processor.py:925} INFO - DAG(s) 'weather_scrape_and_load' retrieved from /opt/airflow/dags/weather_scrape_dag.py
[2026-07-14T20:18:24.359+0000] {logging_mixin.py:190} INFO - [2026-07-14T20:18:24.359+0000] {dag.py:3239} INFO - Sync 1 DAGs
[2026-07-14T20:18:24.382+0000] {logging_mixin.py:190} INFO - [2026-07-14T20:18:24.382+0000] {dag.py:4180} INFO - Setting next_dagrun for weather_scrape_and_load to 2026-07-14 20:00:00+00:00, run_after=2026-07-14 21:00:00+00:00
[2026-07-14T20:18:24.395+0000] {processor.py:208} INFO - Processing /opt/airflow/dags/weather_scrape_dag.py took 0.063 seconds
[2026-07-14T20:18:54.454+0000] {processor.py:186} INFO - Started process (PID=6788) to work on /opt/airflow/dags/weather_scrape_dag.py
[2026-07-14T20:18:54.455+0000] {processor.py:914} INFO - Processing file /opt/airflow/dags/weather_scrape_dag.py for tasks to queue
[2026-07-14T20:18:54.456+0000] {logging_mixin.py:190} INFO - [2026-07-14T20:18:54.456+0000] {dagbag.py:588} INFO - Filling up the DagBag from /opt/airflow/dags/weather_scrape_dag.py
[2026-07-14T20:18:54.463+0000] {processor.py:925} INFO - DAG(s) 'weather_scrape_and_load' retrieved from /opt/airflow/dags/weather_scrape_dag.py
[2026-07-14T20:18:54.480+0000] {logging_mixin.py:190} INFO - [2026-07-14T20:18:54.479+0000] {dag.py:3239} INFO - Sync 1 DAGs
[2026-07-14T20:18:54.495+0000] {logging_mixin.py:190} INFO - [2026-07-14T20:18:54.494+0000] {dag.py:4180} INFO - Setting next_dagrun for weather_scrape_and_load to 2026-07-14 20:00:00+00:00, run_after=2026-07-14 21:00:00+00:00
[2026-07-14T20:18:54.505+0000] {processor.py:208} INFO - Processing /opt/airflow/dags/weather_scrape_dag.py took 0.055 seconds
[2026-07-14T20:19:24.601+0000] {processor.py:186} INFO - Started process (PID=6793) to work on /opt/airflow/dags/weather_scrape_dag.py
[2026-07-14T20:19:24.601+0000] {processor.py:914} INFO - Processing file /opt/airflow/dags/weather_scrape_dag.py for tasks to queue
[2026-07-14T20:19:24.603+0000] {logging_mixin.py:190} INFO - [2026-07-14T20:19:24.603+0000] {dagbag.py:588} INFO - Filling up the DagBag from /opt/airflow/dags/weather_scrape_dag.py
[2026-07-14T20:19:24.611+0000] {processor.py:925} INFO - DAG(s) 'weather_scrape_and_load' retrieved from /opt/airflow/dags/weather_scrape_dag.py
[2026-07-14T20:19:24.632+0000] {logging_mixin.py:190} INFO - [2026-07-14T20:19:24.632+0000] {dag.py:3239} INFO - Sync 1 DAGs
[2026-07-14T20:19:24.649+0000] {logging_mixin.py:190} INFO - [2026-07-14T20:19:24.648+0000] {dag.py:4180} INFO - Setting next_dagrun for weather_scrape_and_load to 2026-07-14 20:00:00+00:00, run_after=2026-07-14 21:00:00+00:00
[2026-07-14T20:19:24.661+0000] {processor.py:208} INFO - Processing /opt/airflow/dags/weather_scrape_dag.py took 0.064 seconds
[2026-07-14T20:19:54.714+0000] {processor.py:186} INFO - Started process (PID=6798) to work on /opt/airflow/dags/weather_scrape_dag.py
[2026-07-14T20:19:54.714+0000] {processor.py:914} INFO - Processing file /opt/airflow/dags/weather_scrape_dag.py for tasks to queue
[2026-07-14T20:19:54.715+0000] {logging_mixin.py:190} INFO - [2026-07-14T20:19:54.715+0000] {dagbag.py:588} INFO - Filling up the DagBag from /opt/airflow/dags/weather_scrape_dag.py
[2026-07-14T20:19:54.721+0000] {processor.py:925} INFO - DAG(s) 'weather_scrape_and_load' retrieved from /opt/airflow/dags/weather_scrape_dag.py
[2026-07-14T20:19:54.737+0000] {logging_mixin.py:190} INFO - [2026-07-14T20:19:54.737+0000] {dag.py:3239} INFO - Sync 1 DAGs
[2026-07-14T20:19:54.751+0000] {logging_mixin.py:190} INFO - [2026-07-14T20:19:54.751+0000] {dag.py:4180} INFO - Setting next_dagrun for weather_scrape_and_load to 2026-07-14 20:00:00+00:00, run_after=2026-07-14 21:00:00+00:00
[2026-07-14T20:19:54.763+0000] {processor.py:208} INFO - Processing /opt/airflow/dags/weather_scrape_dag.py took 0.054 seconds
[2026-07-14T20:20:24.872+0000] {processor.py:186} INFO - Started process (PID=6803) to work on /opt/airflow/dags/weather_scrape_dag.py
[2026-07-14T20:20:24.880+0000] {processor.py:914} INFO - Processing file /opt/airflow/dags/weather_scrape_dag.py for tasks to queue
[2026-07-14T20:20:24.882+0000] {logging_mixin.py:190} INFO - [2026-07-14T20:20:24.881+0000] {dagbag.py:588} INFO - Filling up the DagBag from /opt/airflow/dags/weather_scrape_dag.py
[2026-07-14T20:20:24.889+0000] {processor.py:925} INFO - DAG(s) 'weather_scrape_and_load' retrieved from /opt/airflow/dags/weather_scrape_dag.py
[2026-07-14T20:20:24.906+0000] {logging_mixin.py:190} INFO - [2026-07-14T20:20:24.906+0000] {dag.py:3239} INFO - Sync 1 DAGs
[2026-07-14T20:20:24.922+0000] {logging_mixin.py:190} INFO - [2026-07-14T20:20:24.922+0000] {dag.py:4180} INFO - Setting next_dagrun for weather_scrape_and_load to 2026-07-14 20:00:00+00:00, run_after=2026-07-14 21:00:00+00:00
[2026-07-14T20:20:24.934+0000] {processor.py:208} INFO - Processing /opt/airflow/dags/weather_scrape_dag.py took 0.065 seconds
[2026-07-14T20:20:54.983+0000] {processor.py:186} INFO - Started process (PID=6808) to work on /opt/airflow/dags/weather_scrape_dag.py
[2026-07-14T20:20:54.983+0000] {processor.py:914} INFO - Processing file /opt/airflow/dags/weather_scrape_dag.py for tasks to queue
[2026-07-14T20:20:54.984+0000] {logging_mixin.py:190} INFO - [2026-07-14T20:20:54.984+0000] {dagbag.py:588} INFO - Filling up the DagBag from /opt/airflow/dags/weather_scrape_dag.py
[2026-07-14T20:20:54.991+0000] {processor.py:925} INFO - DAG(s) 'weather_scrape_and_load' retrieved from /opt/airflow/dags/weather_scrape_dag.py
[2026-07-14T20:20:55.007+0000] {logging_mixin.py:190} INFO - [2026-07-14T20:20:55.007+0000] {dag.py:3239} INFO - Sync 1 DAGs
[2026-07-14T20:20:55.022+0000] {logging_mixin.py:190} INFO - [2026-07-14T20:20:55.022+0000] {dag.py:4180} INFO - Setting next_dagrun for weather_scrape_and_load to 2026-07-14 20:00:00+00:00, run_after=2026-07-14 21:00:00+00:00
[2026-07-14T20:20:55.035+0000] {processor.py:208} INFO - Processing /opt/airflow/dags/weather_scrape_dag.py took 0.056 seconds
[2026-07-14T20:21:25.137+0000] {processor.py:186} INFO - Started process (PID=6813) to work on /opt/airflow/dags/weather_scrape_dag.py
[2026-07-14T20:21:25.138+0000] {processor.py:914} INFO - Processing file /opt/airflow/dags/weather_scrape_dag.py for tasks to queue
[2026-07-14T20:21:25.139+0000] {logging_mixin.py:190} INFO - [2026-07-14T20:21:25.139+0000] {dagbag.py:588} INFO - Filling up the DagBag from /opt/airflow/dags/weather_scrape_dag.py
[2026-07-14T20:21:25.146+0000] {processor.py:925} INFO - DAG(s) 'weather_scrape_and_load' retrieved from /opt/airflow/dags/weather_scrape_dag.py
[2026-07-14T20:21:25.162+0000] {logging_mixin.py:190} INFO - [2026-07-14T20:21:25.162+0000] {dag.py:3239} INFO - Sync 1 DAGs
[2026-07-14T20:21:25.178+0000] {logging_mixin.py:190} INFO - [2026-07-14T20:21:25.177+0000] {dag.py:4180} INFO - Setting next_dagrun for weather_scrape_and_load to 2026-07-14 20:00:00+00:00, run_after=2026-07-14 21:00:00+00:00
[2026-07-14T20:21:25.191+0000] {processor.py:208} INFO - Processing /opt/airflow/dags/weather_scrape_dag.py took 0.058 seconds
[2026-07-14T20:21:55.247+0000] {processor.py:186} INFO - Started process (PID=6818) to work on /opt/airflow/dags/weather_scrape_dag.py
[2026-07-14T20:21:55.248+0000] {processor.py:914} INFO - Processing file /opt/airflow/dags/weather_scrape_dag.py for tasks to queue
[2026-07-14T20:21:55.249+0000] {logging_mixin.py:190} INFO - [2026-07-14T20:21:55.249+0000] {dagbag.py:588} INFO - Filling up the DagBag from /opt/airflow/dags/weather_scrape_dag.py
[2026-07-14T20:21:55.256+0000] {processor.py:925} INFO - DAG(s) 'weather_scrape_and_load' retrieved from /opt/airflow/dags/weather_scrape_dag.py
[2026-07-14T20:21:55.274+0000] {logging_mixin.py:190} INFO - [2026-07-14T20:21:55.274+0000] {dag.py:3239} INFO - Sync 1 DAGs
[2026-07-14T20:21:55.290+0000] {logging_mixin.py:190} INFO - [2026-07-14T20:21:55.290+0000] {dag.py:4180} INFO - Setting next_dagrun for weather_scrape_and_load to 2026-07-14 20:00:00+00:00, run_after=2026-07-14 21:00:00+00:00
[2026-07-14T20:21:55.302+0000] {processor.py:208} INFO - Processing /opt/airflow/dags/weather_scrape_dag.py took 0.059 seconds
[2026-07-14T20:22:25.399+0000] {processor.py:186} INFO - Started process (PID=6823) to work on /opt/airflow/dags/weather_scrape_dag.py
[2026-07-14T20:22:25.401+0000] {processor.py:914} INFO - Processing file /opt/airflow/dags/weather_scrape_dag.py for tasks to queue
[2026-07-14T20:22:25.403+0000] {logging_mixin.py:190} INFO - [2026-07-14T20:22:25.402+0000] {dagbag.py:588} INFO - Filling up the DagBag from /opt/airflow/dags/weather_scrape_dag.py
[2026-07-14T20:22:25.410+0000] {processor.py:925} INFO - DAG(s) 'weather_scrape_and_load' retrieved from /opt/airflow/dags/weather_scrape_dag.py
[2026-07-14T20:22:25.427+0000] {logging_mixin.py:190} INFO - [2026-07-14T20:22:25.427+0000] {dag.py:3239} INFO - Sync 1 DAGs
[2026-07-14T20:22:25.443+0000] {logging_mixin.py:190} INFO - [2026-07-14T20:22:25.443+0000] {dag.py:4180} INFO - Setting next_dagrun for weather_scrape_and_load to 2026-07-14 20:00:00+00:00, run_after=2026-07-14 21:00:00+00:00
[2026-07-14T20:22:25.456+0000] {processor.py:208} INFO - Processing /opt/airflow/dags/weather_scrape_dag.py took 0.060 seconds
[2026-07-14T20:22:55.509+0000] {processor.py:186} INFO - Started process (PID=6828) to work on /opt/airflow/dags/weather_scrape_dag.py
[2026-07-14T20:22:55.509+0000] {processor.py:914} INFO - Processing file /opt/airflow/dags/weather_scrape_dag.py for tasks to queue
[2026-07-14T20:22:55.511+0000] {logging_mixin.py:190} INFO - [2026-07-14T20:22:55.511+0000] {dagbag.py:588} INFO - Filling up the DagBag from /opt/airflow/dags/weather_scrape_dag.py
[2026-07-14T20:22:55.518+0000] {processor.py:925} INFO - DAG(s) 'weather_scrape_and_load' retrieved from /opt/airflow/dags/weather_scrape_dag.py
[2026-07-14T20:22:55.534+0000] {logging_mixin.py:190} INFO - [2026-07-14T20:22:55.534+0000] {dag.py:3239} INFO - Sync 1 DAGs
[2026-07-14T20:22:55.549+0000] {logging_mixin.py:190} INFO - [2026-07-14T20:22:55.549+0000] {dag.py:4180} INFO - Setting next_dagrun for weather_scrape_and_load to 2026-07-14 20:00:00+00:00, run_after=2026-07-14 21:00:00+00:00
[2026-07-14T20:22:55.561+0000] {processor.py:208} INFO - Processing /opt/airflow/dags/weather_scrape_dag.py took 0.056 seconds
[2026-07-14T20:23:25.665+0000] {processor.py:186} INFO - Started process (PID=6833) to work on /opt/airflow/dags/weather_scrape_dag.py
[2026-07-14T20:23:25.673+0000] {processor.py:914} INFO - Processing file /opt/airflow/dags/weather_scrape_dag.py for tasks to queue
[2026-07-14T20:23:25.675+0000] {logging_mixin.py:190} INFO - [2026-07-14T20:23:25.674+0000] {dagbag.py:588} INFO - Filling up the DagBag from /opt/airflow/dags/weather_scrape_dag.py
[2026-07-14T20:23:25.682+0000] {processor.py:925} INFO - DAG(s) 'weather_scrape_and_load' retrieved from /opt/airflow/dags/weather_scrape_dag.py
[2026-07-14T20:23:25.699+0000] {logging_mixin.py:190} INFO - [2026-07-14T20:23:25.698+0000] {dag.py:3239} INFO - Sync 1 DAGs
[2026-07-14T20:23:25.715+0000] {logging_mixin.py:190} INFO - [2026-07-14T20:23:25.714+0000] {dag.py:4180} INFO - Setting next_dagrun for weather_scrape_and_load to 2026-07-14 20:00:00+00:00, run_after=2026-07-14 21:00:00+00:00
[2026-07-14T20:23:25.727+0000] {processor.py:208} INFO - Processing /opt/airflow/dags/weather_scrape_dag.py took 0.066 seconds
[2026-07-14T20:23:55.778+0000] {processor.py:186} INFO - Started process (PID=6838) to work on /opt/airflow/dags/weather_scrape_dag.py
[2026-07-14T20:23:55.779+0000] {processor.py:914} INFO - Processing file /opt/airflow/dags/weather_scrape_dag.py for tasks to queue
[2026-07-14T20:23:55.780+0000] {logging_mixin.py:190} INFO - [2026-07-14T20:23:55.780+0000] {dagbag.py:588} INFO - Filling up the DagBag from /opt/airflow/dags/weather_scrape_dag.py
[2026-07-14T20:23:55.787+0000] {processor.py:925} INFO - DAG(s) 'weather_scrape_and_load' retrieved from /opt/airflow/dags/weather_scrape_dag.py
[2026-07-14T20:23:55.803+0000] {logging_mixin.py:190} INFO - [2026-07-14T20:23:55.802+0000] {dag.py:3239} INFO - Sync 1 DAGs
[2026-07-14T20:23:55.818+0000] {logging_mixin.py:190} INFO - [2026-07-14T20:23:55.818+0000] {dag.py:4180} INFO - Setting next_dagrun for weather_scrape_and_load to 2026-07-14 20:00:00+00:00, run_after=2026-07-14 21:00:00+00:00
[2026-07-14T20:23:55.831+0000] {processor.py:208} INFO - Processing /opt/airflow/dags/weather_scrape_dag.py took 0.056 seconds
[2026-07-14T20:24:25.942+0000] {processor.py:186} INFO - Started process (PID=6843) to work on /opt/airflow/dags/weather_scrape_dag.py
[2026-07-14T20:24:25.950+0000] {processor.py:914} INFO - Processing file /opt/airflow/dags/weather_scrape_dag.py for tasks to queue
[2026-07-14T20:24:25.951+0000] {logging_mixin.py:190} INFO - [2026-07-14T20:24:25.951+0000] {dagbag.py:588} INFO - Filling up the DagBag from /opt/airflow/dags/weather_scrape_dag.py
[2026-07-14T20:24:25.958+0000] {processor.py:925} INFO - DAG(s) 'weather_scrape_and_load' retrieved from /opt/airflow/dags/weather_scrape_dag.py
[2026-07-14T20:24:25.975+0000] {logging_mixin.py:190} INFO - [2026-07-14T20:24:25.975+0000] {dag.py:3239} INFO - Sync 1 DAGs
[2026-07-14T20:24:25.993+0000] {logging_mixin.py:190} INFO - [2026-07-14T20:24:25.993+0000] {dag.py:4180} INFO - Setting next_dagrun for weather_scrape_and_load to 2026-07-14 20:00:00+00:00, run_after=2026-07-14 21:00:00+00:00
[2026-07-14T20:24:26.005+0000] {processor.py:208} INFO - Processing /opt/airflow/dags/weather_scrape_dag.py took 0.068 seconds
[2026-07-14T20:24:56.055+0000] {processor.py:186} INFO - Started process (PID=6848) to work on /opt/airflow/dags/weather_scrape_dag.py
[2026-07-14T20:24:56.055+0000] {processor.py:914} INFO - Processing file /opt/airflow/dags/weather_scrape_dag.py for tasks to queue
[2026-07-14T20:24:56.056+0000] {logging_mixin.py:190} INFO - [2026-07-14T20:24:56.056+0000] {dagbag.py:588} INFO - Filling up the DagBag from /opt/airflow/dags/weather_scrape_dag.py
[2026-07-14T20:24:56.064+0000] {processor.py:925} INFO - DAG(s) 'weather_scrape_and_load' retrieved from /opt/airflow/dags/weather_scrape_dag.py
[2026-07-14T20:24:56.084+0000] {logging_mixin.py:190} INFO - [2026-07-14T20:24:56.084+0000] {dag.py:3239} INFO - Sync 1 DAGs
[2026-07-14T20:24:56.101+0000] {logging_mixin.py:190} INFO - [2026-07-14T20:24:56.101+0000] {dag.py:4180} INFO - Setting next_dagrun for weather_scrape_and_load to 2026-07-14 20:00:00+00:00, run_after=2026-07-14 21:00:00+00:00
[2026-07-14T20:24:56.115+0000] {processor.py:208} INFO - Processing /opt/airflow/dags/weather_scrape_dag.py took 0.064 seconds
[2026-07-14T20:25:26.220+0000] {processor.py:186} INFO - Started process (PID=6853) to work on /opt/airflow/dags/weather_scrape_dag.py
[2026-07-14T20:25:26.228+0000] {processor.py:914} INFO - Processing file /opt/airflow/dags/weather_scrape_dag.py for tasks to queue
[2026-07-14T20:25:26.229+0000] {logging_mixin.py:190} INFO - [2026-07-14T20:25:26.229+0000] {dagbag.py:588} INFO - Filling up the DagBag from /opt/airflow/dags/weather_scrape_dag.py
[2026-07-14T20:25:26.236+0000] {processor.py:925} INFO - DAG(s) 'weather_scrape_and_load' retrieved from /opt/airflow/dags/weather_scrape_dag.py
[2026-07-14T20:25:26.251+0000] {logging_mixin.py:190} INFO - [2026-07-14T20:25:26.251+0000] {dag.py:3239} INFO - Sync 1 DAGs
[2026-07-14T20:25:26.265+0000] {logging_mixin.py:190} INFO - [2026-07-14T20:25:26.265+0000] {dag.py:4180} INFO - Setting next_dagrun for weather_scrape_and_load to 2026-07-14 20:00:00+00:00, run_after=2026-07-14 21:00:00+00:00
[2026-07-14T20:25:26.277+0000] {processor.py:208} INFO - Processing /opt/airflow/dags/weather_scrape_dag.py took 0.061 seconds
[2026-07-14T20:25:56.341+0000] {processor.py:186} INFO - Started process (PID=6858) to work on /opt/airflow/dags/weather_scrape_dag.py
[2026-07-14T20:25:56.342+0000] {processor.py:914} INFO - Processing file /opt/airflow/dags/weather_scrape_dag.py for tasks to queue
[2026-07-14T20:25:56.343+0000] {logging_mixin.py:190} INFO - [2026-07-14T20:25:56.343+0000] {dagbag.py:588} INFO - Filling up the DagBag from /opt/airflow/dags/weather_scrape_dag.py
[2026-07-14T20:25:56.351+0000] {processor.py:925} INFO - DAG(s) 'weather_scrape_and_load' retrieved from /opt/airflow/dags/weather_scrape_dag.py
[2026-07-14T20:25:56.369+0000] {logging_mixin.py:190} INFO - [2026-07-14T20:25:56.369+0000] {dag.py:3239} INFO - Sync 1 DAGs
[2026-07-14T20:25:56.386+0000] {logging_mixin.py:190} INFO - [2026-07-14T20:25:56.386+0000] {dag.py:4180} INFO - Setting next_dagrun for weather_scrape_and_load to 2026-07-14 20:00:00+00:00, run_after=2026-07-14 21:00:00+00:00
[2026-07-14T20:25:56.399+0000] {processor.py:208} INFO - Processing /opt/airflow/dags/weather_scrape_dag.py took 0.062 seconds
[2026-07-14T20:26:26.490+0000] {processor.py:186} INFO - Started process (PID=6863) to work on /opt/airflow/dags/weather_scrape_dag.py
[2026-07-14T20:26:26.497+0000] {processor.py:914} INFO - Processing file /opt/airflow/dags/weather_scrape_dag.py for tasks to queue
[2026-07-14T20:26:26.499+0000] {logging_mixin.py:190} INFO - [2026-07-14T20:26:26.499+0000] {dagbag.py:588} INFO - Filling up the DagBag from /opt/airflow/dags/weather_scrape_dag.py
[2026-07-14T20:26:26.506+0000] {processor.py:925} INFO - DAG(s) 'weather_scrape_and_load' retrieved from /opt/airflow/dags/weather_scrape_dag.py
[2026-07-14T20:26:26.522+0000] {logging_mixin.py:190} INFO - [2026-07-14T20:26:26.522+0000] {dag.py:3239} INFO - Sync 1 DAGs
[2026-07-14T20:26:26.536+0000] {logging_mixin.py:190} INFO - [2026-07-14T20:26:26.536+0000] {dag.py:4180} INFO - Setting next_dagrun for weather_scrape_and_load to 2026-07-14 20:00:00+00:00, run_after=2026-07-14 21:00:00+00:00
[2026-07-14T20:26:26.548+0000] {processor.py:208} INFO - Processing /opt/airflow/dags/weather_scrape_dag.py took 0.062 seconds
[2026-07-14T20:26:56.617+0000] {processor.py:186} INFO - Started process (PID=6868) to work on /opt/airflow/dags/weather_scrape_dag.py
[2026-07-14T20:26:56.617+0000] {processor.py:914} INFO - Processing file /opt/airflow/dags/weather_scrape_dag.py for tasks to queue
[2026-07-14T20:26:56.619+0000] {logging_mixin.py:190} INFO - [2026-07-14T20:26:56.619+0000] {dagbag.py:588} INFO - Filling up the DagBag from /opt/airflow/dags/weather_scrape_dag.py
[2026-07-14T20:26:56.625+0000] {processor.py:925} INFO - DAG(s) 'weather_scrape_and_load' retrieved from /opt/airflow/dags/weather_scrape_dag.py
[2026-07-14T20:26:56.641+0000] {logging_mixin.py:190} INFO - [2026-07-14T20:26:56.641+0000] {dag.py:3239} INFO - Sync 1 DAGs
[2026-07-14T20:26:56.655+0000] {logging_mixin.py:190} INFO - [2026-07-14T20:26:56.655+0000] {dag.py:4180} INFO - Setting next_dagrun for weather_scrape_and_load to 2026-07-14 20:00:00+00:00, run_after=2026-07-14 21:00:00+00:00
[2026-07-14T20:26:56.668+0000] {processor.py:208} INFO - Processing /opt/airflow/dags/weather_scrape_dag.py took 0.054 seconds
[2026-07-14T20:27:26.767+0000] {processor.py:186} INFO - Started process (PID=6873) to work on /opt/airflow/dags/weather_scrape_dag.py
[2026-07-14T20:27:26.775+0000] {processor.py:914} INFO - Processing file /opt/airflow/dags/weather_scrape_dag.py for tasks to queue
[2026-07-14T20:27:26.777+0000] {logging_mixin.py:190} INFO - [2026-07-14T20:27:26.776+0000] {dagbag.py:588} INFO - Filling up the DagBag from /opt/airflow/dags/weather_scrape_dag.py
[2026-07-14T20:27:26.783+0000] {processor.py:925} INFO - DAG(s) 'weather_scrape_and_load' retrieved from /opt/airflow/dags/weather_scrape_dag.py
[2026-07-14T20:27:26.798+0000] {logging_mixin.py:190} INFO - [2026-07-14T20:27:26.798+0000] {dag.py:3239} INFO - Sync 1 DAGs
[2026-07-14T20:27:26.813+0000] {logging_mixin.py:190} INFO - [2026-07-14T20:27:26.812+0000] {dag.py:4180} INFO - Setting next_dagrun for weather_scrape_and_load to 2026-07-14 20:00:00+00:00, run_after=2026-07-14 21:00:00+00:00
[2026-07-14T20:27:26.823+0000] {processor.py:208} INFO - Processing /opt/airflow/dags/weather_scrape_dag.py took 0.059 seconds
[2026-07-14T20:27:56.884+0000] {processor.py:186} INFO - Started process (PID=6878) to work on /opt/airflow/dags/weather_scrape_dag.py
[2026-07-14T20:27:56.884+0000] {processor.py:914} INFO - Processing file /opt/airflow/dags/weather_scrape_dag.py for tasks to queue
[2026-07-14T20:27:56.885+0000] {logging_mixin.py:190} INFO - [2026-07-14T20:27:56.885+0000] {dagbag.py:588} INFO - Filling up the DagBag from /opt/airflow/dags/weather_scrape_dag.py
[2026-07-14T20:27:56.892+0000] {processor.py:925} INFO - DAG(s) 'weather_scrape_and_load' retrieved from /opt/airflow/dags/weather_scrape_dag.py
[2026-07-14T20:27:56.916+0000] {logging_mixin.py:190} INFO - [2026-07-14T20:27:56.916+0000] {dag.py:3239} INFO - Sync 1 DAGs
[2026-07-14T20:27:56.942+0000] {logging_mixin.py:190} INFO - [2026-07-14T20:27:56.942+0000] {dag.py:4180} INFO - Setting next_dagrun for weather_scrape_and_load to 2026-07-14 20:00:00+00:00, run_after=2026-07-14 21:00:00+00:00
[2026-07-14T20:27:56.960+0000] {processor.py:208} INFO - Processing /opt/airflow/dags/weather_scrape_dag.py took 0.081 seconds
[2026-07-14T20:28:27.028+0000] {processor.py:186} INFO - Started process (PID=6883) to work on /opt/airflow/dags/weather_scrape_dag.py
[2026-07-14T20:28:27.029+0000] {processor.py:914} INFO - Processing file /opt/airflow/dags/weather_scrape_dag.py for tasks to queue
[2026-07-14T20:28:27.030+0000] {logging_mixin.py:190} INFO - [2026-07-14T20:28:27.030+0000] {dagbag.py:588} INFO - Filling up the DagBag from /opt/airflow/dags/weather_scrape_dag.py
[2026-07-14T20:28:27.037+0000] {processor.py:925} INFO - DAG(s) 'weather_scrape_and_load' retrieved from /opt/airflow/dags/weather_scrape_dag.py
[2026-07-14T20:28:27.056+0000] {logging_mixin.py:190} INFO - [2026-07-14T20:28:27.056+0000] {dag.py:3239} INFO - Sync 1 DAGs
[2026-07-14T20:28:27.074+0000] {logging_mixin.py:190} INFO - [2026-07-14T20:28:27.073+0000] {dag.py:4180} INFO - Setting next_dagrun for weather_scrape_and_load to 2026-07-14 20:00:00+00:00, run_after=2026-07-14 21:00:00+00:00
[2026-07-14T20:28:27.090+0000] {processor.py:208} INFO - Processing /opt/airflow/dags/weather_scrape_dag.py took 0.065 seconds
[2026-07-14T20:28:57.178+0000] {processor.py:186} INFO - Started process (PID=6888) to work on /opt/airflow/dags/weather_scrape_dag.py
[2026-07-14T20:28:57.179+0000] {processor.py:914} INFO - Processing file /opt/airflow/dags/weather_scrape_dag.py for tasks to queue
[2026-07-14T20:28:57.180+0000] {logging_mixin.py:190} INFO - [2026-07-14T20:28:57.180+0000] {dagbag.py:588} INFO - Filling up the DagBag from /opt/airflow/dags/weather_scrape_dag.py
[2026-07-14T20:28:57.187+0000] {processor.py:925} INFO - DAG(s) 'weather_scrape_and_load' retrieved from /opt/airflow/dags/weather_scrape_dag.py
[2026-07-14T20:28:57.202+0000] {logging_mixin.py:190} INFO - [2026-07-14T20:28:57.202+0000] {dag.py:3239} INFO - Sync 1 DAGs
[2026-07-14T20:28:57.217+0000] {logging_mixin.py:190} INFO - [2026-07-14T20:28:57.216+0000] {dag.py:4180} INFO - Setting next_dagrun for weather_scrape_and_load to 2026-07-14 20:00:00+00:00, run_after=2026-07-14 21:00:00+00:00
[2026-07-14T20:28:57.229+0000] {processor.py:208} INFO - Processing /opt/airflow/dags/weather_scrape_dag.py took 0.053 seconds
[2026-07-14T20:29:27.309+0000] {processor.py:186} INFO - Started process (PID=6893) to work on /opt/airflow/dags/weather_scrape_dag.py
[2026-07-14T20:29:27.310+0000] {processor.py:914} INFO - Processing file /opt/airflow/dags/weather_scrape_dag.py for tasks to queue
[2026-07-14T20:29:27.311+0000] {logging_mixin.py:190} INFO - [2026-07-14T20:29:27.311+0000] {dagbag.py:588} INFO - Filling up the DagBag from /opt/airflow/dags/weather_scrape_dag.py
[2026-07-14T20:29:27.318+0000] {processor.py:925} INFO - DAG(s) 'weather_scrape_and_load' retrieved from /opt/airflow/dags/weather_scrape_dag.py
[2026-07-14T20:29:27.334+0000] {logging_mixin.py:190} INFO - [2026-07-14T20:29:27.334+0000] {dag.py:3239} INFO - Sync 1 DAGs
[2026-07-14T20:29:27.348+0000] {logging_mixin.py:190} INFO - [2026-07-14T20:29:27.348+0000] {dag.py:4180} INFO - Setting next_dagrun for weather_scrape_and_load to 2026-07-14 20:00:00+00:00, run_after=2026-07-14 21:00:00+00:00
[2026-07-14T20:29:27.359+0000] {processor.py:208} INFO - Processing /opt/airflow/dags/weather_scrape_dag.py took 0.053 seconds
[2026-07-14T20:29:57.449+0000] {processor.py:186} INFO - Started process (PID=6898) to work on /opt/airflow/dags/weather_scrape_dag.py
[2026-07-14T20:29:57.449+0000] {processor.py:914} INFO - Processing file /opt/airflow/dags/weather_scrape_dag.py for tasks to queue
[2026-07-14T20:29:57.451+0000] {logging_mixin.py:190} INFO - [2026-07-14T20:29:57.451+0000] {dagbag.py:588} INFO - Filling up the DagBag from /opt/airflow/dags/weather_scrape_dag.py
[2026-07-14T20:29:57.459+0000] {processor.py:925} INFO - DAG(s) 'weather_scrape_and_load' retrieved from /opt/airflow/dags/weather_scrape_dag.py
[2026-07-14T20:29:57.478+0000] {logging_mixin.py:190} INFO - [2026-07-14T20:29:57.478+0000] {dag.py:3239} INFO - Sync 1 DAGs
[2026-07-14T20:29:57.493+0000] {logging_mixin.py:190} INFO - [2026-07-14T20:29:57.493+0000] {dag.py:4180} INFO - Setting next_dagrun for weather_scrape_and_load to 2026-07-14 20:00:00+00:00, run_after=2026-07-14 21:00:00+00:00
[2026-07-14T20:29:57.506+0000] {processor.py:208} INFO - Processing /opt/airflow/dags/weather_scrape_dag.py took 0.061 seconds
[2026-07-14T20:30:27.561+0000] {processor.py:186} INFO - Started process (PID=6903) to work on /opt/airflow/dags/weather_scrape_dag.py
[2026-07-14T20:30:27.569+0000] {processor.py:914} INFO - Processing file /opt/airflow/dags/weather_scrape_dag.py for tasks to queue
[2026-07-14T20:30:27.571+0000] {logging_mixin.py:190} INFO - [2026-07-14T20:30:27.571+0000] {dagbag.py:588} INFO - Filling up the DagBag from /opt/airflow/dags/weather_scrape_dag.py
[2026-07-14T20:30:27.578+0000] {processor.py:925} INFO - DAG(s) 'weather_scrape_and_load' retrieved from /opt/airflow/dags/weather_scrape_dag.py
[2026-07-14T20:30:27.596+0000] {logging_mixin.py:190} INFO - [2026-07-14T20:30:27.596+0000] {dag.py:3239} INFO - Sync 1 DAGs
[2026-07-14T20:30:27.611+0000] {logging_mixin.py:190} INFO - [2026-07-14T20:30:27.611+0000] {dag.py:4180} INFO - Setting next_dagrun for weather_scrape_and_load to 2026-07-14 20:00:00+00:00, run_after=2026-07-14 21:00:00+00:00
[2026-07-14T20:30:27.624+0000] {processor.py:208} INFO - Processing /opt/airflow/dags/weather_scrape_dag.py took 0.067 seconds
[2026-07-14T20:30:57.713+0000] {processor.py:186} INFO - Started process (PID=6908) to work on /opt/airflow/dags/weather_scrape_dag.py
[2026-07-14T20:30:57.714+0000] {processor.py:914} INFO - Processing file /opt/airflow/dags/weather_scrape_dag.py for tasks to queue
[2026-07-14T20:30:57.715+0000] {logging_mixin.py:190} INFO - [2026-07-14T20:30:57.715+0000] {dagbag.py:588} INFO - Filling up the DagBag from /opt/airflow/dags/weather_scrape_dag.py
[2026-07-14T20:30:57.722+0000] {processor.py:925} INFO - DAG(s) 'weather_scrape_and_load' retrieved from /opt/airflow/dags/weather_scrape_dag.py
[2026-07-14T20:30:57.739+0000] {logging_mixin.py:190} INFO - [2026-07-14T20:30:57.738+0000] {dag.py:3239} INFO - Sync 1 DAGs
[2026-07-14T20:30:57.753+0000] {logging_mixin.py:190} INFO - [2026-07-14T20:30:57.753+0000] {dag.py:4180} INFO - Setting next_dagrun for weather_scrape_and_load to 2026-07-14 20:00:00+00:00, run_after=2026-07-14 21:00:00+00:00
[2026-07-14T20:30:57.766+0000] {processor.py:208} INFO - Processing /opt/airflow/dags/weather_scrape_dag.py took 0.056 seconds
[2026-07-14T20:31:27.839+0000] {processor.py:186} INFO - Started process (PID=6913) to work on /opt/airflow/dags/weather_scrape_dag.py
[2026-07-14T20:31:27.840+0000] {processor.py:914} INFO - Processing file /opt/airflow/dags/weather_scrape_dag.py for tasks to queue
[2026-07-14T20:31:27.842+0000] {logging_mixin.py:190} INFO - [2026-07-14T20:31:27.841+0000] {dagbag.py:588} INFO - Filling up the DagBag from /opt/airflow/dags/weather_scrape_dag.py
[2026-07-14T20:31:27.851+0000] {processor.py:925} INFO - DAG(s) 'weather_scrape_and_load' retrieved from /opt/airflow/dags/weather_scrape_dag.py
[2026-07-14T20:31:27.868+0000] {logging_mixin.py:190} INFO - [2026-07-14T20:31:27.868+0000] {dag.py:3239} INFO - Sync 1 DAGs
[2026-07-14T20:31:27.887+0000] {logging_mixin.py:190} INFO - [2026-07-14T20:31:27.887+0000] {dag.py:4180} INFO - Setting next_dagrun for weather_scrape_and_load to 2026-07-14 20:00:00+00:00, run_after=2026-07-14 21:00:00+00:00
[2026-07-14T20:31:27.900+0000] {processor.py:208} INFO - Processing /opt/airflow/dags/weather_scrape_dag.py took 0.073 seconds
[2026-07-14T20:31:57.972+0000] {processor.py:186} INFO - Started process (PID=6918) to work on /opt/airflow/dags/weather_scrape_dag.py
[2026-07-14T20:31:57.972+0000] {processor.py:914} INFO - Processing file /opt/airflow/dags/weather_scrape_dag.py for tasks to queue
[2026-07-14T20:31:57.973+0000] {logging_mixin.py:190} INFO - [2026-07-14T20:31:57.973+0000] {dagbag.py:588} INFO - Filling up the DagBag from /opt/airflow/dags/weather_scrape_dag.py
[2026-07-14T20:31:57.981+0000] {processor.py:925} INFO - DAG(s) 'weather_scrape_and_load' retrieved from /opt/airflow/dags/weather_scrape_dag.py
[2026-07-14T20:31:57.997+0000] {logging_mixin.py:190} INFO - [2026-07-14T20:31:57.996+0000] {dag.py:3239} INFO - Sync 1 DAGs
[2026-07-14T20:31:58.011+0000] {logging_mixin.py:190} INFO - [2026-07-14T20:31:58.011+0000] {dag.py:4180} INFO - Setting next_dagrun for weather_scrape_and_load to 2026-07-14 20:00:00+00:00, run_after=2026-07-14 21:00:00+00:00
[2026-07-14T20:31:58.027+0000] {processor.py:208} INFO - Processing /opt/airflow/dags/weather_scrape_dag.py took 0.059 seconds
[2026-07-14T20:32:28.107+0000] {processor.py:186} INFO - Started process (PID=6923) to work on /opt/airflow/dags/weather_scrape_dag.py
[2026-07-14T20:32:28.110+0000] {processor.py:914} INFO - Processing file /opt/airflow/dags/weather_scrape_dag.py for tasks to queue
[2026-07-14T20:32:28.111+0000] {logging_mixin.py:190} INFO - [2026-07-14T20:32:28.111+0000] {dagbag.py:588} INFO - Filling up the DagBag from /opt/airflow/dags/weather_scrape_dag.py
[2026-07-14T20:32:28.118+0000] {processor.py:925} INFO - DAG(s) 'weather_scrape_and_load' retrieved from /opt/airflow/dags/weather_scrape_dag.py
[2026-07-14T20:32:28.134+0000] {logging_mixin.py:190} INFO - [2026-07-14T20:32:28.134+0000] {dag.py:3239} INFO - Sync 1 DAGs
[2026-07-14T20:32:28.149+0000] {logging_mixin.py:190} INFO - [2026-07-14T20:32:28.149+0000] {dag.py:4180} INFO - Setting next_dagrun for weather_scrape_and_load to 2026-07-14 20:00:00+00:00, run_after=2026-07-14 21:00:00+00:00
[2026-07-14T20:32:28.162+0000] {processor.py:208} INFO - Processing /opt/airflow/dags/weather_scrape_dag.py took 0.059 seconds
[2026-07-14T20:32:58.237+0000] {processor.py:186} INFO - Started process (PID=6928) to work on /opt/airflow/dags/weather_scrape_dag.py
[2026-07-14T20:32:58.237+0000] {processor.py:914} INFO - Processing file /opt/airflow/dags/weather_scrape_dag.py for tasks to queue
[2026-07-14T20:32:58.238+0000] {logging_mixin.py:190} INFO - [2026-07-14T20:32:58.238+0000] {dagbag.py:588} INFO - Filling up the DagBag from /opt/airflow/dags/weather_scrape_dag.py
[2026-07-14T20:32:58.246+0000] {processor.py:925} INFO - DAG(s) 'weather_scrape_and_load' retrieved from /opt/airflow/dags/weather_scrape_dag.py
[2026-07-14T20:32:58.267+0000] {logging_mixin.py:190} INFO - [2026-07-14T20:32:58.267+0000] {dag.py:3239} INFO - Sync 1 DAGs
[2026-07-14T20:32:58.287+0000] {logging_mixin.py:190} INFO - [2026-07-14T20:32:58.287+0000] {dag.py:4180} INFO - Setting next_dagrun for weather_scrape_and_load to 2026-07-14 20:00:00+00:00, run_after=2026-07-14 21:00:00+00:00
[2026-07-14T20:32:58.301+0000] {processor.py:208} INFO - Processing /opt/airflow/dags/weather_scrape_dag.py took 0.069 seconds
[2026-07-14T20:33:28.374+0000] {processor.py:186} INFO - Started process (PID=6933) to work on /opt/airflow/dags/weather_scrape_dag.py
[2026-07-14T20:33:28.382+0000] {processor.py:914} INFO - Processing file /opt/airflow/dags/weather_scrape_dag.py for tasks to queue
[2026-07-14T20:33:28.384+0000] {logging_mixin.py:190} INFO - [2026-07-14T20:33:28.384+0000] {dagbag.py:588} INFO - Filling up the DagBag from /opt/airflow/dags/weather_scrape_dag.py
[2026-07-14T20:33:28.391+0000] {processor.py:925} INFO - DAG(s) 'weather_scrape_and_load' retrieved from /opt/airflow/dags/weather_scrape_dag.py
[2026-07-14T20:33:28.408+0000] {logging_mixin.py:190} INFO - [2026-07-14T20:33:28.408+0000] {dag.py:3239} INFO - Sync 1 DAGs
[2026-07-14T20:33:28.423+0000] {logging_mixin.py:190} INFO - [2026-07-14T20:33:28.423+0000] {dag.py:4180} INFO - Setting next_dagrun for weather_scrape_and_load to 2026-07-14 20:00:00+00:00, run_after=2026-07-14 21:00:00+00:00
[2026-07-14T20:33:28.435+0000] {processor.py:208} INFO - Processing /opt/airflow/dags/weather_scrape_dag.py took 0.065 seconds
[2026-07-14T20:33:58.505+0000] {processor.py:186} INFO - Started process (PID=6938) to work on /opt/airflow/dags/weather_scrape_dag.py
[2026-07-14T20:33:58.506+0000] {processor.py:914} INFO - Processing file /opt/airflow/dags/weather_scrape_dag.py for tasks to queue
[2026-07-14T20:33:58.507+0000] {logging_mixin.py:190} INFO - [2026-07-14T20:33:58.507+0000] {dagbag.py:588} INFO - Filling up the DagBag from /opt/airflow/dags/weather_scrape_dag.py
[2026-07-14T20:33:58.516+0000] {processor.py:925} INFO - DAG(s) 'weather_scrape_and_load' retrieved from /opt/airflow/dags/weather_scrape_dag.py
[2026-07-14T20:33:58.536+0000] {logging_mixin.py:190} INFO - [2026-07-14T20:33:58.536+0000] {dag.py:3239} INFO - Sync 1 DAGs
[2026-07-14T20:33:58.555+0000] {logging_mixin.py:190} INFO - [2026-07-14T20:33:58.554+0000] {dag.py:4180} INFO - Setting next_dagrun for weather_scrape_and_load to 2026-07-14 20:00:00+00:00, run_after=2026-07-14 21:00:00+00:00
[2026-07-14T20:33:58.571+0000] {processor.py:208} INFO - Processing /opt/airflow/dags/weather_scrape_dag.py took 0.070 seconds
[2026-07-14T20:34:28.638+0000] {processor.py:186} INFO - Started process (PID=6943) to work on /opt/airflow/dags/weather_scrape_dag.py
[2026-07-14T20:34:28.639+0000] {processor.py:914} INFO - Processing file /opt/airflow/dags/weather_scrape_dag.py for tasks to queue
[2026-07-14T20:34:28.640+0000] {logging_mixin.py:190} INFO - [2026-07-14T20:34:28.640+0000] {dagbag.py:588} INFO - Filling up the DagBag from /opt/airflow/dags/weather_scrape_dag.py
[2026-07-14T20:34:28.648+0000] {processor.py:925} INFO - DAG(s) 'weather_scrape_and_load' retrieved from /opt/airflow/dags/weather_scrape_dag.py
[2026-07-14T20:34:28.665+0000] {logging_mixin.py:190} INFO - [2026-07-14T20:34:28.665+0000] {dag.py:3239} INFO - Sync 1 DAGs
[2026-07-14T20:34:28.681+0000] {logging_mixin.py:190} INFO - [2026-07-14T20:34:28.681+0000] {dag.py:4180} INFO - Setting next_dagrun for weather_scrape_and_load to 2026-07-14 20:00:00+00:00, run_after=2026-07-14 21:00:00+00:00
[2026-07-14T20:34:28.694+0000] {processor.py:208} INFO - Processing /opt/airflow/dags/weather_scrape_dag.py took 0.059 seconds
[2026-07-14T20:34:58.776+0000] {processor.py:186} INFO - Started process (PID=6948) to work on /opt/airflow/dags/weather_scrape_dag.py
[2026-07-14T20:34:58.777+0000] {processor.py:914} INFO - Processing file /opt/airflow/dags/weather_scrape_dag.py for tasks to queue
[2026-07-14T20:34:58.778+0000] {logging_mixin.py:190} INFO - [2026-07-14T20:34:58.778+0000] {dagbag.py:588} INFO - Filling up the DagBag from /opt/airflow/dags/weather_scrape_dag.py
[2026-07-14T20:34:58.785+0000] {processor.py:925} INFO - DAG(s) 'weather_scrape_and_load' retrieved from /opt/airflow/dags/weather_scrape_dag.py
[2026-07-14T20:34:58.800+0000] {logging_mixin.py:190} INFO - [2026-07-14T20:34:58.800+0000] {dag.py:3239} INFO - Sync 1 DAGs
[2026-07-14T20:34:58.815+0000] {logging_mixin.py:190} INFO - [2026-07-14T20:34:58.815+0000] {dag.py:4180} INFO - Setting next_dagrun for weather_scrape_and_load to 2026-07-14 20:00:00+00:00, run_after=2026-07-14 21:00:00+00:00
[2026-07-14T20:34:58.827+0000] {processor.py:208} INFO - Processing /opt/airflow/dags/weather_scrape_dag.py took 0.055 seconds
[2026-07-14T20:35:28.894+0000] {processor.py:186} INFO - Started process (PID=6953) to work on /opt/airflow/dags/weather_scrape_dag.py
[2026-07-14T20:35:28.902+0000] {processor.py:914} INFO - Processing file /opt/airflow/dags/weather_scrape_dag.py for tasks to queue
[2026-07-14T20:35:28.903+0000] {logging_mixin.py:190} INFO - [2026-07-14T20:35:28.903+0000] {dagbag.py:588} INFO - Filling up the DagBag from /opt/airflow/dags/weather_scrape_dag.py
[2026-07-14T20:35:28.910+0000] {processor.py:925} INFO - DAG(s) 'weather_scrape_and_load' retrieved from /opt/airflow/dags/weather_scrape_dag.py
[2026-07-14T20:35:28.928+0000] {logging_mixin.py:190} INFO - [2026-07-14T20:35:28.927+0000] {dag.py:3239} INFO - Sync 1 DAGs
[2026-07-14T20:35:28.944+0000] {logging_mixin.py:190} INFO - [2026-07-14T20:35:28.944+0000] {dag.py:4180} INFO - Setting next_dagrun for weather_scrape_and_load to 2026-07-14 20:00:00+00:00, run_after=2026-07-14 21:00:00+00:00
[2026-07-14T20:35:28.957+0000] {processor.py:208} INFO - Processing /opt/airflow/dags/weather_scrape_dag.py took 0.067 seconds
[2026-07-14T20:35:59.035+0000] {processor.py:186} INFO - Started process (PID=6958) to work on /opt/airflow/dags/weather_scrape_dag.py
[2026-07-14T20:35:59.036+0000] {processor.py:914} INFO - Processing file /opt/airflow/dags/weather_scrape_dag.py for tasks to queue
[2026-07-14T20:35:59.037+0000] {logging_mixin.py:190} INFO - [2026-07-14T20:35:59.037+0000] {dagbag.py:588} INFO - Filling up the DagBag from /opt/airflow/dags/weather_scrape_dag.py
[2026-07-14T20:35:59.048+0000] {processor.py:925} INFO - DAG(s) 'weather_scrape_and_load' retrieved from /opt/airflow/dags/weather_scrape_dag.py
[2026-07-14T20:35:59.069+0000] {logging_mixin.py:190} INFO - [2026-07-14T20:35:59.069+0000] {dag.py:3239} INFO - Sync 1 DAGs
[2026-07-14T20:35:59.088+0000] {logging_mixin.py:190} INFO - [2026-07-14T20:35:59.087+0000] {dag.py:4180} INFO - Setting next_dagrun for weather_scrape_and_load to 2026-07-14 20:00:00+00:00, run_after=2026-07-14 21:00:00+00:00
[2026-07-14T20:35:59.105+0000] {processor.py:208} INFO - Processing /opt/airflow/dags/weather_scrape_dag.py took 0.075 seconds
[2026-07-14T20:36:29.152+0000] {processor.py:186} INFO - Started process (PID=6963) to work on /opt/airflow/dags/weather_scrape_dag.py
[2026-07-14T20:36:29.152+0000] {processor.py:914} INFO - Processing file /opt/airflow/dags/weather_scrape_dag.py for tasks to queue
[2026-07-14T20:36:29.154+0000] {logging_mixin.py:190} INFO - [2026-07-14T20:36:29.153+0000] {dagbag.py:588} INFO - Filling up the DagBag from /opt/airflow/dags/weather_scrape_dag.py
[2026-07-14T20:36:29.161+0000] {processor.py:925} INFO - DAG(s) 'weather_scrape_and_load' retrieved from /opt/airflow/dags/weather_scrape_dag.py
[2026-07-14T20:36:29.178+0000] {logging_mixin.py:190} INFO - [2026-07-14T20:36:29.178+0000] {dag.py:3239} INFO - Sync 1 DAGs
[2026-07-14T20:36:29.193+0000] {logging_mixin.py:190} INFO - [2026-07-14T20:36:29.193+0000] {dag.py:4180} INFO - Setting next_dagrun for weather_scrape_and_load to 2026-07-14 20:00:00+00:00, run_after=2026-07-14 21:00:00+00:00
[2026-07-14T20:36:29.206+0000] {processor.py:208} INFO - Processing /opt/airflow/dags/weather_scrape_dag.py took 0.058 seconds
[2026-07-14T20:36:59.309+0000] {processor.py:186} INFO - Started process (PID=6968) to work on /opt/airflow/dags/weather_scrape_dag.py
[2026-07-14T20:36:59.317+0000] {processor.py:914} INFO - Processing file /opt/airflow/dags/weather_scrape_dag.py for tasks to queue
[2026-07-14T20:36:59.318+0000] {logging_mixin.py:190} INFO - [2026-07-14T20:36:59.318+0000] {dagbag.py:588} INFO - Filling up the DagBag from /opt/airflow/dags/weather_scrape_dag.py
[2026-07-14T20:36:59.326+0000] {processor.py:925} INFO - DAG(s) 'weather_scrape_and_load' retrieved from /opt/airflow/dags/weather_scrape_dag.py
[2026-07-14T20:36:59.342+0000] {logging_mixin.py:190} INFO - [2026-07-14T20:36:59.342+0000] {dag.py:3239} INFO - Sync 1 DAGs
[2026-07-14T20:36:59.357+0000] {logging_mixin.py:190} INFO - [2026-07-14T20:36:59.357+0000] {dag.py:4180} INFO - Setting next_dagrun for weather_scrape_and_load to 2026-07-14 20:00:00+00:00, run_after=2026-07-14 21:00:00+00:00
[2026-07-14T20:36:59.369+0000] {processor.py:208} INFO - Processing /opt/airflow/dags/weather_scrape_dag.py took 0.064 seconds
[2026-07-14T20:37:29.420+0000] {processor.py:186} INFO - Started process (PID=6973) to work on /opt/airflow/dags/weather_scrape_dag.py
[2026-07-14T20:37:29.420+0000] {processor.py:914} INFO - Processing file /opt/airflow/dags/weather_scrape_dag.py for tasks to queue
[2026-07-14T20:37:29.421+0000] {logging_mixin.py:190} INFO - [2026-07-14T20:37:29.421+0000] {dagbag.py:588} INFO - Filling up the DagBag from /opt/airflow/dags/weather_scrape_dag.py
[2026-07-14T20:37:29.428+0000] {processor.py:925} INFO - DAG(s) 'weather_scrape_and_load' retrieved from /opt/airflow/dags/weather_scrape_dag.py
[2026-07-14T20:37:29.444+0000] {logging_mixin.py:190} INFO - [2026-07-14T20:37:29.444+0000] {dag.py:3239} INFO - Sync 1 DAGs
[2026-07-14T20:37:29.459+0000] {logging_mixin.py:190} INFO - [2026-07-14T20:37:29.459+0000] {dag.py:4180} INFO - Setting next_dagrun for weather_scrape_and_load to 2026-07-14 20:00:00+00:00, run_after=2026-07-14 21:00:00+00:00
[2026-07-14T20:37:29.471+0000] {processor.py:208} INFO - Processing /opt/airflow/dags/weather_scrape_dag.py took 0.055 seconds
[2026-07-14T20:37:59.577+0000] {processor.py:186} INFO - Started process (PID=6978) to work on /opt/airflow/dags/weather_scrape_dag.py
[2026-07-14T20:37:59.578+0000] {processor.py:914} INFO - Processing file /opt/airflow/dags/weather_scrape_dag.py for tasks to queue
[2026-07-14T20:37:59.579+0000] {logging_mixin.py:190} INFO - [2026-07-14T20:37:59.579+0000] {dagbag.py:588} INFO - Filling up the DagBag from /opt/airflow/dags/weather_scrape_dag.py
[2026-07-14T20:37:59.586+0000] {processor.py:925} INFO - DAG(s) 'weather_scrape_and_load' retrieved from /opt/airflow/dags/weather_scrape_dag.py
[2026-07-14T20:37:59.603+0000] {logging_mixin.py:190} INFO - [2026-07-14T20:37:59.603+0000] {dag.py:3239} INFO - Sync 1 DAGs
[2026-07-14T20:37:59.619+0000] {logging_mixin.py:190} INFO - [2026-07-14T20:37:59.619+0000] {dag.py:4180} INFO - Setting next_dagrun for weather_scrape_and_load to 2026-07-14 20:00:00+00:00, run_after=2026-07-14 21:00:00+00:00
[2026-07-14T20:37:59.631+0000] {processor.py:208} INFO - Processing /opt/airflow/dags/weather_scrape_dag.py took 0.058 seconds
[2026-07-14T20:38:29.686+0000] {processor.py:186} INFO - Started process (PID=6983) to work on /opt/airflow/dags/weather_scrape_dag.py
[2026-07-14T20:38:29.687+0000] {processor.py:914} INFO - Processing file /opt/airflow/dags/weather_scrape_dag.py for tasks to queue
[2026-07-14T20:38:29.688+0000] {logging_mixin.py:190} INFO - [2026-07-14T20:38:29.688+0000] {dagbag.py:588} INFO - Filling up the DagBag from /opt/airflow/dags/weather_scrape_dag.py
[2026-07-14T20:38:29.696+0000] {processor.py:925} INFO - DAG(s) 'weather_scrape_and_load' retrieved from /opt/airflow/dags/weather_scrape_dag.py
[2026-07-14T20:38:29.713+0000] {logging_mixin.py:190} INFO - [2026-07-14T20:38:29.713+0000] {dag.py:3239} INFO - Sync 1 DAGs
[2026-07-14T20:38:29.729+0000] {logging_mixin.py:190} INFO - [2026-07-14T20:38:29.729+0000] {dag.py:4180} INFO - Setting next_dagrun for weather_scrape_and_load to 2026-07-14 20:00:00+00:00, run_after=2026-07-14 21:00:00+00:00
[2026-07-14T20:38:29.744+0000] {processor.py:208} INFO - Processing /opt/airflow/dags/weather_scrape_dag.py took 0.061 seconds
[2026-07-14T20:38:59.837+0000] {processor.py:186} INFO - Started process (PID=7012) to work on /opt/airflow/dags/weather_scrape_dag.py
[2026-07-14T20:38:59.845+0000] {processor.py:914} INFO - Processing file /opt/airflow/dags/weather_scrape_dag.py for tasks to queue
[2026-07-14T20:38:59.848+0000] {logging_mixin.py:190} INFO - [2026-07-14T20:38:59.847+0000] {dagbag.py:588} INFO - Filling up the DagBag from /opt/airflow/dags/weather_scrape_dag.py
[2026-07-14T20:38:59.858+0000] {processor.py:925} INFO - DAG(s) 'weather_scrape_and_load' retrieved from /opt/airflow/dags/weather_scrape_dag.py
[2026-07-14T20:38:59.877+0000] {logging_mixin.py:190} INFO - [2026-07-14T20:38:59.877+0000] {dag.py:3239} INFO - Sync 1 DAGs
[2026-07-14T20:38:59.898+0000] {logging_mixin.py:190} INFO - [2026-07-14T20:38:59.897+0000] {dag.py:4180} INFO - Setting next_dagrun for weather_scrape_and_load to 2026-07-14 20:00:00+00:00, run_after=2026-07-14 21:00:00+00:00
[2026-07-14T20:38:59.913+0000] {processor.py:208} INFO - Processing /opt/airflow/dags/weather_scrape_dag.py took 0.081 seconds
[2026-07-14T20:39:29.950+0000] {processor.py:186} INFO - Started process (PID=7017) to work on /opt/airflow/dags/weather_scrape_dag.py
[2026-07-14T20:39:29.951+0000] {processor.py:914} INFO - Processing file /opt/airflow/dags/weather_scrape_dag.py for tasks to queue
[2026-07-14T20:39:29.952+0000] {logging_mixin.py:190} INFO - [2026-07-14T20:39:29.952+0000] {dagbag.py:588} INFO - Filling up the DagBag from /opt/airflow/dags/weather_scrape_dag.py
[2026-07-14T20:39:29.959+0000] {processor.py:925} INFO - DAG(s) 'weather_scrape_and_load' retrieved from /opt/airflow/dags/weather_scrape_dag.py
[2026-07-14T20:39:29.976+0000] {logging_mixin.py:190} INFO - [2026-07-14T20:39:29.976+0000] {dag.py:3239} INFO - Sync 1 DAGs
[2026-07-14T20:39:29.992+0000] {logging_mixin.py:190} INFO - [2026-07-14T20:39:29.992+0000] {dag.py:4180} INFO - Setting next_dagrun for weather_scrape_and_load to 2026-07-14 20:00:00+00:00, run_after=2026-07-14 21:00:00+00:00
[2026-07-14T20:39:30.005+0000] {processor.py:208} INFO - Processing /opt/airflow/dags/weather_scrape_dag.py took 0.058 seconds
[2026-07-14T20:40:00.117+0000] {processor.py:186} INFO - Started process (PID=7022) to work on /opt/airflow/dags/weather_scrape_dag.py
[2026-07-14T20:40:00.125+0000] {processor.py:914} INFO - Processing file /opt/airflow/dags/weather_scrape_dag.py for tasks to queue
[2026-07-14T20:40:00.127+0000] {logging_mixin.py:190} INFO - [2026-07-14T20:40:00.126+0000] {dagbag.py:588} INFO - Filling up the DagBag from /opt/airflow/dags/weather_scrape_dag.py
[2026-07-14T20:40:00.133+0000] {processor.py:925} INFO - DAG(s) 'weather_scrape_and_load' retrieved from /opt/airflow/dags/weather_scrape_dag.py
[2026-07-14T20:40:00.148+0000] {logging_mixin.py:190} INFO - [2026-07-14T20:40:00.148+0000] {dag.py:3239} INFO - Sync 1 DAGs
[2026-07-14T20:40:00.162+0000] {logging_mixin.py:190} INFO - [2026-07-14T20:40:00.162+0000] {dag.py:4180} INFO - Setting next_dagrun for weather_scrape_and_load to 2026-07-14 20:00:00+00:00, run_after=2026-07-14 21:00:00+00:00
[2026-07-14T20:40:00.175+0000] {processor.py:208} INFO - Processing /opt/airflow/dags/weather_scrape_dag.py took 0.062 seconds
[2026-07-14T20:40:30.223+0000] {processor.py:186} INFO - Started process (PID=7027) to work on /opt/airflow/dags/weather_scrape_dag.py
[2026-07-14T20:40:30.223+0000] {processor.py:914} INFO - Processing file /opt/airflow/dags/weather_scrape_dag.py for tasks to queue
[2026-07-14T20:40:30.225+0000] {logging_mixin.py:190} INFO - [2026-07-14T20:40:30.224+0000] {dagbag.py:588} INFO - Filling up the DagBag from /opt/airflow/dags/weather_scrape_dag.py
[2026-07-14T20:40:30.232+0000] {processor.py:925} INFO - DAG(s) 'weather_scrape_and_load' retrieved from /opt/airflow/dags/weather_scrape_dag.py
[2026-07-14T20:40:30.248+0000] {logging_mixin.py:190} INFO - [2026-07-14T20:40:30.248+0000] {dag.py:3239} INFO - Sync 1 DAGs
[2026-07-14T20:40:30.263+0000] {logging_mixin.py:190} INFO - [2026-07-14T20:40:30.263+0000] {dag.py:4180} INFO - Setting next_dagrun for weather_scrape_and_load to 2026-07-14 20:00:00+00:00, run_after=2026-07-14 21:00:00+00:00
[2026-07-14T20:40:30.275+0000] {processor.py:208} INFO - Processing /opt/airflow/dags/weather_scrape_dag.py took 0.056 seconds
[2026-07-14T20:41:00.373+0000] {processor.py:186} INFO - Started process (PID=7032) to work on /opt/airflow/dags/weather_scrape_dag.py
[2026-07-14T20:41:00.374+0000] {processor.py:914} INFO - Processing file /opt/airflow/dags/weather_scrape_dag.py for tasks to queue
[2026-07-14T20:41:00.375+0000] {logging_mixin.py:190} INFO - [2026-07-14T20:41:00.375+0000] {dagbag.py:588} INFO - Filling up the DagBag from /opt/airflow/dags/weather_scrape_dag.py
[2026-07-14T20:41:00.382+0000] {processor.py:925} INFO - DAG(s) 'weather_scrape_and_load' retrieved from /opt/airflow/dags/weather_scrape_dag.py
[2026-07-14T20:41:00.399+0000] {logging_mixin.py:190} INFO - [2026-07-14T20:41:00.399+0000] {dag.py:3239} INFO - Sync 1 DAGs
[2026-07-14T20:41:00.415+0000] {logging_mixin.py:190} INFO - [2026-07-14T20:41:00.414+0000] {dag.py:4180} INFO - Setting next_dagrun for weather_scrape_and_load to 2026-07-14 20:00:00+00:00, run_after=2026-07-14 21:00:00+00:00
[2026-07-14T20:41:00.428+0000] {processor.py:208} INFO - Processing /opt/airflow/dags/weather_scrape_dag.py took 0.059 seconds
[2026-07-14T20:41:30.483+0000] {processor.py:186} INFO - Started process (PID=7037) to work on /opt/airflow/dags/weather_scrape_dag.py
[2026-07-14T20:41:30.483+0000] {processor.py:914} INFO - Processing file /opt/airflow/dags/weather_scrape_dag.py for tasks to queue
[2026-07-14T20:41:30.484+0000] {logging_mixin.py:190} INFO - [2026-07-14T20:41:30.484+0000] {dagbag.py:588} INFO - Filling up the DagBag from /opt/airflow/dags/weather_scrape_dag.py
[2026-07-14T20:41:30.492+0000] {processor.py:925} INFO - DAG(s) 'weather_scrape_and_load' retrieved from /opt/airflow/dags/weather_scrape_dag.py
[2026-07-14T20:41:30.510+0000] {logging_mixin.py:190} INFO - [2026-07-14T20:41:30.509+0000] {dag.py:3239} INFO - Sync 1 DAGs
[2026-07-14T20:41:30.526+0000] {logging_mixin.py:190} INFO - [2026-07-14T20:41:30.526+0000] {dag.py:4180} INFO - Setting next_dagrun for weather_scrape_and_load to 2026-07-14 20:00:00+00:00, run_after=2026-07-14 21:00:00+00:00
[2026-07-14T20:41:30.539+0000] {processor.py:208} INFO - Processing /opt/airflow/dags/weather_scrape_dag.py took 0.060 seconds
[2026-07-14T20:42:00.628+0000] {processor.py:186} INFO - Started process (PID=7042) to work on /opt/airflow/dags/weather_scrape_dag.py
[2026-07-14T20:42:00.636+0000] {processor.py:914} INFO - Processing file /opt/airflow/dags/weather_scrape_dag.py for tasks to queue
[2026-07-14T20:42:00.638+0000] {logging_mixin.py:190} INFO - [2026-07-14T20:42:00.637+0000] {dagbag.py:588} INFO - Filling up the DagBag from /opt/airflow/dags/weather_scrape_dag.py
[2026-07-14T20:42:00.648+0000] {processor.py:925} INFO - DAG(s) 'weather_scrape_and_load' retrieved from /opt/airflow/dags/weather_scrape_dag.py
[2026-07-14T20:42:00.669+0000] {logging_mixin.py:190} INFO - [2026-07-14T20:42:00.669+0000] {dag.py:3239} INFO - Sync 1 DAGs
[2026-07-14T20:42:00.691+0000] {logging_mixin.py:190} INFO - [2026-07-14T20:42:00.690+0000] {dag.py:4180} INFO - Setting next_dagrun for weather_scrape_and_load to 2026-07-14 20:00:00+00:00, run_after=2026-07-14 21:00:00+00:00
[2026-07-14T20:42:00.708+0000] {processor.py:208} INFO - Processing /opt/airflow/dags/weather_scrape_dag.py took 0.083 seconds
[2026-07-14T20:42:30.734+0000] {processor.py:186} INFO - Started process (PID=7047) to work on /opt/airflow/dags/weather_scrape_dag.py
[2026-07-14T20:42:30.734+0000] {processor.py:914} INFO - Processing file /opt/airflow/dags/weather_scrape_dag.py for tasks to queue
[2026-07-14T20:42:30.736+0000] {logging_mixin.py:190} INFO - [2026-07-14T20:42:30.736+0000] {dagbag.py:588} INFO - Filling up the DagBag from /opt/airflow/dags/weather_scrape_dag.py
[2026-07-14T20:42:30.743+0000] {processor.py:925} INFO - DAG(s) 'weather_scrape_and_load' retrieved from /opt/airflow/dags/weather_scrape_dag.py
[2026-07-14T20:42:30.759+0000] {logging_mixin.py:190} INFO - [2026-07-14T20:42:30.759+0000] {dag.py:3239} INFO - Sync 1 DAGs
[2026-07-14T20:42:30.775+0000] {logging_mixin.py:190} INFO - [2026-07-14T20:42:30.775+0000] {dag.py:4180} INFO - Setting next_dagrun for weather_scrape_and_load to 2026-07-14 20:00:00+00:00, run_after=2026-07-14 21:00:00+00:00
[2026-07-14T20:42:30.787+0000] {processor.py:208} INFO - Processing /opt/airflow/dags/weather_scrape_dag.py took 0.057 seconds
[2026-07-14T20:43:00.838+0000] {processor.py:186} INFO - Started process (PID=7052) to work on /opt/airflow/dags/weather_scrape_dag.py
[2026-07-14T20:43:00.846+0000] {processor.py:914} INFO - Processing file /opt/airflow/dags/weather_scrape_dag.py for tasks to queue
[2026-07-14T20:43:00.848+0000] {logging_mixin.py:190} INFO - [2026-07-14T20:43:00.847+0000] {dagbag.py:588} INFO - Filling up the DagBag from /opt/airflow/dags/weather_scrape_dag.py
[2026-07-14T20:43:00.855+0000] {processor.py:925} INFO - DAG(s) 'weather_scrape_and_load' retrieved from /opt/airflow/dags/weather_scrape_dag.py
[2026-07-14T20:43:00.872+0000] {logging_mixin.py:190} INFO - [2026-07-14T20:43:00.872+0000] {dag.py:3239} INFO - Sync 1 DAGs
[2026-07-14T20:43:00.890+0000] {logging_mixin.py:190} INFO - [2026-07-14T20:43:00.890+0000] {dag.py:4180} INFO - Setting next_dagrun for weather_scrape_and_load to 2026-07-14 20:00:00+00:00, run_after=2026-07-14 21:00:00+00:00
[2026-07-14T20:43:00.912+0000] {processor.py:208} INFO - Processing /opt/airflow/dags/weather_scrape_dag.py took 0.077 seconds
[2026-07-14T20:43:30.982+0000] {processor.py:186} INFO - Started process (PID=7057) to work on /opt/airflow/dags/weather_scrape_dag.py
[2026-07-14T20:43:30.983+0000] {processor.py:914} INFO - Processing file /opt/airflow/dags/weather_scrape_dag.py for tasks to queue
[2026-07-14T20:43:30.984+0000] {logging_mixin.py:190} INFO - [2026-07-14T20:43:30.984+0000] {dagbag.py:588} INFO - Filling up the DagBag from /opt/airflow/dags/weather_scrape_dag.py
[2026-07-14T20:43:30.992+0000] {processor.py:925} INFO - DAG(s) 'weather_scrape_and_load' retrieved from /opt/airflow/dags/weather_scrape_dag.py
[2026-07-14T20:43:31.008+0000] {logging_mixin.py:190} INFO - [2026-07-14T20:43:31.008+0000] {dag.py:3239} INFO - Sync 1 DAGs
[2026-07-14T20:43:31.025+0000] {logging_mixin.py:190} INFO - [2026-07-14T20:43:31.025+0000] {dag.py:4180} INFO - Setting next_dagrun for weather_scrape_and_load to 2026-07-14 20:00:00+00:00, run_after=2026-07-14 21:00:00+00:00
[2026-07-14T20:43:31.038+0000] {processor.py:208} INFO - Processing /opt/airflow/dags/weather_scrape_dag.py took 0.059 seconds
[2026-07-14T20:44:01.118+0000] {processor.py:186} INFO - Started process (PID=7062) to work on /opt/airflow/dags/weather_scrape_dag.py
[2026-07-14T20:44:01.121+0000] {processor.py:914} INFO - Processing file /opt/airflow/dags/weather_scrape_dag.py for tasks to queue
[2026-07-14T20:44:01.122+0000] {logging_mixin.py:190} INFO - [2026-07-14T20:44:01.122+0000] {dagbag.py:588} INFO - Filling up the DagBag from /opt/airflow/dags/weather_scrape_dag.py
[2026-07-14T20:44:01.130+0000] {processor.py:925} INFO - DAG(s) 'weather_scrape_and_load' retrieved from /opt/airflow/dags/weather_scrape_dag.py
[2026-07-14T20:44:01.146+0000] {logging_mixin.py:190} INFO - [2026-07-14T20:44:01.146+0000] {dag.py:3239} INFO - Sync 1 DAGs
[2026-07-14T20:44:01.163+0000] {logging_mixin.py:190} INFO - [2026-07-14T20:44:01.162+0000] {dag.py:4180} INFO - Setting next_dagrun for weather_scrape_and_load to 2026-07-14 20:00:00+00:00, run_after=2026-07-14 21:00:00+00:00
[2026-07-14T20:44:01.175+0000] {processor.py:208} INFO - Processing /opt/airflow/dags/weather_scrape_dag.py took 0.061 seconds
[2026-07-14T20:44:31.233+0000] {processor.py:186} INFO - Started process (PID=7091) to work on /opt/airflow/dags/weather_scrape_dag.py
[2026-07-14T20:44:31.233+0000] {processor.py:914} INFO - Processing file /opt/airflow/dags/weather_scrape_dag.py for tasks to queue
[2026-07-14T20:44:31.235+0000] {logging_mixin.py:190} INFO - [2026-07-14T20:44:31.234+0000] {dagbag.py:588} INFO - Filling up the DagBag from /opt/airflow/dags/weather_scrape_dag.py
[2026-07-14T20:44:31.241+0000] {processor.py:925} INFO - DAG(s) 'weather_scrape_and_load' retrieved from /opt/airflow/dags/weather_scrape_dag.py
[2026-07-14T20:44:31.258+0000] {logging_mixin.py:190} INFO - [2026-07-14T20:44:31.258+0000] {dag.py:3239} INFO - Sync 1 DAGs
[2026-07-14T20:44:31.274+0000] {logging_mixin.py:190} INFO - [2026-07-14T20:44:31.274+0000] {dag.py:4180} INFO - Setting next_dagrun for weather_scrape_and_load to 2026-07-14 20:00:00+00:00, run_after=2026-07-14 21:00:00+00:00
[2026-07-14T20:44:31.287+0000] {processor.py:208} INFO - Processing /opt/airflow/dags/weather_scrape_dag.py took 0.058 seconds
[2026-07-14T20:45:01.387+0000] {processor.py:186} INFO - Started process (PID=7096) to work on /opt/airflow/dags/weather_scrape_dag.py
[2026-07-14T20:45:01.395+0000] {processor.py:914} INFO - Processing file /opt/airflow/dags/weather_scrape_dag.py for tasks to queue
[2026-07-14T20:45:01.397+0000] {logging_mixin.py:190} INFO - [2026-07-14T20:45:01.396+0000] {dagbag.py:588} INFO - Filling up the DagBag from /opt/airflow/dags/weather_scrape_dag.py
[2026-07-14T20:45:01.404+0000] {processor.py:925} INFO - DAG(s) 'weather_scrape_and_load' retrieved from /opt/airflow/dags/weather_scrape_dag.py
[2026-07-14T20:45:01.420+0000] {logging_mixin.py:190} INFO - [2026-07-14T20:45:01.420+0000] {dag.py:3239} INFO - Sync 1 DAGs
[2026-07-14T20:45:01.435+0000] {logging_mixin.py:190} INFO - [2026-07-14T20:45:01.435+0000] {dag.py:4180} INFO - Setting next_dagrun for weather_scrape_and_load to 2026-07-14 20:00:00+00:00, run_after=2026-07-14 21:00:00+00:00
[2026-07-14T20:45:01.451+0000] {processor.py:208} INFO - Processing /opt/airflow/dags/weather_scrape_dag.py took 0.067 seconds
[2026-07-14T20:45:31.490+0000] {processor.py:186} INFO - Started process (PID=7101) to work on /opt/airflow/dags/weather_scrape_dag.py
[2026-07-14T20:45:31.490+0000] {processor.py:914} INFO - Processing file /opt/airflow/dags/weather_scrape_dag.py for tasks to queue
[2026-07-14T20:45:31.492+0000] {logging_mixin.py:190} INFO - [2026-07-14T20:45:31.491+0000] {dagbag.py:588} INFO - Filling up the DagBag from /opt/airflow/dags/weather_scrape_dag.py
[2026-07-14T20:45:31.500+0000] {processor.py:925} INFO - DAG(s) 'weather_scrape_and_load' retrieved from /opt/airflow/dags/weather_scrape_dag.py
[2026-07-14T20:45:31.517+0000] {logging_mixin.py:190} INFO - [2026-07-14T20:45:31.517+0000] {dag.py:3239} INFO - Sync 1 DAGs
[2026-07-14T20:45:31.534+0000] {logging_mixin.py:190} INFO - [2026-07-14T20:45:31.534+0000] {dag.py:4180} INFO - Setting next_dagrun for weather_scrape_and_load to 2026-07-14 20:00:00+00:00, run_after=2026-07-14 21:00:00+00:00
[2026-07-14T20:45:31.547+0000] {processor.py:208} INFO - Processing /opt/airflow/dags/weather_scrape_dag.py took 0.060 seconds
[2026-07-14T20:46:01.652+0000] {processor.py:186} INFO - Started process (PID=7110) to work on /opt/airflow/dags/weather_scrape_dag.py
[2026-07-14T20:46:01.652+0000] {processor.py:914} INFO - Processing file /opt/airflow/dags/weather_scrape_dag.py for tasks to queue
[2026-07-14T20:46:01.653+0000] {logging_mixin.py:190} INFO - [2026-07-14T20:46:01.653+0000] {dagbag.py:588} INFO - Filling up the DagBag from /opt/airflow/dags/weather_scrape_dag.py
[2026-07-14T20:46:01.660+0000] {processor.py:925} INFO - DAG(s) 'weather_scrape_and_load' retrieved from /opt/airflow/dags/weather_scrape_dag.py
[2026-07-14T20:46:01.676+0000] {logging_mixin.py:190} INFO - [2026-07-14T20:46:01.676+0000] {dag.py:3239} INFO - Sync 1 DAGs
[2026-07-14T20:46:01.690+0000] {logging_mixin.py:190} INFO - [2026-07-14T20:46:01.690+0000] {dag.py:4180} INFO - Setting next_dagrun for weather_scrape_and_load to 2026-07-14 20:00:00+00:00, run_after=2026-07-14 21:00:00+00:00
[2026-07-14T20:46:01.703+0000] {processor.py:208} INFO - Processing /opt/airflow/dags/weather_scrape_dag.py took 0.055 seconds
[2026-07-14T20:46:31.760+0000] {processor.py:186} INFO - Started process (PID=7135) to work on /opt/airflow/dags/weather_scrape_dag.py
[2026-07-14T20:46:31.761+0000] {processor.py:914} INFO - Processing file /opt/airflow/dags/weather_scrape_dag.py for tasks to queue
[2026-07-14T20:46:31.762+0000] {logging_mixin.py:190} INFO - [2026-07-14T20:46:31.762+0000] {dagbag.py:588} INFO - Filling up the DagBag from /opt/airflow/dags/weather_scrape_dag.py
[2026-07-14T20:46:31.770+0000] {processor.py:925} INFO - DAG(s) 'weather_scrape_and_load' retrieved from /opt/airflow/dags/weather_scrape_dag.py
[2026-07-14T20:46:31.787+0000] {logging_mixin.py:190} INFO - [2026-07-14T20:46:31.787+0000] {dag.py:3239} INFO - Sync 1 DAGs
[2026-07-14T20:46:31.804+0000] {logging_mixin.py:190} INFO - [2026-07-14T20:46:31.804+0000] {dag.py:4180} INFO - Setting next_dagrun for weather_scrape_and_load to 2026-07-14 20:00:00+00:00, run_after=2026-07-14 21:00:00+00:00
[2026-07-14T20:46:31.817+0000] {processor.py:208} INFO - Processing /opt/airflow/dags/weather_scrape_dag.py took 0.060 seconds
[2026-07-14T20:47:01.904+0000] {processor.py:186} INFO - Started process (PID=7140) to work on /opt/airflow/dags/weather_scrape_dag.py
[2026-07-14T20:47:01.912+0000] {processor.py:914} INFO - Processing file /opt/airflow/dags/weather_scrape_dag.py for tasks to queue
[2026-07-14T20:47:01.914+0000] {logging_mixin.py:190} INFO - [2026-07-14T20:47:01.914+0000] {dagbag.py:588} INFO - Filling up the DagBag from /opt/airflow/dags/weather_scrape_dag.py
[2026-07-14T20:47:01.921+0000] {processor.py:925} INFO - DAG(s) 'weather_scrape_and_load' retrieved from /opt/airflow/dags/weather_scrape_dag.py
[2026-07-14T20:47:01.937+0000] {logging_mixin.py:190} INFO - [2026-07-14T20:47:01.937+0000] {dag.py:3239} INFO - Sync 1 DAGs
[2026-07-14T20:47:01.953+0000] {logging_mixin.py:190} INFO - [2026-07-14T20:47:01.953+0000] {dag.py:4180} INFO - Setting next_dagrun for weather_scrape_and_load to 2026-07-14 20:00:00+00:00, run_after=2026-07-14 21:00:00+00:00
[2026-07-14T20:47:01.967+0000] {processor.py:208} INFO - Processing /opt/airflow/dags/weather_scrape_dag.py took 0.067 seconds
[2026-07-14T20:47:32.014+0000] {processor.py:186} INFO - Started process (PID=7145) to work on /opt/airflow/dags/weather_scrape_dag.py
[2026-07-14T20:47:32.014+0000] {processor.py:914} INFO - Processing file /opt/airflow/dags/weather_scrape_dag.py for tasks to queue
[2026-07-14T20:47:32.016+0000] {logging_mixin.py:190} INFO - [2026-07-14T20:47:32.016+0000] {dagbag.py:588} INFO - Filling up the DagBag from /opt/airflow/dags/weather_scrape_dag.py
[2026-07-14T20:47:32.024+0000] {processor.py:925} INFO - DAG(s) 'weather_scrape_and_load' retrieved from /opt/airflow/dags/weather_scrape_dag.py
[2026-07-14T20:47:32.041+0000] {logging_mixin.py:190} INFO - [2026-07-14T20:47:32.040+0000] {dag.py:3239} INFO - Sync 1 DAGs
[2026-07-14T20:47:32.056+0000] {logging_mixin.py:190} INFO - [2026-07-14T20:47:32.056+0000] {dag.py:4180} INFO - Setting next_dagrun for weather_scrape_and_load to 2026-07-14 20:00:00+00:00, run_after=2026-07-14 21:00:00+00:00
[2026-07-14T20:47:32.069+0000] {processor.py:208} INFO - Processing /opt/airflow/dags/weather_scrape_dag.py took 0.059 seconds
[2026-07-14T20:48:02.176+0000] {processor.py:186} INFO - Started process (PID=7150) to work on /opt/airflow/dags/weather_scrape_dag.py
[2026-07-14T20:48:02.184+0000] {processor.py:914} INFO - Processing file /opt/airflow/dags/weather_scrape_dag.py for tasks to queue
[2026-07-14T20:48:02.186+0000] {logging_mixin.py:190} INFO - [2026-07-14T20:48:02.186+0000] {dagbag.py:588} INFO - Filling up the DagBag from /opt/airflow/dags/weather_scrape_dag.py
[2026-07-14T20:48:02.193+0000] {processor.py:925} INFO - DAG(s) 'weather_scrape_and_load' retrieved from /opt/airflow/dags/weather_scrape_dag.py
[2026-07-14T20:48:02.208+0000] {logging_mixin.py:190} INFO - [2026-07-14T20:48:02.208+0000] {dag.py:3239} INFO - Sync 1 DAGs
[2026-07-14T20:48:02.225+0000] {logging_mixin.py:190} INFO - [2026-07-14T20:48:02.224+0000] {dag.py:4180} INFO - Setting next_dagrun for weather_scrape_and_load to 2026-07-14 20:00:00+00:00, run_after=2026-07-14 21:00:00+00:00
[2026-07-14T20:48:02.254+0000] {processor.py:208} INFO - Processing /opt/airflow/dags/weather_scrape_dag.py took 0.082 seconds
[2026-07-14T20:48:32.295+0000] {processor.py:186} INFO - Started process (PID=7155) to work on /opt/airflow/dags/weather_scrape_dag.py
[2026-07-14T20:48:32.295+0000] {processor.py:914} INFO - Processing file /opt/airflow/dags/weather_scrape_dag.py for tasks to queue
[2026-07-14T20:48:32.297+0000] {logging_mixin.py:190} INFO - [2026-07-14T20:48:32.296+0000] {dagbag.py:588} INFO - Filling up the DagBag from /opt/airflow/dags/weather_scrape_dag.py
[2026-07-14T20:48:32.304+0000] {processor.py:925} INFO - DAG(s) 'weather_scrape_and_load' retrieved from /opt/airflow/dags/weather_scrape_dag.py
[2026-07-14T20:48:32.322+0000] {logging_mixin.py:190} INFO - [2026-07-14T20:48:32.322+0000] {dag.py:3239} INFO - Sync 1 DAGs
[2026-07-14T20:48:32.336+0000] {logging_mixin.py:190} INFO - [2026-07-14T20:48:32.336+0000] {dag.py:4180} INFO - Setting next_dagrun for weather_scrape_and_load to 2026-07-14 20:00:00+00:00, run_after=2026-07-14 21:00:00+00:00
[2026-07-14T20:48:32.348+0000] {processor.py:208} INFO - Processing /opt/airflow/dags/weather_scrape_dag.py took 0.057 seconds
[2026-07-14T20:49:02.474+0000] {processor.py:186} INFO - Started process (PID=7160) to work on /opt/airflow/dags/weather_scrape_dag.py
[2026-07-14T20:49:02.482+0000] {processor.py:914} INFO - Processing file /opt/airflow/dags/weather_scrape_dag.py for tasks to queue
[2026-07-14T20:49:02.483+0000] {logging_mixin.py:190} INFO - [2026-07-14T20:49:02.483+0000] {dagbag.py:588} INFO - Filling up the DagBag from /opt/airflow/dags/weather_scrape_dag.py
[2026-07-14T20:49:02.490+0000] {processor.py:925} INFO - DAG(s) 'weather_scrape_and_load' retrieved from /opt/airflow/dags/weather_scrape_dag.py
[2026-07-14T20:49:02.507+0000] {logging_mixin.py:190} INFO - [2026-07-14T20:49:02.507+0000] {dag.py:3239} INFO - Sync 1 DAGs
[2026-07-14T20:49:02.522+0000] {logging_mixin.py:190} INFO - [2026-07-14T20:49:02.522+0000] {dag.py:4180} INFO - Setting next_dagrun for weather_scrape_and_load to 2026-07-14 20:00:00+00:00, run_after=2026-07-14 21:00:00+00:00
[2026-07-14T20:49:02.534+0000] {processor.py:208} INFO - Processing /opt/airflow/dags/weather_scrape_dag.py took 0.065 seconds
[2026-07-14T20:49:32.586+0000] {processor.py:186} INFO - Started process (PID=7177) to work on /opt/airflow/dags/weather_scrape_dag.py
[2026-07-14T20:49:32.586+0000] {processor.py:914} INFO - Processing file /opt/airflow/dags/weather_scrape_dag.py for tasks to queue
[2026-07-14T20:49:32.587+0000] {logging_mixin.py:190} INFO - [2026-07-14T20:49:32.587+0000] {dagbag.py:588} INFO - Filling up the DagBag from /opt/airflow/dags/weather_scrape_dag.py
[2026-07-14T20:49:32.594+0000] {processor.py:925} INFO - DAG(s) 'weather_scrape_and_load' retrieved from /opt/airflow/dags/weather_scrape_dag.py
[2026-07-14T20:49:32.612+0000] {logging_mixin.py:190} INFO - [2026-07-14T20:49:32.611+0000] {dag.py:3239} INFO - Sync 1 DAGs
[2026-07-14T20:49:32.627+0000] {logging_mixin.py:190} INFO - [2026-07-14T20:49:32.627+0000] {dag.py:4180} INFO - Setting next_dagrun for weather_scrape_and_load to 2026-07-14 20:00:00+00:00, run_after=2026-07-14 21:00:00+00:00
[2026-07-14T20:49:32.641+0000] {processor.py:208} INFO - Processing /opt/airflow/dags/weather_scrape_dag.py took 0.059 seconds
[2026-07-14T20:50:02.786+0000] {processor.py:186} INFO - Started process (PID=7182) to work on /opt/airflow/dags/weather_scrape_dag.py
[2026-07-14T20:50:02.787+0000] {processor.py:914} INFO - Processing file /opt/airflow/dags/weather_scrape_dag.py for tasks to queue
[2026-07-14T20:50:02.801+0000] {logging_mixin.py:190} INFO - [2026-07-14T20:50:02.800+0000] {dagbag.py:588} INFO - Filling up the DagBag from /opt/airflow/dags/weather_scrape_dag.py
[2026-07-14T20:50:02.849+0000] {processor.py:925} INFO - DAG(s) 'weather_scrape_and_load' retrieved from /opt/airflow/dags/weather_scrape_dag.py
[2026-07-14T20:50:02.928+0000] {logging_mixin.py:190} INFO - [2026-07-14T20:50:02.928+0000] {dag.py:3239} INFO - Sync 1 DAGs
[2026-07-14T20:50:02.991+0000] {logging_mixin.py:190} INFO - [2026-07-14T20:50:02.991+0000] {dag.py:4180} INFO - Setting next_dagrun for weather_scrape_and_load to 2026-07-14 20:00:00+00:00, run_after=2026-07-14 21:00:00+00:00
[2026-07-14T20:50:03.015+0000] {processor.py:208} INFO - Processing /opt/airflow/dags/weather_scrape_dag.py took 0.257 seconds
[2026-07-14T20:50:33.127+0000] {processor.py:186} INFO - Started process (PID=7187) to work on /opt/airflow/dags/weather_scrape_dag.py
[2026-07-14T20:50:33.128+0000] {processor.py:914} INFO - Processing file /opt/airflow/dags/weather_scrape_dag.py for tasks to queue
[2026-07-14T20:50:33.129+0000] {logging_mixin.py:190} INFO - [2026-07-14T20:50:33.129+0000] {dagbag.py:588} INFO - Filling up the DagBag from /opt/airflow/dags/weather_scrape_dag.py
[2026-07-14T20:50:33.137+0000] {processor.py:925} INFO - DAG(s) 'weather_scrape_and_load' retrieved from /opt/airflow/dags/weather_scrape_dag.py
[2026-07-14T20:50:33.154+0000] {logging_mixin.py:190} INFO - [2026-07-14T20:50:33.153+0000] {dag.py:3239} INFO - Sync 1 DAGs
[2026-07-14T20:50:33.169+0000] {logging_mixin.py:190} INFO - [2026-07-14T20:50:33.168+0000] {dag.py:4180} INFO - Setting next_dagrun for weather_scrape_and_load to 2026-07-14 20:00:00+00:00, run_after=2026-07-14 21:00:00+00:00
[2026-07-14T20:50:33.181+0000] {processor.py:208} INFO - Processing /opt/airflow/dags/weather_scrape_dag.py took 0.058 seconds
[2026-07-14T20:51:03.234+0000] {processor.py:186} INFO - Started process (PID=7192) to work on /opt/airflow/dags/weather_scrape_dag.py
[2026-07-14T20:51:03.242+0000] {processor.py:914} INFO - Processing file /opt/airflow/dags/weather_scrape_dag.py for tasks to queue
[2026-07-14T20:51:03.244+0000] {logging_mixin.py:190} INFO - [2026-07-14T20:51:03.244+0000] {dagbag.py:588} INFO - Filling up the DagBag from /opt/airflow/dags/weather_scrape_dag.py
[2026-07-14T20:51:03.252+0000] {processor.py:925} INFO - DAG(s) 'weather_scrape_and_load' retrieved from /opt/airflow/dags/weather_scrape_dag.py
[2026-07-14T20:51:03.268+0000] {logging_mixin.py:190} INFO - [2026-07-14T20:51:03.268+0000] {dag.py:3239} INFO - Sync 1 DAGs
[2026-07-14T20:51:03.284+0000] {logging_mixin.py:190} INFO - [2026-07-14T20:51:03.284+0000] {dag.py:4180} INFO - Setting next_dagrun for weather_scrape_and_load to 2026-07-14 20:00:00+00:00, run_after=2026-07-14 21:00:00+00:00
[2026-07-14T20:51:03.296+0000] {processor.py:208} INFO - Processing /opt/airflow/dags/weather_scrape_dag.py took 0.066 seconds
[2026-07-14T20:51:33.397+0000] {processor.py:186} INFO - Started process (PID=7209) to work on /opt/airflow/dags/weather_scrape_dag.py
[2026-07-14T20:51:33.397+0000] {processor.py:914} INFO - Processing file /opt/airflow/dags/weather_scrape_dag.py for tasks to queue
[2026-07-14T20:51:33.399+0000] {logging_mixin.py:190} INFO - [2026-07-14T20:51:33.399+0000] {dagbag.py:588} INFO - Filling up the DagBag from /opt/airflow/dags/weather_scrape_dag.py
[2026-07-14T20:51:33.410+0000] {processor.py:925} INFO - DAG(s) 'weather_scrape_and_load' retrieved from /opt/airflow/dags/weather_scrape_dag.py
[2026-07-14T20:51:33.429+0000] {logging_mixin.py:190} INFO - [2026-07-14T20:51:33.428+0000] {dag.py:3239} INFO - Sync 1 DAGs
[2026-07-14T20:51:33.444+0000] {logging_mixin.py:190} INFO - [2026-07-14T20:51:33.444+0000] {dag.py:4180} INFO - Setting next_dagrun for weather_scrape_and_load to 2026-07-14 20:00:00+00:00, run_after=2026-07-14 21:00:00+00:00
[2026-07-14T20:51:33.457+0000] {processor.py:208} INFO - Processing /opt/airflow/dags/weather_scrape_dag.py took 0.064 seconds
[2026-07-14T20:52:03.512+0000] {processor.py:186} INFO - Started process (PID=7214) to work on /opt/airflow/dags/weather_scrape_dag.py
[2026-07-14T20:52:03.521+0000] {processor.py:914} INFO - Processing file /opt/airflow/dags/weather_scrape_dag.py for tasks to queue
[2026-07-14T20:52:03.522+0000] {logging_mixin.py:190} INFO - [2026-07-14T20:52:03.522+0000] {dagbag.py:588} INFO - Filling up the DagBag from /opt/airflow/dags/weather_scrape_dag.py
[2026-07-14T20:52:03.529+0000] {processor.py:925} INFO - DAG(s) 'weather_scrape_and_load' retrieved from /opt/airflow/dags/weather_scrape_dag.py
[2026-07-14T20:52:03.545+0000] {logging_mixin.py:190} INFO - [2026-07-14T20:52:03.545+0000] {dag.py:3239} INFO - Sync 1 DAGs
[2026-07-14T20:52:03.561+0000] {logging_mixin.py:190} INFO - [2026-07-14T20:52:03.561+0000] {dag.py:4180} INFO - Setting next_dagrun for weather_scrape_and_load to 2026-07-14 20:00:00+00:00, run_after=2026-07-14 21:00:00+00:00
[2026-07-14T20:52:03.572+0000] {processor.py:208} INFO - Processing /opt/airflow/dags/weather_scrape_dag.py took 0.064 seconds
[2026-07-14T20:52:33.658+0000] {processor.py:186} INFO - Started process (PID=7219) to work on /opt/airflow/dags/weather_scrape_dag.py
[2026-07-14T20:52:33.659+0000] {processor.py:914} INFO - Processing file /opt/airflow/dags/weather_scrape_dag.py for tasks to queue
[2026-07-14T20:52:33.661+0000] {logging_mixin.py:190} INFO - [2026-07-14T20:52:33.660+0000] {dagbag.py:588} INFO - Filling up the DagBag from /opt/airflow/dags/weather_scrape_dag.py
[2026-07-14T20:52:33.669+0000] {processor.py:925} INFO - DAG(s) 'weather_scrape_and_load' retrieved from /opt/airflow/dags/weather_scrape_dag.py
[2026-07-14T20:52:33.687+0000] {logging_mixin.py:190} INFO - [2026-07-14T20:52:33.687+0000] {dag.py:3239} INFO - Sync 1 DAGs
[2026-07-14T20:52:33.703+0000] {logging_mixin.py:190} INFO - [2026-07-14T20:52:33.703+0000] {dag.py:4180} INFO - Setting next_dagrun for weather_scrape_and_load to 2026-07-14 20:00:00+00:00, run_after=2026-07-14 21:00:00+00:00
[2026-07-14T20:52:33.717+0000] {processor.py:208} INFO - Processing /opt/airflow/dags/weather_scrape_dag.py took 0.063 seconds
[2026-07-14T20:53:03.776+0000] {processor.py:186} INFO - Started process (PID=7224) to work on /opt/airflow/dags/weather_scrape_dag.py
[2026-07-14T20:53:03.784+0000] {processor.py:914} INFO - Processing file /opt/airflow/dags/weather_scrape_dag.py for tasks to queue
[2026-07-14T20:53:03.785+0000] {logging_mixin.py:190} INFO - [2026-07-14T20:53:03.785+0000] {dagbag.py:588} INFO - Filling up the DagBag from /opt/airflow/dags/weather_scrape_dag.py
[2026-07-14T20:53:03.793+0000] {processor.py:925} INFO - DAG(s) 'weather_scrape_and_load' retrieved from /opt/airflow/dags/weather_scrape_dag.py
[2026-07-14T20:53:03.809+0000] {logging_mixin.py:190} INFO - [2026-07-14T20:53:03.809+0000] {dag.py:3239} INFO - Sync 1 DAGs
[2026-07-14T20:53:03.825+0000] {logging_mixin.py:190} INFO - [2026-07-14T20:53:03.825+0000] {dag.py:4180} INFO - Setting next_dagrun for weather_scrape_and_load to 2026-07-14 20:00:00+00:00, run_after=2026-07-14 21:00:00+00:00
[2026-07-14T20:53:03.838+0000] {processor.py:208} INFO - Processing /opt/airflow/dags/weather_scrape_dag.py took 0.065 seconds
[2026-07-14T20:53:33.920+0000] {processor.py:186} INFO - Started process (PID=7229) to work on /opt/airflow/dags/weather_scrape_dag.py
[2026-07-14T20:53:33.921+0000] {processor.py:914} INFO - Processing file /opt/airflow/dags/weather_scrape_dag.py for tasks to queue
[2026-07-14T20:53:33.922+0000] {logging_mixin.py:190} INFO - [2026-07-14T20:53:33.922+0000] {dagbag.py:588} INFO - Filling up the DagBag from /opt/airflow/dags/weather_scrape_dag.py
[2026-07-14T20:53:33.929+0000] {processor.py:925} INFO - DAG(s) 'weather_scrape_and_load' retrieved from /opt/airflow/dags/weather_scrape_dag.py
[2026-07-14T20:53:33.946+0000] {logging_mixin.py:190} INFO - [2026-07-14T20:53:33.945+0000] {dag.py:3239} INFO - Sync 1 DAGs
[2026-07-14T20:53:33.960+0000] {logging_mixin.py:190} INFO - [2026-07-14T20:53:33.960+0000] {dag.py:4180} INFO - Setting next_dagrun for weather_scrape_and_load to 2026-07-14 20:00:00+00:00, run_after=2026-07-14 21:00:00+00:00
[2026-07-14T20:53:33.973+0000] {processor.py:208} INFO - Processing /opt/airflow/dags/weather_scrape_dag.py took 0.057 seconds
[2026-07-14T20:54:04.034+0000] {processor.py:186} INFO - Started process (PID=7234) to work on /opt/airflow/dags/weather_scrape_dag.py
[2026-07-14T20:54:04.042+0000] {processor.py:914} INFO - Processing file /opt/airflow/dags/weather_scrape_dag.py for tasks to queue
[2026-07-14T20:54:04.044+0000] {logging_mixin.py:190} INFO - [2026-07-14T20:54:04.043+0000] {dagbag.py:588} INFO - Filling up the DagBag from /opt/airflow/dags/weather_scrape_dag.py
[2026-07-14T20:54:04.052+0000] {processor.py:925} INFO - DAG(s) 'weather_scrape_and_load' retrieved from /opt/airflow/dags/weather_scrape_dag.py
[2026-07-14T20:54:04.069+0000] {logging_mixin.py:190} INFO - [2026-07-14T20:54:04.069+0000] {dag.py:3239} INFO - Sync 1 DAGs
[2026-07-14T20:54:04.083+0000] {logging_mixin.py:190} INFO - [2026-07-14T20:54:04.083+0000] {dag.py:4180} INFO - Setting next_dagrun for weather_scrape_and_load to 2026-07-14 20:00:00+00:00, run_after=2026-07-14 21:00:00+00:00
[2026-07-14T20:54:04.095+0000] {processor.py:208} INFO - Processing /opt/airflow/dags/weather_scrape_dag.py took 0.065 seconds
[2026-07-14T20:54:34.173+0000] {processor.py:186} INFO - Started process (PID=7251) to work on /opt/airflow/dags/weather_scrape_dag.py
[2026-07-14T20:54:34.174+0000] {processor.py:914} INFO - Processing file /opt/airflow/dags/weather_scrape_dag.py for tasks to queue
[2026-07-14T20:54:34.175+0000] {logging_mixin.py:190} INFO - [2026-07-14T20:54:34.175+0000] {dagbag.py:588} INFO - Filling up the DagBag from /opt/airflow/dags/weather_scrape_dag.py
[2026-07-14T20:54:34.183+0000] {processor.py:925} INFO - DAG(s) 'weather_scrape_and_load' retrieved from /opt/airflow/dags/weather_scrape_dag.py
[2026-07-14T20:54:34.199+0000] {logging_mixin.py:190} INFO - [2026-07-14T20:54:34.198+0000] {dag.py:3239} INFO - Sync 1 DAGs
[2026-07-14T20:54:34.213+0000] {logging_mixin.py:190} INFO - [2026-07-14T20:54:34.213+0000] {dag.py:4180} INFO - Setting next_dagrun for weather_scrape_and_load to 2026-07-14 20:00:00+00:00, run_after=2026-07-14 21:00:00+00:00
[2026-07-14T20:54:34.224+0000] {processor.py:208} INFO - Processing /opt/airflow/dags/weather_scrape_dag.py took 0.054 seconds
[2026-07-14T20:55:04.300+0000] {processor.py:186} INFO - Started process (PID=7256) to work on /opt/airflow/dags/weather_scrape_dag.py
[2026-07-14T20:55:04.308+0000] {processor.py:914} INFO - Processing file /opt/airflow/dags/weather_scrape_dag.py for tasks to queue
[2026-07-14T20:55:04.310+0000] {logging_mixin.py:190} INFO - [2026-07-14T20:55:04.310+0000] {dagbag.py:588} INFO - Filling up the DagBag from /opt/airflow/dags/weather_scrape_dag.py
[2026-07-14T20:55:04.317+0000] {processor.py:925} INFO - DAG(s) 'weather_scrape_and_load' retrieved from /opt/airflow/dags/weather_scrape_dag.py
[2026-07-14T20:55:04.333+0000] {logging_mixin.py:190} INFO - [2026-07-14T20:55:04.333+0000] {dag.py:3239} INFO - Sync 1 DAGs
[2026-07-14T20:55:04.347+0000] {logging_mixin.py:190} INFO - [2026-07-14T20:55:04.347+0000] {dag.py:4180} INFO - Setting next_dagrun for weather_scrape_and_load to 2026-07-14 20:00:00+00:00, run_after=2026-07-14 21:00:00+00:00
[2026-07-14T20:55:04.359+0000] {processor.py:208} INFO - Processing /opt/airflow/dags/weather_scrape_dag.py took 0.062 seconds
[2026-07-14T20:55:34.432+0000] {processor.py:186} INFO - Started process (PID=7261) to work on /opt/airflow/dags/weather_scrape_dag.py
[2026-07-14T20:55:34.433+0000] {processor.py:914} INFO - Processing file /opt/airflow/dags/weather_scrape_dag.py for tasks to queue
[2026-07-14T20:55:34.434+0000] {logging_mixin.py:190} INFO - [2026-07-14T20:55:34.434+0000] {dagbag.py:588} INFO - Filling up the DagBag from /opt/airflow/dags/weather_scrape_dag.py
[2026-07-14T20:55:34.441+0000] {processor.py:925} INFO - DAG(s) 'weather_scrape_and_load' retrieved from /opt/airflow/dags/weather_scrape_dag.py
[2026-07-14T20:55:34.458+0000] {logging_mixin.py:190} INFO - [2026-07-14T20:55:34.458+0000] {dag.py:3239} INFO - Sync 1 DAGs
[2026-07-14T20:55:34.473+0000] {logging_mixin.py:190} INFO - [2026-07-14T20:55:34.473+0000] {dag.py:4180} INFO - Setting next_dagrun for weather_scrape_and_load to 2026-07-14 20:00:00+00:00, run_after=2026-07-14 21:00:00+00:00
[2026-07-14T20:55:34.486+0000] {processor.py:208} INFO - Processing /opt/airflow/dags/weather_scrape_dag.py took 0.058 seconds
[2026-07-14T20:56:04.572+0000] {processor.py:186} INFO - Started process (PID=7266) to work on /opt/airflow/dags/weather_scrape_dag.py
[2026-07-14T20:56:04.580+0000] {processor.py:914} INFO - Processing file /opt/airflow/dags/weather_scrape_dag.py for tasks to queue
[2026-07-14T20:56:04.581+0000] {logging_mixin.py:190} INFO - [2026-07-14T20:56:04.581+0000] {dagbag.py:588} INFO - Filling up the DagBag from /opt/airflow/dags/weather_scrape_dag.py
[2026-07-14T20:56:04.588+0000] {processor.py:925} INFO - DAG(s) 'weather_scrape_and_load' retrieved from /opt/airflow/dags/weather_scrape_dag.py
[2026-07-14T20:56:04.604+0000] {logging_mixin.py:190} INFO - [2026-07-14T20:56:04.603+0000] {dag.py:3239} INFO - Sync 1 DAGs
[2026-07-14T20:56:04.619+0000] {logging_mixin.py:190} INFO - [2026-07-14T20:56:04.619+0000] {dag.py:4180} INFO - Setting next_dagrun for weather_scrape_and_load to 2026-07-14 20:00:00+00:00, run_after=2026-07-14 21:00:00+00:00
[2026-07-14T20:56:04.632+0000] {processor.py:208} INFO - Processing /opt/airflow/dags/weather_scrape_dag.py took 0.063 seconds
[2026-07-14T20:56:34.693+0000] {processor.py:186} INFO - Started process (PID=7283) to work on /opt/airflow/dags/weather_scrape_dag.py
[2026-07-14T20:56:34.693+0000] {processor.py:914} INFO - Processing file /opt/airflow/dags/weather_scrape_dag.py for tasks to queue
[2026-07-14T20:56:34.695+0000] {logging_mixin.py:190} INFO - [2026-07-14T20:56:34.695+0000] {dagbag.py:588} INFO - Filling up the DagBag from /opt/airflow/dags/weather_scrape_dag.py
[2026-07-14T20:56:34.702+0000] {processor.py:925} INFO - DAG(s) 'weather_scrape_and_load' retrieved from /opt/airflow/dags/weather_scrape_dag.py
[2026-07-14T20:56:34.718+0000] {logging_mixin.py:190} INFO - [2026-07-14T20:56:34.718+0000] {dag.py:3239} INFO - Sync 1 DAGs
[2026-07-14T20:56:34.733+0000] {logging_mixin.py:190} INFO - [2026-07-14T20:56:34.733+0000] {dag.py:4180} INFO - Setting next_dagrun for weather_scrape_and_load to 2026-07-14 20:00:00+00:00, run_after=2026-07-14 21:00:00+00:00
[2026-07-14T20:56:34.744+0000] {processor.py:208} INFO - Processing /opt/airflow/dags/weather_scrape_dag.py took 0.055 seconds
[2026-07-14T20:57:04.842+0000] {processor.py:186} INFO - Started process (PID=7288) to work on /opt/airflow/dags/weather_scrape_dag.py
[2026-07-14T20:57:04.850+0000] {processor.py:914} INFO - Processing file /opt/airflow/dags/weather_scrape_dag.py for tasks to queue
[2026-07-14T20:57:04.852+0000] {logging_mixin.py:190} INFO - [2026-07-14T20:57:04.852+0000] {dagbag.py:588} INFO - Filling up the DagBag from /opt/airflow/dags/weather_scrape_dag.py
[2026-07-14T20:57:04.859+0000] {processor.py:925} INFO - DAG(s) 'weather_scrape_and_load' retrieved from /opt/airflow/dags/weather_scrape_dag.py
[2026-07-14T20:57:04.876+0000] {logging_mixin.py:190} INFO - [2026-07-14T20:57:04.876+0000] {dag.py:3239} INFO - Sync 1 DAGs
[2026-07-14T20:57:04.892+0000] {logging_mixin.py:190} INFO - [2026-07-14T20:57:04.892+0000] {dag.py:4180} INFO - Setting next_dagrun for weather_scrape_and_load to 2026-07-14 20:00:00+00:00, run_after=2026-07-14 21:00:00+00:00
[2026-07-14T20:57:04.905+0000] {processor.py:208} INFO - Processing /opt/airflow/dags/weather_scrape_dag.py took 0.067 seconds
[2026-07-14T20:57:34.960+0000] {processor.py:186} INFO - Started process (PID=7293) to work on /opt/airflow/dags/weather_scrape_dag.py
[2026-07-14T20:57:34.961+0000] {processor.py:914} INFO - Processing file /opt/airflow/dags/weather_scrape_dag.py for tasks to queue
[2026-07-14T20:57:34.962+0000] {logging_mixin.py:190} INFO - [2026-07-14T20:57:34.962+0000] {dagbag.py:588} INFO - Filling up the DagBag from /opt/airflow/dags/weather_scrape_dag.py
[2026-07-14T20:57:34.970+0000] {processor.py:925} INFO - DAG(s) 'weather_scrape_and_load' retrieved from /opt/airflow/dags/weather_scrape_dag.py
[2026-07-14T20:57:34.986+0000] {logging_mixin.py:190} INFO - [2026-07-14T20:57:34.986+0000] {dag.py:3239} INFO - Sync 1 DAGs
[2026-07-14T20:57:35.002+0000] {logging_mixin.py:190} INFO - [2026-07-14T20:57:35.002+0000] {dag.py:4180} INFO - Setting next_dagrun for weather_scrape_and_load to 2026-07-14 20:00:00+00:00, run_after=2026-07-14 21:00:00+00:00
[2026-07-14T20:57:35.015+0000] {processor.py:208} INFO - Processing /opt/airflow/dags/weather_scrape_dag.py took 0.058 seconds
[2026-07-14T20:58:05.119+0000] {processor.py:186} INFO - Started process (PID=7298) to work on /opt/airflow/dags/weather_scrape_dag.py
[2026-07-14T20:58:05.120+0000] {processor.py:914} INFO - Processing file /opt/airflow/dags/weather_scrape_dag.py for tasks to queue
[2026-07-14T20:58:05.122+0000] {logging_mixin.py:190} INFO - [2026-07-14T20:58:05.121+0000] {dagbag.py:588} INFO - Filling up the DagBag from /opt/airflow/dags/weather_scrape_dag.py
[2026-07-14T20:58:05.130+0000] {processor.py:925} INFO - DAG(s) 'weather_scrape_and_load' retrieved from /opt/airflow/dags/weather_scrape_dag.py
[2026-07-14T20:58:05.148+0000] {logging_mixin.py:190} INFO - [2026-07-14T20:58:05.147+0000] {dag.py:3239} INFO - Sync 1 DAGs
[2026-07-14T20:58:05.164+0000] {logging_mixin.py:190} INFO - [2026-07-14T20:58:05.164+0000] {dag.py:4180} INFO - Setting next_dagrun for weather_scrape_and_load to 2026-07-14 20:00:00+00:00, run_after=2026-07-14 21:00:00+00:00
[2026-07-14T20:58:05.178+0000] {processor.py:208} INFO - Processing /opt/airflow/dags/weather_scrape_dag.py took 0.064 seconds
[2026-07-14T20:58:35.232+0000] {processor.py:186} INFO - Started process (PID=7303) to work on /opt/airflow/dags/weather_scrape_dag.py
[2026-07-14T20:58:35.232+0000] {processor.py:914} INFO - Processing file /opt/airflow/dags/weather_scrape_dag.py for tasks to queue
[2026-07-14T20:58:35.234+0000] {logging_mixin.py:190} INFO - [2026-07-14T20:58:35.233+0000] {dagbag.py:588} INFO - Filling up the DagBag from /opt/airflow/dags/weather_scrape_dag.py
[2026-07-14T20:58:35.241+0000] {processor.py:925} INFO - DAG(s) 'weather_scrape_and_load' retrieved from /opt/airflow/dags/weather_scrape_dag.py
[2026-07-14T20:58:35.257+0000] {logging_mixin.py:190} INFO - [2026-07-14T20:58:35.257+0000] {dag.py:3239} INFO - Sync 1 DAGs
[2026-07-14T20:58:35.274+0000] {logging_mixin.py:190} INFO - [2026-07-14T20:58:35.274+0000] {dag.py:4180} INFO - Setting next_dagrun for weather_scrape_and_load to 2026-07-14 20:00:00+00:00, run_after=2026-07-14 21:00:00+00:00
[2026-07-14T20:58:35.286+0000] {processor.py:208} INFO - Processing /opt/airflow/dags/weather_scrape_dag.py took 0.058 seconds
[2026-07-14T20:59:05.383+0000] {processor.py:186} INFO - Started process (PID=7308) to work on /opt/airflow/dags/weather_scrape_dag.py
[2026-07-14T20:59:05.383+0000] {processor.py:914} INFO - Processing file /opt/airflow/dags/weather_scrape_dag.py for tasks to queue
[2026-07-14T20:59:05.385+0000] {logging_mixin.py:190} INFO - [2026-07-14T20:59:05.385+0000] {dagbag.py:588} INFO - Filling up the DagBag from /opt/airflow/dags/weather_scrape_dag.py
[2026-07-14T20:59:05.392+0000] {processor.py:925} INFO - DAG(s) 'weather_scrape_and_load' retrieved from /opt/airflow/dags/weather_scrape_dag.py
[2026-07-14T20:59:05.409+0000] {logging_mixin.py:190} INFO - [2026-07-14T20:59:05.409+0000] {dag.py:3239} INFO - Sync 1 DAGs
[2026-07-14T20:59:05.425+0000] {logging_mixin.py:190} INFO - [2026-07-14T20:59:05.425+0000] {dag.py:4180} INFO - Setting next_dagrun for weather_scrape_and_load to 2026-07-14 20:00:00+00:00, run_after=2026-07-14 21:00:00+00:00
[2026-07-14T20:59:05.438+0000] {processor.py:208} INFO - Processing /opt/airflow/dags/weather_scrape_dag.py took 0.059 seconds
[2026-07-14T20:59:35.493+0000] {processor.py:186} INFO - Started process (PID=7313) to work on /opt/airflow/dags/weather_scrape_dag.py
[2026-07-14T20:59:35.493+0000] {processor.py:914} INFO - Processing file /opt/airflow/dags/weather_scrape_dag.py for tasks to queue
[2026-07-14T20:59:35.495+0000] {logging_mixin.py:190} INFO - [2026-07-14T20:59:35.495+0000] {dagbag.py:588} INFO - Filling up the DagBag from /opt/airflow/dags/weather_scrape_dag.py
[2026-07-14T20:59:35.502+0000] {processor.py:925} INFO - DAG(s) 'weather_scrape_and_load' retrieved from /opt/airflow/dags/weather_scrape_dag.py
[2026-07-14T20:59:35.521+0000] {logging_mixin.py:190} INFO - [2026-07-14T20:59:35.521+0000] {dag.py:3239} INFO - Sync 1 DAGs
[2026-07-14T20:59:35.536+0000] {logging_mixin.py:190} INFO - [2026-07-14T20:59:35.536+0000] {dag.py:4180} INFO - Setting next_dagrun for weather_scrape_and_load to 2026-07-14 20:00:00+00:00, run_after=2026-07-14 21:00:00+00:00
[2026-07-14T20:59:35.547+0000] {processor.py:208} INFO - Processing /opt/airflow/dags/weather_scrape_dag.py took 0.059 seconds
[2026-07-14T21:00:05.651+0000] {processor.py:186} INFO - Started process (PID=7322) to work on /opt/airflow/dags/weather_scrape_dag.py
[2026-07-14T21:00:05.653+0000] {processor.py:914} INFO - Processing file /opt/airflow/dags/weather_scrape_dag.py for tasks to queue
[2026-07-14T21:00:05.654+0000] {logging_mixin.py:190} INFO - [2026-07-14T21:00:05.654+0000] {dagbag.py:588} INFO - Filling up the DagBag from /opt/airflow/dags/weather_scrape_dag.py
[2026-07-14T21:00:05.661+0000] {processor.py:925} INFO - DAG(s) 'weather_scrape_and_load' retrieved from /opt/airflow/dags/weather_scrape_dag.py
[2026-07-14T21:00:05.677+0000] {logging_mixin.py:190} INFO - [2026-07-14T21:00:05.677+0000] {dag.py:3239} INFO - Sync 1 DAGs
[2026-07-14T21:00:05.692+0000] {logging_mixin.py:190} INFO - [2026-07-14T21:00:05.691+0000] {dag.py:4180} INFO - Setting next_dagrun for weather_scrape_and_load to 2026-07-14 21:00:00+00:00, run_after=2026-07-14 22:00:00+00:00
[2026-07-14T21:00:05.704+0000] {processor.py:208} INFO - Processing /opt/airflow/dags/weather_scrape_dag.py took 0.058 seconds
[2026-07-14T21:00:35.760+0000] {processor.py:186} INFO - Started process (PID=7339) to work on /opt/airflow/dags/weather_scrape_dag.py
[2026-07-14T21:00:35.760+0000] {processor.py:914} INFO - Processing file /opt/airflow/dags/weather_scrape_dag.py for tasks to queue
[2026-07-14T21:00:35.762+0000] {logging_mixin.py:190} INFO - [2026-07-14T21:00:35.762+0000] {dagbag.py:588} INFO - Filling up the DagBag from /opt/airflow/dags/weather_scrape_dag.py
[2026-07-14T21:00:35.770+0000] {processor.py:925} INFO - DAG(s) 'weather_scrape_and_load' retrieved from /opt/airflow/dags/weather_scrape_dag.py
[2026-07-14T21:00:35.786+0000] {logging_mixin.py:190} INFO - [2026-07-14T21:00:35.786+0000] {dag.py:3239} INFO - Sync 1 DAGs
[2026-07-14T21:00:35.801+0000] {logging_mixin.py:190} INFO - [2026-07-14T21:00:35.801+0000] {dag.py:4180} INFO - Setting next_dagrun for weather_scrape_and_load to 2026-07-14 21:00:00+00:00, run_after=2026-07-14 22:00:00+00:00
[2026-07-14T21:00:35.814+0000] {processor.py:208} INFO - Processing /opt/airflow/dags/weather_scrape_dag.py took 0.058 seconds
[2026-07-14T21:01:05.909+0000] {processor.py:186} INFO - Started process (PID=7344) to work on /opt/airflow/dags/weather_scrape_dag.py
[2026-07-14T21:01:05.917+0000] {processor.py:914} INFO - Processing file /opt/airflow/dags/weather_scrape_dag.py for tasks to queue
[2026-07-14T21:01:05.918+0000] {logging_mixin.py:190} INFO - [2026-07-14T21:01:05.918+0000] {dagbag.py:588} INFO - Filling up the DagBag from /opt/airflow/dags/weather_scrape_dag.py
[2026-07-14T21:01:05.925+0000] {processor.py:925} INFO - DAG(s) 'weather_scrape_and_load' retrieved from /opt/airflow/dags/weather_scrape_dag.py
[2026-07-14T21:01:05.942+0000] {logging_mixin.py:190} INFO - [2026-07-14T21:01:05.941+0000] {dag.py:3239} INFO - Sync 1 DAGs
[2026-07-14T21:01:05.956+0000] {logging_mixin.py:190} INFO - [2026-07-14T21:01:05.956+0000] {dag.py:4180} INFO - Setting next_dagrun for weather_scrape_and_load to 2026-07-14 21:00:00+00:00, run_after=2026-07-14 22:00:00+00:00
[2026-07-14T21:01:05.969+0000] {processor.py:208} INFO - Processing /opt/airflow/dags/weather_scrape_dag.py took 0.064 seconds
[2026-07-14T21:01:36.023+0000] {processor.py:186} INFO - Started process (PID=7349) to work on /opt/airflow/dags/weather_scrape_dag.py
[2026-07-14T21:01:36.024+0000] {processor.py:914} INFO - Processing file /opt/airflow/dags/weather_scrape_dag.py for tasks to queue
[2026-07-14T21:01:36.025+0000] {logging_mixin.py:190} INFO - [2026-07-14T21:01:36.025+0000] {dagbag.py:588} INFO - Filling up the DagBag from /opt/airflow/dags/weather_scrape_dag.py
[2026-07-14T21:01:36.033+0000] {processor.py:925} INFO - DAG(s) 'weather_scrape_and_load' retrieved from /opt/airflow/dags/weather_scrape_dag.py
[2026-07-14T21:01:36.050+0000] {logging_mixin.py:190} INFO - [2026-07-14T21:01:36.050+0000] {dag.py:3239} INFO - Sync 1 DAGs
[2026-07-14T21:01:36.067+0000] {logging_mixin.py:190} INFO - [2026-07-14T21:01:36.067+0000] {dag.py:4180} INFO - Setting next_dagrun for weather_scrape_and_load to 2026-07-14 21:00:00+00:00, run_after=2026-07-14 22:00:00+00:00
[2026-07-14T21:01:36.080+0000] {processor.py:208} INFO - Processing /opt/airflow/dags/weather_scrape_dag.py took 0.061 seconds
[2026-07-14T21:02:06.182+0000] {processor.py:186} INFO - Started process (PID=7354) to work on /opt/airflow/dags/weather_scrape_dag.py
[2026-07-14T21:02:06.182+0000] {processor.py:914} INFO - Processing file /opt/airflow/dags/weather_scrape_dag.py for tasks to queue
[2026-07-14T21:02:06.184+0000] {logging_mixin.py:190} INFO - [2026-07-14T21:02:06.183+0000] {dagbag.py:588} INFO - Filling up the DagBag from /opt/airflow/dags/weather_scrape_dag.py
[2026-07-14T21:02:06.190+0000] {processor.py:925} INFO - DAG(s) 'weather_scrape_and_load' retrieved from /opt/airflow/dags/weather_scrape_dag.py
[2026-07-14T21:02:06.206+0000] {logging_mixin.py:190} INFO - [2026-07-14T21:02:06.206+0000] {dag.py:3239} INFO - Sync 1 DAGs
[2026-07-14T21:02:06.221+0000] {logging_mixin.py:190} INFO - [2026-07-14T21:02:06.220+0000] {dag.py:4180} INFO - Setting next_dagrun for weather_scrape_and_load to 2026-07-14 21:00:00+00:00, run_after=2026-07-14 22:00:00+00:00
[2026-07-14T21:02:06.232+0000] {processor.py:208} INFO - Processing /opt/airflow/dags/weather_scrape_dag.py took 0.054 seconds
[2026-07-14T21:02:36.295+0000] {processor.py:186} INFO - Started process (PID=7359) to work on /opt/airflow/dags/weather_scrape_dag.py
[2026-07-14T21:02:36.295+0000] {processor.py:914} INFO - Processing file /opt/airflow/dags/weather_scrape_dag.py for tasks to queue
[2026-07-14T21:02:36.296+0000] {logging_mixin.py:190} INFO - [2026-07-14T21:02:36.296+0000] {dagbag.py:588} INFO - Filling up the DagBag from /opt/airflow/dags/weather_scrape_dag.py
[2026-07-14T21:02:36.304+0000] {processor.py:925} INFO - DAG(s) 'weather_scrape_and_load' retrieved from /opt/airflow/dags/weather_scrape_dag.py
[2026-07-14T21:02:36.320+0000] {logging_mixin.py:190} INFO - [2026-07-14T21:02:36.320+0000] {dag.py:3239} INFO - Sync 1 DAGs
[2026-07-14T21:02:36.335+0000] {logging_mixin.py:190} INFO - [2026-07-14T21:02:36.335+0000] {dag.py:4180} INFO - Setting next_dagrun for weather_scrape_and_load to 2026-07-14 21:00:00+00:00, run_after=2026-07-14 22:00:00+00:00
[2026-07-14T21:02:36.348+0000] {processor.py:208} INFO - Processing /opt/airflow/dags/weather_scrape_dag.py took 0.057 seconds
[2026-07-14T21:03:06.438+0000] {processor.py:186} INFO - Started process (PID=7364) to work on /opt/airflow/dags/weather_scrape_dag.py
[2026-07-14T21:03:06.446+0000] {processor.py:914} INFO - Processing file /opt/airflow/dags/weather_scrape_dag.py for tasks to queue
[2026-07-14T21:03:06.448+0000] {logging_mixin.py:190} INFO - [2026-07-14T21:03:06.448+0000] {dagbag.py:588} INFO - Filling up the DagBag from /opt/airflow/dags/weather_scrape_dag.py
[2026-07-14T21:03:06.455+0000] {processor.py:925} INFO - DAG(s) 'weather_scrape_and_load' retrieved from /opt/airflow/dags/weather_scrape_dag.py
[2026-07-14T21:03:06.472+0000] {logging_mixin.py:190} INFO - [2026-07-14T21:03:06.472+0000] {dag.py:3239} INFO - Sync 1 DAGs
[2026-07-14T21:03:06.487+0000] {logging_mixin.py:190} INFO - [2026-07-14T21:03:06.487+0000] {dag.py:4180} INFO - Setting next_dagrun for weather_scrape_and_load to 2026-07-14 21:00:00+00:00, run_after=2026-07-14 22:00:00+00:00
[2026-07-14T21:03:06.499+0000] {processor.py:208} INFO - Processing /opt/airflow/dags/weather_scrape_dag.py took 0.065 seconds
[2026-07-14T21:03:36.555+0000] {processor.py:186} INFO - Started process (PID=7369) to work on /opt/airflow/dags/weather_scrape_dag.py
[2026-07-14T21:03:36.556+0000] {processor.py:914} INFO - Processing file /opt/airflow/dags/weather_scrape_dag.py for tasks to queue
[2026-07-14T21:03:36.557+0000] {logging_mixin.py:190} INFO - [2026-07-14T21:03:36.557+0000] {dagbag.py:588} INFO - Filling up the DagBag from /opt/airflow/dags/weather_scrape_dag.py
[2026-07-14T21:03:36.564+0000] {processor.py:925} INFO - DAG(s) 'weather_scrape_and_load' retrieved from /opt/airflow/dags/weather_scrape_dag.py
[2026-07-14T21:03:36.580+0000] {logging_mixin.py:190} INFO - [2026-07-14T21:03:36.580+0000] {dag.py:3239} INFO - Sync 1 DAGs
[2026-07-14T21:03:36.595+0000] {logging_mixin.py:190} INFO - [2026-07-14T21:03:36.595+0000] {dag.py:4180} INFO - Setting next_dagrun for weather_scrape_and_load to 2026-07-14 21:00:00+00:00, run_after=2026-07-14 22:00:00+00:00
[2026-07-14T21:03:36.607+0000] {processor.py:208} INFO - Processing /opt/airflow/dags/weather_scrape_dag.py took 0.055 seconds
[2026-07-14T21:04:06.706+0000] {processor.py:186} INFO - Started process (PID=7374) to work on /opt/airflow/dags/weather_scrape_dag.py
[2026-07-14T21:04:06.706+0000] {processor.py:914} INFO - Processing file /opt/airflow/dags/weather_scrape_dag.py for tasks to queue
[2026-07-14T21:04:06.708+0000] {logging_mixin.py:190} INFO - [2026-07-14T21:04:06.708+0000] {dagbag.py:588} INFO - Filling up the DagBag from /opt/airflow/dags/weather_scrape_dag.py
[2026-07-14T21:04:06.715+0000] {processor.py:925} INFO - DAG(s) 'weather_scrape_and_load' retrieved from /opt/airflow/dags/weather_scrape_dag.py
[2026-07-14T21:04:06.732+0000] {logging_mixin.py:190} INFO - [2026-07-14T21:04:06.732+0000] {dag.py:3239} INFO - Sync 1 DAGs
[2026-07-14T21:04:06.747+0000] {logging_mixin.py:190} INFO - [2026-07-14T21:04:06.747+0000] {dag.py:4180} INFO - Setting next_dagrun for weather_scrape_and_load to 2026-07-14 21:00:00+00:00, run_after=2026-07-14 22:00:00+00:00
[2026-07-14T21:04:06.760+0000] {processor.py:208} INFO - Processing /opt/airflow/dags/weather_scrape_dag.py took 0.058 seconds
[2026-07-14T21:04:36.823+0000] {processor.py:186} INFO - Started process (PID=7379) to work on /opt/airflow/dags/weather_scrape_dag.py
[2026-07-14T21:04:36.824+0000] {processor.py:914} INFO - Processing file /opt/airflow/dags/weather_scrape_dag.py for tasks to queue
[2026-07-14T21:04:36.825+0000] {logging_mixin.py:190} INFO - [2026-07-14T21:04:36.825+0000] {dagbag.py:588} INFO - Filling up the DagBag from /opt/airflow/dags/weather_scrape_dag.py
[2026-07-14T21:04:36.832+0000] {processor.py:925} INFO - DAG(s) 'weather_scrape_and_load' retrieved from /opt/airflow/dags/weather_scrape_dag.py
[2026-07-14T21:04:36.848+0000] {logging_mixin.py:190} INFO - [2026-07-14T21:04:36.848+0000] {dag.py:3239} INFO - Sync 1 DAGs
[2026-07-14T21:04:36.864+0000] {logging_mixin.py:190} INFO - [2026-07-14T21:04:36.864+0000] {dag.py:4180} INFO - Setting next_dagrun for weather_scrape_and_load to 2026-07-14 21:00:00+00:00, run_after=2026-07-14 22:00:00+00:00
[2026-07-14T21:04:36.877+0000] {processor.py:208} INFO - Processing /opt/airflow/dags/weather_scrape_dag.py took 0.058 seconds
[2026-07-14T21:05:06.975+0000] {processor.py:186} INFO - Started process (PID=7384) to work on /opt/airflow/dags/weather_scrape_dag.py
[2026-07-14T21:05:06.983+0000] {processor.py:914} INFO - Processing file /opt/airflow/dags/weather_scrape_dag.py for tasks to queue
[2026-07-14T21:05:06.984+0000] {logging_mixin.py:190} INFO - [2026-07-14T21:05:06.984+0000] {dagbag.py:588} INFO - Filling up the DagBag from /opt/airflow/dags/weather_scrape_dag.py
[2026-07-14T21:05:06.992+0000] {processor.py:925} INFO - DAG(s) 'weather_scrape_and_load' retrieved from /opt/airflow/dags/weather_scrape_dag.py
[2026-07-14T21:05:07.008+0000] {logging_mixin.py:190} INFO - [2026-07-14T21:05:07.008+0000] {dag.py:3239} INFO - Sync 1 DAGs
[2026-07-14T21:05:07.023+0000] {logging_mixin.py:190} INFO - [2026-07-14T21:05:07.023+0000] {dag.py:4180} INFO - Setting next_dagrun for weather_scrape_and_load to 2026-07-14 21:00:00+00:00, run_after=2026-07-14 22:00:00+00:00
[2026-07-14T21:05:07.036+0000] {processor.py:208} INFO - Processing /opt/airflow/dags/weather_scrape_dag.py took 0.064 seconds
[2026-07-14T21:05:37.083+0000] {processor.py:186} INFO - Started process (PID=7401) to work on /opt/airflow/dags/weather_scrape_dag.py
[2026-07-14T21:05:37.083+0000] {processor.py:914} INFO - Processing file /opt/airflow/dags/weather_scrape_dag.py for tasks to queue
[2026-07-14T21:05:37.084+0000] {logging_mixin.py:190} INFO - [2026-07-14T21:05:37.084+0000] {dagbag.py:588} INFO - Filling up the DagBag from /opt/airflow/dags/weather_scrape_dag.py
[2026-07-14T21:05:37.092+0000] {processor.py:925} INFO - DAG(s) 'weather_scrape_and_load' retrieved from /opt/airflow/dags/weather_scrape_dag.py
[2026-07-14T21:05:37.108+0000] {logging_mixin.py:190} INFO - [2026-07-14T21:05:37.108+0000] {dag.py:3239} INFO - Sync 1 DAGs
[2026-07-14T21:05:37.123+0000] {logging_mixin.py:190} INFO - [2026-07-14T21:05:37.123+0000] {dag.py:4180} INFO - Setting next_dagrun for weather_scrape_and_load to 2026-07-14 21:00:00+00:00, run_after=2026-07-14 22:00:00+00:00
[2026-07-14T21:05:37.136+0000] {processor.py:208} INFO - Processing /opt/airflow/dags/weather_scrape_dag.py took 0.057 seconds
[2026-07-14T21:06:07.244+0000] {processor.py:186} INFO - Started process (PID=7406) to work on /opt/airflow/dags/weather_scrape_dag.py
[2026-07-14T21:06:07.245+0000] {processor.py:914} INFO - Processing file /opt/airflow/dags/weather_scrape_dag.py for tasks to queue
[2026-07-14T21:06:07.246+0000] {logging_mixin.py:190} INFO - [2026-07-14T21:06:07.246+0000] {dagbag.py:588} INFO - Filling up the DagBag from /opt/airflow/dags/weather_scrape_dag.py
[2026-07-14T21:06:07.254+0000] {processor.py:925} INFO - DAG(s) 'weather_scrape_and_load' retrieved from /opt/airflow/dags/weather_scrape_dag.py
[2026-07-14T21:06:07.269+0000] {logging_mixin.py:190} INFO - [2026-07-14T21:06:07.269+0000] {dag.py:3239} INFO - Sync 1 DAGs
[2026-07-14T21:06:07.287+0000] {logging_mixin.py:190} INFO - [2026-07-14T21:06:07.286+0000] {dag.py:4180} INFO - Setting next_dagrun for weather_scrape_and_load to 2026-07-14 21:00:00+00:00, run_after=2026-07-14 22:00:00+00:00
[2026-07-14T21:06:07.298+0000] {processor.py:208} INFO - Processing /opt/airflow/dags/weather_scrape_dag.py took 0.058 seconds
[2026-07-14T21:06:37.361+0000] {processor.py:186} INFO - Started process (PID=7411) to work on /opt/airflow/dags/weather_scrape_dag.py
[2026-07-14T21:06:37.362+0000] {processor.py:914} INFO - Processing file /opt/airflow/dags/weather_scrape_dag.py for tasks to queue
[2026-07-14T21:06:37.363+0000] {logging_mixin.py:190} INFO - [2026-07-14T21:06:37.363+0000] {dagbag.py:588} INFO - Filling up the DagBag from /opt/airflow/dags/weather_scrape_dag.py
[2026-07-14T21:06:37.371+0000] {processor.py:925} INFO - DAG(s) 'weather_scrape_and_load' retrieved from /opt/airflow/dags/weather_scrape_dag.py
[2026-07-14T21:06:37.388+0000] {logging_mixin.py:190} INFO - [2026-07-14T21:06:37.387+0000] {dag.py:3239} INFO - Sync 1 DAGs
[2026-07-14T21:06:37.402+0000] {logging_mixin.py:190} INFO - [2026-07-14T21:06:37.402+0000] {dag.py:4180} INFO - Setting next_dagrun for weather_scrape_and_load to 2026-07-14 21:00:00+00:00, run_after=2026-07-14 22:00:00+00:00
[2026-07-14T21:06:37.429+0000] {processor.py:208} INFO - Processing /opt/airflow/dags/weather_scrape_dag.py took 0.071 seconds
[2026-07-14T21:07:07.506+0000] {processor.py:186} INFO - Started process (PID=7416) to work on /opt/airflow/dags/weather_scrape_dag.py
[2026-07-14T21:07:07.514+0000] {processor.py:914} INFO - Processing file /opt/airflow/dags/weather_scrape_dag.py for tasks to queue
[2026-07-14T21:07:07.516+0000] {logging_mixin.py:190} INFO - [2026-07-14T21:07:07.516+0000] {dagbag.py:588} INFO - Filling up the DagBag from /opt/airflow/dags/weather_scrape_dag.py
[2026-07-14T21:07:07.524+0000] {processor.py:925} INFO - DAG(s) 'weather_scrape_and_load' retrieved from /opt/airflow/dags/weather_scrape_dag.py
[2026-07-14T21:07:07.541+0000] {logging_mixin.py:190} INFO - [2026-07-14T21:07:07.541+0000] {dag.py:3239} INFO - Sync 1 DAGs
[2026-07-14T21:07:07.558+0000] {logging_mixin.py:190} INFO - [2026-07-14T21:07:07.557+0000] {dag.py:4180} INFO - Setting next_dagrun for weather_scrape_and_load to 2026-07-14 21:00:00+00:00, run_after=2026-07-14 22:00:00+00:00
[2026-07-14T21:07:07.570+0000] {processor.py:208} INFO - Processing /opt/airflow/dags/weather_scrape_dag.py took 0.068 seconds
[2026-07-14T21:07:37.638+0000] {processor.py:186} INFO - Started process (PID=7421) to work on /opt/airflow/dags/weather_scrape_dag.py
[2026-07-14T21:07:37.639+0000] {processor.py:914} INFO - Processing file /opt/airflow/dags/weather_scrape_dag.py for tasks to queue
[2026-07-14T21:07:37.640+0000] {logging_mixin.py:190} INFO - [2026-07-14T21:07:37.640+0000] {dagbag.py:588} INFO - Filling up the DagBag from /opt/airflow/dags/weather_scrape_dag.py
[2026-07-14T21:07:37.648+0000] {processor.py:925} INFO - DAG(s) 'weather_scrape_and_load' retrieved from /opt/airflow/dags/weather_scrape_dag.py
[2026-07-14T21:07:37.665+0000] {logging_mixin.py:190} INFO - [2026-07-14T21:07:37.665+0000] {dag.py:3239} INFO - Sync 1 DAGs
[2026-07-14T21:07:37.680+0000] {logging_mixin.py:190} INFO - [2026-07-14T21:07:37.680+0000] {dag.py:4180} INFO - Setting next_dagrun for weather_scrape_and_load to 2026-07-14 21:00:00+00:00, run_after=2026-07-14 22:00:00+00:00
[2026-07-14T21:07:37.693+0000] {processor.py:208} INFO - Processing /opt/airflow/dags/weather_scrape_dag.py took 0.058 seconds
[2026-07-14T21:08:07.773+0000] {processor.py:186} INFO - Started process (PID=7426) to work on /opt/airflow/dags/weather_scrape_dag.py
[2026-07-14T21:08:07.777+0000] {processor.py:914} INFO - Processing file /opt/airflow/dags/weather_scrape_dag.py for tasks to queue
[2026-07-14T21:08:07.780+0000] {logging_mixin.py:190} INFO - [2026-07-14T21:08:07.779+0000] {dagbag.py:588} INFO - Filling up the DagBag from /opt/airflow/dags/weather_scrape_dag.py
[2026-07-14T21:08:07.787+0000] {processor.py:925} INFO - DAG(s) 'weather_scrape_and_load' retrieved from /opt/airflow/dags/weather_scrape_dag.py
[2026-07-14T21:08:07.806+0000] {logging_mixin.py:190} INFO - [2026-07-14T21:08:07.806+0000] {dag.py:3239} INFO - Sync 1 DAGs
[2026-07-14T21:08:07.828+0000] {logging_mixin.py:190} INFO - [2026-07-14T21:08:07.828+0000] {dag.py:4180} INFO - Setting next_dagrun for weather_scrape_and_load to 2026-07-14 21:00:00+00:00, run_after=2026-07-14 22:00:00+00:00
[2026-07-14T21:08:07.846+0000] {processor.py:208} INFO - Processing /opt/airflow/dags/weather_scrape_dag.py took 0.078 seconds
[2026-07-14T21:08:37.899+0000] {processor.py:186} INFO - Started process (PID=7431) to work on /opt/airflow/dags/weather_scrape_dag.py
[2026-07-14T21:08:37.900+0000] {processor.py:914} INFO - Processing file /opt/airflow/dags/weather_scrape_dag.py for tasks to queue
[2026-07-14T21:08:37.901+0000] {logging_mixin.py:190} INFO - [2026-07-14T21:08:37.901+0000] {dagbag.py:588} INFO - Filling up the DagBag from /opt/airflow/dags/weather_scrape_dag.py
[2026-07-14T21:08:37.908+0000] {processor.py:925} INFO - DAG(s) 'weather_scrape_and_load' retrieved from /opt/airflow/dags/weather_scrape_dag.py
[2026-07-14T21:08:37.924+0000] {logging_mixin.py:190} INFO - [2026-07-14T21:08:37.924+0000] {dag.py:3239} INFO - Sync 1 DAGs
[2026-07-14T21:08:37.939+0000] {logging_mixin.py:190} INFO - [2026-07-14T21:08:37.939+0000] {dag.py:4180} INFO - Setting next_dagrun for weather_scrape_and_load to 2026-07-14 21:00:00+00:00, run_after=2026-07-14 22:00:00+00:00
[2026-07-14T21:08:37.951+0000] {processor.py:208} INFO - Processing /opt/airflow/dags/weather_scrape_dag.py took 0.057 seconds
[2026-07-14T21:09:08.055+0000] {processor.py:186} INFO - Started process (PID=7436) to work on /opt/airflow/dags/weather_scrape_dag.py
[2026-07-14T21:09:08.059+0000] {processor.py:914} INFO - Processing file /opt/airflow/dags/weather_scrape_dag.py for tasks to queue
[2026-07-14T21:09:08.061+0000] {logging_mixin.py:190} INFO - [2026-07-14T21:09:08.061+0000] {dagbag.py:588} INFO - Filling up the DagBag from /opt/airflow/dags/weather_scrape_dag.py
[2026-07-14T21:09:08.068+0000] {processor.py:925} INFO - DAG(s) 'weather_scrape_and_load' retrieved from /opt/airflow/dags/weather_scrape_dag.py
[2026-07-14T21:09:08.084+0000] {logging_mixin.py:190} INFO - [2026-07-14T21:09:08.083+0000] {dag.py:3239} INFO - Sync 1 DAGs
[2026-07-14T21:09:08.098+0000] {logging_mixin.py:190} INFO - [2026-07-14T21:09:08.098+0000] {dag.py:4180} INFO - Setting next_dagrun for weather_scrape_and_load to 2026-07-14 21:00:00+00:00, run_after=2026-07-14 22:00:00+00:00
[2026-07-14T21:09:08.111+0000] {processor.py:208} INFO - Processing /opt/airflow/dags/weather_scrape_dag.py took 0.059 seconds
[2026-07-14T21:09:38.166+0000] {processor.py:186} INFO - Started process (PID=7441) to work on /opt/airflow/dags/weather_scrape_dag.py
[2026-07-14T21:09:38.167+0000] {processor.py:914} INFO - Processing file /opt/airflow/dags/weather_scrape_dag.py for tasks to queue
[2026-07-14T21:09:38.168+0000] {logging_mixin.py:190} INFO - [2026-07-14T21:09:38.168+0000] {dagbag.py:588} INFO - Filling up the DagBag from /opt/airflow/dags/weather_scrape_dag.py
[2026-07-14T21:09:38.175+0000] {processor.py:925} INFO - DAG(s) 'weather_scrape_and_load' retrieved from /opt/airflow/dags/weather_scrape_dag.py
[2026-07-14T21:09:38.193+0000] {logging_mixin.py:190} INFO - [2026-07-14T21:09:38.192+0000] {dag.py:3239} INFO - Sync 1 DAGs
[2026-07-14T21:09:38.209+0000] {logging_mixin.py:190} INFO - [2026-07-14T21:09:38.209+0000] {dag.py:4180} INFO - Setting next_dagrun for weather_scrape_and_load to 2026-07-14 21:00:00+00:00, run_after=2026-07-14 22:00:00+00:00
[2026-07-14T21:09:38.223+0000] {processor.py:208} INFO - Processing /opt/airflow/dags/weather_scrape_dag.py took 0.060 seconds
[2026-07-14T21:10:08.319+0000] {processor.py:186} INFO - Started process (PID=7446) to work on /opt/airflow/dags/weather_scrape_dag.py
[2026-07-14T21:10:08.327+0000] {processor.py:914} INFO - Processing file /opt/airflow/dags/weather_scrape_dag.py for tasks to queue
[2026-07-14T21:10:08.329+0000] {logging_mixin.py:190} INFO - [2026-07-14T21:10:08.328+0000] {dagbag.py:588} INFO - Filling up the DagBag from /opt/airflow/dags/weather_scrape_dag.py
[2026-07-14T21:10:08.336+0000] {processor.py:925} INFO - DAG(s) 'weather_scrape_and_load' retrieved from /opt/airflow/dags/weather_scrape_dag.py
[2026-07-14T21:10:08.351+0000] {logging_mixin.py:190} INFO - [2026-07-14T21:10:08.351+0000] {dag.py:3239} INFO - Sync 1 DAGs
[2026-07-14T21:10:08.367+0000] {logging_mixin.py:190} INFO - [2026-07-14T21:10:08.367+0000] {dag.py:4180} INFO - Setting next_dagrun for weather_scrape_and_load to 2026-07-14 21:00:00+00:00, run_after=2026-07-14 22:00:00+00:00
[2026-07-14T21:10:08.379+0000] {processor.py:208} INFO - Processing /opt/airflow/dags/weather_scrape_dag.py took 0.064 seconds
[2026-07-14T21:10:38.432+0000] {processor.py:186} INFO - Started process (PID=7463) to work on /opt/airflow/dags/weather_scrape_dag.py
[2026-07-14T21:10:38.432+0000] {processor.py:914} INFO - Processing file /opt/airflow/dags/weather_scrape_dag.py for tasks to queue
[2026-07-14T21:10:38.434+0000] {logging_mixin.py:190} INFO - [2026-07-14T21:10:38.433+0000] {dagbag.py:588} INFO - Filling up the DagBag from /opt/airflow/dags/weather_scrape_dag.py
[2026-07-14T21:10:38.440+0000] {processor.py:925} INFO - DAG(s) 'weather_scrape_and_load' retrieved from /opt/airflow/dags/weather_scrape_dag.py
[2026-07-14T21:10:38.457+0000] {logging_mixin.py:190} INFO - [2026-07-14T21:10:38.457+0000] {dag.py:3239} INFO - Sync 1 DAGs
[2026-07-14T21:10:38.473+0000] {logging_mixin.py:190} INFO - [2026-07-14T21:10:38.473+0000] {dag.py:4180} INFO - Setting next_dagrun for weather_scrape_and_load to 2026-07-14 21:00:00+00:00, run_after=2026-07-14 22:00:00+00:00
[2026-07-14T21:10:38.486+0000] {processor.py:208} INFO - Processing /opt/airflow/dags/weather_scrape_dag.py took 0.058 seconds
[2026-07-14T21:11:08.583+0000] {processor.py:186} INFO - Started process (PID=7468) to work on /opt/airflow/dags/weather_scrape_dag.py
[2026-07-14T21:11:08.591+0000] {processor.py:914} INFO - Processing file /opt/airflow/dags/weather_scrape_dag.py for tasks to queue
[2026-07-14T21:11:08.593+0000] {logging_mixin.py:190} INFO - [2026-07-14T21:11:08.593+0000] {dagbag.py:588} INFO - Filling up the DagBag from /opt/airflow/dags/weather_scrape_dag.py
[2026-07-14T21:11:08.600+0000] {processor.py:925} INFO - DAG(s) 'weather_scrape_and_load' retrieved from /opt/airflow/dags/weather_scrape_dag.py
[2026-07-14T21:11:08.617+0000] {logging_mixin.py:190} INFO - [2026-07-14T21:11:08.617+0000] {dag.py:3239} INFO - Sync 1 DAGs
[2026-07-14T21:11:08.633+0000] {logging_mixin.py:190} INFO - [2026-07-14T21:11:08.633+0000] {dag.py:4180} INFO - Setting next_dagrun for weather_scrape_and_load to 2026-07-14 21:00:00+00:00, run_after=2026-07-14 22:00:00+00:00
[2026-07-14T21:11:08.647+0000] {processor.py:208} INFO - Processing /opt/airflow/dags/weather_scrape_dag.py took 0.068 seconds
[2026-07-14T21:11:38.698+0000] {processor.py:186} INFO - Started process (PID=7473) to work on /opt/airflow/dags/weather_scrape_dag.py
[2026-07-14T21:11:38.699+0000] {processor.py:914} INFO - Processing file /opt/airflow/dags/weather_scrape_dag.py for tasks to queue
[2026-07-14T21:11:38.701+0000] {logging_mixin.py:190} INFO - [2026-07-14T21:11:38.700+0000] {dagbag.py:588} INFO - Filling up the DagBag from /opt/airflow/dags/weather_scrape_dag.py
[2026-07-14T21:11:38.708+0000] {processor.py:925} INFO - DAG(s) 'weather_scrape_and_load' retrieved from /opt/airflow/dags/weather_scrape_dag.py
[2026-07-14T21:11:38.724+0000] {logging_mixin.py:190} INFO - [2026-07-14T21:11:38.724+0000] {dag.py:3239} INFO - Sync 1 DAGs
[2026-07-14T21:11:38.738+0000] {logging_mixin.py:190} INFO - [2026-07-14T21:11:38.738+0000] {dag.py:4180} INFO - Setting next_dagrun for weather_scrape_and_load to 2026-07-14 21:00:00+00:00, run_after=2026-07-14 22:00:00+00:00
[2026-07-14T21:11:38.751+0000] {processor.py:208} INFO - Processing /opt/airflow/dags/weather_scrape_dag.py took 0.057 seconds
[2026-07-14T21:12:08.855+0000] {processor.py:186} INFO - Started process (PID=7478) to work on /opt/airflow/dags/weather_scrape_dag.py
[2026-07-14T21:12:08.856+0000] {processor.py:914} INFO - Processing file /opt/airflow/dags/weather_scrape_dag.py for tasks to queue
[2026-07-14T21:12:08.857+0000] {logging_mixin.py:190} INFO - [2026-07-14T21:12:08.857+0000] {dagbag.py:588} INFO - Filling up the DagBag from /opt/airflow/dags/weather_scrape_dag.py
[2026-07-14T21:12:08.864+0000] {processor.py:925} INFO - DAG(s) 'weather_scrape_and_load' retrieved from /opt/airflow/dags/weather_scrape_dag.py
[2026-07-14T21:12:08.881+0000] {logging_mixin.py:190} INFO - [2026-07-14T21:12:08.881+0000] {dag.py:3239} INFO - Sync 1 DAGs
[2026-07-14T21:12:08.896+0000] {logging_mixin.py:190} INFO - [2026-07-14T21:12:08.896+0000] {dag.py:4180} INFO - Setting next_dagrun for weather_scrape_and_load to 2026-07-14 21:00:00+00:00, run_after=2026-07-14 22:00:00+00:00
[2026-07-14T21:12:08.908+0000] {processor.py:208} INFO - Processing /opt/airflow/dags/weather_scrape_dag.py took 0.057 seconds
[2026-07-14T21:12:38.965+0000] {processor.py:186} INFO - Started process (PID=7483) to work on /opt/airflow/dags/weather_scrape_dag.py
[2026-07-14T21:12:38.973+0000] {processor.py:914} INFO - Processing file /opt/airflow/dags/weather_scrape_dag.py for tasks to queue
[2026-07-14T21:12:38.975+0000] {logging_mixin.py:190} INFO - [2026-07-14T21:12:38.974+0000] {dagbag.py:588} INFO - Filling up the DagBag from /opt/airflow/dags/weather_scrape_dag.py
[2026-07-14T21:12:38.982+0000] {processor.py:925} INFO - DAG(s) 'weather_scrape_and_load' retrieved from /opt/airflow/dags/weather_scrape_dag.py
[2026-07-14T21:12:38.997+0000] {logging_mixin.py:190} INFO - [2026-07-14T21:12:38.997+0000] {dag.py:3239} INFO - Sync 1 DAGs
[2026-07-14T21:12:39.014+0000] {logging_mixin.py:190} INFO - [2026-07-14T21:12:39.014+0000] {dag.py:4180} INFO - Setting next_dagrun for weather_scrape_and_load to 2026-07-14 21:00:00+00:00, run_after=2026-07-14 22:00:00+00:00
[2026-07-14T21:12:39.026+0000] {processor.py:208} INFO - Processing /opt/airflow/dags/weather_scrape_dag.py took 0.065 seconds
[2026-07-14T21:13:09.120+0000] {processor.py:186} INFO - Started process (PID=7488) to work on /opt/airflow/dags/weather_scrape_dag.py
[2026-07-14T21:13:09.121+0000] {processor.py:914} INFO - Processing file /opt/airflow/dags/weather_scrape_dag.py for tasks to queue
[2026-07-14T21:13:09.122+0000] {logging_mixin.py:190} INFO - [2026-07-14T21:13:09.122+0000] {dagbag.py:588} INFO - Filling up the DagBag from /opt/airflow/dags/weather_scrape_dag.py
[2026-07-14T21:13:09.130+0000] {processor.py:925} INFO - DAG(s) 'weather_scrape_and_load' retrieved from /opt/airflow/dags/weather_scrape_dag.py
[2026-07-14T21:13:09.147+0000] {logging_mixin.py:190} INFO - [2026-07-14T21:13:09.147+0000] {dag.py:3239} INFO - Sync 1 DAGs
[2026-07-14T21:13:09.162+0000] {logging_mixin.py:190} INFO - [2026-07-14T21:13:09.161+0000] {dag.py:4180} INFO - Setting next_dagrun for weather_scrape_and_load to 2026-07-14 21:00:00+00:00, run_after=2026-07-14 22:00:00+00:00
[2026-07-14T21:13:09.174+0000] {processor.py:208} INFO - Processing /opt/airflow/dags/weather_scrape_dag.py took 0.059 seconds
[2026-07-14T21:13:39.239+0000] {processor.py:186} INFO - Started process (PID=7493) to work on /opt/airflow/dags/weather_scrape_dag.py
[2026-07-14T21:13:39.247+0000] {processor.py:914} INFO - Processing file /opt/airflow/dags/weather_scrape_dag.py for tasks to queue
[2026-07-14T21:13:39.249+0000] {logging_mixin.py:190} INFO - [2026-07-14T21:13:39.249+0000] {dagbag.py:588} INFO - Filling up the DagBag from /opt/airflow/dags/weather_scrape_dag.py
[2026-07-14T21:13:39.257+0000] {processor.py:925} INFO - DAG(s) 'weather_scrape_and_load' retrieved from /opt/airflow/dags/weather_scrape_dag.py
[2026-07-14T21:13:39.273+0000] {logging_mixin.py:190} INFO - [2026-07-14T21:13:39.273+0000] {dag.py:3239} INFO - Sync 1 DAGs
[2026-07-14T21:13:39.287+0000] {logging_mixin.py:190} INFO - [2026-07-14T21:13:39.287+0000] {dag.py:4180} INFO - Setting next_dagrun for weather_scrape_and_load to 2026-07-14 21:00:00+00:00, run_after=2026-07-14 22:00:00+00:00
[2026-07-14T21:13:39.300+0000] {processor.py:208} INFO - Processing /opt/airflow/dags/weather_scrape_dag.py took 0.065 seconds
[2026-07-14T21:14:09.389+0000] {processor.py:186} INFO - Started process (PID=7498) to work on /opt/airflow/dags/weather_scrape_dag.py
[2026-07-14T21:14:09.390+0000] {processor.py:914} INFO - Processing file /opt/airflow/dags/weather_scrape_dag.py for tasks to queue
[2026-07-14T21:14:09.391+0000] {logging_mixin.py:190} INFO - [2026-07-14T21:14:09.391+0000] {dagbag.py:588} INFO - Filling up the DagBag from /opt/airflow/dags/weather_scrape_dag.py
[2026-07-14T21:14:09.398+0000] {processor.py:925} INFO - DAG(s) 'weather_scrape_and_load' retrieved from /opt/airflow/dags/weather_scrape_dag.py
[2026-07-14T21:14:09.415+0000] {logging_mixin.py:190} INFO - [2026-07-14T21:14:09.414+0000] {dag.py:3239} INFO - Sync 1 DAGs
[2026-07-14T21:14:09.429+0000] {logging_mixin.py:190} INFO - [2026-07-14T21:14:09.429+0000] {dag.py:4180} INFO - Setting next_dagrun for weather_scrape_and_load to 2026-07-14 21:00:00+00:00, run_after=2026-07-14 22:00:00+00:00
[2026-07-14T21:14:09.443+0000] {processor.py:208} INFO - Processing /opt/airflow/dags/weather_scrape_dag.py took 0.057 seconds
[2026-07-14T21:14:39.508+0000] {processor.py:186} INFO - Started process (PID=7503) to work on /opt/airflow/dags/weather_scrape_dag.py
[2026-07-14T21:14:39.510+0000] {processor.py:914} INFO - Processing file /opt/airflow/dags/weather_scrape_dag.py for tasks to queue
[2026-07-14T21:14:39.512+0000] {logging_mixin.py:190} INFO - [2026-07-14T21:14:39.511+0000] {dagbag.py:588} INFO - Filling up the DagBag from /opt/airflow/dags/weather_scrape_dag.py
[2026-07-14T21:14:39.520+0000] {processor.py:925} INFO - DAG(s) 'weather_scrape_and_load' retrieved from /opt/airflow/dags/weather_scrape_dag.py
[2026-07-14T21:14:39.544+0000] {logging_mixin.py:190} INFO - [2026-07-14T21:14:39.544+0000] {dag.py:3239} INFO - Sync 1 DAGs
[2026-07-14T21:14:39.562+0000] {logging_mixin.py:190} INFO - [2026-07-14T21:14:39.562+0000] {dag.py:4180} INFO - Setting next_dagrun for weather_scrape_and_load to 2026-07-14 21:00:00+00:00, run_after=2026-07-14 22:00:00+00:00
[2026-07-14T21:14:39.577+0000] {processor.py:208} INFO - Processing /opt/airflow/dags/weather_scrape_dag.py took 0.074 seconds
[2026-07-14T21:15:09.663+0000] {processor.py:186} INFO - Started process (PID=7508) to work on /opt/airflow/dags/weather_scrape_dag.py
[2026-07-14T21:15:09.664+0000] {processor.py:914} INFO - Processing file /opt/airflow/dags/weather_scrape_dag.py for tasks to queue
[2026-07-14T21:15:09.666+0000] {logging_mixin.py:190} INFO - [2026-07-14T21:15:09.665+0000] {dagbag.py:588} INFO - Filling up the DagBag from /opt/airflow/dags/weather_scrape_dag.py
[2026-07-14T21:15:09.673+0000] {processor.py:925} INFO - DAG(s) 'weather_scrape_and_load' retrieved from /opt/airflow/dags/weather_scrape_dag.py
[2026-07-14T21:15:09.689+0000] {logging_mixin.py:190} INFO - [2026-07-14T21:15:09.689+0000] {dag.py:3239} INFO - Sync 1 DAGs
[2026-07-14T21:15:09.704+0000] {logging_mixin.py:190} INFO - [2026-07-14T21:15:09.704+0000] {dag.py:4180} INFO - Setting next_dagrun for weather_scrape_and_load to 2026-07-14 21:00:00+00:00, run_after=2026-07-14 22:00:00+00:00
[2026-07-14T21:15:09.718+0000] {processor.py:208} INFO - Processing /opt/airflow/dags/weather_scrape_dag.py took 0.059 seconds
[2026-07-14T21:15:39.786+0000] {processor.py:186} INFO - Started process (PID=7513) to work on /opt/airflow/dags/weather_scrape_dag.py
[2026-07-14T21:15:39.794+0000] {processor.py:914} INFO - Processing file /opt/airflow/dags/weather_scrape_dag.py for tasks to queue
[2026-07-14T21:15:39.795+0000] {logging_mixin.py:190} INFO - [2026-07-14T21:15:39.795+0000] {dagbag.py:588} INFO - Filling up the DagBag from /opt/airflow/dags/weather_scrape_dag.py
[2026-07-14T21:15:39.803+0000] {processor.py:925} INFO - DAG(s) 'weather_scrape_and_load' retrieved from /opt/airflow/dags/weather_scrape_dag.py
[2026-07-14T21:15:39.819+0000] {logging_mixin.py:190} INFO - [2026-07-14T21:15:39.819+0000] {dag.py:3239} INFO - Sync 1 DAGs
[2026-07-14T21:15:39.835+0000] {logging_mixin.py:190} INFO - [2026-07-14T21:15:39.835+0000] {dag.py:4180} INFO - Setting next_dagrun for weather_scrape_and_load to 2026-07-14 21:00:00+00:00, run_after=2026-07-14 22:00:00+00:00
[2026-07-14T21:15:39.848+0000] {processor.py:208} INFO - Processing /opt/airflow/dags/weather_scrape_dag.py took 0.066 seconds
[2026-07-14T21:16:09.928+0000] {processor.py:186} INFO - Started process (PID=7518) to work on /opt/airflow/dags/weather_scrape_dag.py
[2026-07-14T21:16:09.928+0000] {processor.py:914} INFO - Processing file /opt/airflow/dags/weather_scrape_dag.py for tasks to queue
[2026-07-14T21:16:09.930+0000] {logging_mixin.py:190} INFO - [2026-07-14T21:16:09.930+0000] {dagbag.py:588} INFO - Filling up the DagBag from /opt/airflow/dags/weather_scrape_dag.py
[2026-07-14T21:16:09.937+0000] {processor.py:925} INFO - DAG(s) 'weather_scrape_and_load' retrieved from /opt/airflow/dags/weather_scrape_dag.py
[2026-07-14T21:16:09.953+0000] {logging_mixin.py:190} INFO - [2026-07-14T21:16:09.953+0000] {dag.py:3239} INFO - Sync 1 DAGs
[2026-07-14T21:16:09.968+0000] {logging_mixin.py:190} INFO - [2026-07-14T21:16:09.968+0000] {dag.py:4180} INFO - Setting next_dagrun for weather_scrape_and_load to 2026-07-14 21:00:00+00:00, run_after=2026-07-14 22:00:00+00:00
[2026-07-14T21:16:09.981+0000] {processor.py:208} INFO - Processing /opt/airflow/dags/weather_scrape_dag.py took 0.058 seconds
[2026-07-14T21:16:40.049+0000] {processor.py:186} INFO - Started process (PID=7523) to work on /opt/airflow/dags/weather_scrape_dag.py
[2026-07-14T21:16:40.057+0000] {processor.py:914} INFO - Processing file /opt/airflow/dags/weather_scrape_dag.py for tasks to queue
[2026-07-14T21:16:40.058+0000] {logging_mixin.py:190} INFO - [2026-07-14T21:16:40.058+0000] {dagbag.py:588} INFO - Filling up the DagBag from /opt/airflow/dags/weather_scrape_dag.py
[2026-07-14T21:16:40.065+0000] {processor.py:925} INFO - DAG(s) 'weather_scrape_and_load' retrieved from /opt/airflow/dags/weather_scrape_dag.py
[2026-07-14T21:16:40.082+0000] {logging_mixin.py:190} INFO - [2026-07-14T21:16:40.082+0000] {dag.py:3239} INFO - Sync 1 DAGs
[2026-07-14T21:16:40.096+0000] {logging_mixin.py:190} INFO - [2026-07-14T21:16:40.096+0000] {dag.py:4180} INFO - Setting next_dagrun for weather_scrape_and_load to 2026-07-14 21:00:00+00:00, run_after=2026-07-14 22:00:00+00:00
[2026-07-14T21:16:40.108+0000] {processor.py:208} INFO - Processing /opt/airflow/dags/weather_scrape_dag.py took 0.064 seconds
[2026-07-14T21:17:10.186+0000] {processor.py:186} INFO - Started process (PID=7528) to work on /opt/airflow/dags/weather_scrape_dag.py
[2026-07-14T21:17:10.186+0000] {processor.py:914} INFO - Processing file /opt/airflow/dags/weather_scrape_dag.py for tasks to queue
[2026-07-14T21:17:10.190+0000] {logging_mixin.py:190} INFO - [2026-07-14T21:17:10.189+0000] {dagbag.py:588} INFO - Filling up the DagBag from /opt/airflow/dags/weather_scrape_dag.py
[2026-07-14T21:17:10.197+0000] {processor.py:925} INFO - DAG(s) 'weather_scrape_and_load' retrieved from /opt/airflow/dags/weather_scrape_dag.py
[2026-07-14T21:17:10.213+0000] {logging_mixin.py:190} INFO - [2026-07-14T21:17:10.213+0000] {dag.py:3239} INFO - Sync 1 DAGs
[2026-07-14T21:17:10.227+0000] {logging_mixin.py:190} INFO - [2026-07-14T21:17:10.227+0000] {dag.py:4180} INFO - Setting next_dagrun for weather_scrape_and_load to 2026-07-14 21:00:00+00:00, run_after=2026-07-14 22:00:00+00:00
[2026-07-14T21:17:10.240+0000] {processor.py:208} INFO - Processing /opt/airflow/dags/weather_scrape_dag.py took 0.058 seconds
[2026-07-14T21:17:40.316+0000] {processor.py:186} INFO - Started process (PID=7534) to work on /opt/airflow/dags/weather_scrape_dag.py
[2026-07-14T21:17:40.316+0000] {processor.py:914} INFO - Processing file /opt/airflow/dags/weather_scrape_dag.py for tasks to queue
[2026-07-14T21:17:40.318+0000] {logging_mixin.py:190} INFO - [2026-07-14T21:17:40.317+0000] {dagbag.py:588} INFO - Filling up the DagBag from /opt/airflow/dags/weather_scrape_dag.py
[2026-07-14T21:17:40.325+0000] {processor.py:925} INFO - DAG(s) 'weather_scrape_and_load' retrieved from /opt/airflow/dags/weather_scrape_dag.py
[2026-07-14T21:17:40.342+0000] {logging_mixin.py:190} INFO - [2026-07-14T21:17:40.342+0000] {dag.py:3239} INFO - Sync 1 DAGs
[2026-07-14T21:17:40.356+0000] {logging_mixin.py:190} INFO - [2026-07-14T21:17:40.356+0000] {dag.py:4180} INFO - Setting next_dagrun for weather_scrape_and_load to 2026-07-14 21:00:00+00:00, run_after=2026-07-14 22:00:00+00:00
[2026-07-14T21:17:40.368+0000] {processor.py:208} INFO - Processing /opt/airflow/dags/weather_scrape_dag.py took 0.056 seconds
[2026-07-14T21:18:10.454+0000] {processor.py:186} INFO - Started process (PID=7539) to work on /opt/airflow/dags/weather_scrape_dag.py
[2026-07-14T21:18:10.454+0000] {processor.py:914} INFO - Processing file /opt/airflow/dags/weather_scrape_dag.py for tasks to queue
[2026-07-14T21:18:10.455+0000] {logging_mixin.py:190} INFO - [2026-07-14T21:18:10.455+0000] {dagbag.py:588} INFO - Filling up the DagBag from /opt/airflow/dags/weather_scrape_dag.py
[2026-07-14T21:18:10.463+0000] {processor.py:925} INFO - DAG(s) 'weather_scrape_and_load' retrieved from /opt/airflow/dags/weather_scrape_dag.py
[2026-07-14T21:18:10.479+0000] {logging_mixin.py:190} INFO - [2026-07-14T21:18:10.478+0000] {dag.py:3239} INFO - Sync 1 DAGs
[2026-07-14T21:18:10.493+0000] {logging_mixin.py:190} INFO - [2026-07-14T21:18:10.493+0000] {dag.py:4180} INFO - Setting next_dagrun for weather_scrape_and_load to 2026-07-14 21:00:00+00:00, run_after=2026-07-14 22:00:00+00:00
[2026-07-14T21:18:10.507+0000] {processor.py:208} INFO - Processing /opt/airflow/dags/weather_scrape_dag.py took 0.057 seconds
[2026-07-14T21:18:40.576+0000] {processor.py:186} INFO - Started process (PID=7544) to work on /opt/airflow/dags/weather_scrape_dag.py
[2026-07-14T21:18:40.584+0000] {processor.py:914} INFO - Processing file /opt/airflow/dags/weather_scrape_dag.py for tasks to queue
[2026-07-14T21:18:40.585+0000] {logging_mixin.py:190} INFO - [2026-07-14T21:18:40.585+0000] {dagbag.py:588} INFO - Filling up the DagBag from /opt/airflow/dags/weather_scrape_dag.py
[2026-07-14T21:18:40.593+0000] {processor.py:925} INFO - DAG(s) 'weather_scrape_and_load' retrieved from /opt/airflow/dags/weather_scrape_dag.py
[2026-07-14T21:18:40.609+0000] {logging_mixin.py:190} INFO - [2026-07-14T21:18:40.609+0000] {dag.py:3239} INFO - Sync 1 DAGs
[2026-07-14T21:18:40.625+0000] {logging_mixin.py:190} INFO - [2026-07-14T21:18:40.625+0000] {dag.py:4180} INFO - Setting next_dagrun for weather_scrape_and_load to 2026-07-14 21:00:00+00:00, run_after=2026-07-14 22:00:00+00:00
[2026-07-14T21:18:40.636+0000] {processor.py:208} INFO - Processing /opt/airflow/dags/weather_scrape_dag.py took 0.064 seconds
[2026-07-14T21:19:10.717+0000] {processor.py:186} INFO - Started process (PID=7549) to work on /opt/airflow/dags/weather_scrape_dag.py
[2026-07-14T21:19:10.717+0000] {processor.py:914} INFO - Processing file /opt/airflow/dags/weather_scrape_dag.py for tasks to queue
[2026-07-14T21:19:10.720+0000] {logging_mixin.py:190} INFO - [2026-07-14T21:19:10.719+0000] {dagbag.py:588} INFO - Filling up the DagBag from /opt/airflow/dags/weather_scrape_dag.py
[2026-07-14T21:19:10.731+0000] {processor.py:925} INFO - DAG(s) 'weather_scrape_and_load' retrieved from /opt/airflow/dags/weather_scrape_dag.py
[2026-07-14T21:19:10.754+0000] {logging_mixin.py:190} INFO - [2026-07-14T21:19:10.754+0000] {dag.py:3239} INFO - Sync 1 DAGs
[2026-07-14T21:19:10.769+0000] {logging_mixin.py:190} INFO - [2026-07-14T21:19:10.769+0000] {dag.py:4180} INFO - Setting next_dagrun for weather_scrape_and_load to 2026-07-14 21:00:00+00:00, run_after=2026-07-14 22:00:00+00:00
[2026-07-14T21:19:10.782+0000] {processor.py:208} INFO - Processing /opt/airflow/dags/weather_scrape_dag.py took 0.072 seconds
[2026-07-14T21:19:40.853+0000] {processor.py:186} INFO - Started process (PID=7554) to work on /opt/airflow/dags/weather_scrape_dag.py
[2026-07-14T21:19:40.858+0000] {processor.py:914} INFO - Processing file /opt/airflow/dags/weather_scrape_dag.py for tasks to queue
[2026-07-14T21:19:40.860+0000] {logging_mixin.py:190} INFO - [2026-07-14T21:19:40.859+0000] {dagbag.py:588} INFO - Filling up the DagBag from /opt/airflow/dags/weather_scrape_dag.py
[2026-07-14T21:19:40.867+0000] {processor.py:925} INFO - DAG(s) 'weather_scrape_and_load' retrieved from /opt/airflow/dags/weather_scrape_dag.py
[2026-07-14T21:19:40.884+0000] {logging_mixin.py:190} INFO - [2026-07-14T21:19:40.884+0000] {dag.py:3239} INFO - Sync 1 DAGs
[2026-07-14T21:19:40.899+0000] {logging_mixin.py:190} INFO - [2026-07-14T21:19:40.899+0000] {dag.py:4180} INFO - Setting next_dagrun for weather_scrape_and_load to 2026-07-14 21:00:00+00:00, run_after=2026-07-14 22:00:00+00:00
[2026-07-14T21:19:40.910+0000] {processor.py:208} INFO - Processing /opt/airflow/dags/weather_scrape_dag.py took 0.061 seconds
[2026-07-14T21:20:10.996+0000] {processor.py:186} INFO - Started process (PID=7559) to work on /opt/airflow/dags/weather_scrape_dag.py
[2026-07-14T21:20:10.996+0000] {processor.py:914} INFO - Processing file /opt/airflow/dags/weather_scrape_dag.py for tasks to queue
[2026-07-14T21:20:10.998+0000] {logging_mixin.py:190} INFO - [2026-07-14T21:20:10.998+0000] {dagbag.py:588} INFO - Filling up the DagBag from /opt/airflow/dags/weather_scrape_dag.py
[2026-07-14T21:20:11.005+0000] {processor.py:925} INFO - DAG(s) 'weather_scrape_and_load' retrieved from /opt/airflow/dags/weather_scrape_dag.py
[2026-07-14T21:20:11.021+0000] {logging_mixin.py:190} INFO - [2026-07-14T21:20:11.021+0000] {dag.py:3239} INFO - Sync 1 DAGs
[2026-07-14T21:20:11.036+0000] {logging_mixin.py:190} INFO - [2026-07-14T21:20:11.036+0000] {dag.py:4180} INFO - Setting next_dagrun for weather_scrape_and_load to 2026-07-14 21:00:00+00:00, run_after=2026-07-14 22:00:00+00:00
[2026-07-14T21:20:11.048+0000] {processor.py:208} INFO - Processing /opt/airflow/dags/weather_scrape_dag.py took 0.056 seconds
[2026-07-14T21:20:41.125+0000] {processor.py:186} INFO - Started process (PID=7564) to work on /opt/airflow/dags/weather_scrape_dag.py
[2026-07-14T21:20:41.125+0000] {processor.py:914} INFO - Processing file /opt/airflow/dags/weather_scrape_dag.py for tasks to queue
[2026-07-14T21:20:41.127+0000] {logging_mixin.py:190} INFO - [2026-07-14T21:20:41.126+0000] {dagbag.py:588} INFO - Filling up the DagBag from /opt/airflow/dags/weather_scrape_dag.py
[2026-07-14T21:20:41.134+0000] {processor.py:925} INFO - DAG(s) 'weather_scrape_and_load' retrieved from /opt/airflow/dags/weather_scrape_dag.py
[2026-07-14T21:20:41.150+0000] {logging_mixin.py:190} INFO - [2026-07-14T21:20:41.150+0000] {dag.py:3239} INFO - Sync 1 DAGs
[2026-07-14T21:20:41.165+0000] {logging_mixin.py:190} INFO - [2026-07-14T21:20:41.165+0000] {dag.py:4180} INFO - Setting next_dagrun for weather_scrape_and_load to 2026-07-14 21:00:00+00:00, run_after=2026-07-14 22:00:00+00:00
[2026-07-14T21:20:41.178+0000] {processor.py:208} INFO - Processing /opt/airflow/dags/weather_scrape_dag.py took 0.058 seconds
[2026-07-14T21:21:11.258+0000] {processor.py:186} INFO - Started process (PID=7569) to work on /opt/airflow/dags/weather_scrape_dag.py
[2026-07-14T21:21:11.259+0000] {processor.py:914} INFO - Processing file /opt/airflow/dags/weather_scrape_dag.py for tasks to queue
[2026-07-14T21:21:11.260+0000] {logging_mixin.py:190} INFO - [2026-07-14T21:21:11.260+0000] {dagbag.py:588} INFO - Filling up the DagBag from /opt/airflow/dags/weather_scrape_dag.py
[2026-07-14T21:21:11.269+0000] {processor.py:925} INFO - DAG(s) 'weather_scrape_and_load' retrieved from /opt/airflow/dags/weather_scrape_dag.py
[2026-07-14T21:21:11.286+0000] {logging_mixin.py:190} INFO - [2026-07-14T21:21:11.286+0000] {dag.py:3239} INFO - Sync 1 DAGs
[2026-07-14T21:21:11.304+0000] {logging_mixin.py:190} INFO - [2026-07-14T21:21:11.303+0000] {dag.py:4180} INFO - Setting next_dagrun for weather_scrape_and_load to 2026-07-14 21:00:00+00:00, run_after=2026-07-14 22:00:00+00:00
[2026-07-14T21:21:11.317+0000] {processor.py:208} INFO - Processing /opt/airflow/dags/weather_scrape_dag.py took 0.062 seconds
[2026-07-14T21:21:41.390+0000] {processor.py:186} INFO - Started process (PID=7574) to work on /opt/airflow/dags/weather_scrape_dag.py
[2026-07-14T21:21:41.391+0000] {processor.py:914} INFO - Processing file /opt/airflow/dags/weather_scrape_dag.py for tasks to queue
[2026-07-14T21:21:41.392+0000] {logging_mixin.py:190} INFO - [2026-07-14T21:21:41.392+0000] {dagbag.py:588} INFO - Filling up the DagBag from /opt/airflow/dags/weather_scrape_dag.py
[2026-07-14T21:21:41.400+0000] {processor.py:925} INFO - DAG(s) 'weather_scrape_and_load' retrieved from /opt/airflow/dags/weather_scrape_dag.py
[2026-07-14T21:21:41.416+0000] {logging_mixin.py:190} INFO - [2026-07-14T21:21:41.416+0000] {dag.py:3239} INFO - Sync 1 DAGs
[2026-07-14T21:21:41.434+0000] {logging_mixin.py:190} INFO - [2026-07-14T21:21:41.434+0000] {dag.py:4180} INFO - Setting next_dagrun for weather_scrape_and_load to 2026-07-14 21:00:00+00:00, run_after=2026-07-14 22:00:00+00:00
[2026-07-14T21:21:41.450+0000] {processor.py:208} INFO - Processing /opt/airflow/dags/weather_scrape_dag.py took 0.063 seconds
[2026-07-14T21:22:11.518+0000] {processor.py:186} INFO - Started process (PID=7579) to work on /opt/airflow/dags/weather_scrape_dag.py
[2026-07-14T21:22:11.518+0000] {processor.py:914} INFO - Processing file /opt/airflow/dags/weather_scrape_dag.py for tasks to queue
[2026-07-14T21:22:11.520+0000] {logging_mixin.py:190} INFO - [2026-07-14T21:22:11.520+0000] {dagbag.py:588} INFO - Filling up the DagBag from /opt/airflow/dags/weather_scrape_dag.py
[2026-07-14T21:22:11.527+0000] {processor.py:925} INFO - DAG(s) 'weather_scrape_and_load' retrieved from /opt/airflow/dags/weather_scrape_dag.py
[2026-07-14T21:22:11.543+0000] {logging_mixin.py:190} INFO - [2026-07-14T21:22:11.543+0000] {dag.py:3239} INFO - Sync 1 DAGs
[2026-07-14T21:22:11.558+0000] {logging_mixin.py:190} INFO - [2026-07-14T21:22:11.558+0000] {dag.py:4180} INFO - Setting next_dagrun for weather_scrape_and_load to 2026-07-14 21:00:00+00:00, run_after=2026-07-14 22:00:00+00:00
[2026-07-14T21:22:11.570+0000] {processor.py:208} INFO - Processing /opt/airflow/dags/weather_scrape_dag.py took 0.056 seconds
[2026-07-14T21:22:41.653+0000] {processor.py:186} INFO - Started process (PID=7584) to work on /opt/airflow/dags/weather_scrape_dag.py
[2026-07-14T21:22:41.661+0000] {processor.py:914} INFO - Processing file /opt/airflow/dags/weather_scrape_dag.py for tasks to queue
[2026-07-14T21:22:41.663+0000] {logging_mixin.py:190} INFO - [2026-07-14T21:22:41.662+0000] {dagbag.py:588} INFO - Filling up the DagBag from /opt/airflow/dags/weather_scrape_dag.py
[2026-07-14T21:22:41.671+0000] {processor.py:925} INFO - DAG(s) 'weather_scrape_and_load' retrieved from /opt/airflow/dags/weather_scrape_dag.py
[2026-07-14T21:22:41.688+0000] {logging_mixin.py:190} INFO - [2026-07-14T21:22:41.688+0000] {dag.py:3239} INFO - Sync 1 DAGs
[2026-07-14T21:22:41.703+0000] {logging_mixin.py:190} INFO - [2026-07-14T21:22:41.703+0000] {dag.py:4180} INFO - Setting next_dagrun for weather_scrape_and_load to 2026-07-14 21:00:00+00:00, run_after=2026-07-14 22:00:00+00:00
[2026-07-14T21:22:41.716+0000] {processor.py:208} INFO - Processing /opt/airflow/dags/weather_scrape_dag.py took 0.067 seconds
[2026-07-14T21:23:11.769+0000] {processor.py:186} INFO - Started process (PID=7589) to work on /opt/airflow/dags/weather_scrape_dag.py
[2026-07-14T21:23:11.769+0000] {processor.py:914} INFO - Processing file /opt/airflow/dags/weather_scrape_dag.py for tasks to queue
[2026-07-14T21:23:11.771+0000] {logging_mixin.py:190} INFO - [2026-07-14T21:23:11.771+0000] {dagbag.py:588} INFO - Filling up the DagBag from /opt/airflow/dags/weather_scrape_dag.py
[2026-07-14T21:23:11.778+0000] {processor.py:925} INFO - DAG(s) 'weather_scrape_and_load' retrieved from /opt/airflow/dags/weather_scrape_dag.py
[2026-07-14T21:23:11.794+0000] {logging_mixin.py:190} INFO - [2026-07-14T21:23:11.794+0000] {dag.py:3239} INFO - Sync 1 DAGs
[2026-07-14T21:23:11.809+0000] {logging_mixin.py:190} INFO - [2026-07-14T21:23:11.809+0000] {dag.py:4180} INFO - Setting next_dagrun for weather_scrape_and_load to 2026-07-14 21:00:00+00:00, run_after=2026-07-14 22:00:00+00:00
[2026-07-14T21:23:11.822+0000] {processor.py:208} INFO - Processing /opt/airflow/dags/weather_scrape_dag.py took 0.057 seconds
[2026-07-14T21:23:41.918+0000] {processor.py:186} INFO - Started process (PID=7594) to work on /opt/airflow/dags/weather_scrape_dag.py
[2026-07-14T21:23:41.927+0000] {processor.py:914} INFO - Processing file /opt/airflow/dags/weather_scrape_dag.py for tasks to queue
[2026-07-14T21:23:41.928+0000] {logging_mixin.py:190} INFO - [2026-07-14T21:23:41.928+0000] {dagbag.py:588} INFO - Filling up the DagBag from /opt/airflow/dags/weather_scrape_dag.py
[2026-07-14T21:23:41.935+0000] {processor.py:925} INFO - DAG(s) 'weather_scrape_and_load' retrieved from /opt/airflow/dags/weather_scrape_dag.py
[2026-07-14T21:23:41.951+0000] {logging_mixin.py:190} INFO - [2026-07-14T21:23:41.951+0000] {dag.py:3239} INFO - Sync 1 DAGs
[2026-07-14T21:23:41.966+0000] {logging_mixin.py:190} INFO - [2026-07-14T21:23:41.966+0000] {dag.py:4180} INFO - Setting next_dagrun for weather_scrape_and_load to 2026-07-14 21:00:00+00:00, run_after=2026-07-14 22:00:00+00:00
[2026-07-14T21:23:41.980+0000] {processor.py:208} INFO - Processing /opt/airflow/dags/weather_scrape_dag.py took 0.065 seconds
[2026-07-14T21:24:12.034+0000] {processor.py:186} INFO - Started process (PID=7599) to work on /opt/airflow/dags/weather_scrape_dag.py
[2026-07-14T21:24:12.034+0000] {processor.py:914} INFO - Processing file /opt/airflow/dags/weather_scrape_dag.py for tasks to queue
[2026-07-14T21:24:12.036+0000] {logging_mixin.py:190} INFO - [2026-07-14T21:24:12.036+0000] {dagbag.py:588} INFO - Filling up the DagBag from /opt/airflow/dags/weather_scrape_dag.py
[2026-07-14T21:24:12.043+0000] {processor.py:925} INFO - DAG(s) 'weather_scrape_and_load' retrieved from /opt/airflow/dags/weather_scrape_dag.py
[2026-07-14T21:24:12.060+0000] {logging_mixin.py:190} INFO - [2026-07-14T21:24:12.059+0000] {dag.py:3239} INFO - Sync 1 DAGs
[2026-07-14T21:24:12.075+0000] {logging_mixin.py:190} INFO - [2026-07-14T21:24:12.075+0000] {dag.py:4180} INFO - Setting next_dagrun for weather_scrape_and_load to 2026-07-14 21:00:00+00:00, run_after=2026-07-14 22:00:00+00:00
[2026-07-14T21:24:12.087+0000] {processor.py:208} INFO - Processing /opt/airflow/dags/weather_scrape_dag.py took 0.057 seconds
[2026-07-14T21:24:42.187+0000] {processor.py:186} INFO - Started process (PID=7604) to work on /opt/airflow/dags/weather_scrape_dag.py
[2026-07-14T21:24:42.195+0000] {processor.py:914} INFO - Processing file /opt/airflow/dags/weather_scrape_dag.py for tasks to queue
[2026-07-14T21:24:42.197+0000] {logging_mixin.py:190} INFO - [2026-07-14T21:24:42.197+0000] {dagbag.py:588} INFO - Filling up the DagBag from /opt/airflow/dags/weather_scrape_dag.py
[2026-07-14T21:24:42.204+0000] {processor.py:925} INFO - DAG(s) 'weather_scrape_and_load' retrieved from /opt/airflow/dags/weather_scrape_dag.py
[2026-07-14T21:24:42.221+0000] {logging_mixin.py:190} INFO - [2026-07-14T21:24:42.221+0000] {dag.py:3239} INFO - Sync 1 DAGs
[2026-07-14T21:24:42.238+0000] {logging_mixin.py:190} INFO - [2026-07-14T21:24:42.238+0000] {dag.py:4180} INFO - Setting next_dagrun for weather_scrape_and_load to 2026-07-14 21:00:00+00:00, run_after=2026-07-14 22:00:00+00:00
[2026-07-14T21:24:42.252+0000] {processor.py:208} INFO - Processing /opt/airflow/dags/weather_scrape_dag.py took 0.069 seconds
[2026-07-14T21:25:12.307+0000] {processor.py:186} INFO - Started process (PID=7609) to work on /opt/airflow/dags/weather_scrape_dag.py
[2026-07-14T21:25:12.307+0000] {processor.py:914} INFO - Processing file /opt/airflow/dags/weather_scrape_dag.py for tasks to queue
[2026-07-14T21:25:12.308+0000] {logging_mixin.py:190} INFO - [2026-07-14T21:25:12.308+0000] {dagbag.py:588} INFO - Filling up the DagBag from /opt/airflow/dags/weather_scrape_dag.py
[2026-07-14T21:25:12.316+0000] {processor.py:925} INFO - DAG(s) 'weather_scrape_and_load' retrieved from /opt/airflow/dags/weather_scrape_dag.py
[2026-07-14T21:25:12.331+0000] {logging_mixin.py:190} INFO - [2026-07-14T21:25:12.331+0000] {dag.py:3239} INFO - Sync 1 DAGs
[2026-07-14T21:25:12.346+0000] {logging_mixin.py:190} INFO - [2026-07-14T21:25:12.346+0000] {dag.py:4180} INFO - Setting next_dagrun for weather_scrape_and_load to 2026-07-14 21:00:00+00:00, run_after=2026-07-14 22:00:00+00:00
[2026-07-14T21:25:12.358+0000] {processor.py:208} INFO - Processing /opt/airflow/dags/weather_scrape_dag.py took 0.055 seconds
[2026-07-14T21:25:42.462+0000] {processor.py:186} INFO - Started process (PID=7614) to work on /opt/airflow/dags/weather_scrape_dag.py
[2026-07-14T21:25:42.470+0000] {processor.py:914} INFO - Processing file /opt/airflow/dags/weather_scrape_dag.py for tasks to queue
[2026-07-14T21:25:42.471+0000] {logging_mixin.py:190} INFO - [2026-07-14T21:25:42.471+0000] {dagbag.py:588} INFO - Filling up the DagBag from /opt/airflow/dags/weather_scrape_dag.py
[2026-07-14T21:25:42.479+0000] {processor.py:925} INFO - DAG(s) 'weather_scrape_and_load' retrieved from /opt/airflow/dags/weather_scrape_dag.py
[2026-07-14T21:25:42.495+0000] {logging_mixin.py:190} INFO - [2026-07-14T21:25:42.495+0000] {dag.py:3239} INFO - Sync 1 DAGs
[2026-07-14T21:25:42.511+0000] {logging_mixin.py:190} INFO - [2026-07-14T21:25:42.511+0000] {dag.py:4180} INFO - Setting next_dagrun for weather_scrape_and_load to 2026-07-14 21:00:00+00:00, run_after=2026-07-14 22:00:00+00:00
[2026-07-14T21:25:42.522+0000] {processor.py:208} INFO - Processing /opt/airflow/dags/weather_scrape_dag.py took 0.064 seconds
[2026-07-14T21:26:12.570+0000] {processor.py:186} INFO - Started process (PID=7619) to work on /opt/airflow/dags/weather_scrape_dag.py
[2026-07-14T21:26:12.571+0000] {processor.py:914} INFO - Processing file /opt/airflow/dags/weather_scrape_dag.py for tasks to queue
[2026-07-14T21:26:12.572+0000] {logging_mixin.py:190} INFO - [2026-07-14T21:26:12.572+0000] {dagbag.py:588} INFO - Filling up the DagBag from /opt/airflow/dags/weather_scrape_dag.py
[2026-07-14T21:26:12.580+0000] {processor.py:925} INFO - DAG(s) 'weather_scrape_and_load' retrieved from /opt/airflow/dags/weather_scrape_dag.py
[2026-07-14T21:26:12.596+0000] {logging_mixin.py:190} INFO - [2026-07-14T21:26:12.596+0000] {dag.py:3239} INFO - Sync 1 DAGs
[2026-07-14T21:26:12.610+0000] {logging_mixin.py:190} INFO - [2026-07-14T21:26:12.610+0000] {dag.py:4180} INFO - Setting next_dagrun for weather_scrape_and_load to 2026-07-14 21:00:00+00:00, run_after=2026-07-14 22:00:00+00:00
[2026-07-14T21:26:12.623+0000] {processor.py:208} INFO - Processing /opt/airflow/dags/weather_scrape_dag.py took 0.057 seconds
[2026-07-14T21:26:42.734+0000] {processor.py:186} INFO - Started process (PID=7624) to work on /opt/airflow/dags/weather_scrape_dag.py
[2026-07-14T21:26:42.735+0000] {processor.py:914} INFO - Processing file /opt/airflow/dags/weather_scrape_dag.py for tasks to queue
[2026-07-14T21:26:42.737+0000] {logging_mixin.py:190} INFO - [2026-07-14T21:26:42.737+0000] {dagbag.py:588} INFO - Filling up the DagBag from /opt/airflow/dags/weather_scrape_dag.py
[2026-07-14T21:26:42.743+0000] {processor.py:925} INFO - DAG(s) 'weather_scrape_and_load' retrieved from /opt/airflow/dags/weather_scrape_dag.py
[2026-07-14T21:26:42.761+0000] {logging_mixin.py:190} INFO - [2026-07-14T21:26:42.760+0000] {dag.py:3239} INFO - Sync 1 DAGs
[2026-07-14T21:26:42.775+0000] {logging_mixin.py:190} INFO - [2026-07-14T21:26:42.775+0000] {dag.py:4180} INFO - Setting next_dagrun for weather_scrape_and_load to 2026-07-14 21:00:00+00:00, run_after=2026-07-14 22:00:00+00:00
[2026-07-14T21:26:42.787+0000] {processor.py:208} INFO - Processing /opt/airflow/dags/weather_scrape_dag.py took 0.056 seconds
[2026-07-14T21:27:12.850+0000] {processor.py:186} INFO - Started process (PID=7629) to work on /opt/airflow/dags/weather_scrape_dag.py
[2026-07-14T21:27:12.851+0000] {processor.py:914} INFO - Processing file /opt/airflow/dags/weather_scrape_dag.py for tasks to queue
[2026-07-14T21:27:12.853+0000] {logging_mixin.py:190} INFO - [2026-07-14T21:27:12.852+0000] {dagbag.py:588} INFO - Filling up the DagBag from /opt/airflow/dags/weather_scrape_dag.py
[2026-07-14T21:27:12.860+0000] {processor.py:925} INFO - DAG(s) 'weather_scrape_and_load' retrieved from /opt/airflow/dags/weather_scrape_dag.py
[2026-07-14T21:27:12.877+0000] {logging_mixin.py:190} INFO - [2026-07-14T21:27:12.876+0000] {dag.py:3239} INFO - Sync 1 DAGs
[2026-07-14T21:27:12.892+0000] {logging_mixin.py:190} INFO - [2026-07-14T21:27:12.892+0000] {dag.py:4180} INFO - Setting next_dagrun for weather_scrape_and_load to 2026-07-14 21:00:00+00:00, run_after=2026-07-14 22:00:00+00:00
[2026-07-14T21:27:12.904+0000] {processor.py:208} INFO - Processing /opt/airflow/dags/weather_scrape_dag.py took 0.057 seconds
[2026-07-14T21:27:43.001+0000] {processor.py:186} INFO - Started process (PID=7634) to work on /opt/airflow/dags/weather_scrape_dag.py
[2026-07-14T21:27:43.009+0000] {processor.py:914} INFO - Processing file /opt/airflow/dags/weather_scrape_dag.py for tasks to queue
[2026-07-14T21:27:43.011+0000] {logging_mixin.py:190} INFO - [2026-07-14T21:27:43.011+0000] {dagbag.py:588} INFO - Filling up the DagBag from /opt/airflow/dags/weather_scrape_dag.py
[2026-07-14T21:27:43.019+0000] {processor.py:925} INFO - DAG(s) 'weather_scrape_and_load' retrieved from /opt/airflow/dags/weather_scrape_dag.py
[2026-07-14T21:27:43.035+0000] {logging_mixin.py:190} INFO - [2026-07-14T21:27:43.035+0000] {dag.py:3239} INFO - Sync 1 DAGs
[2026-07-14T21:27:43.050+0000] {logging_mixin.py:190} INFO - [2026-07-14T21:27:43.050+0000] {dag.py:4180} INFO - Setting next_dagrun for weather_scrape_and_load to 2026-07-14 21:00:00+00:00, run_after=2026-07-14 22:00:00+00:00
[2026-07-14T21:27:43.063+0000] {processor.py:208} INFO - Processing /opt/airflow/dags/weather_scrape_dag.py took 0.066 seconds
[2026-07-14T21:28:13.117+0000] {processor.py:186} INFO - Started process (PID=7639) to work on /opt/airflow/dags/weather_scrape_dag.py
[2026-07-14T21:28:13.117+0000] {processor.py:914} INFO - Processing file /opt/airflow/dags/weather_scrape_dag.py for tasks to queue
[2026-07-14T21:28:13.119+0000] {logging_mixin.py:190} INFO - [2026-07-14T21:28:13.118+0000] {dagbag.py:588} INFO - Filling up the DagBag from /opt/airflow/dags/weather_scrape_dag.py
[2026-07-14T21:28:13.126+0000] {processor.py:925} INFO - DAG(s) 'weather_scrape_and_load' retrieved from /opt/airflow/dags/weather_scrape_dag.py
[2026-07-14T21:28:13.142+0000] {logging_mixin.py:190} INFO - [2026-07-14T21:28:13.142+0000] {dag.py:3239} INFO - Sync 1 DAGs
[2026-07-14T21:28:13.157+0000] {logging_mixin.py:190} INFO - [2026-07-14T21:28:13.157+0000] {dag.py:4180} INFO - Setting next_dagrun for weather_scrape_and_load to 2026-07-14 21:00:00+00:00, run_after=2026-07-14 22:00:00+00:00
[2026-07-14T21:28:13.169+0000] {processor.py:208} INFO - Processing /opt/airflow/dags/weather_scrape_dag.py took 0.057 seconds
[2026-07-14T21:28:43.269+0000] {processor.py:186} INFO - Started process (PID=7644) to work on /opt/airflow/dags/weather_scrape_dag.py
[2026-07-14T21:28:43.277+0000] {processor.py:914} INFO - Processing file /opt/airflow/dags/weather_scrape_dag.py for tasks to queue
[2026-07-14T21:28:43.279+0000] {logging_mixin.py:190} INFO - [2026-07-14T21:28:43.278+0000] {dagbag.py:588} INFO - Filling up the DagBag from /opt/airflow/dags/weather_scrape_dag.py
[2026-07-14T21:28:43.286+0000] {processor.py:925} INFO - DAG(s) 'weather_scrape_and_load' retrieved from /opt/airflow/dags/weather_scrape_dag.py
[2026-07-14T21:28:43.302+0000] {logging_mixin.py:190} INFO - [2026-07-14T21:28:43.302+0000] {dag.py:3239} INFO - Sync 1 DAGs
[2026-07-14T21:28:43.317+0000] {logging_mixin.py:190} INFO - [2026-07-14T21:28:43.317+0000] {dag.py:4180} INFO - Setting next_dagrun for weather_scrape_and_load to 2026-07-14 21:00:00+00:00, run_after=2026-07-14 22:00:00+00:00
[2026-07-14T21:28:43.329+0000] {processor.py:208} INFO - Processing /opt/airflow/dags/weather_scrape_dag.py took 0.064 seconds
[2026-07-14T21:29:13.380+0000] {processor.py:186} INFO - Started process (PID=7649) to work on /opt/airflow/dags/weather_scrape_dag.py
[2026-07-14T21:29:13.381+0000] {processor.py:914} INFO - Processing file /opt/airflow/dags/weather_scrape_dag.py for tasks to queue
[2026-07-14T21:29:13.382+0000] {logging_mixin.py:190} INFO - [2026-07-14T21:29:13.382+0000] {dagbag.py:588} INFO - Filling up the DagBag from /opt/airflow/dags/weather_scrape_dag.py
[2026-07-14T21:29:13.389+0000] {processor.py:925} INFO - DAG(s) 'weather_scrape_and_load' retrieved from /opt/airflow/dags/weather_scrape_dag.py
[2026-07-14T21:29:13.405+0000] {logging_mixin.py:190} INFO - [2026-07-14T21:29:13.405+0000] {dag.py:3239} INFO - Sync 1 DAGs
[2026-07-14T21:29:13.420+0000] {logging_mixin.py:190} INFO - [2026-07-14T21:29:13.419+0000] {dag.py:4180} INFO - Setting next_dagrun for weather_scrape_and_load to 2026-07-14 21:00:00+00:00, run_after=2026-07-14 22:00:00+00:00
[2026-07-14T21:29:13.433+0000] {processor.py:208} INFO - Processing /opt/airflow/dags/weather_scrape_dag.py took 0.057 seconds
[2026-07-14T21:29:43.534+0000] {processor.py:186} INFO - Started process (PID=7654) to work on /opt/airflow/dags/weather_scrape_dag.py
[2026-07-14T21:29:43.535+0000] {processor.py:914} INFO - Processing file /opt/airflow/dags/weather_scrape_dag.py for tasks to queue
[2026-07-14T21:29:43.537+0000] {logging_mixin.py:190} INFO - [2026-07-14T21:29:43.536+0000] {dagbag.py:588} INFO - Filling up the DagBag from /opt/airflow/dags/weather_scrape_dag.py
[2026-07-14T21:29:43.544+0000] {processor.py:925} INFO - DAG(s) 'weather_scrape_and_load' retrieved from /opt/airflow/dags/weather_scrape_dag.py
[2026-07-14T21:29:43.560+0000] {logging_mixin.py:190} INFO - [2026-07-14T21:29:43.559+0000] {dag.py:3239} INFO - Sync 1 DAGs
[2026-07-14T21:29:43.575+0000] {logging_mixin.py:190} INFO - [2026-07-14T21:29:43.575+0000] {dag.py:4180} INFO - Setting next_dagrun for weather_scrape_and_load to 2026-07-14 21:00:00+00:00, run_after=2026-07-14 22:00:00+00:00
[2026-07-14T21:29:43.588+0000] {processor.py:208} INFO - Processing /opt/airflow/dags/weather_scrape_dag.py took 0.057 seconds
[2026-07-14T21:30:13.655+0000] {processor.py:186} INFO - Started process (PID=7659) to work on /opt/airflow/dags/weather_scrape_dag.py
[2026-07-14T21:30:13.655+0000] {processor.py:914} INFO - Processing file /opt/airflow/dags/weather_scrape_dag.py for tasks to queue
[2026-07-14T21:30:13.659+0000] {logging_mixin.py:190} INFO - [2026-07-14T21:30:13.658+0000] {dagbag.py:588} INFO - Filling up the DagBag from /opt/airflow/dags/weather_scrape_dag.py
[2026-07-14T21:30:13.666+0000] {processor.py:925} INFO - DAG(s) 'weather_scrape_and_load' retrieved from /opt/airflow/dags/weather_scrape_dag.py
[2026-07-14T21:30:13.683+0000] {logging_mixin.py:190} INFO - [2026-07-14T21:30:13.683+0000] {dag.py:3239} INFO - Sync 1 DAGs
[2026-07-14T21:30:13.698+0000] {logging_mixin.py:190} INFO - [2026-07-14T21:30:13.698+0000] {dag.py:4180} INFO - Setting next_dagrun for weather_scrape_and_load to 2026-07-14 21:00:00+00:00, run_after=2026-07-14 22:00:00+00:00
[2026-07-14T21:30:13.710+0000] {processor.py:208} INFO - Processing /opt/airflow/dags/weather_scrape_dag.py took 0.059 seconds
[2026-07-14T21:30:43.800+0000] {processor.py:186} INFO - Started process (PID=7664) to work on /opt/airflow/dags/weather_scrape_dag.py
[2026-07-14T21:30:43.808+0000] {processor.py:914} INFO - Processing file /opt/airflow/dags/weather_scrape_dag.py for tasks to queue
[2026-07-14T21:30:43.810+0000] {logging_mixin.py:190} INFO - [2026-07-14T21:30:43.810+0000] {dagbag.py:588} INFO - Filling up the DagBag from /opt/airflow/dags/weather_scrape_dag.py
[2026-07-14T21:30:43.817+0000] {processor.py:925} INFO - DAG(s) 'weather_scrape_and_load' retrieved from /opt/airflow/dags/weather_scrape_dag.py
[2026-07-14T21:30:43.833+0000] {logging_mixin.py:190} INFO - [2026-07-14T21:30:43.833+0000] {dag.py:3239} INFO - Sync 1 DAGs
[2026-07-14T21:30:43.847+0000] {logging_mixin.py:190} INFO - [2026-07-14T21:30:43.847+0000] {dag.py:4180} INFO - Setting next_dagrun for weather_scrape_and_load to 2026-07-14 21:00:00+00:00, run_after=2026-07-14 22:00:00+00:00
[2026-07-14T21:30:43.860+0000] {processor.py:208} INFO - Processing /opt/airflow/dags/weather_scrape_dag.py took 0.064 seconds
[2026-07-14T21:31:13.917+0000] {processor.py:186} INFO - Started process (PID=7669) to work on /opt/airflow/dags/weather_scrape_dag.py
[2026-07-14T21:31:13.917+0000] {processor.py:914} INFO - Processing file /opt/airflow/dags/weather_scrape_dag.py for tasks to queue
[2026-07-14T21:31:13.919+0000] {logging_mixin.py:190} INFO - [2026-07-14T21:31:13.919+0000] {dagbag.py:588} INFO - Filling up the DagBag from /opt/airflow/dags/weather_scrape_dag.py
[2026-07-14T21:31:13.927+0000] {processor.py:925} INFO - DAG(s) 'weather_scrape_and_load' retrieved from /opt/airflow/dags/weather_scrape_dag.py
[2026-07-14T21:31:13.945+0000] {logging_mixin.py:190} INFO - [2026-07-14T21:31:13.945+0000] {dag.py:3239} INFO - Sync 1 DAGs
[2026-07-14T21:31:13.966+0000] {logging_mixin.py:190} INFO - [2026-07-14T21:31:13.966+0000] {dag.py:4180} INFO - Setting next_dagrun for weather_scrape_and_load to 2026-07-14 21:00:00+00:00, run_after=2026-07-14 22:00:00+00:00
[2026-07-14T21:31:13.979+0000] {processor.py:208} INFO - Processing /opt/airflow/dags/weather_scrape_dag.py took 0.067 seconds
[2026-07-14T21:31:44.066+0000] {processor.py:186} INFO - Started process (PID=7674) to work on /opt/airflow/dags/weather_scrape_dag.py
[2026-07-14T21:31:44.074+0000] {processor.py:914} INFO - Processing file /opt/airflow/dags/weather_scrape_dag.py for tasks to queue
[2026-07-14T21:31:44.076+0000] {logging_mixin.py:190} INFO - [2026-07-14T21:31:44.076+0000] {dagbag.py:588} INFO - Filling up the DagBag from /opt/airflow/dags/weather_scrape_dag.py
[2026-07-14T21:31:44.083+0000] {processor.py:925} INFO - DAG(s) 'weather_scrape_and_load' retrieved from /opt/airflow/dags/weather_scrape_dag.py
[2026-07-14T21:31:44.099+0000] {logging_mixin.py:190} INFO - [2026-07-14T21:31:44.099+0000] {dag.py:3239} INFO - Sync 1 DAGs
[2026-07-14T21:31:44.115+0000] {logging_mixin.py:190} INFO - [2026-07-14T21:31:44.115+0000] {dag.py:4180} INFO - Setting next_dagrun for weather_scrape_and_load to 2026-07-14 21:00:00+00:00, run_after=2026-07-14 22:00:00+00:00
[2026-07-14T21:31:44.128+0000] {processor.py:208} INFO - Processing /opt/airflow/dags/weather_scrape_dag.py took 0.066 seconds
[2026-07-14T21:32:14.186+0000] {processor.py:186} INFO - Started process (PID=7679) to work on /opt/airflow/dags/weather_scrape_dag.py
[2026-07-14T21:32:14.186+0000] {processor.py:914} INFO - Processing file /opt/airflow/dags/weather_scrape_dag.py for tasks to queue
[2026-07-14T21:32:14.188+0000] {logging_mixin.py:190} INFO - [2026-07-14T21:32:14.188+0000] {dagbag.py:588} INFO - Filling up the DagBag from /opt/airflow/dags/weather_scrape_dag.py
[2026-07-14T21:32:14.195+0000] {processor.py:925} INFO - DAG(s) 'weather_scrape_and_load' retrieved from /opt/airflow/dags/weather_scrape_dag.py
[2026-07-14T21:32:14.212+0000] {logging_mixin.py:190} INFO - [2026-07-14T21:32:14.211+0000] {dag.py:3239} INFO - Sync 1 DAGs
[2026-07-14T21:32:14.227+0000] {logging_mixin.py:190} INFO - [2026-07-14T21:32:14.226+0000] {dag.py:4180} INFO - Setting next_dagrun for weather_scrape_and_load to 2026-07-14 21:00:00+00:00, run_after=2026-07-14 22:00:00+00:00
[2026-07-14T21:32:14.239+0000] {processor.py:208} INFO - Processing /opt/airflow/dags/weather_scrape_dag.py took 0.057 seconds
[2026-07-14T21:32:44.339+0000] {processor.py:186} INFO - Started process (PID=7684) to work on /opt/airflow/dags/weather_scrape_dag.py
[2026-07-14T21:32:44.347+0000] {processor.py:914} INFO - Processing file /opt/airflow/dags/weather_scrape_dag.py for tasks to queue
[2026-07-14T21:32:44.348+0000] {logging_mixin.py:190} INFO - [2026-07-14T21:32:44.348+0000] {dagbag.py:588} INFO - Filling up the DagBag from /opt/airflow/dags/weather_scrape_dag.py
[2026-07-14T21:32:44.356+0000] {processor.py:925} INFO - DAG(s) 'weather_scrape_and_load' retrieved from /opt/airflow/dags/weather_scrape_dag.py
[2026-07-14T21:32:44.374+0000] {logging_mixin.py:190} INFO - [2026-07-14T21:32:44.374+0000] {dag.py:3239} INFO - Sync 1 DAGs
[2026-07-14T21:32:44.389+0000] {logging_mixin.py:190} INFO - [2026-07-14T21:32:44.389+0000] {dag.py:4180} INFO - Setting next_dagrun for weather_scrape_and_load to 2026-07-14 21:00:00+00:00, run_after=2026-07-14 22:00:00+00:00
[2026-07-14T21:32:44.401+0000] {processor.py:208} INFO - Processing /opt/airflow/dags/weather_scrape_dag.py took 0.066 seconds
[2026-07-14T21:33:14.451+0000] {processor.py:186} INFO - Started process (PID=7689) to work on /opt/airflow/dags/weather_scrape_dag.py
[2026-07-14T21:33:14.452+0000] {processor.py:914} INFO - Processing file /opt/airflow/dags/weather_scrape_dag.py for tasks to queue
[2026-07-14T21:33:14.453+0000] {logging_mixin.py:190} INFO - [2026-07-14T21:33:14.453+0000] {dagbag.py:588} INFO - Filling up the DagBag from /opt/airflow/dags/weather_scrape_dag.py
[2026-07-14T21:33:14.460+0000] {processor.py:925} INFO - DAG(s) 'weather_scrape_and_load' retrieved from /opt/airflow/dags/weather_scrape_dag.py
[2026-07-14T21:33:14.477+0000] {logging_mixin.py:190} INFO - [2026-07-14T21:33:14.477+0000] {dag.py:3239} INFO - Sync 1 DAGs
[2026-07-14T21:33:14.492+0000] {logging_mixin.py:190} INFO - [2026-07-14T21:33:14.492+0000] {dag.py:4180} INFO - Setting next_dagrun for weather_scrape_and_load to 2026-07-14 21:00:00+00:00, run_after=2026-07-14 22:00:00+00:00
[2026-07-14T21:33:14.505+0000] {processor.py:208} INFO - Processing /opt/airflow/dags/weather_scrape_dag.py took 0.057 seconds
[2026-07-14T21:33:44.612+0000] {processor.py:186} INFO - Started process (PID=7694) to work on /opt/airflow/dags/weather_scrape_dag.py
[2026-07-14T21:33:44.620+0000] {processor.py:914} INFO - Processing file /opt/airflow/dags/weather_scrape_dag.py for tasks to queue
[2026-07-14T21:33:44.622+0000] {logging_mixin.py:190} INFO - [2026-07-14T21:33:44.621+0000] {dagbag.py:588} INFO - Filling up the DagBag from /opt/airflow/dags/weather_scrape_dag.py
[2026-07-14T21:33:44.629+0000] {processor.py:925} INFO - DAG(s) 'weather_scrape_and_load' retrieved from /opt/airflow/dags/weather_scrape_dag.py
[2026-07-14T21:33:44.648+0000] {logging_mixin.py:190} INFO - [2026-07-14T21:33:44.648+0000] {dag.py:3239} INFO - Sync 1 DAGs
[2026-07-14T21:33:44.664+0000] {logging_mixin.py:190} INFO - [2026-07-14T21:33:44.664+0000] {dag.py:4180} INFO - Setting next_dagrun for weather_scrape_and_load to 2026-07-14 21:00:00+00:00, run_after=2026-07-14 22:00:00+00:00
[2026-07-14T21:33:44.677+0000] {processor.py:208} INFO - Processing /opt/airflow/dags/weather_scrape_dag.py took 0.068 seconds
[2026-07-14T21:34:14.726+0000] {processor.py:186} INFO - Started process (PID=7699) to work on /opt/airflow/dags/weather_scrape_dag.py
[2026-07-14T21:34:14.727+0000] {processor.py:914} INFO - Processing file /opt/airflow/dags/weather_scrape_dag.py for tasks to queue
[2026-07-14T21:34:14.728+0000] {logging_mixin.py:190} INFO - [2026-07-14T21:34:14.728+0000] {dagbag.py:588} INFO - Filling up the DagBag from /opt/airflow/dags/weather_scrape_dag.py
[2026-07-14T21:34:14.735+0000] {processor.py:925} INFO - DAG(s) 'weather_scrape_and_load' retrieved from /opt/airflow/dags/weather_scrape_dag.py
[2026-07-14T21:34:14.752+0000] {logging_mixin.py:190} INFO - [2026-07-14T21:34:14.752+0000] {dag.py:3239} INFO - Sync 1 DAGs
[2026-07-14T21:34:14.769+0000] {logging_mixin.py:190} INFO - [2026-07-14T21:34:14.769+0000] {dag.py:4180} INFO - Setting next_dagrun for weather_scrape_and_load to 2026-07-14 21:00:00+00:00, run_after=2026-07-14 22:00:00+00:00
[2026-07-14T21:34:14.781+0000] {processor.py:208} INFO - Processing /opt/airflow/dags/weather_scrape_dag.py took 0.059 seconds
[2026-07-14T21:34:44.883+0000] {processor.py:186} INFO - Started process (PID=7704) to work on /opt/airflow/dags/weather_scrape_dag.py
[2026-07-14T21:34:44.891+0000] {processor.py:914} INFO - Processing file /opt/airflow/dags/weather_scrape_dag.py for tasks to queue
[2026-07-14T21:34:44.893+0000] {logging_mixin.py:190} INFO - [2026-07-14T21:34:44.892+0000] {dagbag.py:588} INFO - Filling up the DagBag from /opt/airflow/dags/weather_scrape_dag.py
[2026-07-14T21:34:44.899+0000] {processor.py:925} INFO - DAG(s) 'weather_scrape_and_load' retrieved from /opt/airflow/dags/weather_scrape_dag.py
[2026-07-14T21:34:44.916+0000] {logging_mixin.py:190} INFO - [2026-07-14T21:34:44.916+0000] {dag.py:3239} INFO - Sync 1 DAGs
[2026-07-14T21:34:44.930+0000] {logging_mixin.py:190} INFO - [2026-07-14T21:34:44.930+0000] {dag.py:4180} INFO - Setting next_dagrun for weather_scrape_and_load to 2026-07-14 21:00:00+00:00, run_after=2026-07-14 22:00:00+00:00
[2026-07-14T21:34:44.943+0000] {processor.py:208} INFO - Processing /opt/airflow/dags/weather_scrape_dag.py took 0.064 seconds
[2026-07-14T21:35:14.998+0000] {processor.py:186} INFO - Started process (PID=7709) to work on /opt/airflow/dags/weather_scrape_dag.py
[2026-07-14T21:35:14.999+0000] {processor.py:914} INFO - Processing file /opt/airflow/dags/weather_scrape_dag.py for tasks to queue
[2026-07-14T21:35:15.001+0000] {logging_mixin.py:190} INFO - [2026-07-14T21:35:15.001+0000] {dagbag.py:588} INFO - Filling up the DagBag from /opt/airflow/dags/weather_scrape_dag.py
[2026-07-14T21:35:15.008+0000] {processor.py:925} INFO - DAG(s) 'weather_scrape_and_load' retrieved from /opt/airflow/dags/weather_scrape_dag.py
[2026-07-14T21:35:15.026+0000] {logging_mixin.py:190} INFO - [2026-07-14T21:35:15.025+0000] {dag.py:3239} INFO - Sync 1 DAGs
[2026-07-14T21:35:15.042+0000] {logging_mixin.py:190} INFO - [2026-07-14T21:35:15.042+0000] {dag.py:4180} INFO - Setting next_dagrun for weather_scrape_and_load to 2026-07-14 21:00:00+00:00, run_after=2026-07-14 22:00:00+00:00
[2026-07-14T21:35:15.055+0000] {processor.py:208} INFO - Processing /opt/airflow/dags/weather_scrape_dag.py took 0.061 seconds
[2026-07-14T21:35:45.147+0000] {processor.py:186} INFO - Started process (PID=7714) to work on /opt/airflow/dags/weather_scrape_dag.py
[2026-07-14T21:35:45.147+0000] {processor.py:914} INFO - Processing file /opt/airflow/dags/weather_scrape_dag.py for tasks to queue
[2026-07-14T21:35:45.149+0000] {logging_mixin.py:190} INFO - [2026-07-14T21:35:45.148+0000] {dagbag.py:588} INFO - Filling up the DagBag from /opt/airflow/dags/weather_scrape_dag.py
[2026-07-14T21:35:45.156+0000] {processor.py:925} INFO - DAG(s) 'weather_scrape_and_load' retrieved from /opt/airflow/dags/weather_scrape_dag.py
[2026-07-14T21:35:45.172+0000] {logging_mixin.py:190} INFO - [2026-07-14T21:35:45.171+0000] {dag.py:3239} INFO - Sync 1 DAGs
[2026-07-14T21:35:45.187+0000] {logging_mixin.py:190} INFO - [2026-07-14T21:35:45.186+0000] {dag.py:4180} INFO - Setting next_dagrun for weather_scrape_and_load to 2026-07-14 21:00:00+00:00, run_after=2026-07-14 22:00:00+00:00
[2026-07-14T21:35:45.197+0000] {processor.py:208} INFO - Processing /opt/airflow/dags/weather_scrape_dag.py took 0.055 seconds
[2026-07-14T21:36:15.259+0000] {processor.py:186} INFO - Started process (PID=7719) to work on /opt/airflow/dags/weather_scrape_dag.py
[2026-07-14T21:36:15.260+0000] {processor.py:914} INFO - Processing file /opt/airflow/dags/weather_scrape_dag.py for tasks to queue
[2026-07-14T21:36:15.261+0000] {logging_mixin.py:190} INFO - [2026-07-14T21:36:15.261+0000] {dagbag.py:588} INFO - Filling up the DagBag from /opt/airflow/dags/weather_scrape_dag.py
[2026-07-14T21:36:15.268+0000] {processor.py:925} INFO - DAG(s) 'weather_scrape_and_load' retrieved from /opt/airflow/dags/weather_scrape_dag.py
[2026-07-14T21:36:15.285+0000] {logging_mixin.py:190} INFO - [2026-07-14T21:36:15.285+0000] {dag.py:3239} INFO - Sync 1 DAGs
[2026-07-14T21:36:15.302+0000] {logging_mixin.py:190} INFO - [2026-07-14T21:36:15.302+0000] {dag.py:4180} INFO - Setting next_dagrun for weather_scrape_and_load to 2026-07-14 21:00:00+00:00, run_after=2026-07-14 22:00:00+00:00
[2026-07-14T21:36:15.314+0000] {processor.py:208} INFO - Processing /opt/airflow/dags/weather_scrape_dag.py took 0.059 seconds
[2026-07-14T21:36:45.405+0000] {processor.py:186} INFO - Started process (PID=7724) to work on /opt/airflow/dags/weather_scrape_dag.py
[2026-07-14T21:36:45.413+0000] {processor.py:914} INFO - Processing file /opt/airflow/dags/weather_scrape_dag.py for tasks to queue
[2026-07-14T21:36:45.415+0000] {logging_mixin.py:190} INFO - [2026-07-14T21:36:45.415+0000] {dagbag.py:588} INFO - Filling up the DagBag from /opt/airflow/dags/weather_scrape_dag.py
[2026-07-14T21:36:45.422+0000] {processor.py:925} INFO - DAG(s) 'weather_scrape_and_load' retrieved from /opt/airflow/dags/weather_scrape_dag.py
[2026-07-14T21:36:45.438+0000] {logging_mixin.py:190} INFO - [2026-07-14T21:36:45.437+0000] {dag.py:3239} INFO - Sync 1 DAGs
[2026-07-14T21:36:45.453+0000] {logging_mixin.py:190} INFO - [2026-07-14T21:36:45.452+0000] {dag.py:4180} INFO - Setting next_dagrun for weather_scrape_and_load to 2026-07-14 21:00:00+00:00, run_after=2026-07-14 22:00:00+00:00
[2026-07-14T21:36:45.465+0000] {processor.py:208} INFO - Processing /opt/airflow/dags/weather_scrape_dag.py took 0.063 seconds
[2026-07-14T21:37:15.531+0000] {processor.py:186} INFO - Started process (PID=7729) to work on /opt/airflow/dags/weather_scrape_dag.py
[2026-07-14T21:37:15.532+0000] {processor.py:914} INFO - Processing file /opt/airflow/dags/weather_scrape_dag.py for tasks to queue
[2026-07-14T21:37:15.533+0000] {logging_mixin.py:190} INFO - [2026-07-14T21:37:15.533+0000] {dagbag.py:588} INFO - Filling up the DagBag from /opt/airflow/dags/weather_scrape_dag.py
[2026-07-14T21:37:15.540+0000] {processor.py:925} INFO - DAG(s) 'weather_scrape_and_load' retrieved from /opt/airflow/dags/weather_scrape_dag.py
[2026-07-14T21:37:15.557+0000] {logging_mixin.py:190} INFO - [2026-07-14T21:37:15.557+0000] {dag.py:3239} INFO - Sync 1 DAGs
[2026-07-14T21:37:15.572+0000] {logging_mixin.py:190} INFO - [2026-07-14T21:37:15.571+0000] {dag.py:4180} INFO - Setting next_dagrun for weather_scrape_and_load to 2026-07-14 21:00:00+00:00, run_after=2026-07-14 22:00:00+00:00
[2026-07-14T21:37:15.583+0000] {processor.py:208} INFO - Processing /opt/airflow/dags/weather_scrape_dag.py took 0.056 seconds
[2026-07-14T21:37:45.673+0000] {processor.py:186} INFO - Started process (PID=7734) to work on /opt/airflow/dags/weather_scrape_dag.py
[2026-07-14T21:37:45.681+0000] {processor.py:914} INFO - Processing file /opt/airflow/dags/weather_scrape_dag.py for tasks to queue
[2026-07-14T21:37:45.683+0000] {logging_mixin.py:190} INFO - [2026-07-14T21:37:45.683+0000] {dagbag.py:588} INFO - Filling up the DagBag from /opt/airflow/dags/weather_scrape_dag.py
[2026-07-14T21:37:45.690+0000] {processor.py:925} INFO - DAG(s) 'weather_scrape_and_load' retrieved from /opt/airflow/dags/weather_scrape_dag.py
[2026-07-14T21:37:45.707+0000] {logging_mixin.py:190} INFO - [2026-07-14T21:37:45.707+0000] {dag.py:3239} INFO - Sync 1 DAGs
[2026-07-14T21:37:45.723+0000] {logging_mixin.py:190} INFO - [2026-07-14T21:37:45.723+0000] {dag.py:4180} INFO - Setting next_dagrun for weather_scrape_and_load to 2026-07-14 21:00:00+00:00, run_after=2026-07-14 22:00:00+00:00
[2026-07-14T21:37:45.737+0000] {processor.py:208} INFO - Processing /opt/airflow/dags/weather_scrape_dag.py took 0.067 seconds
[2026-07-14T21:38:15.787+0000] {processor.py:186} INFO - Started process (PID=7739) to work on /opt/airflow/dags/weather_scrape_dag.py
[2026-07-14T21:38:15.788+0000] {processor.py:914} INFO - Processing file /opt/airflow/dags/weather_scrape_dag.py for tasks to queue
[2026-07-14T21:38:15.789+0000] {logging_mixin.py:190} INFO - [2026-07-14T21:38:15.789+0000] {dagbag.py:588} INFO - Filling up the DagBag from /opt/airflow/dags/weather_scrape_dag.py
[2026-07-14T21:38:15.796+0000] {processor.py:925} INFO - DAG(s) 'weather_scrape_and_load' retrieved from /opt/airflow/dags/weather_scrape_dag.py
[2026-07-14T21:38:15.812+0000] {logging_mixin.py:190} INFO - [2026-07-14T21:38:15.812+0000] {dag.py:3239} INFO - Sync 1 DAGs
[2026-07-14T21:38:15.827+0000] {logging_mixin.py:190} INFO - [2026-07-14T21:38:15.826+0000] {dag.py:4180} INFO - Setting next_dagrun for weather_scrape_and_load to 2026-07-14 21:00:00+00:00, run_after=2026-07-14 22:00:00+00:00
[2026-07-14T21:38:15.840+0000] {processor.py:208} INFO - Processing /opt/airflow/dags/weather_scrape_dag.py took 0.056 seconds
[2026-07-14T21:38:45.945+0000] {processor.py:186} INFO - Started process (PID=7744) to work on /opt/airflow/dags/weather_scrape_dag.py
[2026-07-14T21:38:45.945+0000] {processor.py:914} INFO - Processing file /opt/airflow/dags/weather_scrape_dag.py for tasks to queue
[2026-07-14T21:38:45.947+0000] {logging_mixin.py:190} INFO - [2026-07-14T21:38:45.946+0000] {dagbag.py:588} INFO - Filling up the DagBag from /opt/airflow/dags/weather_scrape_dag.py
[2026-07-14T21:38:45.953+0000] {processor.py:925} INFO - DAG(s) 'weather_scrape_and_load' retrieved from /opt/airflow/dags/weather_scrape_dag.py
[2026-07-14T21:38:45.969+0000] {logging_mixin.py:190} INFO - [2026-07-14T21:38:45.969+0000] {dag.py:3239} INFO - Sync 1 DAGs
[2026-07-14T21:38:45.984+0000] {logging_mixin.py:190} INFO - [2026-07-14T21:38:45.984+0000] {dag.py:4180} INFO - Setting next_dagrun for weather_scrape_and_load to 2026-07-14 21:00:00+00:00, run_after=2026-07-14 22:00:00+00:00
[2026-07-14T21:38:45.998+0000] {processor.py:208} INFO - Processing /opt/airflow/dags/weather_scrape_dag.py took 0.057 seconds
[2026-07-14T21:39:16.058+0000] {processor.py:186} INFO - Started process (PID=7749) to work on /opt/airflow/dags/weather_scrape_dag.py
[2026-07-14T21:39:16.059+0000] {processor.py:914} INFO - Processing file /opt/airflow/dags/weather_scrape_dag.py for tasks to queue
[2026-07-14T21:39:16.060+0000] {logging_mixin.py:190} INFO - [2026-07-14T21:39:16.060+0000] {dagbag.py:588} INFO - Filling up the DagBag from /opt/airflow/dags/weather_scrape_dag.py
[2026-07-14T21:39:16.067+0000] {processor.py:925} INFO - DAG(s) 'weather_scrape_and_load' retrieved from /opt/airflow/dags/weather_scrape_dag.py
[2026-07-14T21:39:16.084+0000] {logging_mixin.py:190} INFO - [2026-07-14T21:39:16.083+0000] {dag.py:3239} INFO - Sync 1 DAGs
[2026-07-14T21:39:16.098+0000] {logging_mixin.py:190} INFO - [2026-07-14T21:39:16.098+0000] {dag.py:4180} INFO - Setting next_dagrun for weather_scrape_and_load to 2026-07-14 21:00:00+00:00, run_after=2026-07-14 22:00:00+00:00
[2026-07-14T21:39:16.109+0000] {processor.py:208} INFO - Processing /opt/airflow/dags/weather_scrape_dag.py took 0.055 seconds
[2026-07-14T21:39:46.204+0000] {processor.py:186} INFO - Started process (PID=7754) to work on /opt/airflow/dags/weather_scrape_dag.py
[2026-07-14T21:39:46.212+0000] {processor.py:914} INFO - Processing file /opt/airflow/dags/weather_scrape_dag.py for tasks to queue
[2026-07-14T21:39:46.214+0000] {logging_mixin.py:190} INFO - [2026-07-14T21:39:46.214+0000] {dagbag.py:588} INFO - Filling up the DagBag from /opt/airflow/dags/weather_scrape_dag.py
[2026-07-14T21:39:46.221+0000] {processor.py:925} INFO - DAG(s) 'weather_scrape_and_load' retrieved from /opt/airflow/dags/weather_scrape_dag.py
[2026-07-14T21:39:46.237+0000] {logging_mixin.py:190} INFO - [2026-07-14T21:39:46.237+0000] {dag.py:3239} INFO - Sync 1 DAGs
[2026-07-14T21:39:46.251+0000] {logging_mixin.py:190} INFO - [2026-07-14T21:39:46.251+0000] {dag.py:4180} INFO - Setting next_dagrun for weather_scrape_and_load to 2026-07-14 21:00:00+00:00, run_after=2026-07-14 22:00:00+00:00
[2026-07-14T21:39:46.265+0000] {processor.py:208} INFO - Processing /opt/airflow/dags/weather_scrape_dag.py took 0.065 seconds
[2026-07-14T21:40:16.326+0000] {processor.py:186} INFO - Started process (PID=7759) to work on /opt/airflow/dags/weather_scrape_dag.py
[2026-07-14T21:40:16.326+0000] {processor.py:914} INFO - Processing file /opt/airflow/dags/weather_scrape_dag.py for tasks to queue
[2026-07-14T21:40:16.327+0000] {logging_mixin.py:190} INFO - [2026-07-14T21:40:16.327+0000] {dagbag.py:588} INFO - Filling up the DagBag from /opt/airflow/dags/weather_scrape_dag.py
[2026-07-14T21:40:16.335+0000] {processor.py:925} INFO - DAG(s) 'weather_scrape_and_load' retrieved from /opt/airflow/dags/weather_scrape_dag.py
[2026-07-14T21:40:16.350+0000] {logging_mixin.py:190} INFO - [2026-07-14T21:40:16.350+0000] {dag.py:3239} INFO - Sync 1 DAGs
[2026-07-14T21:40:16.365+0000] {logging_mixin.py:190} INFO - [2026-07-14T21:40:16.364+0000] {dag.py:4180} INFO - Setting next_dagrun for weather_scrape_and_load to 2026-07-14 21:00:00+00:00, run_after=2026-07-14 22:00:00+00:00
[2026-07-14T21:40:16.378+0000] {processor.py:208} INFO - Processing /opt/airflow/dags/weather_scrape_dag.py took 0.056 seconds
[2026-07-14T21:40:46.472+0000] {processor.py:186} INFO - Started process (PID=7764) to work on /opt/airflow/dags/weather_scrape_dag.py
[2026-07-14T21:40:46.480+0000] {processor.py:914} INFO - Processing file /opt/airflow/dags/weather_scrape_dag.py for tasks to queue
[2026-07-14T21:40:46.481+0000] {logging_mixin.py:190} INFO - [2026-07-14T21:40:46.481+0000] {dagbag.py:588} INFO - Filling up the DagBag from /opt/airflow/dags/weather_scrape_dag.py
[2026-07-14T21:40:46.489+0000] {processor.py:925} INFO - DAG(s) 'weather_scrape_and_load' retrieved from /opt/airflow/dags/weather_scrape_dag.py
[2026-07-14T21:40:46.505+0000] {logging_mixin.py:190} INFO - [2026-07-14T21:40:46.505+0000] {dag.py:3239} INFO - Sync 1 DAGs
[2026-07-14T21:40:46.521+0000] {logging_mixin.py:190} INFO - [2026-07-14T21:40:46.521+0000] {dag.py:4180} INFO - Setting next_dagrun for weather_scrape_and_load to 2026-07-14 21:00:00+00:00, run_after=2026-07-14 22:00:00+00:00
[2026-07-14T21:40:46.535+0000] {processor.py:208} INFO - Processing /opt/airflow/dags/weather_scrape_dag.py took 0.067 seconds
[2026-07-14T21:41:16.589+0000] {processor.py:186} INFO - Started process (PID=7769) to work on /opt/airflow/dags/weather_scrape_dag.py
[2026-07-14T21:41:16.589+0000] {processor.py:914} INFO - Processing file /opt/airflow/dags/weather_scrape_dag.py for tasks to queue
[2026-07-14T21:41:16.591+0000] {logging_mixin.py:190} INFO - [2026-07-14T21:41:16.590+0000] {dagbag.py:588} INFO - Filling up the DagBag from /opt/airflow/dags/weather_scrape_dag.py
[2026-07-14T21:41:16.598+0000] {processor.py:925} INFO - DAG(s) 'weather_scrape_and_load' retrieved from /opt/airflow/dags/weather_scrape_dag.py
[2026-07-14T21:41:16.614+0000] {logging_mixin.py:190} INFO - [2026-07-14T21:41:16.613+0000] {dag.py:3239} INFO - Sync 1 DAGs
[2026-07-14T21:41:16.629+0000] {logging_mixin.py:190} INFO - [2026-07-14T21:41:16.629+0000] {dag.py:4180} INFO - Setting next_dagrun for weather_scrape_and_load to 2026-07-14 21:00:00+00:00, run_after=2026-07-14 22:00:00+00:00
[2026-07-14T21:41:16.643+0000] {processor.py:208} INFO - Processing /opt/airflow/dags/weather_scrape_dag.py took 0.058 seconds
[2026-07-14T21:41:46.745+0000] {processor.py:186} INFO - Started process (PID=7774) to work on /opt/airflow/dags/weather_scrape_dag.py
[2026-07-14T21:41:46.746+0000] {processor.py:914} INFO - Processing file /opt/airflow/dags/weather_scrape_dag.py for tasks to queue
[2026-07-14T21:41:46.747+0000] {logging_mixin.py:190} INFO - [2026-07-14T21:41:46.747+0000] {dagbag.py:588} INFO - Filling up the DagBag from /opt/airflow/dags/weather_scrape_dag.py
[2026-07-14T21:41:46.756+0000] {processor.py:925} INFO - DAG(s) 'weather_scrape_and_load' retrieved from /opt/airflow/dags/weather_scrape_dag.py
[2026-07-14T21:41:46.772+0000] {logging_mixin.py:190} INFO - [2026-07-14T21:41:46.771+0000] {dag.py:3239} INFO - Sync 1 DAGs
[2026-07-14T21:41:46.787+0000] {logging_mixin.py:190} INFO - [2026-07-14T21:41:46.786+0000] {dag.py:4180} INFO - Setting next_dagrun for weather_scrape_and_load to 2026-07-14 21:00:00+00:00, run_after=2026-07-14 22:00:00+00:00
[2026-07-14T21:41:46.799+0000] {processor.py:208} INFO - Processing /opt/airflow/dags/weather_scrape_dag.py took 0.057 seconds
[2026-07-14T21:42:16.859+0000] {processor.py:186} INFO - Started process (PID=7779) to work on /opt/airflow/dags/weather_scrape_dag.py
[2026-07-14T21:42:16.859+0000] {processor.py:914} INFO - Processing file /opt/airflow/dags/weather_scrape_dag.py for tasks to queue
[2026-07-14T21:42:16.860+0000] {logging_mixin.py:190} INFO - [2026-07-14T21:42:16.860+0000] {dagbag.py:588} INFO - Filling up the DagBag from /opt/airflow/dags/weather_scrape_dag.py
[2026-07-14T21:42:16.868+0000] {processor.py:925} INFO - DAG(s) 'weather_scrape_and_load' retrieved from /opt/airflow/dags/weather_scrape_dag.py
[2026-07-14T21:42:16.885+0000] {logging_mixin.py:190} INFO - [2026-07-14T21:42:16.885+0000] {dag.py:3239} INFO - Sync 1 DAGs
[2026-07-14T21:42:16.901+0000] {logging_mixin.py:190} INFO - [2026-07-14T21:42:16.901+0000] {dag.py:4180} INFO - Setting next_dagrun for weather_scrape_and_load to 2026-07-14 21:00:00+00:00, run_after=2026-07-14 22:00:00+00:00
[2026-07-14T21:42:16.913+0000] {processor.py:208} INFO - Processing /opt/airflow/dags/weather_scrape_dag.py took 0.059 seconds
[2026-07-14T21:42:47.005+0000] {processor.py:186} INFO - Started process (PID=7784) to work on /opt/airflow/dags/weather_scrape_dag.py
[2026-07-14T21:42:47.006+0000] {processor.py:914} INFO - Processing file /opt/airflow/dags/weather_scrape_dag.py for tasks to queue
[2026-07-14T21:42:47.007+0000] {logging_mixin.py:190} INFO - [2026-07-14T21:42:47.007+0000] {dagbag.py:588} INFO - Filling up the DagBag from /opt/airflow/dags/weather_scrape_dag.py
[2026-07-14T21:42:47.014+0000] {processor.py:925} INFO - DAG(s) 'weather_scrape_and_load' retrieved from /opt/airflow/dags/weather_scrape_dag.py
[2026-07-14T21:42:47.031+0000] {logging_mixin.py:190} INFO - [2026-07-14T21:42:47.031+0000] {dag.py:3239} INFO - Sync 1 DAGs
[2026-07-14T21:42:47.046+0000] {logging_mixin.py:190} INFO - [2026-07-14T21:42:47.046+0000] {dag.py:4180} INFO - Setting next_dagrun for weather_scrape_and_load to 2026-07-14 21:00:00+00:00, run_after=2026-07-14 22:00:00+00:00
[2026-07-14T21:42:47.059+0000] {processor.py:208} INFO - Processing /opt/airflow/dags/weather_scrape_dag.py took 0.057 seconds
[2026-07-14T21:43:17.118+0000] {processor.py:186} INFO - Started process (PID=7789) to work on /opt/airflow/dags/weather_scrape_dag.py
[2026-07-14T21:43:17.119+0000] {processor.py:914} INFO - Processing file /opt/airflow/dags/weather_scrape_dag.py for tasks to queue
[2026-07-14T21:43:17.120+0000] {logging_mixin.py:190} INFO - [2026-07-14T21:43:17.120+0000] {dagbag.py:588} INFO - Filling up the DagBag from /opt/airflow/dags/weather_scrape_dag.py
[2026-07-14T21:43:17.127+0000] {processor.py:925} INFO - DAG(s) 'weather_scrape_and_load' retrieved from /opt/airflow/dags/weather_scrape_dag.py
[2026-07-14T21:43:17.144+0000] {logging_mixin.py:190} INFO - [2026-07-14T21:43:17.144+0000] {dag.py:3239} INFO - Sync 1 DAGs
[2026-07-14T21:43:17.159+0000] {logging_mixin.py:190} INFO - [2026-07-14T21:43:17.159+0000] {dag.py:4180} INFO - Setting next_dagrun for weather_scrape_and_load to 2026-07-14 21:00:00+00:00, run_after=2026-07-14 22:00:00+00:00
[2026-07-14T21:43:17.171+0000] {processor.py:208} INFO - Processing /opt/airflow/dags/weather_scrape_dag.py took 0.058 seconds
[2026-07-14T21:43:47.275+0000] {processor.py:186} INFO - Started process (PID=7794) to work on /opt/airflow/dags/weather_scrape_dag.py
[2026-07-14T21:43:47.276+0000] {processor.py:914} INFO - Processing file /opt/airflow/dags/weather_scrape_dag.py for tasks to queue
[2026-07-14T21:43:47.278+0000] {logging_mixin.py:190} INFO - [2026-07-14T21:43:47.277+0000] {dagbag.py:588} INFO - Filling up the DagBag from /opt/airflow/dags/weather_scrape_dag.py
[2026-07-14T21:43:47.284+0000] {processor.py:925} INFO - DAG(s) 'weather_scrape_and_load' retrieved from /opt/airflow/dags/weather_scrape_dag.py
[2026-07-14T21:43:47.301+0000] {logging_mixin.py:190} INFO - [2026-07-14T21:43:47.300+0000] {dag.py:3239} INFO - Sync 1 DAGs
[2026-07-14T21:43:47.317+0000] {logging_mixin.py:190} INFO - [2026-07-14T21:43:47.316+0000] {dag.py:4180} INFO - Setting next_dagrun for weather_scrape_and_load to 2026-07-14 21:00:00+00:00, run_after=2026-07-14 22:00:00+00:00
[2026-07-14T21:43:47.329+0000] {processor.py:208} INFO - Processing /opt/airflow/dags/weather_scrape_dag.py took 0.058 seconds
[2026-07-14T21:44:17.394+0000] {processor.py:186} INFO - Started process (PID=7799) to work on /opt/airflow/dags/weather_scrape_dag.py
[2026-07-14T21:44:17.403+0000] {processor.py:914} INFO - Processing file /opt/airflow/dags/weather_scrape_dag.py for tasks to queue
[2026-07-14T21:44:17.404+0000] {logging_mixin.py:190} INFO - [2026-07-14T21:44:17.404+0000] {dagbag.py:588} INFO - Filling up the DagBag from /opt/airflow/dags/weather_scrape_dag.py
[2026-07-14T21:44:17.412+0000] {processor.py:925} INFO - DAG(s) 'weather_scrape_and_load' retrieved from /opt/airflow/dags/weather_scrape_dag.py
[2026-07-14T21:44:17.439+0000] {logging_mixin.py:190} INFO - [2026-07-14T21:44:17.438+0000] {dag.py:3239} INFO - Sync 1 DAGs
[2026-07-14T21:44:17.462+0000] {logging_mixin.py:190} INFO - [2026-07-14T21:44:17.462+0000] {dag.py:4180} INFO - Setting next_dagrun for weather_scrape_and_load to 2026-07-14 21:00:00+00:00, run_after=2026-07-14 22:00:00+00:00
[2026-07-14T21:44:17.475+0000] {processor.py:208} INFO - Processing /opt/airflow/dags/weather_scrape_dag.py took 0.086 seconds
[2026-07-14T21:44:47.536+0000] {processor.py:186} INFO - Started process (PID=7804) to work on /opt/airflow/dags/weather_scrape_dag.py
[2026-07-14T21:44:47.537+0000] {processor.py:914} INFO - Processing file /opt/airflow/dags/weather_scrape_dag.py for tasks to queue
[2026-07-14T21:44:47.538+0000] {logging_mixin.py:190} INFO - [2026-07-14T21:44:47.538+0000] {dagbag.py:588} INFO - Filling up the DagBag from /opt/airflow/dags/weather_scrape_dag.py
[2026-07-14T21:44:47.545+0000] {processor.py:925} INFO - DAG(s) 'weather_scrape_and_load' retrieved from /opt/airflow/dags/weather_scrape_dag.py
[2026-07-14T21:44:47.562+0000] {logging_mixin.py:190} INFO - [2026-07-14T21:44:47.562+0000] {dag.py:3239} INFO - Sync 1 DAGs
[2026-07-14T21:44:47.577+0000] {logging_mixin.py:190} INFO - [2026-07-14T21:44:47.577+0000] {dag.py:4180} INFO - Setting next_dagrun for weather_scrape_and_load to 2026-07-14 21:00:00+00:00, run_after=2026-07-14 22:00:00+00:00
[2026-07-14T21:44:47.590+0000] {processor.py:208} INFO - Processing /opt/airflow/dags/weather_scrape_dag.py took 0.058 seconds
[2026-07-14T21:45:17.675+0000] {processor.py:186} INFO - Started process (PID=7809) to work on /opt/airflow/dags/weather_scrape_dag.py
[2026-07-14T21:45:17.683+0000] {processor.py:914} INFO - Processing file /opt/airflow/dags/weather_scrape_dag.py for tasks to queue
[2026-07-14T21:45:17.684+0000] {logging_mixin.py:190} INFO - [2026-07-14T21:45:17.684+0000] {dagbag.py:588} INFO - Filling up the DagBag from /opt/airflow/dags/weather_scrape_dag.py
[2026-07-14T21:45:17.692+0000] {processor.py:925} INFO - DAG(s) 'weather_scrape_and_load' retrieved from /opt/airflow/dags/weather_scrape_dag.py
[2026-07-14T21:45:17.708+0000] {logging_mixin.py:190} INFO - [2026-07-14T21:45:17.708+0000] {dag.py:3239} INFO - Sync 1 DAGs
[2026-07-14T21:45:17.723+0000] {logging_mixin.py:190} INFO - [2026-07-14T21:45:17.723+0000] {dag.py:4180} INFO - Setting next_dagrun for weather_scrape_and_load to 2026-07-14 21:00:00+00:00, run_after=2026-07-14 22:00:00+00:00
[2026-07-14T21:45:17.736+0000] {processor.py:208} INFO - Processing /opt/airflow/dags/weather_scrape_dag.py took 0.065 seconds
[2026-07-14T21:45:47.798+0000] {processor.py:186} INFO - Started process (PID=7814) to work on /opt/airflow/dags/weather_scrape_dag.py
[2026-07-14T21:45:47.799+0000] {processor.py:914} INFO - Processing file /opt/airflow/dags/weather_scrape_dag.py for tasks to queue
[2026-07-14T21:45:47.800+0000] {logging_mixin.py:190} INFO - [2026-07-14T21:45:47.800+0000] {dagbag.py:588} INFO - Filling up the DagBag from /opt/airflow/dags/weather_scrape_dag.py
[2026-07-14T21:45:47.807+0000] {processor.py:925} INFO - DAG(s) 'weather_scrape_and_load' retrieved from /opt/airflow/dags/weather_scrape_dag.py
[2026-07-14T21:45:47.824+0000] {logging_mixin.py:190} INFO - [2026-07-14T21:45:47.824+0000] {dag.py:3239} INFO - Sync 1 DAGs
[2026-07-14T21:45:47.838+0000] {logging_mixin.py:190} INFO - [2026-07-14T21:45:47.838+0000] {dag.py:4180} INFO - Setting next_dagrun for weather_scrape_and_load to 2026-07-14 21:00:00+00:00, run_after=2026-07-14 22:00:00+00:00
[2026-07-14T21:45:47.851+0000] {processor.py:208} INFO - Processing /opt/airflow/dags/weather_scrape_dag.py took 0.056 seconds
[2026-07-14T21:46:17.945+0000] {processor.py:186} INFO - Started process (PID=7819) to work on /opt/airflow/dags/weather_scrape_dag.py
[2026-07-14T21:46:17.946+0000] {processor.py:914} INFO - Processing file /opt/airflow/dags/weather_scrape_dag.py for tasks to queue
[2026-07-14T21:46:17.947+0000] {logging_mixin.py:190} INFO - [2026-07-14T21:46:17.947+0000] {dagbag.py:588} INFO - Filling up the DagBag from /opt/airflow/dags/weather_scrape_dag.py
[2026-07-14T21:46:17.954+0000] {processor.py:925} INFO - DAG(s) 'weather_scrape_and_load' retrieved from /opt/airflow/dags/weather_scrape_dag.py
[2026-07-14T21:46:17.971+0000] {logging_mixin.py:190} INFO - [2026-07-14T21:46:17.971+0000] {dag.py:3239} INFO - Sync 1 DAGs
[2026-07-14T21:46:17.985+0000] {logging_mixin.py:190} INFO - [2026-07-14T21:46:17.985+0000] {dag.py:4180} INFO - Setting next_dagrun for weather_scrape_and_load to 2026-07-14 21:00:00+00:00, run_after=2026-07-14 22:00:00+00:00
[2026-07-14T21:46:17.998+0000] {processor.py:208} INFO - Processing /opt/airflow/dags/weather_scrape_dag.py took 0.056 seconds
[2026-07-14T21:46:48.054+0000] {processor.py:186} INFO - Started process (PID=7824) to work on /opt/airflow/dags/weather_scrape_dag.py
[2026-07-14T21:46:48.054+0000] {processor.py:914} INFO - Processing file /opt/airflow/dags/weather_scrape_dag.py for tasks to queue
[2026-07-14T21:46:48.056+0000] {logging_mixin.py:190} INFO - [2026-07-14T21:46:48.056+0000] {dagbag.py:588} INFO - Filling up the DagBag from /opt/airflow/dags/weather_scrape_dag.py
[2026-07-14T21:46:48.063+0000] {processor.py:925} INFO - DAG(s) 'weather_scrape_and_load' retrieved from /opt/airflow/dags/weather_scrape_dag.py
[2026-07-14T21:46:48.079+0000] {logging_mixin.py:190} INFO - [2026-07-14T21:46:48.079+0000] {dag.py:3239} INFO - Sync 1 DAGs
[2026-07-14T21:46:48.095+0000] {logging_mixin.py:190} INFO - [2026-07-14T21:46:48.094+0000] {dag.py:4180} INFO - Setting next_dagrun for weather_scrape_and_load to 2026-07-14 21:00:00+00:00, run_after=2026-07-14 22:00:00+00:00
[2026-07-14T21:46:48.107+0000] {processor.py:208} INFO - Processing /opt/airflow/dags/weather_scrape_dag.py took 0.058 seconds
[2026-07-14T21:47:18.205+0000] {processor.py:186} INFO - Started process (PID=7829) to work on /opt/airflow/dags/weather_scrape_dag.py
[2026-07-14T21:47:18.213+0000] {processor.py:914} INFO - Processing file /opt/airflow/dags/weather_scrape_dag.py for tasks to queue
[2026-07-14T21:47:18.215+0000] {logging_mixin.py:190} INFO - [2026-07-14T21:47:18.215+0000] {dagbag.py:588} INFO - Filling up the DagBag from /opt/airflow/dags/weather_scrape_dag.py
[2026-07-14T21:47:18.222+0000] {processor.py:925} INFO - DAG(s) 'weather_scrape_and_load' retrieved from /opt/airflow/dags/weather_scrape_dag.py
[2026-07-14T21:47:18.238+0000] {logging_mixin.py:190} INFO - [2026-07-14T21:47:18.237+0000] {dag.py:3239} INFO - Sync 1 DAGs
[2026-07-14T21:47:18.252+0000] {logging_mixin.py:190} INFO - [2026-07-14T21:47:18.252+0000] {dag.py:4180} INFO - Setting next_dagrun for weather_scrape_and_load to 2026-07-14 21:00:00+00:00, run_after=2026-07-14 22:00:00+00:00
[2026-07-14T21:47:18.266+0000] {processor.py:208} INFO - Processing /opt/airflow/dags/weather_scrape_dag.py took 0.065 seconds
[2026-07-14T21:47:48.326+0000] {processor.py:186} INFO - Started process (PID=7834) to work on /opt/airflow/dags/weather_scrape_dag.py
[2026-07-14T21:47:48.327+0000] {processor.py:914} INFO - Processing file /opt/airflow/dags/weather_scrape_dag.py for tasks to queue
[2026-07-14T21:47:48.328+0000] {logging_mixin.py:190} INFO - [2026-07-14T21:47:48.328+0000] {dagbag.py:588} INFO - Filling up the DagBag from /opt/airflow/dags/weather_scrape_dag.py
[2026-07-14T21:47:48.335+0000] {processor.py:925} INFO - DAG(s) 'weather_scrape_and_load' retrieved from /opt/airflow/dags/weather_scrape_dag.py
[2026-07-14T21:47:48.353+0000] {logging_mixin.py:190} INFO - [2026-07-14T21:47:48.353+0000] {dag.py:3239} INFO - Sync 1 DAGs
[2026-07-14T21:47:48.368+0000] {logging_mixin.py:190} INFO - [2026-07-14T21:47:48.368+0000] {dag.py:4180} INFO - Setting next_dagrun for weather_scrape_and_load to 2026-07-14 21:00:00+00:00, run_after=2026-07-14 22:00:00+00:00
[2026-07-14T21:47:48.380+0000] {processor.py:208} INFO - Processing /opt/airflow/dags/weather_scrape_dag.py took 0.060 seconds
[2026-07-14T21:48:18.483+0000] {processor.py:186} INFO - Started process (PID=7839) to work on /opt/airflow/dags/weather_scrape_dag.py
[2026-07-14T21:48:18.491+0000] {processor.py:914} INFO - Processing file /opt/airflow/dags/weather_scrape_dag.py for tasks to queue
[2026-07-14T21:48:18.492+0000] {logging_mixin.py:190} INFO - [2026-07-14T21:48:18.492+0000] {dagbag.py:588} INFO - Filling up the DagBag from /opt/airflow/dags/weather_scrape_dag.py
[2026-07-14T21:48:18.499+0000] {processor.py:925} INFO - DAG(s) 'weather_scrape_and_load' retrieved from /opt/airflow/dags/weather_scrape_dag.py
[2026-07-14T21:48:18.516+0000] {logging_mixin.py:190} INFO - [2026-07-14T21:48:18.516+0000] {dag.py:3239} INFO - Sync 1 DAGs
[2026-07-14T21:48:18.532+0000] {logging_mixin.py:190} INFO - [2026-07-14T21:48:18.532+0000] {dag.py:4180} INFO - Setting next_dagrun for weather_scrape_and_load to 2026-07-14 21:00:00+00:00, run_after=2026-07-14 22:00:00+00:00
[2026-07-14T21:48:18.545+0000] {processor.py:208} INFO - Processing /opt/airflow/dags/weather_scrape_dag.py took 0.065 seconds
[2026-07-14T21:48:48.591+0000] {processor.py:186} INFO - Started process (PID=7844) to work on /opt/airflow/dags/weather_scrape_dag.py
[2026-07-14T21:48:48.592+0000] {processor.py:914} INFO - Processing file /opt/airflow/dags/weather_scrape_dag.py for tasks to queue
[2026-07-14T21:48:48.593+0000] {logging_mixin.py:190} INFO - [2026-07-14T21:48:48.593+0000] {dagbag.py:588} INFO - Filling up the DagBag from /opt/airflow/dags/weather_scrape_dag.py
[2026-07-14T21:48:48.600+0000] {processor.py:925} INFO - DAG(s) 'weather_scrape_and_load' retrieved from /opt/airflow/dags/weather_scrape_dag.py
[2026-07-14T21:48:48.619+0000] {logging_mixin.py:190} INFO - [2026-07-14T21:48:48.618+0000] {dag.py:3239} INFO - Sync 1 DAGs
[2026-07-14T21:48:48.635+0000] {logging_mixin.py:190} INFO - [2026-07-14T21:48:48.635+0000] {dag.py:4180} INFO - Setting next_dagrun for weather_scrape_and_load to 2026-07-14 21:00:00+00:00, run_after=2026-07-14 22:00:00+00:00
[2026-07-14T21:48:48.649+0000] {processor.py:208} INFO - Processing /opt/airflow/dags/weather_scrape_dag.py took 0.062 seconds
[2026-07-14T21:49:18.758+0000] {processor.py:186} INFO - Started process (PID=7849) to work on /opt/airflow/dags/weather_scrape_dag.py
[2026-07-14T21:49:18.758+0000] {processor.py:914} INFO - Processing file /opt/airflow/dags/weather_scrape_dag.py for tasks to queue
[2026-07-14T21:49:18.760+0000] {logging_mixin.py:190} INFO - [2026-07-14T21:49:18.760+0000] {dagbag.py:588} INFO - Filling up the DagBag from /opt/airflow/dags/weather_scrape_dag.py
[2026-07-14T21:49:18.767+0000] {processor.py:925} INFO - DAG(s) 'weather_scrape_and_load' retrieved from /opt/airflow/dags/weather_scrape_dag.py
[2026-07-14T21:49:18.783+0000] {logging_mixin.py:190} INFO - [2026-07-14T21:49:18.783+0000] {dag.py:3239} INFO - Sync 1 DAGs
[2026-07-14T21:49:18.797+0000] {logging_mixin.py:190} INFO - [2026-07-14T21:49:18.797+0000] {dag.py:4180} INFO - Setting next_dagrun for weather_scrape_and_load to 2026-07-14 21:00:00+00:00, run_after=2026-07-14 22:00:00+00:00
[2026-07-14T21:49:18.810+0000] {processor.py:208} INFO - Processing /opt/airflow/dags/weather_scrape_dag.py took 0.056 seconds
[2026-07-14T21:49:48.872+0000] {processor.py:186} INFO - Started process (PID=7854) to work on /opt/airflow/dags/weather_scrape_dag.py
[2026-07-14T21:49:48.872+0000] {processor.py:914} INFO - Processing file /opt/airflow/dags/weather_scrape_dag.py for tasks to queue
[2026-07-14T21:49:48.874+0000] {logging_mixin.py:190} INFO - [2026-07-14T21:49:48.874+0000] {dagbag.py:588} INFO - Filling up the DagBag from /opt/airflow/dags/weather_scrape_dag.py
[2026-07-14T21:49:48.881+0000] {processor.py:925} INFO - DAG(s) 'weather_scrape_and_load' retrieved from /opt/airflow/dags/weather_scrape_dag.py
[2026-07-14T21:49:48.897+0000] {logging_mixin.py:190} INFO - [2026-07-14T21:49:48.896+0000] {dag.py:3239} INFO - Sync 1 DAGs
[2026-07-14T21:49:48.913+0000] {logging_mixin.py:190} INFO - [2026-07-14T21:49:48.913+0000] {dag.py:4180} INFO - Setting next_dagrun for weather_scrape_and_load to 2026-07-14 21:00:00+00:00, run_after=2026-07-14 22:00:00+00:00
[2026-07-14T21:49:48.925+0000] {processor.py:208} INFO - Processing /opt/airflow/dags/weather_scrape_dag.py took 0.057 seconds
[2026-07-14T21:50:19.026+0000] {processor.py:186} INFO - Started process (PID=7859) to work on /opt/airflow/dags/weather_scrape_dag.py
[2026-07-14T21:50:19.034+0000] {processor.py:914} INFO - Processing file /opt/airflow/dags/weather_scrape_dag.py for tasks to queue
[2026-07-14T21:50:19.035+0000] {logging_mixin.py:190} INFO - [2026-07-14T21:50:19.035+0000] {dagbag.py:588} INFO - Filling up the DagBag from /opt/airflow/dags/weather_scrape_dag.py
[2026-07-14T21:50:19.043+0000] {processor.py:925} INFO - DAG(s) 'weather_scrape_and_load' retrieved from /opt/airflow/dags/weather_scrape_dag.py
[2026-07-14T21:50:19.059+0000] {logging_mixin.py:190} INFO - [2026-07-14T21:50:19.059+0000] {dag.py:3239} INFO - Sync 1 DAGs
[2026-07-14T21:50:19.074+0000] {logging_mixin.py:190} INFO - [2026-07-14T21:50:19.073+0000] {dag.py:4180} INFO - Setting next_dagrun for weather_scrape_and_load to 2026-07-14 21:00:00+00:00, run_after=2026-07-14 22:00:00+00:00
[2026-07-14T21:50:19.085+0000] {processor.py:208} INFO - Processing /opt/airflow/dags/weather_scrape_dag.py took 0.063 seconds
[2026-07-14T21:50:49.136+0000] {processor.py:186} INFO - Started process (PID=7864) to work on /opt/airflow/dags/weather_scrape_dag.py
[2026-07-14T21:50:49.137+0000] {processor.py:914} INFO - Processing file /opt/airflow/dags/weather_scrape_dag.py for tasks to queue
[2026-07-14T21:50:49.138+0000] {logging_mixin.py:190} INFO - [2026-07-14T21:50:49.138+0000] {dagbag.py:588} INFO - Filling up the DagBag from /opt/airflow/dags/weather_scrape_dag.py
[2026-07-14T21:50:49.146+0000] {processor.py:925} INFO - DAG(s) 'weather_scrape_and_load' retrieved from /opt/airflow/dags/weather_scrape_dag.py
[2026-07-14T21:50:49.162+0000] {logging_mixin.py:190} INFO - [2026-07-14T21:50:49.162+0000] {dag.py:3239} INFO - Sync 1 DAGs
[2026-07-14T21:50:49.177+0000] {logging_mixin.py:190} INFO - [2026-07-14T21:50:49.176+0000] {dag.py:4180} INFO - Setting next_dagrun for weather_scrape_and_load to 2026-07-14 21:00:00+00:00, run_after=2026-07-14 22:00:00+00:00
[2026-07-14T21:50:49.189+0000] {processor.py:208} INFO - Processing /opt/airflow/dags/weather_scrape_dag.py took 0.057 seconds
[2026-07-14T21:51:19.285+0000] {processor.py:186} INFO - Started process (PID=7869) to work on /opt/airflow/dags/weather_scrape_dag.py
[2026-07-14T21:51:19.293+0000] {processor.py:914} INFO - Processing file /opt/airflow/dags/weather_scrape_dag.py for tasks to queue
[2026-07-14T21:51:19.295+0000] {logging_mixin.py:190} INFO - [2026-07-14T21:51:19.295+0000] {dagbag.py:588} INFO - Filling up the DagBag from /opt/airflow/dags/weather_scrape_dag.py
[2026-07-14T21:51:19.302+0000] {processor.py:925} INFO - DAG(s) 'weather_scrape_and_load' retrieved from /opt/airflow/dags/weather_scrape_dag.py
[2026-07-14T21:51:19.318+0000] {logging_mixin.py:190} INFO - [2026-07-14T21:51:19.318+0000] {dag.py:3239} INFO - Sync 1 DAGs
[2026-07-14T21:51:19.332+0000] {logging_mixin.py:190} INFO - [2026-07-14T21:51:19.332+0000] {dag.py:4180} INFO - Setting next_dagrun for weather_scrape_and_load to 2026-07-14 21:00:00+00:00, run_after=2026-07-14 22:00:00+00:00
[2026-07-14T21:51:19.345+0000] {processor.py:208} INFO - Processing /opt/airflow/dags/weather_scrape_dag.py took 0.063 seconds
[2026-07-14T21:51:49.397+0000] {processor.py:186} INFO - Started process (PID=7874) to work on /opt/airflow/dags/weather_scrape_dag.py
[2026-07-14T21:51:49.398+0000] {processor.py:914} INFO - Processing file /opt/airflow/dags/weather_scrape_dag.py for tasks to queue
[2026-07-14T21:51:49.399+0000] {logging_mixin.py:190} INFO - [2026-07-14T21:51:49.399+0000] {dagbag.py:588} INFO - Filling up the DagBag from /opt/airflow/dags/weather_scrape_dag.py
[2026-07-14T21:51:49.406+0000] {processor.py:925} INFO - DAG(s) 'weather_scrape_and_load' retrieved from /opt/airflow/dags/weather_scrape_dag.py
[2026-07-14T21:51:49.422+0000] {logging_mixin.py:190} INFO - [2026-07-14T21:51:49.422+0000] {dag.py:3239} INFO - Sync 1 DAGs
[2026-07-14T21:51:49.437+0000] {logging_mixin.py:190} INFO - [2026-07-14T21:51:49.437+0000] {dag.py:4180} INFO - Setting next_dagrun for weather_scrape_and_load to 2026-07-14 21:00:00+00:00, run_after=2026-07-14 22:00:00+00:00
[2026-07-14T21:51:49.450+0000] {processor.py:208} INFO - Processing /opt/airflow/dags/weather_scrape_dag.py took 0.057 seconds
[2026-07-14T21:52:19.553+0000] {processor.py:186} INFO - Started process (PID=7879) to work on /opt/airflow/dags/weather_scrape_dag.py
[2026-07-14T21:52:19.561+0000] {processor.py:914} INFO - Processing file /opt/airflow/dags/weather_scrape_dag.py for tasks to queue
[2026-07-14T21:52:19.563+0000] {logging_mixin.py:190} INFO - [2026-07-14T21:52:19.562+0000] {dagbag.py:588} INFO - Filling up the DagBag from /opt/airflow/dags/weather_scrape_dag.py
[2026-07-14T21:52:19.570+0000] {processor.py:925} INFO - DAG(s) 'weather_scrape_and_load' retrieved from /opt/airflow/dags/weather_scrape_dag.py
[2026-07-14T21:52:19.587+0000] {logging_mixin.py:190} INFO - [2026-07-14T21:52:19.587+0000] {dag.py:3239} INFO - Sync 1 DAGs
[2026-07-14T21:52:19.609+0000] {logging_mixin.py:190} INFO - [2026-07-14T21:52:19.609+0000] {dag.py:4180} INFO - Setting next_dagrun for weather_scrape_and_load to 2026-07-14 21:00:00+00:00, run_after=2026-07-14 22:00:00+00:00
[2026-07-14T21:52:19.623+0000] {processor.py:208} INFO - Processing /opt/airflow/dags/weather_scrape_dag.py took 0.075 seconds
[2026-07-14T21:52:49.661+0000] {processor.py:186} INFO - Started process (PID=7884) to work on /opt/airflow/dags/weather_scrape_dag.py
[2026-07-14T21:52:49.661+0000] {processor.py:914} INFO - Processing file /opt/airflow/dags/weather_scrape_dag.py for tasks to queue
[2026-07-14T21:52:49.663+0000] {logging_mixin.py:190} INFO - [2026-07-14T21:52:49.662+0000] {dagbag.py:588} INFO - Filling up the DagBag from /opt/airflow/dags/weather_scrape_dag.py
[2026-07-14T21:52:49.670+0000] {processor.py:925} INFO - DAG(s) 'weather_scrape_and_load' retrieved from /opt/airflow/dags/weather_scrape_dag.py
[2026-07-14T21:52:49.689+0000] {logging_mixin.py:190} INFO - [2026-07-14T21:52:49.689+0000] {dag.py:3239} INFO - Sync 1 DAGs
[2026-07-14T21:52:49.704+0000] {logging_mixin.py:190} INFO - [2026-07-14T21:52:49.704+0000] {dag.py:4180} INFO - Setting next_dagrun for weather_scrape_and_load to 2026-07-14 21:00:00+00:00, run_after=2026-07-14 22:00:00+00:00
[2026-07-14T21:52:49.717+0000] {processor.py:208} INFO - Processing /opt/airflow/dags/weather_scrape_dag.py took 0.061 seconds
[2026-07-14T21:53:19.841+0000] {processor.py:186} INFO - Started process (PID=7889) to work on /opt/airflow/dags/weather_scrape_dag.py
[2026-07-14T21:53:19.849+0000] {processor.py:914} INFO - Processing file /opt/airflow/dags/weather_scrape_dag.py for tasks to queue
[2026-07-14T21:53:19.850+0000] {logging_mixin.py:190} INFO - [2026-07-14T21:53:19.850+0000] {dagbag.py:588} INFO - Filling up the DagBag from /opt/airflow/dags/weather_scrape_dag.py
[2026-07-14T21:53:19.858+0000] {processor.py:925} INFO - DAG(s) 'weather_scrape_and_load' retrieved from /opt/airflow/dags/weather_scrape_dag.py
[2026-07-14T21:53:19.875+0000] {logging_mixin.py:190} INFO - [2026-07-14T21:53:19.875+0000] {dag.py:3239} INFO - Sync 1 DAGs
[2026-07-14T21:53:19.890+0000] {logging_mixin.py:190} INFO - [2026-07-14T21:53:19.890+0000] {dag.py:4180} INFO - Setting next_dagrun for weather_scrape_and_load to 2026-07-14 21:00:00+00:00, run_after=2026-07-14 22:00:00+00:00
[2026-07-14T21:53:19.903+0000] {processor.py:208} INFO - Processing /opt/airflow/dags/weather_scrape_dag.py took 0.066 seconds
[2026-07-14T21:53:49.947+0000] {processor.py:186} INFO - Started process (PID=7894) to work on /opt/airflow/dags/weather_scrape_dag.py
[2026-07-14T21:53:49.948+0000] {processor.py:914} INFO - Processing file /opt/airflow/dags/weather_scrape_dag.py for tasks to queue
[2026-07-14T21:53:49.949+0000] {logging_mixin.py:190} INFO - [2026-07-14T21:53:49.949+0000] {dagbag.py:588} INFO - Filling up the DagBag from /opt/airflow/dags/weather_scrape_dag.py
[2026-07-14T21:53:49.956+0000] {processor.py:925} INFO - DAG(s) 'weather_scrape_and_load' retrieved from /opt/airflow/dags/weather_scrape_dag.py
[2026-07-14T21:53:49.973+0000] {logging_mixin.py:190} INFO - [2026-07-14T21:53:49.973+0000] {dag.py:3239} INFO - Sync 1 DAGs
[2026-07-14T21:53:49.987+0000] {logging_mixin.py:190} INFO - [2026-07-14T21:53:49.987+0000] {dag.py:4180} INFO - Setting next_dagrun for weather_scrape_and_load to 2026-07-14 21:00:00+00:00, run_after=2026-07-14 22:00:00+00:00
[2026-07-14T21:53:50.001+0000] {processor.py:208} INFO - Processing /opt/airflow/dags/weather_scrape_dag.py took 0.057 seconds
[2026-07-14T21:54:20.108+0000] {processor.py:186} INFO - Started process (PID=7899) to work on /opt/airflow/dags/weather_scrape_dag.py
[2026-07-14T21:54:20.116+0000] {processor.py:914} INFO - Processing file /opt/airflow/dags/weather_scrape_dag.py for tasks to queue
[2026-07-14T21:54:20.118+0000] {logging_mixin.py:190} INFO - [2026-07-14T21:54:20.118+0000] {dagbag.py:588} INFO - Filling up the DagBag from /opt/airflow/dags/weather_scrape_dag.py
[2026-07-14T21:54:20.128+0000] {processor.py:925} INFO - DAG(s) 'weather_scrape_and_load' retrieved from /opt/airflow/dags/weather_scrape_dag.py
[2026-07-14T21:54:20.145+0000] {logging_mixin.py:190} INFO - [2026-07-14T21:54:20.145+0000] {dag.py:3239} INFO - Sync 1 DAGs
[2026-07-14T21:54:20.161+0000] {logging_mixin.py:190} INFO - [2026-07-14T21:54:20.161+0000] {dag.py:4180} INFO - Setting next_dagrun for weather_scrape_and_load to 2026-07-14 21:00:00+00:00, run_after=2026-07-14 22:00:00+00:00
[2026-07-14T21:54:20.175+0000] {processor.py:208} INFO - Processing /opt/airflow/dags/weather_scrape_dag.py took 0.072 seconds
[2026-07-14T21:54:50.223+0000] {processor.py:186} INFO - Started process (PID=7904) to work on /opt/airflow/dags/weather_scrape_dag.py
[2026-07-14T21:54:50.223+0000] {processor.py:914} INFO - Processing file /opt/airflow/dags/weather_scrape_dag.py for tasks to queue
[2026-07-14T21:54:50.224+0000] {logging_mixin.py:190} INFO - [2026-07-14T21:54:50.224+0000] {dagbag.py:588} INFO - Filling up the DagBag from /opt/airflow/dags/weather_scrape_dag.py
[2026-07-14T21:54:50.232+0000] {processor.py:925} INFO - DAG(s) 'weather_scrape_and_load' retrieved from /opt/airflow/dags/weather_scrape_dag.py
[2026-07-14T21:54:50.249+0000] {logging_mixin.py:190} INFO - [2026-07-14T21:54:50.249+0000] {dag.py:3239} INFO - Sync 1 DAGs
[2026-07-14T21:54:50.264+0000] {logging_mixin.py:190} INFO - [2026-07-14T21:54:50.264+0000] {dag.py:4180} INFO - Setting next_dagrun for weather_scrape_and_load to 2026-07-14 21:00:00+00:00, run_after=2026-07-14 22:00:00+00:00
[2026-07-14T21:54:50.278+0000] {processor.py:208} INFO - Processing /opt/airflow/dags/weather_scrape_dag.py took 0.059 seconds
[2026-07-14T21:55:20.383+0000] {processor.py:186} INFO - Started process (PID=7909) to work on /opt/airflow/dags/weather_scrape_dag.py
[2026-07-14T21:55:20.391+0000] {processor.py:914} INFO - Processing file /opt/airflow/dags/weather_scrape_dag.py for tasks to queue
[2026-07-14T21:55:20.393+0000] {logging_mixin.py:190} INFO - [2026-07-14T21:55:20.393+0000] {dagbag.py:588} INFO - Filling up the DagBag from /opt/airflow/dags/weather_scrape_dag.py
[2026-07-14T21:55:20.400+0000] {processor.py:925} INFO - DAG(s) 'weather_scrape_and_load' retrieved from /opt/airflow/dags/weather_scrape_dag.py
[2026-07-14T21:55:20.416+0000] {logging_mixin.py:190} INFO - [2026-07-14T21:55:20.416+0000] {dag.py:3239} INFO - Sync 1 DAGs
[2026-07-14T21:55:20.432+0000] {logging_mixin.py:190} INFO - [2026-07-14T21:55:20.432+0000] {dag.py:4180} INFO - Setting next_dagrun for weather_scrape_and_load to 2026-07-14 21:00:00+00:00, run_after=2026-07-14 22:00:00+00:00
[2026-07-14T21:55:20.445+0000] {processor.py:208} INFO - Processing /opt/airflow/dags/weather_scrape_dag.py took 0.066 seconds
[2026-07-14T21:55:50.496+0000] {processor.py:186} INFO - Started process (PID=7914) to work on /opt/airflow/dags/weather_scrape_dag.py
[2026-07-14T21:55:50.496+0000] {processor.py:914} INFO - Processing file /opt/airflow/dags/weather_scrape_dag.py for tasks to queue
[2026-07-14T21:55:50.498+0000] {logging_mixin.py:190} INFO - [2026-07-14T21:55:50.498+0000] {dagbag.py:588} INFO - Filling up the DagBag from /opt/airflow/dags/weather_scrape_dag.py
[2026-07-14T21:55:50.505+0000] {processor.py:925} INFO - DAG(s) 'weather_scrape_and_load' retrieved from /opt/airflow/dags/weather_scrape_dag.py
[2026-07-14T21:55:50.522+0000] {logging_mixin.py:190} INFO - [2026-07-14T21:55:50.522+0000] {dag.py:3239} INFO - Sync 1 DAGs
[2026-07-14T21:55:50.537+0000] {logging_mixin.py:190} INFO - [2026-07-14T21:55:50.537+0000] {dag.py:4180} INFO - Setting next_dagrun for weather_scrape_and_load to 2026-07-14 21:00:00+00:00, run_after=2026-07-14 22:00:00+00:00
[2026-07-14T21:55:50.549+0000] {processor.py:208} INFO - Processing /opt/airflow/dags/weather_scrape_dag.py took 0.057 seconds
[2026-07-14T21:56:20.656+0000] {processor.py:186} INFO - Started process (PID=7919) to work on /opt/airflow/dags/weather_scrape_dag.py
[2026-07-14T21:56:20.657+0000] {processor.py:914} INFO - Processing file /opt/airflow/dags/weather_scrape_dag.py for tasks to queue
[2026-07-14T21:56:20.658+0000] {logging_mixin.py:190} INFO - [2026-07-14T21:56:20.658+0000] {dagbag.py:588} INFO - Filling up the DagBag from /opt/airflow/dags/weather_scrape_dag.py
[2026-07-14T21:56:20.666+0000] {processor.py:925} INFO - DAG(s) 'weather_scrape_and_load' retrieved from /opt/airflow/dags/weather_scrape_dag.py
[2026-07-14T21:56:20.683+0000] {logging_mixin.py:190} INFO - [2026-07-14T21:56:20.683+0000] {dag.py:3239} INFO - Sync 1 DAGs
[2026-07-14T21:56:20.697+0000] {logging_mixin.py:190} INFO - [2026-07-14T21:56:20.697+0000] {dag.py:4180} INFO - Setting next_dagrun for weather_scrape_and_load to 2026-07-14 21:00:00+00:00, run_after=2026-07-14 22:00:00+00:00
[2026-07-14T21:56:20.708+0000] {processor.py:208} INFO - Processing /opt/airflow/dags/weather_scrape_dag.py took 0.057 seconds
[2026-07-14T21:56:50.773+0000] {processor.py:186} INFO - Started process (PID=7924) to work on /opt/airflow/dags/weather_scrape_dag.py
[2026-07-14T21:56:50.773+0000] {processor.py:914} INFO - Processing file /opt/airflow/dags/weather_scrape_dag.py for tasks to queue
[2026-07-14T21:56:50.775+0000] {logging_mixin.py:190} INFO - [2026-07-14T21:56:50.775+0000] {dagbag.py:588} INFO - Filling up the DagBag from /opt/airflow/dags/weather_scrape_dag.py
[2026-07-14T21:56:50.782+0000] {processor.py:925} INFO - DAG(s) 'weather_scrape_and_load' retrieved from /opt/airflow/dags/weather_scrape_dag.py
[2026-07-14T21:56:50.799+0000] {logging_mixin.py:190} INFO - [2026-07-14T21:56:50.798+0000] {dag.py:3239} INFO - Sync 1 DAGs
[2026-07-14T21:56:50.813+0000] {logging_mixin.py:190} INFO - [2026-07-14T21:56:50.813+0000] {dag.py:4180} INFO - Setting next_dagrun for weather_scrape_and_load to 2026-07-14 21:00:00+00:00, run_after=2026-07-14 22:00:00+00:00
[2026-07-14T21:56:50.826+0000] {processor.py:208} INFO - Processing /opt/airflow/dags/weather_scrape_dag.py took 0.057 seconds
[2026-07-14T21:57:20.917+0000] {processor.py:186} INFO - Started process (PID=7929) to work on /opt/airflow/dags/weather_scrape_dag.py
[2026-07-14T21:57:20.925+0000] {processor.py:914} INFO - Processing file /opt/airflow/dags/weather_scrape_dag.py for tasks to queue
[2026-07-14T21:57:20.926+0000] {logging_mixin.py:190} INFO - [2026-07-14T21:57:20.926+0000] {dagbag.py:588} INFO - Filling up the DagBag from /opt/airflow/dags/weather_scrape_dag.py
[2026-07-14T21:57:20.934+0000] {processor.py:925} INFO - DAG(s) 'weather_scrape_and_load' retrieved from /opt/airflow/dags/weather_scrape_dag.py
[2026-07-14T21:57:20.950+0000] {logging_mixin.py:190} INFO - [2026-07-14T21:57:20.950+0000] {dag.py:3239} INFO - Sync 1 DAGs
[2026-07-14T21:57:20.966+0000] {logging_mixin.py:190} INFO - [2026-07-14T21:57:20.966+0000] {dag.py:4180} INFO - Setting next_dagrun for weather_scrape_and_load to 2026-07-14 21:00:00+00:00, run_after=2026-07-14 22:00:00+00:00
[2026-07-14T21:57:20.978+0000] {processor.py:208} INFO - Processing /opt/airflow/dags/weather_scrape_dag.py took 0.065 seconds
[2026-07-14T21:57:51.038+0000] {processor.py:186} INFO - Started process (PID=7934) to work on /opt/airflow/dags/weather_scrape_dag.py
[2026-07-14T21:57:51.038+0000] {processor.py:914} INFO - Processing file /opt/airflow/dags/weather_scrape_dag.py for tasks to queue
[2026-07-14T21:57:51.040+0000] {logging_mixin.py:190} INFO - [2026-07-14T21:57:51.039+0000] {dagbag.py:588} INFO - Filling up the DagBag from /opt/airflow/dags/weather_scrape_dag.py
[2026-07-14T21:57:51.047+0000] {processor.py:925} INFO - DAG(s) 'weather_scrape_and_load' retrieved from /opt/airflow/dags/weather_scrape_dag.py
[2026-07-14T21:57:51.063+0000] {logging_mixin.py:190} INFO - [2026-07-14T21:57:51.063+0000] {dag.py:3239} INFO - Sync 1 DAGs
[2026-07-14T21:57:51.078+0000] {logging_mixin.py:190} INFO - [2026-07-14T21:57:51.078+0000] {dag.py:4180} INFO - Setting next_dagrun for weather_scrape_and_load to 2026-07-14 21:00:00+00:00, run_after=2026-07-14 22:00:00+00:00
[2026-07-14T21:57:51.091+0000] {processor.py:208} INFO - Processing /opt/airflow/dags/weather_scrape_dag.py took 0.057 seconds
[2026-07-14T21:58:21.182+0000] {processor.py:186} INFO - Started process (PID=7939) to work on /opt/airflow/dags/weather_scrape_dag.py
[2026-07-14T21:58:21.190+0000] {processor.py:914} INFO - Processing file /opt/airflow/dags/weather_scrape_dag.py for tasks to queue
[2026-07-14T21:58:21.191+0000] {logging_mixin.py:190} INFO - [2026-07-14T21:58:21.191+0000] {dagbag.py:588} INFO - Filling up the DagBag from /opt/airflow/dags/weather_scrape_dag.py
[2026-07-14T21:58:21.199+0000] {processor.py:925} INFO - DAG(s) 'weather_scrape_and_load' retrieved from /opt/airflow/dags/weather_scrape_dag.py
[2026-07-14T21:58:21.215+0000] {logging_mixin.py:190} INFO - [2026-07-14T21:58:21.215+0000] {dag.py:3239} INFO - Sync 1 DAGs
[2026-07-14T21:58:21.230+0000] {logging_mixin.py:190} INFO - [2026-07-14T21:58:21.230+0000] {dag.py:4180} INFO - Setting next_dagrun for weather_scrape_and_load to 2026-07-14 21:00:00+00:00, run_after=2026-07-14 22:00:00+00:00
[2026-07-14T21:58:21.243+0000] {processor.py:208} INFO - Processing /opt/airflow/dags/weather_scrape_dag.py took 0.065 seconds
[2026-07-14T21:58:51.302+0000] {processor.py:186} INFO - Started process (PID=7944) to work on /opt/airflow/dags/weather_scrape_dag.py
[2026-07-14T21:58:51.302+0000] {processor.py:914} INFO - Processing file /opt/airflow/dags/weather_scrape_dag.py for tasks to queue
[2026-07-14T21:58:51.304+0000] {logging_mixin.py:190} INFO - [2026-07-14T21:58:51.304+0000] {dagbag.py:588} INFO - Filling up the DagBag from /opt/airflow/dags/weather_scrape_dag.py
[2026-07-14T21:58:51.311+0000] {processor.py:925} INFO - DAG(s) 'weather_scrape_and_load' retrieved from /opt/airflow/dags/weather_scrape_dag.py
[2026-07-14T21:58:51.328+0000] {logging_mixin.py:190} INFO - [2026-07-14T21:58:51.328+0000] {dag.py:3239} INFO - Sync 1 DAGs
[2026-07-14T21:58:51.343+0000] {logging_mixin.py:190} INFO - [2026-07-14T21:58:51.343+0000] {dag.py:4180} INFO - Setting next_dagrun for weather_scrape_and_load to 2026-07-14 21:00:00+00:00, run_after=2026-07-14 22:00:00+00:00
[2026-07-14T21:58:51.356+0000] {processor.py:208} INFO - Processing /opt/airflow/dags/weather_scrape_dag.py took 0.058 seconds
[2026-07-14T21:59:21.453+0000] {processor.py:186} INFO - Started process (PID=7949) to work on /opt/airflow/dags/weather_scrape_dag.py
[2026-07-14T21:59:21.461+0000] {processor.py:914} INFO - Processing file /opt/airflow/dags/weather_scrape_dag.py for tasks to queue
[2026-07-14T21:59:21.463+0000] {logging_mixin.py:190} INFO - [2026-07-14T21:59:21.462+0000] {dagbag.py:588} INFO - Filling up the DagBag from /opt/airflow/dags/weather_scrape_dag.py
[2026-07-14T21:59:21.469+0000] {processor.py:925} INFO - DAG(s) 'weather_scrape_and_load' retrieved from /opt/airflow/dags/weather_scrape_dag.py
[2026-07-14T21:59:21.485+0000] {logging_mixin.py:190} INFO - [2026-07-14T21:59:21.485+0000] {dag.py:3239} INFO - Sync 1 DAGs
[2026-07-14T21:59:21.501+0000] {logging_mixin.py:190} INFO - [2026-07-14T21:59:21.501+0000] {dag.py:4180} INFO - Setting next_dagrun for weather_scrape_and_load to 2026-07-14 21:00:00+00:00, run_after=2026-07-14 22:00:00+00:00
[2026-07-14T21:59:21.513+0000] {processor.py:208} INFO - Processing /opt/airflow/dags/weather_scrape_dag.py took 0.064 seconds
[2026-07-14T21:59:51.568+0000] {processor.py:186} INFO - Started process (PID=7954) to work on /opt/airflow/dags/weather_scrape_dag.py
[2026-07-14T21:59:51.568+0000] {processor.py:914} INFO - Processing file /opt/airflow/dags/weather_scrape_dag.py for tasks to queue
[2026-07-14T21:59:51.570+0000] {logging_mixin.py:190} INFO - [2026-07-14T21:59:51.570+0000] {dagbag.py:588} INFO - Filling up the DagBag from /opt/airflow/dags/weather_scrape_dag.py
[2026-07-14T21:59:51.577+0000] {processor.py:925} INFO - DAG(s) 'weather_scrape_and_load' retrieved from /opt/airflow/dags/weather_scrape_dag.py
[2026-07-14T21:59:51.594+0000] {logging_mixin.py:190} INFO - [2026-07-14T21:59:51.593+0000] {dag.py:3239} INFO - Sync 1 DAGs
[2026-07-14T21:59:51.608+0000] {logging_mixin.py:190} INFO - [2026-07-14T21:59:51.608+0000] {dag.py:4180} INFO - Setting next_dagrun for weather_scrape_and_load to 2026-07-14 21:00:00+00:00, run_after=2026-07-14 22:00:00+00:00
[2026-07-14T21:59:51.621+0000] {processor.py:208} INFO - Processing /opt/airflow/dags/weather_scrape_dag.py took 0.057 seconds
[2026-07-14T22:00:21.728+0000] {processor.py:186} INFO - Started process (PID=7975) to work on /opt/airflow/dags/weather_scrape_dag.py
[2026-07-14T22:00:21.728+0000] {processor.py:914} INFO - Processing file /opt/airflow/dags/weather_scrape_dag.py for tasks to queue
[2026-07-14T22:00:21.730+0000] {logging_mixin.py:190} INFO - [2026-07-14T22:00:21.730+0000] {dagbag.py:588} INFO - Filling up the DagBag from /opt/airflow/dags/weather_scrape_dag.py
[2026-07-14T22:00:21.737+0000] {processor.py:925} INFO - DAG(s) 'weather_scrape_and_load' retrieved from /opt/airflow/dags/weather_scrape_dag.py
[2026-07-14T22:00:21.754+0000] {logging_mixin.py:190} INFO - [2026-07-14T22:00:21.754+0000] {dag.py:3239} INFO - Sync 1 DAGs
[2026-07-14T22:00:21.768+0000] {logging_mixin.py:190} INFO - [2026-07-14T22:00:21.768+0000] {dag.py:4180} INFO - Setting next_dagrun for weather_scrape_and_load to 2026-07-14 22:00:00+00:00, run_after=2026-07-14 23:00:00+00:00
[2026-07-14T22:00:21.781+0000] {processor.py:208} INFO - Processing /opt/airflow/dags/weather_scrape_dag.py took 0.057 seconds
[2026-07-14T22:00:51.840+0000] {processor.py:186} INFO - Started process (PID=7980) to work on /opt/airflow/dags/weather_scrape_dag.py
[2026-07-14T22:00:51.848+0000] {processor.py:914} INFO - Processing file /opt/airflow/dags/weather_scrape_dag.py for tasks to queue
[2026-07-14T22:00:51.850+0000] {logging_mixin.py:190} INFO - [2026-07-14T22:00:51.850+0000] {dagbag.py:588} INFO - Filling up the DagBag from /opt/airflow/dags/weather_scrape_dag.py
[2026-07-14T22:00:51.861+0000] {processor.py:925} INFO - DAG(s) 'weather_scrape_and_load' retrieved from /opt/airflow/dags/weather_scrape_dag.py
[2026-07-14T22:00:51.880+0000] {logging_mixin.py:190} INFO - [2026-07-14T22:00:51.880+0000] {dag.py:3239} INFO - Sync 1 DAGs
[2026-07-14T22:00:51.898+0000] {logging_mixin.py:190} INFO - [2026-07-14T22:00:51.897+0000] {dag.py:4180} INFO - Setting next_dagrun for weather_scrape_and_load to 2026-07-14 22:00:00+00:00, run_after=2026-07-14 23:00:00+00:00
[2026-07-14T22:00:51.910+0000] {processor.py:208} INFO - Processing /opt/airflow/dags/weather_scrape_dag.py took 0.076 seconds
[2026-07-14T22:01:21.986+0000] {processor.py:186} INFO - Started process (PID=7985) to work on /opt/airflow/dags/weather_scrape_dag.py
[2026-07-14T22:01:21.986+0000] {processor.py:914} INFO - Processing file /opt/airflow/dags/weather_scrape_dag.py for tasks to queue
[2026-07-14T22:01:21.988+0000] {logging_mixin.py:190} INFO - [2026-07-14T22:01:21.988+0000] {dagbag.py:588} INFO - Filling up the DagBag from /opt/airflow/dags/weather_scrape_dag.py
[2026-07-14T22:01:21.998+0000] {processor.py:925} INFO - DAG(s) 'weather_scrape_and_load' retrieved from /opt/airflow/dags/weather_scrape_dag.py
[2026-07-14T22:01:22.015+0000] {logging_mixin.py:190} INFO - [2026-07-14T22:01:22.015+0000] {dag.py:3239} INFO - Sync 1 DAGs
[2026-07-14T22:01:22.031+0000] {logging_mixin.py:190} INFO - [2026-07-14T22:01:22.031+0000] {dag.py:4180} INFO - Setting next_dagrun for weather_scrape_and_load to 2026-07-14 22:00:00+00:00, run_after=2026-07-14 23:00:00+00:00
[2026-07-14T22:01:22.044+0000] {processor.py:208} INFO - Processing /opt/airflow/dags/weather_scrape_dag.py took 0.063 seconds
[2026-07-14T22:01:52.121+0000] {processor.py:186} INFO - Started process (PID=7990) to work on /opt/airflow/dags/weather_scrape_dag.py
[2026-07-14T22:01:52.129+0000] {processor.py:914} INFO - Processing file /opt/airflow/dags/weather_scrape_dag.py for tasks to queue
[2026-07-14T22:01:52.131+0000] {logging_mixin.py:190} INFO - [2026-07-14T22:01:52.130+0000] {dagbag.py:588} INFO - Filling up the DagBag from /opt/airflow/dags/weather_scrape_dag.py
[2026-07-14T22:01:52.138+0000] {processor.py:925} INFO - DAG(s) 'weather_scrape_and_load' retrieved from /opt/airflow/dags/weather_scrape_dag.py
[2026-07-14T22:01:52.155+0000] {logging_mixin.py:190} INFO - [2026-07-14T22:01:52.155+0000] {dag.py:3239} INFO - Sync 1 DAGs
[2026-07-14T22:01:52.170+0000] {logging_mixin.py:190} INFO - [2026-07-14T22:01:52.170+0000] {dag.py:4180} INFO - Setting next_dagrun for weather_scrape_and_load to 2026-07-14 22:00:00+00:00, run_after=2026-07-14 23:00:00+00:00
[2026-07-14T22:01:52.183+0000] {processor.py:208} INFO - Processing /opt/airflow/dags/weather_scrape_dag.py took 0.066 seconds
[2026-07-14T22:02:22.249+0000] {processor.py:186} INFO - Started process (PID=7995) to work on /opt/airflow/dags/weather_scrape_dag.py
[2026-07-14T22:02:22.250+0000] {processor.py:914} INFO - Processing file /opt/airflow/dags/weather_scrape_dag.py for tasks to queue
[2026-07-14T22:02:22.251+0000] {logging_mixin.py:190} INFO - [2026-07-14T22:02:22.251+0000] {dagbag.py:588} INFO - Filling up the DagBag from /opt/airflow/dags/weather_scrape_dag.py
[2026-07-14T22:02:22.259+0000] {processor.py:925} INFO - DAG(s) 'weather_scrape_and_load' retrieved from /opt/airflow/dags/weather_scrape_dag.py
[2026-07-14T22:02:22.275+0000] {logging_mixin.py:190} INFO - [2026-07-14T22:02:22.275+0000] {dag.py:3239} INFO - Sync 1 DAGs
[2026-07-14T22:02:22.289+0000] {logging_mixin.py:190} INFO - [2026-07-14T22:02:22.289+0000] {dag.py:4180} INFO - Setting next_dagrun for weather_scrape_and_load to 2026-07-14 22:00:00+00:00, run_after=2026-07-14 23:00:00+00:00
[2026-07-14T22:02:22.302+0000] {processor.py:208} INFO - Processing /opt/airflow/dags/weather_scrape_dag.py took 0.056 seconds
[2026-07-14T22:02:52.390+0000] {processor.py:186} INFO - Started process (PID=8000) to work on /opt/airflow/dags/weather_scrape_dag.py
[2026-07-14T22:02:52.398+0000] {processor.py:914} INFO - Processing file /opt/airflow/dags/weather_scrape_dag.py for tasks to queue
[2026-07-14T22:02:52.399+0000] {logging_mixin.py:190} INFO - [2026-07-14T22:02:52.399+0000] {dagbag.py:588} INFO - Filling up the DagBag from /opt/airflow/dags/weather_scrape_dag.py
[2026-07-14T22:02:52.406+0000] {processor.py:925} INFO - DAG(s) 'weather_scrape_and_load' retrieved from /opt/airflow/dags/weather_scrape_dag.py
[2026-07-14T22:02:52.437+0000] {logging_mixin.py:190} INFO - [2026-07-14T22:02:52.437+0000] {dag.py:3239} INFO - Sync 1 DAGs
[2026-07-14T22:02:52.453+0000] {logging_mixin.py:190} INFO - [2026-07-14T22:02:52.453+0000] {dag.py:4180} INFO - Setting next_dagrun for weather_scrape_and_load to 2026-07-14 22:00:00+00:00, run_after=2026-07-14 23:00:00+00:00
[2026-07-14T22:02:52.468+0000] {processor.py:208} INFO - Processing /opt/airflow/dags/weather_scrape_dag.py took 0.082 seconds
[2026-07-14T22:03:22.504+0000] {processor.py:186} INFO - Started process (PID=8005) to work on /opt/airflow/dags/weather_scrape_dag.py
[2026-07-14T22:03:22.505+0000] {processor.py:914} INFO - Processing file /opt/airflow/dags/weather_scrape_dag.py for tasks to queue
[2026-07-14T22:03:22.507+0000] {logging_mixin.py:190} INFO - [2026-07-14T22:03:22.506+0000] {dagbag.py:588} INFO - Filling up the DagBag from /opt/airflow/dags/weather_scrape_dag.py
[2026-07-14T22:03:22.514+0000] {processor.py:925} INFO - DAG(s) 'weather_scrape_and_load' retrieved from /opt/airflow/dags/weather_scrape_dag.py
[2026-07-14T22:03:22.530+0000] {logging_mixin.py:190} INFO - [2026-07-14T22:03:22.530+0000] {dag.py:3239} INFO - Sync 1 DAGs
[2026-07-14T22:03:22.545+0000] {logging_mixin.py:190} INFO - [2026-07-14T22:03:22.545+0000] {dag.py:4180} INFO - Setting next_dagrun for weather_scrape_and_load to 2026-07-14 22:00:00+00:00, run_after=2026-07-14 23:00:00+00:00
[2026-07-14T22:03:22.559+0000] {processor.py:208} INFO - Processing /opt/airflow/dags/weather_scrape_dag.py took 0.058 seconds
[2026-07-14T22:03:52.668+0000] {processor.py:186} INFO - Started process (PID=8010) to work on /opt/airflow/dags/weather_scrape_dag.py
[2026-07-14T22:03:52.668+0000] {processor.py:914} INFO - Processing file /opt/airflow/dags/weather_scrape_dag.py for tasks to queue
[2026-07-14T22:03:52.670+0000] {logging_mixin.py:190} INFO - [2026-07-14T22:03:52.669+0000] {dagbag.py:588} INFO - Filling up the DagBag from /opt/airflow/dags/weather_scrape_dag.py
[2026-07-14T22:03:52.678+0000] {processor.py:925} INFO - DAG(s) 'weather_scrape_and_load' retrieved from /opt/airflow/dags/weather_scrape_dag.py
[2026-07-14T22:03:52.701+0000] {logging_mixin.py:190} INFO - [2026-07-14T22:03:52.701+0000] {dag.py:3239} INFO - Sync 1 DAGs
[2026-07-14T22:03:52.719+0000] {logging_mixin.py:190} INFO - [2026-07-14T22:03:52.719+0000] {dag.py:4180} INFO - Setting next_dagrun for weather_scrape_and_load to 2026-07-14 22:00:00+00:00, run_after=2026-07-14 23:00:00+00:00
[2026-07-14T22:03:52.732+0000] {processor.py:208} INFO - Processing /opt/airflow/dags/weather_scrape_dag.py took 0.069 seconds
[2026-07-14T22:04:22.783+0000] {processor.py:186} INFO - Started process (PID=8015) to work on /opt/airflow/dags/weather_scrape_dag.py
[2026-07-14T22:04:22.784+0000] {processor.py:914} INFO - Processing file /opt/airflow/dags/weather_scrape_dag.py for tasks to queue
[2026-07-14T22:04:22.785+0000] {logging_mixin.py:190} INFO - [2026-07-14T22:04:22.785+0000] {dagbag.py:588} INFO - Filling up the DagBag from /opt/airflow/dags/weather_scrape_dag.py
[2026-07-14T22:04:22.792+0000] {processor.py:925} INFO - DAG(s) 'weather_scrape_and_load' retrieved from /opt/airflow/dags/weather_scrape_dag.py
[2026-07-14T22:04:22.808+0000] {logging_mixin.py:190} INFO - [2026-07-14T22:04:22.808+0000] {dag.py:3239} INFO - Sync 1 DAGs
[2026-07-14T22:04:22.825+0000] {logging_mixin.py:190} INFO - [2026-07-14T22:04:22.824+0000] {dag.py:4180} INFO - Setting next_dagrun for weather_scrape_and_load to 2026-07-14 22:00:00+00:00, run_after=2026-07-14 23:00:00+00:00
[2026-07-14T22:04:22.846+0000] {processor.py:208} INFO - Processing /opt/airflow/dags/weather_scrape_dag.py took 0.067 seconds
[2026-07-14T22:04:52.943+0000] {processor.py:186} INFO - Started process (PID=8020) to work on /opt/airflow/dags/weather_scrape_dag.py
[2026-07-14T22:04:52.943+0000] {processor.py:914} INFO - Processing file /opt/airflow/dags/weather_scrape_dag.py for tasks to queue
[2026-07-14T22:04:52.945+0000] {logging_mixin.py:190} INFO - [2026-07-14T22:04:52.945+0000] {dagbag.py:588} INFO - Filling up the DagBag from /opt/airflow/dags/weather_scrape_dag.py
[2026-07-14T22:04:52.952+0000] {processor.py:925} INFO - DAG(s) 'weather_scrape_and_load' retrieved from /opt/airflow/dags/weather_scrape_dag.py
[2026-07-14T22:04:52.968+0000] {logging_mixin.py:190} INFO - [2026-07-14T22:04:52.968+0000] {dag.py:3239} INFO - Sync 1 DAGs
[2026-07-14T22:04:52.983+0000] {logging_mixin.py:190} INFO - [2026-07-14T22:04:52.983+0000] {dag.py:4180} INFO - Setting next_dagrun for weather_scrape_and_load to 2026-07-14 22:00:00+00:00, run_after=2026-07-14 23:00:00+00:00
[2026-07-14T22:04:52.995+0000] {processor.py:208} INFO - Processing /opt/airflow/dags/weather_scrape_dag.py took 0.056 seconds
[2026-07-14T22:05:23.053+0000] {processor.py:186} INFO - Started process (PID=8037) to work on /opt/airflow/dags/weather_scrape_dag.py
[2026-07-14T22:05:23.054+0000] {processor.py:914} INFO - Processing file /opt/airflow/dags/weather_scrape_dag.py for tasks to queue
[2026-07-14T22:05:23.055+0000] {logging_mixin.py:190} INFO - [2026-07-14T22:05:23.055+0000] {dagbag.py:588} INFO - Filling up the DagBag from /opt/airflow/dags/weather_scrape_dag.py
[2026-07-14T22:05:23.062+0000] {processor.py:925} INFO - DAG(s) 'weather_scrape_and_load' retrieved from /opt/airflow/dags/weather_scrape_dag.py
[2026-07-14T22:05:23.080+0000] {logging_mixin.py:190} INFO - [2026-07-14T22:05:23.080+0000] {dag.py:3239} INFO - Sync 1 DAGs
[2026-07-14T22:05:23.095+0000] {logging_mixin.py:190} INFO - [2026-07-14T22:05:23.095+0000] {dag.py:4180} INFO - Setting next_dagrun for weather_scrape_and_load to 2026-07-14 22:00:00+00:00, run_after=2026-07-14 23:00:00+00:00
[2026-07-14T22:05:23.107+0000] {processor.py:208} INFO - Processing /opt/airflow/dags/weather_scrape_dag.py took 0.057 seconds
[2026-07-14T22:05:53.193+0000] {processor.py:186} INFO - Started process (PID=8042) to work on /opt/airflow/dags/weather_scrape_dag.py
[2026-07-14T22:05:53.193+0000] {processor.py:914} INFO - Processing file /opt/airflow/dags/weather_scrape_dag.py for tasks to queue
[2026-07-14T22:05:53.195+0000] {logging_mixin.py:190} INFO - [2026-07-14T22:05:53.195+0000] {dagbag.py:588} INFO - Filling up the DagBag from /opt/airflow/dags/weather_scrape_dag.py
[2026-07-14T22:05:53.202+0000] {processor.py:925} INFO - DAG(s) 'weather_scrape_and_load' retrieved from /opt/airflow/dags/weather_scrape_dag.py
[2026-07-14T22:05:53.218+0000] {logging_mixin.py:190} INFO - [2026-07-14T22:05:53.218+0000] {dag.py:3239} INFO - Sync 1 DAGs
[2026-07-14T22:05:53.232+0000] {logging_mixin.py:190} INFO - [2026-07-14T22:05:53.232+0000] {dag.py:4180} INFO - Setting next_dagrun for weather_scrape_and_load to 2026-07-14 22:00:00+00:00, run_after=2026-07-14 23:00:00+00:00
[2026-07-14T22:05:53.245+0000] {processor.py:208} INFO - Processing /opt/airflow/dags/weather_scrape_dag.py took 0.056 seconds
[2026-07-14T22:06:23.316+0000] {processor.py:186} INFO - Started process (PID=8047) to work on /opt/airflow/dags/weather_scrape_dag.py
[2026-07-14T22:06:23.316+0000] {processor.py:914} INFO - Processing file /opt/airflow/dags/weather_scrape_dag.py for tasks to queue
[2026-07-14T22:06:23.318+0000] {logging_mixin.py:190} INFO - [2026-07-14T22:06:23.318+0000] {dagbag.py:588} INFO - Filling up the DagBag from /opt/airflow/dags/weather_scrape_dag.py
[2026-07-14T22:06:23.325+0000] {processor.py:925} INFO - DAG(s) 'weather_scrape_and_load' retrieved from /opt/airflow/dags/weather_scrape_dag.py
[2026-07-14T22:06:23.342+0000] {logging_mixin.py:190} INFO - [2026-07-14T22:06:23.342+0000] {dag.py:3239} INFO - Sync 1 DAGs
[2026-07-14T22:06:23.357+0000] {logging_mixin.py:190} INFO - [2026-07-14T22:06:23.357+0000] {dag.py:4180} INFO - Setting next_dagrun for weather_scrape_and_load to 2026-07-14 22:00:00+00:00, run_after=2026-07-14 23:00:00+00:00
[2026-07-14T22:06:23.369+0000] {processor.py:208} INFO - Processing /opt/airflow/dags/weather_scrape_dag.py took 0.057 seconds
[2026-07-14T22:06:53.452+0000] {processor.py:186} INFO - Started process (PID=8052) to work on /opt/airflow/dags/weather_scrape_dag.py
[2026-07-14T22:06:53.453+0000] {processor.py:914} INFO - Processing file /opt/airflow/dags/weather_scrape_dag.py for tasks to queue
[2026-07-14T22:06:53.454+0000] {logging_mixin.py:190} INFO - [2026-07-14T22:06:53.454+0000] {dagbag.py:588} INFO - Filling up the DagBag from /opt/airflow/dags/weather_scrape_dag.py
[2026-07-14T22:06:53.462+0000] {processor.py:925} INFO - DAG(s) 'weather_scrape_and_load' retrieved from /opt/airflow/dags/weather_scrape_dag.py
[2026-07-14T22:06:53.478+0000] {logging_mixin.py:190} INFO - [2026-07-14T22:06:53.478+0000] {dag.py:3239} INFO - Sync 1 DAGs
[2026-07-14T22:06:53.494+0000] {logging_mixin.py:190} INFO - [2026-07-14T22:06:53.494+0000] {dag.py:4180} INFO - Setting next_dagrun for weather_scrape_and_load to 2026-07-14 22:00:00+00:00, run_after=2026-07-14 23:00:00+00:00
[2026-07-14T22:06:53.506+0000] {processor.py:208} INFO - Processing /opt/airflow/dags/weather_scrape_dag.py took 0.057 seconds
[2026-07-14T22:07:23.573+0000] {processor.py:186} INFO - Started process (PID=8057) to work on /opt/airflow/dags/weather_scrape_dag.py
[2026-07-14T22:07:23.573+0000] {processor.py:914} INFO - Processing file /opt/airflow/dags/weather_scrape_dag.py for tasks to queue
[2026-07-14T22:07:23.575+0000] {logging_mixin.py:190} INFO - [2026-07-14T22:07:23.575+0000] {dagbag.py:588} INFO - Filling up the DagBag from /opt/airflow/dags/weather_scrape_dag.py
[2026-07-14T22:07:23.583+0000] {processor.py:925} INFO - DAG(s) 'weather_scrape_and_load' retrieved from /opt/airflow/dags/weather_scrape_dag.py
[2026-07-14T22:07:23.600+0000] {logging_mixin.py:190} INFO - [2026-07-14T22:07:23.600+0000] {dag.py:3239} INFO - Sync 1 DAGs
[2026-07-14T22:07:23.619+0000] {logging_mixin.py:190} INFO - [2026-07-14T22:07:23.619+0000] {dag.py:4180} INFO - Setting next_dagrun for weather_scrape_and_load to 2026-07-14 22:00:00+00:00, run_after=2026-07-14 23:00:00+00:00
[2026-07-14T22:07:23.632+0000] {processor.py:208} INFO - Processing /opt/airflow/dags/weather_scrape_dag.py took 0.064 seconds
[2026-07-14T22:07:53.714+0000] {processor.py:186} INFO - Started process (PID=8062) to work on /opt/airflow/dags/weather_scrape_dag.py
[2026-07-14T22:07:53.714+0000] {processor.py:914} INFO - Processing file /opt/airflow/dags/weather_scrape_dag.py for tasks to queue
[2026-07-14T22:07:53.716+0000] {logging_mixin.py:190} INFO - [2026-07-14T22:07:53.715+0000] {dagbag.py:588} INFO - Filling up the DagBag from /opt/airflow/dags/weather_scrape_dag.py
[2026-07-14T22:07:53.723+0000] {processor.py:925} INFO - DAG(s) 'weather_scrape_and_load' retrieved from /opt/airflow/dags/weather_scrape_dag.py
[2026-07-14T22:07:53.739+0000] {logging_mixin.py:190} INFO - [2026-07-14T22:07:53.739+0000] {dag.py:3239} INFO - Sync 1 DAGs
[2026-07-14T22:07:53.755+0000] {logging_mixin.py:190} INFO - [2026-07-14T22:07:53.754+0000] {dag.py:4180} INFO - Setting next_dagrun for weather_scrape_and_load to 2026-07-14 22:00:00+00:00, run_after=2026-07-14 23:00:00+00:00
[2026-07-14T22:07:53.767+0000] {processor.py:208} INFO - Processing /opt/airflow/dags/weather_scrape_dag.py took 0.058 seconds
[2026-07-14T22:08:23.839+0000] {processor.py:186} INFO - Started process (PID=8067) to work on /opt/airflow/dags/weather_scrape_dag.py
[2026-07-14T22:08:23.840+0000] {processor.py:914} INFO - Processing file /opt/airflow/dags/weather_scrape_dag.py for tasks to queue
[2026-07-14T22:08:23.841+0000] {logging_mixin.py:190} INFO - [2026-07-14T22:08:23.841+0000] {dagbag.py:588} INFO - Filling up the DagBag from /opt/airflow/dags/weather_scrape_dag.py
[2026-07-14T22:08:23.848+0000] {processor.py:925} INFO - DAG(s) 'weather_scrape_and_load' retrieved from /opt/airflow/dags/weather_scrape_dag.py
[2026-07-14T22:08:23.865+0000] {logging_mixin.py:190} INFO - [2026-07-14T22:08:23.865+0000] {dag.py:3239} INFO - Sync 1 DAGs
[2026-07-14T22:08:23.880+0000] {logging_mixin.py:190} INFO - [2026-07-14T22:08:23.880+0000] {dag.py:4180} INFO - Setting next_dagrun for weather_scrape_and_load to 2026-07-14 22:00:00+00:00, run_after=2026-07-14 23:00:00+00:00
[2026-07-14T22:08:23.893+0000] {processor.py:208} INFO - Processing /opt/airflow/dags/weather_scrape_dag.py took 0.057 seconds
[2026-07-14T22:08:53.975+0000] {processor.py:186} INFO - Started process (PID=8072) to work on /opt/airflow/dags/weather_scrape_dag.py
[2026-07-14T22:08:53.976+0000] {processor.py:914} INFO - Processing file /opt/airflow/dags/weather_scrape_dag.py for tasks to queue
[2026-07-14T22:08:53.978+0000] {logging_mixin.py:190} INFO - [2026-07-14T22:08:53.977+0000] {dagbag.py:588} INFO - Filling up the DagBag from /opt/airflow/dags/weather_scrape_dag.py
[2026-07-14T22:08:53.985+0000] {processor.py:925} INFO - DAG(s) 'weather_scrape_and_load' retrieved from /opt/airflow/dags/weather_scrape_dag.py
[2026-07-14T22:08:54.001+0000] {logging_mixin.py:190} INFO - [2026-07-14T22:08:54.001+0000] {dag.py:3239} INFO - Sync 1 DAGs
[2026-07-14T22:08:54.017+0000] {logging_mixin.py:190} INFO - [2026-07-14T22:08:54.016+0000] {dag.py:4180} INFO - Setting next_dagrun for weather_scrape_and_load to 2026-07-14 22:00:00+00:00, run_after=2026-07-14 23:00:00+00:00
[2026-07-14T22:08:54.031+0000] {processor.py:208} INFO - Processing /opt/airflow/dags/weather_scrape_dag.py took 0.059 seconds
[2026-07-14T22:09:24.101+0000] {processor.py:186} INFO - Started process (PID=8077) to work on /opt/airflow/dags/weather_scrape_dag.py
[2026-07-14T22:09:24.102+0000] {processor.py:914} INFO - Processing file /opt/airflow/dags/weather_scrape_dag.py for tasks to queue
[2026-07-14T22:09:24.103+0000] {logging_mixin.py:190} INFO - [2026-07-14T22:09:24.103+0000] {dagbag.py:588} INFO - Filling up the DagBag from /opt/airflow/dags/weather_scrape_dag.py
[2026-07-14T22:09:24.110+0000] {processor.py:925} INFO - DAG(s) 'weather_scrape_and_load' retrieved from /opt/airflow/dags/weather_scrape_dag.py
[2026-07-14T22:09:24.127+0000] {logging_mixin.py:190} INFO - [2026-07-14T22:09:24.127+0000] {dag.py:3239} INFO - Sync 1 DAGs
[2026-07-14T22:09:24.143+0000] {logging_mixin.py:190} INFO - [2026-07-14T22:09:24.143+0000] {dag.py:4180} INFO - Setting next_dagrun for weather_scrape_and_load to 2026-07-14 22:00:00+00:00, run_after=2026-07-14 23:00:00+00:00
[2026-07-14T22:09:24.155+0000] {processor.py:208} INFO - Processing /opt/airflow/dags/weather_scrape_dag.py took 0.058 seconds
[2026-07-14T22:09:54.242+0000] {processor.py:186} INFO - Started process (PID=8082) to work on /opt/airflow/dags/weather_scrape_dag.py
[2026-07-14T22:09:54.250+0000] {processor.py:914} INFO - Processing file /opt/airflow/dags/weather_scrape_dag.py for tasks to queue
[2026-07-14T22:09:54.251+0000] {logging_mixin.py:190} INFO - [2026-07-14T22:09:54.251+0000] {dagbag.py:588} INFO - Filling up the DagBag from /opt/airflow/dags/weather_scrape_dag.py
[2026-07-14T22:09:54.259+0000] {processor.py:925} INFO - DAG(s) 'weather_scrape_and_load' retrieved from /opt/airflow/dags/weather_scrape_dag.py
[2026-07-14T22:09:54.275+0000] {logging_mixin.py:190} INFO - [2026-07-14T22:09:54.275+0000] {dag.py:3239} INFO - Sync 1 DAGs
[2026-07-14T22:09:54.290+0000] {logging_mixin.py:190} INFO - [2026-07-14T22:09:54.290+0000] {dag.py:4180} INFO - Setting next_dagrun for weather_scrape_and_load to 2026-07-14 22:00:00+00:00, run_after=2026-07-14 23:00:00+00:00
[2026-07-14T22:09:54.300+0000] {processor.py:208} INFO - Processing /opt/airflow/dags/weather_scrape_dag.py took 0.062 seconds
[2026-07-14T22:10:24.368+0000] {processor.py:186} INFO - Started process (PID=8099) to work on /opt/airflow/dags/weather_scrape_dag.py
[2026-07-14T22:10:24.369+0000] {processor.py:914} INFO - Processing file /opt/airflow/dags/weather_scrape_dag.py for tasks to queue
[2026-07-14T22:10:24.370+0000] {logging_mixin.py:190} INFO - [2026-07-14T22:10:24.370+0000] {dagbag.py:588} INFO - Filling up the DagBag from /opt/airflow/dags/weather_scrape_dag.py
[2026-07-14T22:10:24.378+0000] {processor.py:925} INFO - DAG(s) 'weather_scrape_and_load' retrieved from /opt/airflow/dags/weather_scrape_dag.py
[2026-07-14T22:10:24.394+0000] {logging_mixin.py:190} INFO - [2026-07-14T22:10:24.394+0000] {dag.py:3239} INFO - Sync 1 DAGs
[2026-07-14T22:10:24.409+0000] {logging_mixin.py:190} INFO - [2026-07-14T22:10:24.409+0000] {dag.py:4180} INFO - Setting next_dagrun for weather_scrape_and_load to 2026-07-14 22:00:00+00:00, run_after=2026-07-14 23:00:00+00:00
[2026-07-14T22:10:24.422+0000] {processor.py:208} INFO - Processing /opt/airflow/dags/weather_scrape_dag.py took 0.058 seconds
[2026-07-14T22:10:54.513+0000] {processor.py:186} INFO - Started process (PID=8104) to work on /opt/airflow/dags/weather_scrape_dag.py
[2026-07-14T22:10:54.521+0000] {processor.py:914} INFO - Processing file /opt/airflow/dags/weather_scrape_dag.py for tasks to queue
[2026-07-14T22:10:54.523+0000] {logging_mixin.py:190} INFO - [2026-07-14T22:10:54.522+0000] {dagbag.py:588} INFO - Filling up the DagBag from /opt/airflow/dags/weather_scrape_dag.py
[2026-07-14T22:10:54.531+0000] {processor.py:925} INFO - DAG(s) 'weather_scrape_and_load' retrieved from /opt/airflow/dags/weather_scrape_dag.py
[2026-07-14T22:10:54.551+0000] {logging_mixin.py:190} INFO - [2026-07-14T22:10:54.551+0000] {dag.py:3239} INFO - Sync 1 DAGs
[2026-07-14T22:10:54.568+0000] {logging_mixin.py:190} INFO - [2026-07-14T22:10:54.568+0000] {dag.py:4180} INFO - Setting next_dagrun for weather_scrape_and_load to 2026-07-14 22:00:00+00:00, run_after=2026-07-14 23:00:00+00:00
[2026-07-14T22:10:54.582+0000] {processor.py:208} INFO - Processing /opt/airflow/dags/weather_scrape_dag.py took 0.073 seconds
[2026-07-14T22:11:24.623+0000] {processor.py:186} INFO - Started process (PID=8109) to work on /opt/airflow/dags/weather_scrape_dag.py
[2026-07-14T22:11:24.623+0000] {processor.py:914} INFO - Processing file /opt/airflow/dags/weather_scrape_dag.py for tasks to queue
[2026-07-14T22:11:24.624+0000] {logging_mixin.py:190} INFO - [2026-07-14T22:11:24.624+0000] {dagbag.py:588} INFO - Filling up the DagBag from /opt/airflow/dags/weather_scrape_dag.py
[2026-07-14T22:11:24.632+0000] {processor.py:925} INFO - DAG(s) 'weather_scrape_and_load' retrieved from /opt/airflow/dags/weather_scrape_dag.py
[2026-07-14T22:11:24.653+0000] {logging_mixin.py:190} INFO - [2026-07-14T22:11:24.653+0000] {dag.py:3239} INFO - Sync 1 DAGs
[2026-07-14T22:11:24.673+0000] {logging_mixin.py:190} INFO - [2026-07-14T22:11:24.673+0000] {dag.py:4180} INFO - Setting next_dagrun for weather_scrape_and_load to 2026-07-14 22:00:00+00:00, run_after=2026-07-14 23:00:00+00:00
[2026-07-14T22:11:24.689+0000] {processor.py:208} INFO - Processing /opt/airflow/dags/weather_scrape_dag.py took 0.070 seconds
[2026-07-14T22:11:54.784+0000] {processor.py:186} INFO - Started process (PID=8114) to work on /opt/airflow/dags/weather_scrape_dag.py
[2026-07-14T22:11:54.792+0000] {processor.py:914} INFO - Processing file /opt/airflow/dags/weather_scrape_dag.py for tasks to queue
[2026-07-14T22:11:54.793+0000] {logging_mixin.py:190} INFO - [2026-07-14T22:11:54.793+0000] {dagbag.py:588} INFO - Filling up the DagBag from /opt/airflow/dags/weather_scrape_dag.py
[2026-07-14T22:11:54.800+0000] {processor.py:925} INFO - DAG(s) 'weather_scrape_and_load' retrieved from /opt/airflow/dags/weather_scrape_dag.py
[2026-07-14T22:11:54.817+0000] {logging_mixin.py:190} INFO - [2026-07-14T22:11:54.816+0000] {dag.py:3239} INFO - Sync 1 DAGs
[2026-07-14T22:11:54.831+0000] {logging_mixin.py:190} INFO - [2026-07-14T22:11:54.831+0000] {dag.py:4180} INFO - Setting next_dagrun for weather_scrape_and_load to 2026-07-14 22:00:00+00:00, run_after=2026-07-14 23:00:00+00:00
[2026-07-14T22:11:54.843+0000] {processor.py:208} INFO - Processing /opt/airflow/dags/weather_scrape_dag.py took 0.064 seconds
[2026-07-14T22:12:24.901+0000] {processor.py:186} INFO - Started process (PID=8119) to work on /opt/airflow/dags/weather_scrape_dag.py
[2026-07-14T22:12:24.901+0000] {processor.py:914} INFO - Processing file /opt/airflow/dags/weather_scrape_dag.py for tasks to queue
[2026-07-14T22:12:24.902+0000] {logging_mixin.py:190} INFO - [2026-07-14T22:12:24.902+0000] {dagbag.py:588} INFO - Filling up the DagBag from /opt/airflow/dags/weather_scrape_dag.py
[2026-07-14T22:12:24.909+0000] {processor.py:925} INFO - DAG(s) 'weather_scrape_and_load' retrieved from /opt/airflow/dags/weather_scrape_dag.py
[2026-07-14T22:12:24.926+0000] {logging_mixin.py:190} INFO - [2026-07-14T22:12:24.926+0000] {dag.py:3239} INFO - Sync 1 DAGs
[2026-07-14T22:12:24.941+0000] {logging_mixin.py:190} INFO - [2026-07-14T22:12:24.941+0000] {dag.py:4180} INFO - Setting next_dagrun for weather_scrape_and_load to 2026-07-14 22:00:00+00:00, run_after=2026-07-14 23:00:00+00:00
[2026-07-14T22:12:24.955+0000] {processor.py:208} INFO - Processing /opt/airflow/dags/weather_scrape_dag.py took 0.058 seconds
[2026-07-14T22:12:55.057+0000] {processor.py:186} INFO - Started process (PID=8124) to work on /opt/airflow/dags/weather_scrape_dag.py
[2026-07-14T22:12:55.065+0000] {processor.py:914} INFO - Processing file /opt/airflow/dags/weather_scrape_dag.py for tasks to queue
[2026-07-14T22:12:55.067+0000] {logging_mixin.py:190} INFO - [2026-07-14T22:12:55.067+0000] {dagbag.py:588} INFO - Filling up the DagBag from /opt/airflow/dags/weather_scrape_dag.py
[2026-07-14T22:12:55.073+0000] {processor.py:925} INFO - DAG(s) 'weather_scrape_and_load' retrieved from /opt/airflow/dags/weather_scrape_dag.py
[2026-07-14T22:12:55.089+0000] {logging_mixin.py:190} INFO - [2026-07-14T22:12:55.089+0000] {dag.py:3239} INFO - Sync 1 DAGs
[2026-07-14T22:12:55.104+0000] {logging_mixin.py:190} INFO - [2026-07-14T22:12:55.104+0000] {dag.py:4180} INFO - Setting next_dagrun for weather_scrape_and_load to 2026-07-14 22:00:00+00:00, run_after=2026-07-14 23:00:00+00:00
[2026-07-14T22:12:55.116+0000] {processor.py:208} INFO - Processing /opt/airflow/dags/weather_scrape_dag.py took 0.062 seconds
[2026-07-14T22:13:25.165+0000] {processor.py:186} INFO - Started process (PID=8129) to work on /opt/airflow/dags/weather_scrape_dag.py
[2026-07-14T22:13:25.166+0000] {processor.py:914} INFO - Processing file /opt/airflow/dags/weather_scrape_dag.py for tasks to queue
[2026-07-14T22:13:25.167+0000] {logging_mixin.py:190} INFO - [2026-07-14T22:13:25.167+0000] {dagbag.py:588} INFO - Filling up the DagBag from /opt/airflow/dags/weather_scrape_dag.py
[2026-07-14T22:13:25.174+0000] {processor.py:925} INFO - DAG(s) 'weather_scrape_and_load' retrieved from /opt/airflow/dags/weather_scrape_dag.py
[2026-07-14T22:13:25.190+0000] {logging_mixin.py:190} INFO - [2026-07-14T22:13:25.190+0000] {dag.py:3239} INFO - Sync 1 DAGs
[2026-07-14T22:13:25.205+0000] {logging_mixin.py:190} INFO - [2026-07-14T22:13:25.205+0000] {dag.py:4180} INFO - Setting next_dagrun for weather_scrape_and_load to 2026-07-14 22:00:00+00:00, run_after=2026-07-14 23:00:00+00:00
[2026-07-14T22:13:25.217+0000] {processor.py:208} INFO - Processing /opt/airflow/dags/weather_scrape_dag.py took 0.056 seconds
[2026-07-14T22:13:55.322+0000] {processor.py:186} INFO - Started process (PID=8134) to work on /opt/airflow/dags/weather_scrape_dag.py
[2026-07-14T22:13:55.330+0000] {processor.py:914} INFO - Processing file /opt/airflow/dags/weather_scrape_dag.py for tasks to queue
[2026-07-14T22:13:55.332+0000] {logging_mixin.py:190} INFO - [2026-07-14T22:13:55.331+0000] {dagbag.py:588} INFO - Filling up the DagBag from /opt/airflow/dags/weather_scrape_dag.py
[2026-07-14T22:13:55.339+0000] {processor.py:925} INFO - DAG(s) 'weather_scrape_and_load' retrieved from /opt/airflow/dags/weather_scrape_dag.py
[2026-07-14T22:13:55.358+0000] {logging_mixin.py:190} INFO - [2026-07-14T22:13:55.358+0000] {dag.py:3239} INFO - Sync 1 DAGs
[2026-07-14T22:13:55.374+0000] {logging_mixin.py:190} INFO - [2026-07-14T22:13:55.374+0000] {dag.py:4180} INFO - Setting next_dagrun for weather_scrape_and_load to 2026-07-14 22:00:00+00:00, run_after=2026-07-14 23:00:00+00:00
[2026-07-14T22:13:55.386+0000] {processor.py:208} INFO - Processing /opt/airflow/dags/weather_scrape_dag.py took 0.068 seconds
[2026-07-14T22:14:25.436+0000] {processor.py:186} INFO - Started process (PID=8139) to work on /opt/airflow/dags/weather_scrape_dag.py
[2026-07-14T22:14:25.436+0000] {processor.py:914} INFO - Processing file /opt/airflow/dags/weather_scrape_dag.py for tasks to queue
[2026-07-14T22:14:25.438+0000] {logging_mixin.py:190} INFO - [2026-07-14T22:14:25.438+0000] {dagbag.py:588} INFO - Filling up the DagBag from /opt/airflow/dags/weather_scrape_dag.py
[2026-07-14T22:14:25.445+0000] {processor.py:925} INFO - DAG(s) 'weather_scrape_and_load' retrieved from /opt/airflow/dags/weather_scrape_dag.py
[2026-07-14T22:14:25.462+0000] {logging_mixin.py:190} INFO - [2026-07-14T22:14:25.462+0000] {dag.py:3239} INFO - Sync 1 DAGs
[2026-07-14T22:14:25.478+0000] {logging_mixin.py:190} INFO - [2026-07-14T22:14:25.477+0000] {dag.py:4180} INFO - Setting next_dagrun for weather_scrape_and_load to 2026-07-14 22:00:00+00:00, run_after=2026-07-14 23:00:00+00:00
[2026-07-14T22:14:25.491+0000] {processor.py:208} INFO - Processing /opt/airflow/dags/weather_scrape_dag.py took 0.058 seconds
[2026-07-14T22:14:55.590+0000] {processor.py:186} INFO - Started process (PID=8144) to work on /opt/airflow/dags/weather_scrape_dag.py
[2026-07-14T22:14:55.598+0000] {processor.py:914} INFO - Processing file /opt/airflow/dags/weather_scrape_dag.py for tasks to queue
[2026-07-14T22:14:55.599+0000] {logging_mixin.py:190} INFO - [2026-07-14T22:14:55.599+0000] {dagbag.py:588} INFO - Filling up the DagBag from /opt/airflow/dags/weather_scrape_dag.py
[2026-07-14T22:14:55.606+0000] {processor.py:925} INFO - DAG(s) 'weather_scrape_and_load' retrieved from /opt/airflow/dags/weather_scrape_dag.py
[2026-07-14T22:14:55.622+0000] {logging_mixin.py:190} INFO - [2026-07-14T22:14:55.622+0000] {dag.py:3239} INFO - Sync 1 DAGs
[2026-07-14T22:14:55.638+0000] {logging_mixin.py:190} INFO - [2026-07-14T22:14:55.638+0000] {dag.py:4180} INFO - Setting next_dagrun for weather_scrape_and_load to 2026-07-14 22:00:00+00:00, run_after=2026-07-14 23:00:00+00:00
[2026-07-14T22:14:55.651+0000] {processor.py:208} INFO - Processing /opt/airflow/dags/weather_scrape_dag.py took 0.065 seconds
[2026-07-14T22:15:25.703+0000] {processor.py:186} INFO - Started process (PID=8149) to work on /opt/airflow/dags/weather_scrape_dag.py
[2026-07-14T22:15:25.704+0000] {processor.py:914} INFO - Processing file /opt/airflow/dags/weather_scrape_dag.py for tasks to queue
[2026-07-14T22:15:25.705+0000] {logging_mixin.py:190} INFO - [2026-07-14T22:15:25.705+0000] {dagbag.py:588} INFO - Filling up the DagBag from /opt/airflow/dags/weather_scrape_dag.py
[2026-07-14T22:15:25.713+0000] {processor.py:925} INFO - DAG(s) 'weather_scrape_and_load' retrieved from /opt/airflow/dags/weather_scrape_dag.py
[2026-07-14T22:15:25.730+0000] {logging_mixin.py:190} INFO - [2026-07-14T22:15:25.730+0000] {dag.py:3239} INFO - Sync 1 DAGs
[2026-07-14T22:15:25.747+0000] {logging_mixin.py:190} INFO - [2026-07-14T22:15:25.747+0000] {dag.py:4180} INFO - Setting next_dagrun for weather_scrape_and_load to 2026-07-14 22:00:00+00:00, run_after=2026-07-14 23:00:00+00:00
[2026-07-14T22:15:25.761+0000] {processor.py:208} INFO - Processing /opt/airflow/dags/weather_scrape_dag.py took 0.062 seconds
[2026-07-14T22:15:55.854+0000] {processor.py:186} INFO - Started process (PID=8154) to work on /opt/airflow/dags/weather_scrape_dag.py
[2026-07-14T22:15:55.855+0000] {processor.py:914} INFO - Processing file /opt/airflow/dags/weather_scrape_dag.py for tasks to queue
[2026-07-14T22:15:55.857+0000] {logging_mixin.py:190} INFO - [2026-07-14T22:15:55.856+0000] {dagbag.py:588} INFO - Filling up the DagBag from /opt/airflow/dags/weather_scrape_dag.py
[2026-07-14T22:15:55.864+0000] {processor.py:925} INFO - DAG(s) 'weather_scrape_and_load' retrieved from /opt/airflow/dags/weather_scrape_dag.py
[2026-07-14T22:15:55.881+0000] {logging_mixin.py:190} INFO - [2026-07-14T22:15:55.881+0000] {dag.py:3239} INFO - Sync 1 DAGs
[2026-07-14T22:15:55.896+0000] {logging_mixin.py:190} INFO - [2026-07-14T22:15:55.895+0000] {dag.py:4180} INFO - Setting next_dagrun for weather_scrape_and_load to 2026-07-14 22:00:00+00:00, run_after=2026-07-14 23:00:00+00:00
[2026-07-14T22:15:55.908+0000] {processor.py:208} INFO - Processing /opt/airflow/dags/weather_scrape_dag.py took 0.058 seconds
[2026-07-14T22:16:25.966+0000] {processor.py:186} INFO - Started process (PID=8159) to work on /opt/airflow/dags/weather_scrape_dag.py
[2026-07-14T22:16:25.966+0000] {processor.py:914} INFO - Processing file /opt/airflow/dags/weather_scrape_dag.py for tasks to queue
[2026-07-14T22:16:25.968+0000] {logging_mixin.py:190} INFO - [2026-07-14T22:16:25.968+0000] {dagbag.py:588} INFO - Filling up the DagBag from /opt/airflow/dags/weather_scrape_dag.py
[2026-07-14T22:16:25.975+0000] {processor.py:925} INFO - DAG(s) 'weather_scrape_and_load' retrieved from /opt/airflow/dags/weather_scrape_dag.py
[2026-07-14T22:16:25.993+0000] {logging_mixin.py:190} INFO - [2026-07-14T22:16:25.993+0000] {dag.py:3239} INFO - Sync 1 DAGs
[2026-07-14T22:16:26.009+0000] {logging_mixin.py:190} INFO - [2026-07-14T22:16:26.009+0000] {dag.py:4180} INFO - Setting next_dagrun for weather_scrape_and_load to 2026-07-14 22:00:00+00:00, run_after=2026-07-14 23:00:00+00:00
[2026-07-14T22:16:26.022+0000] {processor.py:208} INFO - Processing /opt/airflow/dags/weather_scrape_dag.py took 0.061 seconds
[2026-07-14T22:16:56.111+0000] {processor.py:186} INFO - Started process (PID=8164) to work on /opt/airflow/dags/weather_scrape_dag.py
[2026-07-14T22:16:56.119+0000] {processor.py:914} INFO - Processing file /opt/airflow/dags/weather_scrape_dag.py for tasks to queue
[2026-07-14T22:16:56.121+0000] {logging_mixin.py:190} INFO - [2026-07-14T22:16:56.120+0000] {dagbag.py:588} INFO - Filling up the DagBag from /opt/airflow/dags/weather_scrape_dag.py
[2026-07-14T22:16:56.128+0000] {processor.py:925} INFO - DAG(s) 'weather_scrape_and_load' retrieved from /opt/airflow/dags/weather_scrape_dag.py
[2026-07-14T22:16:56.144+0000] {logging_mixin.py:190} INFO - [2026-07-14T22:16:56.144+0000] {dag.py:3239} INFO - Sync 1 DAGs
[2026-07-14T22:16:56.159+0000] {logging_mixin.py:190} INFO - [2026-07-14T22:16:56.158+0000] {dag.py:4180} INFO - Setting next_dagrun for weather_scrape_and_load to 2026-07-14 22:00:00+00:00, run_after=2026-07-14 23:00:00+00:00
[2026-07-14T22:16:56.171+0000] {processor.py:208} INFO - Processing /opt/airflow/dags/weather_scrape_dag.py took 0.064 seconds
[2026-07-14T22:17:26.230+0000] {processor.py:186} INFO - Started process (PID=8169) to work on /opt/airflow/dags/weather_scrape_dag.py
[2026-07-14T22:17:26.230+0000] {processor.py:914} INFO - Processing file /opt/airflow/dags/weather_scrape_dag.py for tasks to queue
[2026-07-14T22:17:26.232+0000] {logging_mixin.py:190} INFO - [2026-07-14T22:17:26.232+0000] {dagbag.py:588} INFO - Filling up the DagBag from /opt/airflow/dags/weather_scrape_dag.py
[2026-07-14T22:17:26.243+0000] {processor.py:925} INFO - DAG(s) 'weather_scrape_and_load' retrieved from /opt/airflow/dags/weather_scrape_dag.py
[2026-07-14T22:17:26.267+0000] {logging_mixin.py:190} INFO - [2026-07-14T22:17:26.267+0000] {dag.py:3239} INFO - Sync 1 DAGs
[2026-07-14T22:17:26.287+0000] {logging_mixin.py:190} INFO - [2026-07-14T22:17:26.287+0000] {dag.py:4180} INFO - Setting next_dagrun for weather_scrape_and_load to 2026-07-14 22:00:00+00:00, run_after=2026-07-14 23:00:00+00:00
[2026-07-14T22:17:26.302+0000] {processor.py:208} INFO - Processing /opt/airflow/dags/weather_scrape_dag.py took 0.078 seconds
[2026-07-14T22:17:56.382+0000] {processor.py:186} INFO - Started process (PID=8174) to work on /opt/airflow/dags/weather_scrape_dag.py
[2026-07-14T22:17:56.382+0000] {processor.py:914} INFO - Processing file /opt/airflow/dags/weather_scrape_dag.py for tasks to queue
[2026-07-14T22:17:56.383+0000] {logging_mixin.py:190} INFO - [2026-07-14T22:17:56.383+0000] {dagbag.py:588} INFO - Filling up the DagBag from /opt/airflow/dags/weather_scrape_dag.py
[2026-07-14T22:17:56.391+0000] {processor.py:925} INFO - DAG(s) 'weather_scrape_and_load' retrieved from /opt/airflow/dags/weather_scrape_dag.py
[2026-07-14T22:17:56.407+0000] {logging_mixin.py:190} INFO - [2026-07-14T22:17:56.407+0000] {dag.py:3239} INFO - Sync 1 DAGs
[2026-07-14T22:17:56.423+0000] {logging_mixin.py:190} INFO - [2026-07-14T22:17:56.423+0000] {dag.py:4180} INFO - Setting next_dagrun for weather_scrape_and_load to 2026-07-14 22:00:00+00:00, run_after=2026-07-14 23:00:00+00:00
[2026-07-14T22:17:56.435+0000] {processor.py:208} INFO - Processing /opt/airflow/dags/weather_scrape_dag.py took 0.057 seconds
[2026-07-14T22:18:26.510+0000] {processor.py:186} INFO - Started process (PID=8179) to work on /opt/airflow/dags/weather_scrape_dag.py
[2026-07-14T22:18:26.518+0000] {processor.py:914} INFO - Processing file /opt/airflow/dags/weather_scrape_dag.py for tasks to queue
[2026-07-14T22:18:26.520+0000] {logging_mixin.py:190} INFO - [2026-07-14T22:18:26.520+0000] {dagbag.py:588} INFO - Filling up the DagBag from /opt/airflow/dags/weather_scrape_dag.py
[2026-07-14T22:18:26.527+0000] {processor.py:925} INFO - DAG(s) 'weather_scrape_and_load' retrieved from /opt/airflow/dags/weather_scrape_dag.py
[2026-07-14T22:18:26.544+0000] {logging_mixin.py:190} INFO - [2026-07-14T22:18:26.544+0000] {dag.py:3239} INFO - Sync 1 DAGs
[2026-07-14T22:18:26.559+0000] {logging_mixin.py:190} INFO - [2026-07-14T22:18:26.559+0000] {dag.py:4180} INFO - Setting next_dagrun for weather_scrape_and_load to 2026-07-14 22:00:00+00:00, run_after=2026-07-14 23:00:00+00:00
[2026-07-14T22:18:26.571+0000] {processor.py:208} INFO - Processing /opt/airflow/dags/weather_scrape_dag.py took 0.065 seconds
[2026-07-14T22:18:56.637+0000] {processor.py:186} INFO - Started process (PID=8184) to work on /opt/airflow/dags/weather_scrape_dag.py
[2026-07-14T22:18:56.638+0000] {processor.py:914} INFO - Processing file /opt/airflow/dags/weather_scrape_dag.py for tasks to queue
[2026-07-14T22:18:56.640+0000] {logging_mixin.py:190} INFO - [2026-07-14T22:18:56.639+0000] {dagbag.py:588} INFO - Filling up the DagBag from /opt/airflow/dags/weather_scrape_dag.py
[2026-07-14T22:18:56.648+0000] {processor.py:925} INFO - DAG(s) 'weather_scrape_and_load' retrieved from /opt/airflow/dags/weather_scrape_dag.py
[2026-07-14T22:18:56.666+0000] {logging_mixin.py:190} INFO - [2026-07-14T22:18:56.666+0000] {dag.py:3239} INFO - Sync 1 DAGs
[2026-07-14T22:18:56.688+0000] {logging_mixin.py:190} INFO - [2026-07-14T22:18:56.688+0000] {dag.py:4180} INFO - Setting next_dagrun for weather_scrape_and_load to 2026-07-14 22:00:00+00:00, run_after=2026-07-14 23:00:00+00:00
[2026-07-14T22:18:56.706+0000] {processor.py:208} INFO - Processing /opt/airflow/dags/weather_scrape_dag.py took 0.073 seconds
[2026-07-14T22:19:26.778+0000] {processor.py:186} INFO - Started process (PID=8189) to work on /opt/airflow/dags/weather_scrape_dag.py
[2026-07-14T22:19:26.782+0000] {processor.py:914} INFO - Processing file /opt/airflow/dags/weather_scrape_dag.py for tasks to queue
[2026-07-14T22:19:26.784+0000] {logging_mixin.py:190} INFO - [2026-07-14T22:19:26.784+0000] {dagbag.py:588} INFO - Filling up the DagBag from /opt/airflow/dags/weather_scrape_dag.py
[2026-07-14T22:19:26.791+0000] {processor.py:925} INFO - DAG(s) 'weather_scrape_and_load' retrieved from /opt/airflow/dags/weather_scrape_dag.py
[2026-07-14T22:19:26.807+0000] {logging_mixin.py:190} INFO - [2026-07-14T22:19:26.807+0000] {dag.py:3239} INFO - Sync 1 DAGs
[2026-07-14T22:19:26.822+0000] {logging_mixin.py:190} INFO - [2026-07-14T22:19:26.822+0000] {dag.py:4180} INFO - Setting next_dagrun for weather_scrape_and_load to 2026-07-14 22:00:00+00:00, run_after=2026-07-14 23:00:00+00:00
[2026-07-14T22:19:26.834+0000] {processor.py:208} INFO - Processing /opt/airflow/dags/weather_scrape_dag.py took 0.060 seconds
[2026-07-14T22:19:56.919+0000] {processor.py:186} INFO - Started process (PID=8194) to work on /opt/airflow/dags/weather_scrape_dag.py
[2026-07-14T22:19:56.920+0000] {processor.py:914} INFO - Processing file /opt/airflow/dags/weather_scrape_dag.py for tasks to queue
[2026-07-14T22:19:56.921+0000] {logging_mixin.py:190} INFO - [2026-07-14T22:19:56.921+0000] {dagbag.py:588} INFO - Filling up the DagBag from /opt/airflow/dags/weather_scrape_dag.py
[2026-07-14T22:19:56.928+0000] {processor.py:925} INFO - DAG(s) 'weather_scrape_and_load' retrieved from /opt/airflow/dags/weather_scrape_dag.py
[2026-07-14T22:19:56.944+0000] {logging_mixin.py:190} INFO - [2026-07-14T22:19:56.944+0000] {dag.py:3239} INFO - Sync 1 DAGs
[2026-07-14T22:19:56.958+0000] {logging_mixin.py:190} INFO - [2026-07-14T22:19:56.958+0000] {dag.py:4180} INFO - Setting next_dagrun for weather_scrape_and_load to 2026-07-14 22:00:00+00:00, run_after=2026-07-14 23:00:00+00:00
[2026-07-14T22:19:56.971+0000] {processor.py:208} INFO - Processing /opt/airflow/dags/weather_scrape_dag.py took 0.056 seconds
[2026-07-14T22:20:27.035+0000] {processor.py:186} INFO - Started process (PID=8199) to work on /opt/airflow/dags/weather_scrape_dag.py
[2026-07-14T22:20:27.043+0000] {processor.py:914} INFO - Processing file /opt/airflow/dags/weather_scrape_dag.py for tasks to queue
[2026-07-14T22:20:27.044+0000] {logging_mixin.py:190} INFO - [2026-07-14T22:20:27.044+0000] {dagbag.py:588} INFO - Filling up the DagBag from /opt/airflow/dags/weather_scrape_dag.py
[2026-07-14T22:20:27.051+0000] {processor.py:925} INFO - DAG(s) 'weather_scrape_and_load' retrieved from /opt/airflow/dags/weather_scrape_dag.py
[2026-07-14T22:20:27.068+0000] {logging_mixin.py:190} INFO - [2026-07-14T22:20:27.068+0000] {dag.py:3239} INFO - Sync 1 DAGs
[2026-07-14T22:20:27.082+0000] {logging_mixin.py:190} INFO - [2026-07-14T22:20:27.082+0000] {dag.py:4180} INFO - Setting next_dagrun for weather_scrape_and_load to 2026-07-14 22:00:00+00:00, run_after=2026-07-14 23:00:00+00:00
[2026-07-14T22:20:27.094+0000] {processor.py:208} INFO - Processing /opt/airflow/dags/weather_scrape_dag.py took 0.063 seconds
[2026-07-14T22:20:57.181+0000] {processor.py:186} INFO - Started process (PID=8204) to work on /opt/airflow/dags/weather_scrape_dag.py
[2026-07-14T22:20:57.181+0000] {processor.py:914} INFO - Processing file /opt/airflow/dags/weather_scrape_dag.py for tasks to queue
[2026-07-14T22:20:57.182+0000] {logging_mixin.py:190} INFO - [2026-07-14T22:20:57.182+0000] {dagbag.py:588} INFO - Filling up the DagBag from /opt/airflow/dags/weather_scrape_dag.py
[2026-07-14T22:20:57.190+0000] {processor.py:925} INFO - DAG(s) 'weather_scrape_and_load' retrieved from /opt/airflow/dags/weather_scrape_dag.py
[2026-07-14T22:20:57.206+0000] {logging_mixin.py:190} INFO - [2026-07-14T22:20:57.205+0000] {dag.py:3239} INFO - Sync 1 DAGs
[2026-07-14T22:20:57.221+0000] {logging_mixin.py:190} INFO - [2026-07-14T22:20:57.221+0000] {dag.py:4180} INFO - Setting next_dagrun for weather_scrape_and_load to 2026-07-14 22:00:00+00:00, run_after=2026-07-14 23:00:00+00:00
[2026-07-14T22:20:57.235+0000] {processor.py:208} INFO - Processing /opt/airflow/dags/weather_scrape_dag.py took 0.058 seconds
[2026-07-14T22:21:27.303+0000] {processor.py:186} INFO - Started process (PID=8209) to work on /opt/airflow/dags/weather_scrape_dag.py
[2026-07-14T22:21:27.303+0000] {processor.py:914} INFO - Processing file /opt/airflow/dags/weather_scrape_dag.py for tasks to queue
[2026-07-14T22:21:27.304+0000] {logging_mixin.py:190} INFO - [2026-07-14T22:21:27.304+0000] {dagbag.py:588} INFO - Filling up the DagBag from /opt/airflow/dags/weather_scrape_dag.py
[2026-07-14T22:21:27.312+0000] {processor.py:925} INFO - DAG(s) 'weather_scrape_and_load' retrieved from /opt/airflow/dags/weather_scrape_dag.py
[2026-07-14T22:21:27.327+0000] {logging_mixin.py:190} INFO - [2026-07-14T22:21:27.327+0000] {dag.py:3239} INFO - Sync 1 DAGs
[2026-07-14T22:21:27.342+0000] {logging_mixin.py:190} INFO - [2026-07-14T22:21:27.342+0000] {dag.py:4180} INFO - Setting next_dagrun for weather_scrape_and_load to 2026-07-14 22:00:00+00:00, run_after=2026-07-14 23:00:00+00:00
[2026-07-14T22:21:27.355+0000] {processor.py:208} INFO - Processing /opt/airflow/dags/weather_scrape_dag.py took 0.056 seconds
[2026-07-14T22:21:57.448+0000] {processor.py:186} INFO - Started process (PID=8214) to work on /opt/airflow/dags/weather_scrape_dag.py
[2026-07-14T22:21:57.448+0000] {processor.py:914} INFO - Processing file /opt/airflow/dags/weather_scrape_dag.py for tasks to queue
[2026-07-14T22:21:57.450+0000] {logging_mixin.py:190} INFO - [2026-07-14T22:21:57.449+0000] {dagbag.py:588} INFO - Filling up the DagBag from /opt/airflow/dags/weather_scrape_dag.py
[2026-07-14T22:21:57.457+0000] {processor.py:925} INFO - DAG(s) 'weather_scrape_and_load' retrieved from /opt/airflow/dags/weather_scrape_dag.py
[2026-07-14T22:21:57.474+0000] {logging_mixin.py:190} INFO - [2026-07-14T22:21:57.473+0000] {dag.py:3239} INFO - Sync 1 DAGs
[2026-07-14T22:21:57.489+0000] {logging_mixin.py:190} INFO - [2026-07-14T22:21:57.489+0000] {dag.py:4180} INFO - Setting next_dagrun for weather_scrape_and_load to 2026-07-14 22:00:00+00:00, run_after=2026-07-14 23:00:00+00:00
[2026-07-14T22:21:57.502+0000] {processor.py:208} INFO - Processing /opt/airflow/dags/weather_scrape_dag.py took 0.058 seconds
[2026-07-14T22:22:27.560+0000] {processor.py:186} INFO - Started process (PID=8219) to work on /opt/airflow/dags/weather_scrape_dag.py
[2026-07-14T22:22:27.568+0000] {processor.py:914} INFO - Processing file /opt/airflow/dags/weather_scrape_dag.py for tasks to queue
[2026-07-14T22:22:27.570+0000] {logging_mixin.py:190} INFO - [2026-07-14T22:22:27.570+0000] {dagbag.py:588} INFO - Filling up the DagBag from /opt/airflow/dags/weather_scrape_dag.py
[2026-07-14T22:22:27.578+0000] {processor.py:925} INFO - DAG(s) 'weather_scrape_and_load' retrieved from /opt/airflow/dags/weather_scrape_dag.py
[2026-07-14T22:22:27.598+0000] {logging_mixin.py:190} INFO - [2026-07-14T22:22:27.598+0000] {dag.py:3239} INFO - Sync 1 DAGs
[2026-07-14T22:22:27.616+0000] {logging_mixin.py:190} INFO - [2026-07-14T22:22:27.616+0000] {dag.py:4180} INFO - Setting next_dagrun for weather_scrape_and_load to 2026-07-14 22:00:00+00:00, run_after=2026-07-14 23:00:00+00:00
[2026-07-14T22:22:27.630+0000] {processor.py:208} INFO - Processing /opt/airflow/dags/weather_scrape_dag.py took 0.074 seconds
[2026-07-14T22:22:57.707+0000] {processor.py:186} INFO - Started process (PID=8224) to work on /opt/airflow/dags/weather_scrape_dag.py
[2026-07-14T22:22:57.708+0000] {processor.py:914} INFO - Processing file /opt/airflow/dags/weather_scrape_dag.py for tasks to queue
[2026-07-14T22:22:57.710+0000] {logging_mixin.py:190} INFO - [2026-07-14T22:22:57.709+0000] {dagbag.py:588} INFO - Filling up the DagBag from /opt/airflow/dags/weather_scrape_dag.py
[2026-07-14T22:22:57.717+0000] {processor.py:925} INFO - DAG(s) 'weather_scrape_and_load' retrieved from /opt/airflow/dags/weather_scrape_dag.py
[2026-07-14T22:22:57.733+0000] {logging_mixin.py:190} INFO - [2026-07-14T22:22:57.733+0000] {dag.py:3239} INFO - Sync 1 DAGs
[2026-07-14T22:22:57.747+0000] {logging_mixin.py:190} INFO - [2026-07-14T22:22:57.747+0000] {dag.py:4180} INFO - Setting next_dagrun for weather_scrape_and_load to 2026-07-14 22:00:00+00:00, run_after=2026-07-14 23:00:00+00:00
[2026-07-14T22:22:57.761+0000] {processor.py:208} INFO - Processing /opt/airflow/dags/weather_scrape_dag.py took 0.057 seconds
[2026-07-14T22:23:27.843+0000] {processor.py:186} INFO - Started process (PID=8229) to work on /opt/airflow/dags/weather_scrape_dag.py
[2026-07-14T22:23:27.843+0000] {processor.py:914} INFO - Processing file /opt/airflow/dags/weather_scrape_dag.py for tasks to queue
[2026-07-14T22:23:27.845+0000] {logging_mixin.py:190} INFO - [2026-07-14T22:23:27.845+0000] {dagbag.py:588} INFO - Filling up the DagBag from /opt/airflow/dags/weather_scrape_dag.py
[2026-07-14T22:23:27.852+0000] {processor.py:925} INFO - DAG(s) 'weather_scrape_and_load' retrieved from /opt/airflow/dags/weather_scrape_dag.py
[2026-07-14T22:23:27.869+0000] {logging_mixin.py:190} INFO - [2026-07-14T22:23:27.869+0000] {dag.py:3239} INFO - Sync 1 DAGs
[2026-07-14T22:23:27.884+0000] {logging_mixin.py:190} INFO - [2026-07-14T22:23:27.884+0000] {dag.py:4180} INFO - Setting next_dagrun for weather_scrape_and_load to 2026-07-14 22:00:00+00:00, run_after=2026-07-14 23:00:00+00:00
[2026-07-14T22:23:27.896+0000] {processor.py:208} INFO - Processing /opt/airflow/dags/weather_scrape_dag.py took 0.057 seconds
[2026-07-14T22:23:57.968+0000] {processor.py:186} INFO - Started process (PID=8234) to work on /opt/airflow/dags/weather_scrape_dag.py
[2026-07-14T22:23:57.968+0000] {processor.py:914} INFO - Processing file /opt/airflow/dags/weather_scrape_dag.py for tasks to queue
[2026-07-14T22:23:57.969+0000] {logging_mixin.py:190} INFO - [2026-07-14T22:23:57.969+0000] {dagbag.py:588} INFO - Filling up the DagBag from /opt/airflow/dags/weather_scrape_dag.py
[2026-07-14T22:23:57.977+0000] {processor.py:925} INFO - DAG(s) 'weather_scrape_and_load' retrieved from /opt/airflow/dags/weather_scrape_dag.py
[2026-07-14T22:23:58.002+0000] {logging_mixin.py:190} INFO - [2026-07-14T22:23:58.002+0000] {dag.py:3239} INFO - Sync 1 DAGs
[2026-07-14T22:23:58.028+0000] {logging_mixin.py:190} INFO - [2026-07-14T22:23:58.028+0000] {dag.py:4180} INFO - Setting next_dagrun for weather_scrape_and_load to 2026-07-14 22:00:00+00:00, run_after=2026-07-14 23:00:00+00:00
[2026-07-14T22:23:58.047+0000] {processor.py:208} INFO - Processing /opt/airflow/dags/weather_scrape_dag.py took 0.084 seconds
[2026-07-14T22:24:28.101+0000] {processor.py:186} INFO - Started process (PID=8239) to work on /opt/airflow/dags/weather_scrape_dag.py
[2026-07-14T22:24:28.102+0000] {processor.py:914} INFO - Processing file /opt/airflow/dags/weather_scrape_dag.py for tasks to queue
[2026-07-14T22:24:28.103+0000] {logging_mixin.py:190} INFO - [2026-07-14T22:24:28.103+0000] {dagbag.py:588} INFO - Filling up the DagBag from /opt/airflow/dags/weather_scrape_dag.py
[2026-07-14T22:24:28.110+0000] {processor.py:925} INFO - DAG(s) 'weather_scrape_and_load' retrieved from /opt/airflow/dags/weather_scrape_dag.py
[2026-07-14T22:24:28.127+0000] {logging_mixin.py:190} INFO - [2026-07-14T22:24:28.127+0000] {dag.py:3239} INFO - Sync 1 DAGs
[2026-07-14T22:24:28.142+0000] {logging_mixin.py:190} INFO - [2026-07-14T22:24:28.142+0000] {dag.py:4180} INFO - Setting next_dagrun for weather_scrape_and_load to 2026-07-14 22:00:00+00:00, run_after=2026-07-14 23:00:00+00:00
[2026-07-14T22:24:28.155+0000] {processor.py:208} INFO - Processing /opt/airflow/dags/weather_scrape_dag.py took 0.058 seconds
[2026-07-14T22:24:58.256+0000] {processor.py:186} INFO - Started process (PID=8244) to work on /opt/airflow/dags/weather_scrape_dag.py
[2026-07-14T22:24:58.256+0000] {processor.py:914} INFO - Processing file /opt/airflow/dags/weather_scrape_dag.py for tasks to queue
[2026-07-14T22:24:58.258+0000] {logging_mixin.py:190} INFO - [2026-07-14T22:24:58.257+0000] {dagbag.py:588} INFO - Filling up the DagBag from /opt/airflow/dags/weather_scrape_dag.py
[2026-07-14T22:24:58.265+0000] {processor.py:925} INFO - DAG(s) 'weather_scrape_and_load' retrieved from /opt/airflow/dags/weather_scrape_dag.py
[2026-07-14T22:24:58.281+0000] {logging_mixin.py:190} INFO - [2026-07-14T22:24:58.281+0000] {dag.py:3239} INFO - Sync 1 DAGs
[2026-07-14T22:24:58.297+0000] {logging_mixin.py:190} INFO - [2026-07-14T22:24:58.297+0000] {dag.py:4180} INFO - Setting next_dagrun for weather_scrape_and_load to 2026-07-14 22:00:00+00:00, run_after=2026-07-14 23:00:00+00:00
[2026-07-14T22:24:58.309+0000] {processor.py:208} INFO - Processing /opt/airflow/dags/weather_scrape_dag.py took 0.058 seconds
[2026-07-14T22:25:28.377+0000] {processor.py:186} INFO - Started process (PID=8249) to work on /opt/airflow/dags/weather_scrape_dag.py
[2026-07-14T22:25:28.377+0000] {processor.py:914} INFO - Processing file /opt/airflow/dags/weather_scrape_dag.py for tasks to queue
[2026-07-14T22:25:28.379+0000] {logging_mixin.py:190} INFO - [2026-07-14T22:25:28.379+0000] {dagbag.py:588} INFO - Filling up the DagBag from /opt/airflow/dags/weather_scrape_dag.py
[2026-07-14T22:25:28.386+0000] {processor.py:925} INFO - DAG(s) 'weather_scrape_and_load' retrieved from /opt/airflow/dags/weather_scrape_dag.py
[2026-07-14T22:25:28.403+0000] {logging_mixin.py:190} INFO - [2026-07-14T22:25:28.402+0000] {dag.py:3239} INFO - Sync 1 DAGs
[2026-07-14T22:25:28.417+0000] {logging_mixin.py:190} INFO - [2026-07-14T22:25:28.417+0000] {dag.py:4180} INFO - Setting next_dagrun for weather_scrape_and_load to 2026-07-14 22:00:00+00:00, run_after=2026-07-14 23:00:00+00:00
[2026-07-14T22:25:28.429+0000] {processor.py:208} INFO - Processing /opt/airflow/dags/weather_scrape_dag.py took 0.056 seconds
[2026-07-14T22:25:58.517+0000] {processor.py:186} INFO - Started process (PID=8254) to work on /opt/airflow/dags/weather_scrape_dag.py
[2026-07-14T22:25:58.517+0000] {processor.py:914} INFO - Processing file /opt/airflow/dags/weather_scrape_dag.py for tasks to queue
[2026-07-14T22:25:58.519+0000] {logging_mixin.py:190} INFO - [2026-07-14T22:25:58.518+0000] {dagbag.py:588} INFO - Filling up the DagBag from /opt/airflow/dags/weather_scrape_dag.py
[2026-07-14T22:25:58.526+0000] {processor.py:925} INFO - DAG(s) 'weather_scrape_and_load' retrieved from /opt/airflow/dags/weather_scrape_dag.py
[2026-07-14T22:25:58.542+0000] {logging_mixin.py:190} INFO - [2026-07-14T22:25:58.542+0000] {dag.py:3239} INFO - Sync 1 DAGs
[2026-07-14T22:25:58.556+0000] {logging_mixin.py:190} INFO - [2026-07-14T22:25:58.556+0000] {dag.py:4180} INFO - Setting next_dagrun for weather_scrape_and_load to 2026-07-14 22:00:00+00:00, run_after=2026-07-14 23:00:00+00:00
[2026-07-14T22:25:58.570+0000] {processor.py:208} INFO - Processing /opt/airflow/dags/weather_scrape_dag.py took 0.057 seconds
[2026-07-14T22:26:28.633+0000] {processor.py:186} INFO - Started process (PID=8259) to work on /opt/airflow/dags/weather_scrape_dag.py
[2026-07-14T22:26:28.641+0000] {processor.py:914} INFO - Processing file /opt/airflow/dags/weather_scrape_dag.py for tasks to queue
[2026-07-14T22:26:28.644+0000] {logging_mixin.py:190} INFO - [2026-07-14T22:26:28.643+0000] {dagbag.py:588} INFO - Filling up the DagBag from /opt/airflow/dags/weather_scrape_dag.py
[2026-07-14T22:26:28.652+0000] {processor.py:925} INFO - DAG(s) 'weather_scrape_and_load' retrieved from /opt/airflow/dags/weather_scrape_dag.py
[2026-07-14T22:26:28.669+0000] {logging_mixin.py:190} INFO - [2026-07-14T22:26:28.669+0000] {dag.py:3239} INFO - Sync 1 DAGs
[2026-07-14T22:26:28.685+0000] {logging_mixin.py:190} INFO - [2026-07-14T22:26:28.685+0000] {dag.py:4180} INFO - Setting next_dagrun for weather_scrape_and_load to 2026-07-14 22:00:00+00:00, run_after=2026-07-14 23:00:00+00:00
[2026-07-14T22:26:28.698+0000] {processor.py:208} INFO - Processing /opt/airflow/dags/weather_scrape_dag.py took 0.068 seconds
[2026-07-14T22:26:58.772+0000] {processor.py:186} INFO - Started process (PID=8264) to work on /opt/airflow/dags/weather_scrape_dag.py
[2026-07-14T22:26:58.773+0000] {processor.py:914} INFO - Processing file /opt/airflow/dags/weather_scrape_dag.py for tasks to queue
[2026-07-14T22:26:58.774+0000] {logging_mixin.py:190} INFO - [2026-07-14T22:26:58.774+0000] {dagbag.py:588} INFO - Filling up the DagBag from /opt/airflow/dags/weather_scrape_dag.py
[2026-07-14T22:26:58.781+0000] {processor.py:925} INFO - DAG(s) 'weather_scrape_and_load' retrieved from /opt/airflow/dags/weather_scrape_dag.py
[2026-07-14T22:26:58.798+0000] {logging_mixin.py:190} INFO - [2026-07-14T22:26:58.798+0000] {dag.py:3239} INFO - Sync 1 DAGs
[2026-07-14T22:26:58.813+0000] {logging_mixin.py:190} INFO - [2026-07-14T22:26:58.812+0000] {dag.py:4180} INFO - Setting next_dagrun for weather_scrape_and_load to 2026-07-14 22:00:00+00:00, run_after=2026-07-14 23:00:00+00:00
[2026-07-14T22:26:58.826+0000] {processor.py:208} INFO - Processing /opt/airflow/dags/weather_scrape_dag.py took 0.057 seconds
[2026-07-14T22:27:28.907+0000] {processor.py:186} INFO - Started process (PID=8269) to work on /opt/airflow/dags/weather_scrape_dag.py
[2026-07-14T22:27:28.908+0000] {processor.py:914} INFO - Processing file /opt/airflow/dags/weather_scrape_dag.py for tasks to queue
[2026-07-14T22:27:28.909+0000] {logging_mixin.py:190} INFO - [2026-07-14T22:27:28.909+0000] {dagbag.py:588} INFO - Filling up the DagBag from /opt/airflow/dags/weather_scrape_dag.py
[2026-07-14T22:27:28.916+0000] {processor.py:925} INFO - DAG(s) 'weather_scrape_and_load' retrieved from /opt/airflow/dags/weather_scrape_dag.py
[2026-07-14T22:27:28.932+0000] {logging_mixin.py:190} INFO - [2026-07-14T22:27:28.932+0000] {dag.py:3239} INFO - Sync 1 DAGs
[2026-07-14T22:27:28.947+0000] {logging_mixin.py:190} INFO - [2026-07-14T22:27:28.947+0000] {dag.py:4180} INFO - Setting next_dagrun for weather_scrape_and_load to 2026-07-14 22:00:00+00:00, run_after=2026-07-14 23:00:00+00:00
[2026-07-14T22:27:28.960+0000] {processor.py:208} INFO - Processing /opt/airflow/dags/weather_scrape_dag.py took 0.057 seconds
[2026-07-14T22:27:59.037+0000] {processor.py:186} INFO - Started process (PID=8274) to work on /opt/airflow/dags/weather_scrape_dag.py
[2026-07-14T22:27:59.038+0000] {processor.py:914} INFO - Processing file /opt/airflow/dags/weather_scrape_dag.py for tasks to queue
[2026-07-14T22:27:59.039+0000] {logging_mixin.py:190} INFO - [2026-07-14T22:27:59.039+0000] {dagbag.py:588} INFO - Filling up the DagBag from /opt/airflow/dags/weather_scrape_dag.py
[2026-07-14T22:27:59.046+0000] {processor.py:925} INFO - DAG(s) 'weather_scrape_and_load' retrieved from /opt/airflow/dags/weather_scrape_dag.py
[2026-07-14T22:27:59.063+0000] {logging_mixin.py:190} INFO - [2026-07-14T22:27:59.063+0000] {dag.py:3239} INFO - Sync 1 DAGs
[2026-07-14T22:27:59.078+0000] {logging_mixin.py:190} INFO - [2026-07-14T22:27:59.077+0000] {dag.py:4180} INFO - Setting next_dagrun for weather_scrape_and_load to 2026-07-14 22:00:00+00:00, run_after=2026-07-14 23:00:00+00:00
[2026-07-14T22:27:59.090+0000] {processor.py:208} INFO - Processing /opt/airflow/dags/weather_scrape_dag.py took 0.057 seconds
[2026-07-14T22:28:29.175+0000] {processor.py:186} INFO - Started process (PID=8279) to work on /opt/airflow/dags/weather_scrape_dag.py
[2026-07-14T22:28:29.183+0000] {processor.py:914} INFO - Processing file /opt/airflow/dags/weather_scrape_dag.py for tasks to queue
[2026-07-14T22:28:29.184+0000] {logging_mixin.py:190} INFO - [2026-07-14T22:28:29.184+0000] {dagbag.py:588} INFO - Filling up the DagBag from /opt/airflow/dags/weather_scrape_dag.py
[2026-07-14T22:28:29.191+0000] {processor.py:925} INFO - DAG(s) 'weather_scrape_and_load' retrieved from /opt/airflow/dags/weather_scrape_dag.py
[2026-07-14T22:28:29.207+0000] {logging_mixin.py:190} INFO - [2026-07-14T22:28:29.207+0000] {dag.py:3239} INFO - Sync 1 DAGs
[2026-07-14T22:28:29.222+0000] {logging_mixin.py:190} INFO - [2026-07-14T22:28:29.222+0000] {dag.py:4180} INFO - Setting next_dagrun for weather_scrape_and_load to 2026-07-14 22:00:00+00:00, run_after=2026-07-14 23:00:00+00:00
[2026-07-14T22:28:29.233+0000] {processor.py:208} INFO - Processing /opt/airflow/dags/weather_scrape_dag.py took 0.063 seconds
[2026-07-14T22:28:59.295+0000] {processor.py:186} INFO - Started process (PID=8284) to work on /opt/airflow/dags/weather_scrape_dag.py
[2026-07-14T22:28:59.295+0000] {processor.py:914} INFO - Processing file /opt/airflow/dags/weather_scrape_dag.py for tasks to queue
[2026-07-14T22:28:59.296+0000] {logging_mixin.py:190} INFO - [2026-07-14T22:28:59.296+0000] {dagbag.py:588} INFO - Filling up the DagBag from /opt/airflow/dags/weather_scrape_dag.py
[2026-07-14T22:28:59.304+0000] {processor.py:925} INFO - DAG(s) 'weather_scrape_and_load' retrieved from /opt/airflow/dags/weather_scrape_dag.py
[2026-07-14T22:28:59.319+0000] {logging_mixin.py:190} INFO - [2026-07-14T22:28:59.319+0000] {dag.py:3239} INFO - Sync 1 DAGs
[2026-07-14T22:28:59.334+0000] {logging_mixin.py:190} INFO - [2026-07-14T22:28:59.334+0000] {dag.py:4180} INFO - Setting next_dagrun for weather_scrape_and_load to 2026-07-14 22:00:00+00:00, run_after=2026-07-14 23:00:00+00:00
[2026-07-14T22:28:59.346+0000] {processor.py:208} INFO - Processing /opt/airflow/dags/weather_scrape_dag.py took 0.056 seconds
[2026-07-14T22:29:29.443+0000] {processor.py:186} INFO - Started process (PID=8289) to work on /opt/airflow/dags/weather_scrape_dag.py
[2026-07-14T22:29:29.452+0000] {processor.py:914} INFO - Processing file /opt/airflow/dags/weather_scrape_dag.py for tasks to queue
[2026-07-14T22:29:29.453+0000] {logging_mixin.py:190} INFO - [2026-07-14T22:29:29.453+0000] {dagbag.py:588} INFO - Filling up the DagBag from /opt/airflow/dags/weather_scrape_dag.py
[2026-07-14T22:29:29.460+0000] {processor.py:925} INFO - DAG(s) 'weather_scrape_and_load' retrieved from /opt/airflow/dags/weather_scrape_dag.py
[2026-07-14T22:29:29.476+0000] {logging_mixin.py:190} INFO - [2026-07-14T22:29:29.476+0000] {dag.py:3239} INFO - Sync 1 DAGs
[2026-07-14T22:29:29.491+0000] {logging_mixin.py:190} INFO - [2026-07-14T22:29:29.491+0000] {dag.py:4180} INFO - Setting next_dagrun for weather_scrape_and_load to 2026-07-14 22:00:00+00:00, run_after=2026-07-14 23:00:00+00:00
[2026-07-14T22:29:29.503+0000] {processor.py:208} INFO - Processing /opt/airflow/dags/weather_scrape_dag.py took 0.063 seconds
[2026-07-14T22:29:59.554+0000] {processor.py:186} INFO - Started process (PID=8294) to work on /opt/airflow/dags/weather_scrape_dag.py
[2026-07-14T22:29:59.554+0000] {processor.py:914} INFO - Processing file /opt/airflow/dags/weather_scrape_dag.py for tasks to queue
[2026-07-14T22:29:59.555+0000] {logging_mixin.py:190} INFO - [2026-07-14T22:29:59.555+0000] {dagbag.py:588} INFO - Filling up the DagBag from /opt/airflow/dags/weather_scrape_dag.py
[2026-07-14T22:29:59.563+0000] {processor.py:925} INFO - DAG(s) 'weather_scrape_and_load' retrieved from /opt/airflow/dags/weather_scrape_dag.py
[2026-07-14T22:29:59.579+0000] {logging_mixin.py:190} INFO - [2026-07-14T22:29:59.579+0000] {dag.py:3239} INFO - Sync 1 DAGs
[2026-07-14T22:29:59.594+0000] {logging_mixin.py:190} INFO - [2026-07-14T22:29:59.594+0000] {dag.py:4180} INFO - Setting next_dagrun for weather_scrape_and_load to 2026-07-14 22:00:00+00:00, run_after=2026-07-14 23:00:00+00:00
[2026-07-14T22:29:59.606+0000] {processor.py:208} INFO - Processing /opt/airflow/dags/weather_scrape_dag.py took 0.056 seconds
[2026-07-14T22:30:29.718+0000] {processor.py:186} INFO - Started process (PID=8299) to work on /opt/airflow/dags/weather_scrape_dag.py
[2026-07-14T22:30:29.726+0000] {processor.py:914} INFO - Processing file /opt/airflow/dags/weather_scrape_dag.py for tasks to queue
[2026-07-14T22:30:29.728+0000] {logging_mixin.py:190} INFO - [2026-07-14T22:30:29.727+0000] {dagbag.py:588} INFO - Filling up the DagBag from /opt/airflow/dags/weather_scrape_dag.py
[2026-07-14T22:30:29.736+0000] {processor.py:925} INFO - DAG(s) 'weather_scrape_and_load' retrieved from /opt/airflow/dags/weather_scrape_dag.py
[2026-07-14T22:30:29.753+0000] {logging_mixin.py:190} INFO - [2026-07-14T22:30:29.753+0000] {dag.py:3239} INFO - Sync 1 DAGs
[2026-07-14T22:30:29.769+0000] {logging_mixin.py:190} INFO - [2026-07-14T22:30:29.769+0000] {dag.py:4180} INFO - Setting next_dagrun for weather_scrape_and_load to 2026-07-14 22:00:00+00:00, run_after=2026-07-14 23:00:00+00:00
[2026-07-14T22:30:29.784+0000] {processor.py:208} INFO - Processing /opt/airflow/dags/weather_scrape_dag.py took 0.072 seconds
[2026-07-14T22:30:59.825+0000] {processor.py:186} INFO - Started process (PID=8304) to work on /opt/airflow/dags/weather_scrape_dag.py
[2026-07-14T22:30:59.825+0000] {processor.py:914} INFO - Processing file /opt/airflow/dags/weather_scrape_dag.py for tasks to queue
[2026-07-14T22:30:59.827+0000] {logging_mixin.py:190} INFO - [2026-07-14T22:30:59.826+0000] {dagbag.py:588} INFO - Filling up the DagBag from /opt/airflow/dags/weather_scrape_dag.py
[2026-07-14T22:30:59.834+0000] {processor.py:925} INFO - DAG(s) 'weather_scrape_and_load' retrieved from /opt/airflow/dags/weather_scrape_dag.py
[2026-07-14T22:30:59.850+0000] {logging_mixin.py:190} INFO - [2026-07-14T22:30:59.850+0000] {dag.py:3239} INFO - Sync 1 DAGs
[2026-07-14T22:30:59.865+0000] {logging_mixin.py:190} INFO - [2026-07-14T22:30:59.865+0000] {dag.py:4180} INFO - Setting next_dagrun for weather_scrape_and_load to 2026-07-14 22:00:00+00:00, run_after=2026-07-14 23:00:00+00:00
[2026-07-14T22:30:59.878+0000] {processor.py:208} INFO - Processing /opt/airflow/dags/weather_scrape_dag.py took 0.056 seconds
[2026-07-14T22:31:29.991+0000] {processor.py:186} INFO - Started process (PID=8309) to work on /opt/airflow/dags/weather_scrape_dag.py
[2026-07-14T22:31:29.999+0000] {processor.py:914} INFO - Processing file /opt/airflow/dags/weather_scrape_dag.py for tasks to queue
[2026-07-14T22:31:30.001+0000] {logging_mixin.py:190} INFO - [2026-07-14T22:31:30.001+0000] {dagbag.py:588} INFO - Filling up the DagBag from /opt/airflow/dags/weather_scrape_dag.py
[2026-07-14T22:31:30.008+0000] {processor.py:925} INFO - DAG(s) 'weather_scrape_and_load' retrieved from /opt/airflow/dags/weather_scrape_dag.py
[2026-07-14T22:31:30.024+0000] {logging_mixin.py:190} INFO - [2026-07-14T22:31:30.024+0000] {dag.py:3239} INFO - Sync 1 DAGs
[2026-07-14T22:31:30.039+0000] {logging_mixin.py:190} INFO - [2026-07-14T22:31:30.039+0000] {dag.py:4180} INFO - Setting next_dagrun for weather_scrape_and_load to 2026-07-14 22:00:00+00:00, run_after=2026-07-14 23:00:00+00:00
[2026-07-14T22:31:30.052+0000] {processor.py:208} INFO - Processing /opt/airflow/dags/weather_scrape_dag.py took 0.064 seconds
[2026-07-14T22:32:00.103+0000] {processor.py:186} INFO - Started process (PID=8314) to work on /opt/airflow/dags/weather_scrape_dag.py
[2026-07-14T22:32:00.104+0000] {processor.py:914} INFO - Processing file /opt/airflow/dags/weather_scrape_dag.py for tasks to queue
[2026-07-14T22:32:00.107+0000] {logging_mixin.py:190} INFO - [2026-07-14T22:32:00.107+0000] {dagbag.py:588} INFO - Filling up the DagBag from /opt/airflow/dags/weather_scrape_dag.py
[2026-07-14T22:32:00.114+0000] {processor.py:925} INFO - DAG(s) 'weather_scrape_and_load' retrieved from /opt/airflow/dags/weather_scrape_dag.py
[2026-07-14T22:32:00.130+0000] {logging_mixin.py:190} INFO - [2026-07-14T22:32:00.130+0000] {dag.py:3239} INFO - Sync 1 DAGs
[2026-07-14T22:32:00.145+0000] {logging_mixin.py:190} INFO - [2026-07-14T22:32:00.145+0000] {dag.py:4180} INFO - Setting next_dagrun for weather_scrape_and_load to 2026-07-14 22:00:00+00:00, run_after=2026-07-14 23:00:00+00:00
[2026-07-14T22:32:00.159+0000] {processor.py:208} INFO - Processing /opt/airflow/dags/weather_scrape_dag.py took 0.059 seconds
[2026-07-14T22:32:30.256+0000] {processor.py:186} INFO - Started process (PID=8319) to work on /opt/airflow/dags/weather_scrape_dag.py
[2026-07-14T22:32:30.264+0000] {processor.py:914} INFO - Processing file /opt/airflow/dags/weather_scrape_dag.py for tasks to queue
[2026-07-14T22:32:30.265+0000] {logging_mixin.py:190} INFO - [2026-07-14T22:32:30.265+0000] {dagbag.py:588} INFO - Filling up the DagBag from /opt/airflow/dags/weather_scrape_dag.py
[2026-07-14T22:32:30.272+0000] {processor.py:925} INFO - DAG(s) 'weather_scrape_and_load' retrieved from /opt/airflow/dags/weather_scrape_dag.py
[2026-07-14T22:32:30.288+0000] {logging_mixin.py:190} INFO - [2026-07-14T22:32:30.287+0000] {dag.py:3239} INFO - Sync 1 DAGs
[2026-07-14T22:32:30.302+0000] {logging_mixin.py:190} INFO - [2026-07-14T22:32:30.302+0000] {dag.py:4180} INFO - Setting next_dagrun for weather_scrape_and_load to 2026-07-14 22:00:00+00:00, run_after=2026-07-14 23:00:00+00:00
[2026-07-14T22:32:30.315+0000] {processor.py:208} INFO - Processing /opt/airflow/dags/weather_scrape_dag.py took 0.063 seconds
[2026-07-14T22:33:00.376+0000] {processor.py:186} INFO - Started process (PID=8324) to work on /opt/airflow/dags/weather_scrape_dag.py
[2026-07-14T22:33:00.376+0000] {processor.py:914} INFO - Processing file /opt/airflow/dags/weather_scrape_dag.py for tasks to queue
[2026-07-14T22:33:00.377+0000] {logging_mixin.py:190} INFO - [2026-07-14T22:33:00.377+0000] {dagbag.py:588} INFO - Filling up the DagBag from /opt/airflow/dags/weather_scrape_dag.py
[2026-07-14T22:33:00.385+0000] {processor.py:925} INFO - DAG(s) 'weather_scrape_and_load' retrieved from /opt/airflow/dags/weather_scrape_dag.py
[2026-07-14T22:33:00.401+0000] {logging_mixin.py:190} INFO - [2026-07-14T22:33:00.401+0000] {dag.py:3239} INFO - Sync 1 DAGs
[2026-07-14T22:33:00.417+0000] {logging_mixin.py:190} INFO - [2026-07-14T22:33:00.417+0000] {dag.py:4180} INFO - Setting next_dagrun for weather_scrape_and_load to 2026-07-14 22:00:00+00:00, run_after=2026-07-14 23:00:00+00:00
[2026-07-14T22:33:00.430+0000] {processor.py:208} INFO - Processing /opt/airflow/dags/weather_scrape_dag.py took 0.058 seconds
[2026-07-14T22:33:30.524+0000] {processor.py:186} INFO - Started process (PID=8329) to work on /opt/airflow/dags/weather_scrape_dag.py
[2026-07-14T22:33:30.536+0000] {processor.py:914} INFO - Processing file /opt/airflow/dags/weather_scrape_dag.py for tasks to queue
[2026-07-14T22:33:30.538+0000] {logging_mixin.py:190} INFO - [2026-07-14T22:33:30.537+0000] {dagbag.py:588} INFO - Filling up the DagBag from /opt/airflow/dags/weather_scrape_dag.py
[2026-07-14T22:33:30.545+0000] {processor.py:925} INFO - DAG(s) 'weather_scrape_and_load' retrieved from /opt/airflow/dags/weather_scrape_dag.py
[2026-07-14T22:33:30.560+0000] {logging_mixin.py:190} INFO - [2026-07-14T22:33:30.560+0000] {dag.py:3239} INFO - Sync 1 DAGs
[2026-07-14T22:33:30.574+0000] {logging_mixin.py:190} INFO - [2026-07-14T22:33:30.574+0000] {dag.py:4180} INFO - Setting next_dagrun for weather_scrape_and_load to 2026-07-14 22:00:00+00:00, run_after=2026-07-14 23:00:00+00:00
[2026-07-14T22:33:30.586+0000] {processor.py:208} INFO - Processing /opt/airflow/dags/weather_scrape_dag.py took 0.066 seconds
[2026-07-14T22:34:00.634+0000] {processor.py:186} INFO - Started process (PID=8334) to work on /opt/airflow/dags/weather_scrape_dag.py
[2026-07-14T22:34:00.634+0000] {processor.py:914} INFO - Processing file /opt/airflow/dags/weather_scrape_dag.py for tasks to queue
[2026-07-14T22:34:00.636+0000] {logging_mixin.py:190} INFO - [2026-07-14T22:34:00.635+0000] {dagbag.py:588} INFO - Filling up the DagBag from /opt/airflow/dags/weather_scrape_dag.py
[2026-07-14T22:34:00.644+0000] {processor.py:925} INFO - DAG(s) 'weather_scrape_and_load' retrieved from /opt/airflow/dags/weather_scrape_dag.py
[2026-07-14T22:34:00.661+0000] {logging_mixin.py:190} INFO - [2026-07-14T22:34:00.661+0000] {dag.py:3239} INFO - Sync 1 DAGs
[2026-07-14T22:34:00.678+0000] {logging_mixin.py:190} INFO - [2026-07-14T22:34:00.678+0000] {dag.py:4180} INFO - Setting next_dagrun for weather_scrape_and_load to 2026-07-14 22:00:00+00:00, run_after=2026-07-14 23:00:00+00:00
[2026-07-14T22:34:00.694+0000] {processor.py:208} INFO - Processing /opt/airflow/dags/weather_scrape_dag.py took 0.064 seconds
[2026-07-14T22:34:30.793+0000] {processor.py:186} INFO - Started process (PID=8339) to work on /opt/airflow/dags/weather_scrape_dag.py
[2026-07-14T22:34:30.795+0000] {processor.py:914} INFO - Processing file /opt/airflow/dags/weather_scrape_dag.py for tasks to queue
[2026-07-14T22:34:30.797+0000] {logging_mixin.py:190} INFO - [2026-07-14T22:34:30.797+0000] {dagbag.py:588} INFO - Filling up the DagBag from /opt/airflow/dags/weather_scrape_dag.py
[2026-07-14T22:34:30.804+0000] {processor.py:925} INFO - DAG(s) 'weather_scrape_and_load' retrieved from /opt/airflow/dags/weather_scrape_dag.py
[2026-07-14T22:34:30.821+0000] {logging_mixin.py:190} INFO - [2026-07-14T22:34:30.821+0000] {dag.py:3239} INFO - Sync 1 DAGs
[2026-07-14T22:34:30.835+0000] {logging_mixin.py:190} INFO - [2026-07-14T22:34:30.835+0000] {dag.py:4180} INFO - Setting next_dagrun for weather_scrape_and_load to 2026-07-14 22:00:00+00:00, run_after=2026-07-14 23:00:00+00:00
[2026-07-14T22:34:30.848+0000] {processor.py:208} INFO - Processing /opt/airflow/dags/weather_scrape_dag.py took 0.058 seconds
[2026-07-14T22:35:00.904+0000] {processor.py:186} INFO - Started process (PID=8344) to work on /opt/airflow/dags/weather_scrape_dag.py
[2026-07-14T22:35:00.905+0000] {processor.py:914} INFO - Processing file /opt/airflow/dags/weather_scrape_dag.py for tasks to queue
[2026-07-14T22:35:00.907+0000] {logging_mixin.py:190} INFO - [2026-07-14T22:35:00.907+0000] {dagbag.py:588} INFO - Filling up the DagBag from /opt/airflow/dags/weather_scrape_dag.py
[2026-07-14T22:35:00.916+0000] {processor.py:925} INFO - DAG(s) 'weather_scrape_and_load' retrieved from /opt/airflow/dags/weather_scrape_dag.py
[2026-07-14T22:35:00.933+0000] {logging_mixin.py:190} INFO - [2026-07-14T22:35:00.933+0000] {dag.py:3239} INFO - Sync 1 DAGs
[2026-07-14T22:35:00.949+0000] {logging_mixin.py:190} INFO - [2026-07-14T22:35:00.949+0000] {dag.py:4180} INFO - Setting next_dagrun for weather_scrape_and_load to 2026-07-14 22:00:00+00:00, run_after=2026-07-14 23:00:00+00:00
[2026-07-14T22:35:00.961+0000] {processor.py:208} INFO - Processing /opt/airflow/dags/weather_scrape_dag.py took 0.062 seconds
[2026-07-14T22:35:31.061+0000] {processor.py:186} INFO - Started process (PID=8349) to work on /opt/airflow/dags/weather_scrape_dag.py
[2026-07-14T22:35:31.062+0000] {processor.py:914} INFO - Processing file /opt/airflow/dags/weather_scrape_dag.py for tasks to queue
[2026-07-14T22:35:31.063+0000] {logging_mixin.py:190} INFO - [2026-07-14T22:35:31.063+0000] {dagbag.py:588} INFO - Filling up the DagBag from /opt/airflow/dags/weather_scrape_dag.py
[2026-07-14T22:35:31.070+0000] {processor.py:925} INFO - DAG(s) 'weather_scrape_and_load' retrieved from /opt/airflow/dags/weather_scrape_dag.py
[2026-07-14T22:35:31.085+0000] {logging_mixin.py:190} INFO - [2026-07-14T22:35:31.085+0000] {dag.py:3239} INFO - Sync 1 DAGs
[2026-07-14T22:35:31.100+0000] {logging_mixin.py:190} INFO - [2026-07-14T22:35:31.099+0000] {dag.py:4180} INFO - Setting next_dagrun for weather_scrape_and_load to 2026-07-14 22:00:00+00:00, run_after=2026-07-14 23:00:00+00:00
[2026-07-14T22:35:31.111+0000] {processor.py:208} INFO - Processing /opt/airflow/dags/weather_scrape_dag.py took 0.054 seconds
[2026-07-14T22:36:01.177+0000] {processor.py:186} INFO - Started process (PID=8354) to work on /opt/airflow/dags/weather_scrape_dag.py
[2026-07-14T22:36:01.177+0000] {processor.py:914} INFO - Processing file /opt/airflow/dags/weather_scrape_dag.py for tasks to queue
[2026-07-14T22:36:01.179+0000] {logging_mixin.py:190} INFO - [2026-07-14T22:36:01.179+0000] {dagbag.py:588} INFO - Filling up the DagBag from /opt/airflow/dags/weather_scrape_dag.py
[2026-07-14T22:36:01.189+0000] {processor.py:925} INFO - DAG(s) 'weather_scrape_and_load' retrieved from /opt/airflow/dags/weather_scrape_dag.py
[2026-07-14T22:36:01.206+0000] {logging_mixin.py:190} INFO - [2026-07-14T22:36:01.206+0000] {dag.py:3239} INFO - Sync 1 DAGs
[2026-07-14T22:36:01.221+0000] {logging_mixin.py:190} INFO - [2026-07-14T22:36:01.221+0000] {dag.py:4180} INFO - Setting next_dagrun for weather_scrape_and_load to 2026-07-14 22:00:00+00:00, run_after=2026-07-14 23:00:00+00:00
[2026-07-14T22:36:01.233+0000] {processor.py:208} INFO - Processing /opt/airflow/dags/weather_scrape_dag.py took 0.060 seconds
[2026-07-14T22:36:31.314+0000] {processor.py:186} INFO - Started process (PID=8359) to work on /opt/airflow/dags/weather_scrape_dag.py
[2026-07-14T22:36:31.322+0000] {processor.py:914} INFO - Processing file /opt/airflow/dags/weather_scrape_dag.py for tasks to queue
[2026-07-14T22:36:31.324+0000] {logging_mixin.py:190} INFO - [2026-07-14T22:36:31.323+0000] {dagbag.py:588} INFO - Filling up the DagBag from /opt/airflow/dags/weather_scrape_dag.py
[2026-07-14T22:36:31.331+0000] {processor.py:925} INFO - DAG(s) 'weather_scrape_and_load' retrieved from /opt/airflow/dags/weather_scrape_dag.py
[2026-07-14T22:36:31.347+0000] {logging_mixin.py:190} INFO - [2026-07-14T22:36:31.347+0000] {dag.py:3239} INFO - Sync 1 DAGs
[2026-07-14T22:36:31.362+0000] {logging_mixin.py:190} INFO - [2026-07-14T22:36:31.361+0000] {dag.py:4180} INFO - Setting next_dagrun for weather_scrape_and_load to 2026-07-14 22:00:00+00:00, run_after=2026-07-14 23:00:00+00:00
[2026-07-14T22:36:31.374+0000] {processor.py:208} INFO - Processing /opt/airflow/dags/weather_scrape_dag.py took 0.063 seconds
[2026-07-14T22:37:01.431+0000] {processor.py:186} INFO - Started process (PID=8364) to work on /opt/airflow/dags/weather_scrape_dag.py
[2026-07-14T22:37:01.431+0000] {processor.py:914} INFO - Processing file /opt/airflow/dags/weather_scrape_dag.py for tasks to queue
[2026-07-14T22:37:01.433+0000] {logging_mixin.py:190} INFO - [2026-07-14T22:37:01.433+0000] {dagbag.py:588} INFO - Filling up the DagBag from /opt/airflow/dags/weather_scrape_dag.py
[2026-07-14T22:37:01.440+0000] {processor.py:925} INFO - DAG(s) 'weather_scrape_and_load' retrieved from /opt/airflow/dags/weather_scrape_dag.py
[2026-07-14T22:37:01.456+0000] {logging_mixin.py:190} INFO - [2026-07-14T22:37:01.456+0000] {dag.py:3239} INFO - Sync 1 DAGs
[2026-07-14T22:37:01.472+0000] {logging_mixin.py:190} INFO - [2026-07-14T22:37:01.472+0000] {dag.py:4180} INFO - Setting next_dagrun for weather_scrape_and_load to 2026-07-14 22:00:00+00:00, run_after=2026-07-14 23:00:00+00:00
[2026-07-14T22:37:01.485+0000] {processor.py:208} INFO - Processing /opt/airflow/dags/weather_scrape_dag.py took 0.058 seconds
[2026-07-14T22:37:31.577+0000] {processor.py:186} INFO - Started process (PID=8369) to work on /opt/airflow/dags/weather_scrape_dag.py
[2026-07-14T22:37:31.585+0000] {processor.py:914} INFO - Processing file /opt/airflow/dags/weather_scrape_dag.py for tasks to queue
[2026-07-14T22:37:31.586+0000] {logging_mixin.py:190} INFO - [2026-07-14T22:37:31.586+0000] {dagbag.py:588} INFO - Filling up the DagBag from /opt/airflow/dags/weather_scrape_dag.py
[2026-07-14T22:37:31.593+0000] {processor.py:925} INFO - DAG(s) 'weather_scrape_and_load' retrieved from /opt/airflow/dags/weather_scrape_dag.py
[2026-07-14T22:37:31.609+0000] {logging_mixin.py:190} INFO - [2026-07-14T22:37:31.609+0000] {dag.py:3239} INFO - Sync 1 DAGs
[2026-07-14T22:37:31.625+0000] {logging_mixin.py:190} INFO - [2026-07-14T22:37:31.625+0000] {dag.py:4180} INFO - Setting next_dagrun for weather_scrape_and_load to 2026-07-14 22:00:00+00:00, run_after=2026-07-14 23:00:00+00:00
[2026-07-14T22:37:31.642+0000] {processor.py:208} INFO - Processing /opt/airflow/dags/weather_scrape_dag.py took 0.069 seconds
[2026-07-14T22:38:01.698+0000] {processor.py:186} INFO - Started process (PID=8374) to work on /opt/airflow/dags/weather_scrape_dag.py
[2026-07-14T22:38:01.698+0000] {processor.py:914} INFO - Processing file /opt/airflow/dags/weather_scrape_dag.py for tasks to queue
[2026-07-14T22:38:01.700+0000] {logging_mixin.py:190} INFO - [2026-07-14T22:38:01.700+0000] {dagbag.py:588} INFO - Filling up the DagBag from /opt/airflow/dags/weather_scrape_dag.py
[2026-07-14T22:38:01.707+0000] {processor.py:925} INFO - DAG(s) 'weather_scrape_and_load' retrieved from /opt/airflow/dags/weather_scrape_dag.py
[2026-07-14T22:38:01.724+0000] {logging_mixin.py:190} INFO - [2026-07-14T22:38:01.724+0000] {dag.py:3239} INFO - Sync 1 DAGs
[2026-07-14T22:38:01.739+0000] {logging_mixin.py:190} INFO - [2026-07-14T22:38:01.739+0000] {dag.py:4180} INFO - Setting next_dagrun for weather_scrape_and_load to 2026-07-14 22:00:00+00:00, run_after=2026-07-14 23:00:00+00:00
[2026-07-14T22:38:01.753+0000] {processor.py:208} INFO - Processing /opt/airflow/dags/weather_scrape_dag.py took 0.058 seconds
[2026-07-14T22:38:31.852+0000] {processor.py:186} INFO - Started process (PID=8379) to work on /opt/airflow/dags/weather_scrape_dag.py
[2026-07-14T22:38:31.852+0000] {processor.py:914} INFO - Processing file /opt/airflow/dags/weather_scrape_dag.py for tasks to queue
[2026-07-14T22:38:31.854+0000] {logging_mixin.py:190} INFO - [2026-07-14T22:38:31.854+0000] {dagbag.py:588} INFO - Filling up the DagBag from /opt/airflow/dags/weather_scrape_dag.py
[2026-07-14T22:38:31.861+0000] {processor.py:925} INFO - DAG(s) 'weather_scrape_and_load' retrieved from /opt/airflow/dags/weather_scrape_dag.py
[2026-07-14T22:38:31.877+0000] {logging_mixin.py:190} INFO - [2026-07-14T22:38:31.877+0000] {dag.py:3239} INFO - Sync 1 DAGs
[2026-07-14T22:38:31.892+0000] {logging_mixin.py:190} INFO - [2026-07-14T22:38:31.892+0000] {dag.py:4180} INFO - Setting next_dagrun for weather_scrape_and_load to 2026-07-14 22:00:00+00:00, run_after=2026-07-14 23:00:00+00:00
[2026-07-14T22:38:31.905+0000] {processor.py:208} INFO - Processing /opt/airflow/dags/weather_scrape_dag.py took 0.057 seconds
[2026-07-14T22:39:01.962+0000] {processor.py:186} INFO - Started process (PID=8384) to work on /opt/airflow/dags/weather_scrape_dag.py
[2026-07-14T22:39:01.962+0000] {processor.py:914} INFO - Processing file /opt/airflow/dags/weather_scrape_dag.py for tasks to queue
[2026-07-14T22:39:01.964+0000] {logging_mixin.py:190} INFO - [2026-07-14T22:39:01.964+0000] {dagbag.py:588} INFO - Filling up the DagBag from /opt/airflow/dags/weather_scrape_dag.py
[2026-07-14T22:39:01.971+0000] {processor.py:925} INFO - DAG(s) 'weather_scrape_and_load' retrieved from /opt/airflow/dags/weather_scrape_dag.py
[2026-07-14T22:39:01.986+0000] {logging_mixin.py:190} INFO - [2026-07-14T22:39:01.986+0000] {dag.py:3239} INFO - Sync 1 DAGs
[2026-07-14T22:39:02.002+0000] {logging_mixin.py:190} INFO - [2026-07-14T22:39:02.002+0000] {dag.py:4180} INFO - Setting next_dagrun for weather_scrape_and_load to 2026-07-14 22:00:00+00:00, run_after=2026-07-14 23:00:00+00:00
[2026-07-14T22:39:02.014+0000] {processor.py:208} INFO - Processing /opt/airflow/dags/weather_scrape_dag.py took 0.057 seconds
[2026-07-14T22:39:32.115+0000] {processor.py:186} INFO - Started process (PID=8389) to work on /opt/airflow/dags/weather_scrape_dag.py
[2026-07-14T22:39:32.123+0000] {processor.py:914} INFO - Processing file /opt/airflow/dags/weather_scrape_dag.py for tasks to queue
[2026-07-14T22:39:32.124+0000] {logging_mixin.py:190} INFO - [2026-07-14T22:39:32.124+0000] {dagbag.py:588} INFO - Filling up the DagBag from /opt/airflow/dags/weather_scrape_dag.py
[2026-07-14T22:39:32.132+0000] {processor.py:925} INFO - DAG(s) 'weather_scrape_and_load' retrieved from /opt/airflow/dags/weather_scrape_dag.py
[2026-07-14T22:39:32.148+0000] {logging_mixin.py:190} INFO - [2026-07-14T22:39:32.148+0000] {dag.py:3239} INFO - Sync 1 DAGs
[2026-07-14T22:39:32.163+0000] {logging_mixin.py:190} INFO - [2026-07-14T22:39:32.163+0000] {dag.py:4180} INFO - Setting next_dagrun for weather_scrape_and_load to 2026-07-14 22:00:00+00:00, run_after=2026-07-14 23:00:00+00:00
[2026-07-14T22:39:32.176+0000] {processor.py:208} INFO - Processing /opt/airflow/dags/weather_scrape_dag.py took 0.065 seconds
[2026-07-14T22:40:02.239+0000] {processor.py:186} INFO - Started process (PID=8394) to work on /opt/airflow/dags/weather_scrape_dag.py
[2026-07-14T22:40:02.240+0000] {processor.py:914} INFO - Processing file /opt/airflow/dags/weather_scrape_dag.py for tasks to queue
[2026-07-14T22:40:02.241+0000] {logging_mixin.py:190} INFO - [2026-07-14T22:40:02.241+0000] {dagbag.py:588} INFO - Filling up the DagBag from /opt/airflow/dags/weather_scrape_dag.py
[2026-07-14T22:40:02.249+0000] {processor.py:925} INFO - DAG(s) 'weather_scrape_and_load' retrieved from /opt/airflow/dags/weather_scrape_dag.py
[2026-07-14T22:40:02.266+0000] {logging_mixin.py:190} INFO - [2026-07-14T22:40:02.266+0000] {dag.py:3239} INFO - Sync 1 DAGs
[2026-07-14T22:40:02.282+0000] {logging_mixin.py:190} INFO - [2026-07-14T22:40:02.282+0000] {dag.py:4180} INFO - Setting next_dagrun for weather_scrape_and_load to 2026-07-14 22:00:00+00:00, run_after=2026-07-14 23:00:00+00:00
[2026-07-14T22:40:02.295+0000] {processor.py:208} INFO - Processing /opt/airflow/dags/weather_scrape_dag.py took 0.060 seconds
[2026-07-14T22:40:32.388+0000] {processor.py:186} INFO - Started process (PID=8399) to work on /opt/airflow/dags/weather_scrape_dag.py
[2026-07-14T22:40:32.396+0000] {processor.py:914} INFO - Processing file /opt/airflow/dags/weather_scrape_dag.py for tasks to queue
[2026-07-14T22:40:32.398+0000] {logging_mixin.py:190} INFO - [2026-07-14T22:40:32.398+0000] {dagbag.py:588} INFO - Filling up the DagBag from /opt/airflow/dags/weather_scrape_dag.py
[2026-07-14T22:40:32.409+0000] {processor.py:925} INFO - DAG(s) 'weather_scrape_and_load' retrieved from /opt/airflow/dags/weather_scrape_dag.py
[2026-07-14T22:40:32.438+0000] {logging_mixin.py:190} INFO - [2026-07-14T22:40:32.438+0000] {dag.py:3239} INFO - Sync 1 DAGs
[2026-07-14T22:40:32.463+0000] {logging_mixin.py:190} INFO - [2026-07-14T22:40:32.463+0000] {dag.py:4180} INFO - Setting next_dagrun for weather_scrape_and_load to 2026-07-14 22:00:00+00:00, run_after=2026-07-14 23:00:00+00:00
[2026-07-14T22:40:32.480+0000] {processor.py:208} INFO - Processing /opt/airflow/dags/weather_scrape_dag.py took 0.098 seconds
[2026-07-14T22:41:02.591+0000] {processor.py:186} INFO - Started process (PID=8404) to work on /opt/airflow/dags/weather_scrape_dag.py
[2026-07-14T22:41:02.591+0000] {processor.py:914} INFO - Processing file /opt/airflow/dags/weather_scrape_dag.py for tasks to queue
[2026-07-14T22:41:02.593+0000] {logging_mixin.py:190} INFO - [2026-07-14T22:41:02.592+0000] {dagbag.py:588} INFO - Filling up the DagBag from /opt/airflow/dags/weather_scrape_dag.py
[2026-07-14T22:41:02.600+0000] {processor.py:925} INFO - DAG(s) 'weather_scrape_and_load' retrieved from /opt/airflow/dags/weather_scrape_dag.py
[2026-07-14T22:41:02.616+0000] {logging_mixin.py:190} INFO - [2026-07-14T22:41:02.615+0000] {dag.py:3239} INFO - Sync 1 DAGs
[2026-07-14T22:41:02.631+0000] {logging_mixin.py:190} INFO - [2026-07-14T22:41:02.631+0000] {dag.py:4180} INFO - Setting next_dagrun for weather_scrape_and_load to 2026-07-14 22:00:00+00:00, run_after=2026-07-14 23:00:00+00:00
[2026-07-14T22:41:02.645+0000] {processor.py:208} INFO - Processing /opt/airflow/dags/weather_scrape_dag.py took 0.058 seconds
[2026-07-14T22:41:32.696+0000] {processor.py:186} INFO - Started process (PID=8409) to work on /opt/airflow/dags/weather_scrape_dag.py
[2026-07-14T22:41:32.696+0000] {processor.py:914} INFO - Processing file /opt/airflow/dags/weather_scrape_dag.py for tasks to queue
[2026-07-14T22:41:32.698+0000] {logging_mixin.py:190} INFO - [2026-07-14T22:41:32.698+0000] {dagbag.py:588} INFO - Filling up the DagBag from /opt/airflow/dags/weather_scrape_dag.py
[2026-07-14T22:41:32.705+0000] {processor.py:925} INFO - DAG(s) 'weather_scrape_and_load' retrieved from /opt/airflow/dags/weather_scrape_dag.py
[2026-07-14T22:41:32.722+0000] {logging_mixin.py:190} INFO - [2026-07-14T22:41:32.722+0000] {dag.py:3239} INFO - Sync 1 DAGs
[2026-07-14T22:41:32.737+0000] {logging_mixin.py:190} INFO - [2026-07-14T22:41:32.737+0000] {dag.py:4180} INFO - Setting next_dagrun for weather_scrape_and_load to 2026-07-14 22:00:00+00:00, run_after=2026-07-14 23:00:00+00:00
[2026-07-14T22:41:32.750+0000] {processor.py:208} INFO - Processing /opt/airflow/dags/weather_scrape_dag.py took 0.058 seconds
[2026-07-14T22:42:02.852+0000] {processor.py:186} INFO - Started process (PID=8414) to work on /opt/airflow/dags/weather_scrape_dag.py
[2026-07-14T22:42:02.853+0000] {processor.py:914} INFO - Processing file /opt/airflow/dags/weather_scrape_dag.py for tasks to queue
[2026-07-14T22:42:02.854+0000] {logging_mixin.py:190} INFO - [2026-07-14T22:42:02.854+0000] {dagbag.py:588} INFO - Filling up the DagBag from /opt/airflow/dags/weather_scrape_dag.py
[2026-07-14T22:42:02.861+0000] {processor.py:925} INFO - DAG(s) 'weather_scrape_and_load' retrieved from /opt/airflow/dags/weather_scrape_dag.py
[2026-07-14T22:42:02.877+0000] {logging_mixin.py:190} INFO - [2026-07-14T22:42:02.877+0000] {dag.py:3239} INFO - Sync 1 DAGs
[2026-07-14T22:42:02.893+0000] {logging_mixin.py:190} INFO - [2026-07-14T22:42:02.893+0000] {dag.py:4180} INFO - Setting next_dagrun for weather_scrape_and_load to 2026-07-14 22:00:00+00:00, run_after=2026-07-14 23:00:00+00:00
[2026-07-14T22:42:02.905+0000] {processor.py:208} INFO - Processing /opt/airflow/dags/weather_scrape_dag.py took 0.056 seconds
[2026-07-14T22:42:32.965+0000] {processor.py:186} INFO - Started process (PID=8419) to work on /opt/airflow/dags/weather_scrape_dag.py
[2026-07-14T22:42:32.965+0000] {processor.py:914} INFO - Processing file /opt/airflow/dags/weather_scrape_dag.py for tasks to queue
[2026-07-14T22:42:32.967+0000] {logging_mixin.py:190} INFO - [2026-07-14T22:42:32.966+0000] {dagbag.py:588} INFO - Filling up the DagBag from /opt/airflow/dags/weather_scrape_dag.py
[2026-07-14T22:42:32.974+0000] {processor.py:925} INFO - DAG(s) 'weather_scrape_and_load' retrieved from /opt/airflow/dags/weather_scrape_dag.py
[2026-07-14T22:42:32.990+0000] {logging_mixin.py:190} INFO - [2026-07-14T22:42:32.990+0000] {dag.py:3239} INFO - Sync 1 DAGs
[2026-07-14T22:42:33.006+0000] {logging_mixin.py:190} INFO - [2026-07-14T22:42:33.006+0000] {dag.py:4180} INFO - Setting next_dagrun for weather_scrape_and_load to 2026-07-14 22:00:00+00:00, run_after=2026-07-14 23:00:00+00:00
[2026-07-14T22:42:33.019+0000] {processor.py:208} INFO - Processing /opt/airflow/dags/weather_scrape_dag.py took 0.059 seconds
[2026-07-14T22:43:03.105+0000] {processor.py:186} INFO - Started process (PID=8424) to work on /opt/airflow/dags/weather_scrape_dag.py
[2026-07-14T22:43:03.113+0000] {processor.py:914} INFO - Processing file /opt/airflow/dags/weather_scrape_dag.py for tasks to queue
[2026-07-14T22:43:03.115+0000] {logging_mixin.py:190} INFO - [2026-07-14T22:43:03.115+0000] {dagbag.py:588} INFO - Filling up the DagBag from /opt/airflow/dags/weather_scrape_dag.py
[2026-07-14T22:43:03.122+0000] {processor.py:925} INFO - DAG(s) 'weather_scrape_and_load' retrieved from /opt/airflow/dags/weather_scrape_dag.py
[2026-07-14T22:43:03.138+0000] {logging_mixin.py:190} INFO - [2026-07-14T22:43:03.138+0000] {dag.py:3239} INFO - Sync 1 DAGs
[2026-07-14T22:43:03.152+0000] {logging_mixin.py:190} INFO - [2026-07-14T22:43:03.152+0000] {dag.py:4180} INFO - Setting next_dagrun for weather_scrape_and_load to 2026-07-14 22:00:00+00:00, run_after=2026-07-14 23:00:00+00:00
[2026-07-14T22:43:03.164+0000] {processor.py:208} INFO - Processing /opt/airflow/dags/weather_scrape_dag.py took 0.063 seconds
[2026-07-14T22:43:33.234+0000] {processor.py:186} INFO - Started process (PID=8429) to work on /opt/airflow/dags/weather_scrape_dag.py
[2026-07-14T22:43:33.234+0000] {processor.py:914} INFO - Processing file /opt/airflow/dags/weather_scrape_dag.py for tasks to queue
[2026-07-14T22:43:33.236+0000] {logging_mixin.py:190} INFO - [2026-07-14T22:43:33.236+0000] {dagbag.py:588} INFO - Filling up the DagBag from /opt/airflow/dags/weather_scrape_dag.py
[2026-07-14T22:43:33.243+0000] {processor.py:925} INFO - DAG(s) 'weather_scrape_and_load' retrieved from /opt/airflow/dags/weather_scrape_dag.py
[2026-07-14T22:43:33.261+0000] {logging_mixin.py:190} INFO - [2026-07-14T22:43:33.261+0000] {dag.py:3239} INFO - Sync 1 DAGs
[2026-07-14T22:43:33.276+0000] {logging_mixin.py:190} INFO - [2026-07-14T22:43:33.276+0000] {dag.py:4180} INFO - Setting next_dagrun for weather_scrape_and_load to 2026-07-14 22:00:00+00:00, run_after=2026-07-14 23:00:00+00:00
[2026-07-14T22:43:33.288+0000] {processor.py:208} INFO - Processing /opt/airflow/dags/weather_scrape_dag.py took 0.058 seconds
[2026-07-14T22:44:03.368+0000] {processor.py:186} INFO - Started process (PID=8434) to work on /opt/airflow/dags/weather_scrape_dag.py
[2026-07-14T22:44:03.369+0000] {processor.py:914} INFO - Processing file /opt/airflow/dags/weather_scrape_dag.py for tasks to queue
[2026-07-14T22:44:03.370+0000] {logging_mixin.py:190} INFO - [2026-07-14T22:44:03.370+0000] {dagbag.py:588} INFO - Filling up the DagBag from /opt/airflow/dags/weather_scrape_dag.py
[2026-07-14T22:44:03.378+0000] {processor.py:925} INFO - DAG(s) 'weather_scrape_and_load' retrieved from /opt/airflow/dags/weather_scrape_dag.py
[2026-07-14T22:44:03.394+0000] {logging_mixin.py:190} INFO - [2026-07-14T22:44:03.394+0000] {dag.py:3239} INFO - Sync 1 DAGs
[2026-07-14T22:44:03.409+0000] {logging_mixin.py:190} INFO - [2026-07-14T22:44:03.409+0000] {dag.py:4180} INFO - Setting next_dagrun for weather_scrape_and_load to 2026-07-14 22:00:00+00:00, run_after=2026-07-14 23:00:00+00:00
[2026-07-14T22:44:03.421+0000] {processor.py:208} INFO - Processing /opt/airflow/dags/weather_scrape_dag.py took 0.057 seconds
[2026-07-14T22:44:33.490+0000] {processor.py:186} INFO - Started process (PID=8439) to work on /opt/airflow/dags/weather_scrape_dag.py
[2026-07-14T22:44:33.490+0000] {processor.py:914} INFO - Processing file /opt/airflow/dags/weather_scrape_dag.py for tasks to queue
[2026-07-14T22:44:33.492+0000] {logging_mixin.py:190} INFO - [2026-07-14T22:44:33.492+0000] {dagbag.py:588} INFO - Filling up the DagBag from /opt/airflow/dags/weather_scrape_dag.py
[2026-07-14T22:44:33.499+0000] {processor.py:925} INFO - DAG(s) 'weather_scrape_and_load' retrieved from /opt/airflow/dags/weather_scrape_dag.py
[2026-07-14T22:44:33.517+0000] {logging_mixin.py:190} INFO - [2026-07-14T22:44:33.516+0000] {dag.py:3239} INFO - Sync 1 DAGs
[2026-07-14T22:44:33.531+0000] {logging_mixin.py:190} INFO - [2026-07-14T22:44:33.531+0000] {dag.py:4180} INFO - Setting next_dagrun for weather_scrape_and_load to 2026-07-14 22:00:00+00:00, run_after=2026-07-14 23:00:00+00:00
[2026-07-14T22:44:33.544+0000] {processor.py:208} INFO - Processing /opt/airflow/dags/weather_scrape_dag.py took 0.058 seconds
[2026-07-14T22:45:03.644+0000] {processor.py:186} INFO - Started process (PID=8444) to work on /opt/airflow/dags/weather_scrape_dag.py
[2026-07-14T22:45:03.652+0000] {processor.py:914} INFO - Processing file /opt/airflow/dags/weather_scrape_dag.py for tasks to queue
[2026-07-14T22:45:03.654+0000] {logging_mixin.py:190} INFO - [2026-07-14T22:45:03.654+0000] {dagbag.py:588} INFO - Filling up the DagBag from /opt/airflow/dags/weather_scrape_dag.py
[2026-07-14T22:45:03.661+0000] {processor.py:925} INFO - DAG(s) 'weather_scrape_and_load' retrieved from /opt/airflow/dags/weather_scrape_dag.py
[2026-07-14T22:45:03.677+0000] {logging_mixin.py:190} INFO - [2026-07-14T22:45:03.677+0000] {dag.py:3239} INFO - Sync 1 DAGs
[2026-07-14T22:45:03.692+0000] {logging_mixin.py:190} INFO - [2026-07-14T22:45:03.691+0000] {dag.py:4180} INFO - Setting next_dagrun for weather_scrape_and_load to 2026-07-14 22:00:00+00:00, run_after=2026-07-14 23:00:00+00:00
[2026-07-14T22:45:03.703+0000] {processor.py:208} INFO - Processing /opt/airflow/dags/weather_scrape_dag.py took 0.063 seconds
[2026-07-14T22:45:33.759+0000] {processor.py:186} INFO - Started process (PID=8449) to work on /opt/airflow/dags/weather_scrape_dag.py
[2026-07-14T22:45:33.759+0000] {processor.py:914} INFO - Processing file /opt/airflow/dags/weather_scrape_dag.py for tasks to queue
[2026-07-14T22:45:33.760+0000] {logging_mixin.py:190} INFO - [2026-07-14T22:45:33.760+0000] {dagbag.py:588} INFO - Filling up the DagBag from /opt/airflow/dags/weather_scrape_dag.py
[2026-07-14T22:45:33.768+0000] {processor.py:925} INFO - DAG(s) 'weather_scrape_and_load' retrieved from /opt/airflow/dags/weather_scrape_dag.py
[2026-07-14T22:45:33.784+0000] {logging_mixin.py:190} INFO - [2026-07-14T22:45:33.784+0000] {dag.py:3239} INFO - Sync 1 DAGs
[2026-07-14T22:45:33.799+0000] {logging_mixin.py:190} INFO - [2026-07-14T22:45:33.799+0000] {dag.py:4180} INFO - Setting next_dagrun for weather_scrape_and_load to 2026-07-14 22:00:00+00:00, run_after=2026-07-14 23:00:00+00:00
[2026-07-14T22:45:33.812+0000] {processor.py:208} INFO - Processing /opt/airflow/dags/weather_scrape_dag.py took 0.057 seconds
[2026-07-14T22:46:03.914+0000] {processor.py:186} INFO - Started process (PID=8454) to work on /opt/airflow/dags/weather_scrape_dag.py
[2026-07-14T22:46:03.922+0000] {processor.py:914} INFO - Processing file /opt/airflow/dags/weather_scrape_dag.py for tasks to queue
[2026-07-14T22:46:03.923+0000] {logging_mixin.py:190} INFO - [2026-07-14T22:46:03.923+0000] {dagbag.py:588} INFO - Filling up the DagBag from /opt/airflow/dags/weather_scrape_dag.py
[2026-07-14T22:46:03.930+0000] {processor.py:925} INFO - DAG(s) 'weather_scrape_and_load' retrieved from /opt/airflow/dags/weather_scrape_dag.py
[2026-07-14T22:46:03.945+0000] {logging_mixin.py:190} INFO - [2026-07-14T22:46:03.945+0000] {dag.py:3239} INFO - Sync 1 DAGs
[2026-07-14T22:46:03.960+0000] {logging_mixin.py:190} INFO - [2026-07-14T22:46:03.960+0000] {dag.py:4180} INFO - Setting next_dagrun for weather_scrape_and_load to 2026-07-14 22:00:00+00:00, run_after=2026-07-14 23:00:00+00:00
[2026-07-14T22:46:03.972+0000] {processor.py:208} INFO - Processing /opt/airflow/dags/weather_scrape_dag.py took 0.062 seconds
[2026-07-14T22:46:34.025+0000] {processor.py:186} INFO - Started process (PID=8459) to work on /opt/airflow/dags/weather_scrape_dag.py
[2026-07-14T22:46:34.025+0000] {processor.py:914} INFO - Processing file /opt/airflow/dags/weather_scrape_dag.py for tasks to queue
[2026-07-14T22:46:34.027+0000] {logging_mixin.py:190} INFO - [2026-07-14T22:46:34.027+0000] {dagbag.py:588} INFO - Filling up the DagBag from /opt/airflow/dags/weather_scrape_dag.py
[2026-07-14T22:46:34.034+0000] {processor.py:925} INFO - DAG(s) 'weather_scrape_and_load' retrieved from /opt/airflow/dags/weather_scrape_dag.py
[2026-07-14T22:46:34.050+0000] {logging_mixin.py:190} INFO - [2026-07-14T22:46:34.050+0000] {dag.py:3239} INFO - Sync 1 DAGs
[2026-07-14T22:46:34.065+0000] {logging_mixin.py:190} INFO - [2026-07-14T22:46:34.065+0000] {dag.py:4180} INFO - Setting next_dagrun for weather_scrape_and_load to 2026-07-14 22:00:00+00:00, run_after=2026-07-14 23:00:00+00:00
[2026-07-14T22:46:34.078+0000] {processor.py:208} INFO - Processing /opt/airflow/dags/weather_scrape_dag.py took 0.057 seconds
[2026-07-14T22:47:04.189+0000] {processor.py:186} INFO - Started process (PID=8464) to work on /opt/airflow/dags/weather_scrape_dag.py
[2026-07-14T22:47:04.189+0000] {processor.py:914} INFO - Processing file /opt/airflow/dags/weather_scrape_dag.py for tasks to queue
[2026-07-14T22:47:04.191+0000] {logging_mixin.py:190} INFO - [2026-07-14T22:47:04.191+0000] {dagbag.py:588} INFO - Filling up the DagBag from /opt/airflow/dags/weather_scrape_dag.py
[2026-07-14T22:47:04.198+0000] {processor.py:925} INFO - DAG(s) 'weather_scrape_and_load' retrieved from /opt/airflow/dags/weather_scrape_dag.py
[2026-07-14T22:47:04.218+0000] {logging_mixin.py:190} INFO - [2026-07-14T22:47:04.217+0000] {dag.py:3239} INFO - Sync 1 DAGs
[2026-07-14T22:47:04.243+0000] {logging_mixin.py:190} INFO - [2026-07-14T22:47:04.242+0000] {dag.py:4180} INFO - Setting next_dagrun for weather_scrape_and_load to 2026-07-14 22:00:00+00:00, run_after=2026-07-14 23:00:00+00:00
[2026-07-14T22:47:04.262+0000] {processor.py:208} INFO - Processing /opt/airflow/dags/weather_scrape_dag.py took 0.077 seconds
[2026-07-14T22:47:34.300+0000] {processor.py:186} INFO - Started process (PID=8469) to work on /opt/airflow/dags/weather_scrape_dag.py
[2026-07-14T22:47:34.300+0000] {processor.py:914} INFO - Processing file /opt/airflow/dags/weather_scrape_dag.py for tasks to queue
[2026-07-14T22:47:34.302+0000] {logging_mixin.py:190} INFO - [2026-07-14T22:47:34.302+0000] {dagbag.py:588} INFO - Filling up the DagBag from /opt/airflow/dags/weather_scrape_dag.py
[2026-07-14T22:47:34.309+0000] {processor.py:925} INFO - DAG(s) 'weather_scrape_and_load' retrieved from /opt/airflow/dags/weather_scrape_dag.py
[2026-07-14T22:47:34.326+0000] {logging_mixin.py:190} INFO - [2026-07-14T22:47:34.325+0000] {dag.py:3239} INFO - Sync 1 DAGs
[2026-07-14T22:47:34.340+0000] {logging_mixin.py:190} INFO - [2026-07-14T22:47:34.340+0000] {dag.py:4180} INFO - Setting next_dagrun for weather_scrape_and_load to 2026-07-14 22:00:00+00:00, run_after=2026-07-14 23:00:00+00:00
[2026-07-14T22:47:34.353+0000] {processor.py:208} INFO - Processing /opt/airflow/dags/weather_scrape_dag.py took 0.057 seconds
[2026-07-14T22:48:04.463+0000] {processor.py:186} INFO - Started process (PID=8474) to work on /opt/airflow/dags/weather_scrape_dag.py
[2026-07-14T22:48:04.472+0000] {processor.py:914} INFO - Processing file /opt/airflow/dags/weather_scrape_dag.py for tasks to queue
[2026-07-14T22:48:04.473+0000] {logging_mixin.py:190} INFO - [2026-07-14T22:48:04.473+0000] {dagbag.py:588} INFO - Filling up the DagBag from /opt/airflow/dags/weather_scrape_dag.py
[2026-07-14T22:48:04.480+0000] {processor.py:925} INFO - DAG(s) 'weather_scrape_and_load' retrieved from /opt/airflow/dags/weather_scrape_dag.py
[2026-07-14T22:48:04.496+0000] {logging_mixin.py:190} INFO - [2026-07-14T22:48:04.496+0000] {dag.py:3239} INFO - Sync 1 DAGs
[2026-07-14T22:48:04.511+0000] {logging_mixin.py:190} INFO - [2026-07-14T22:48:04.511+0000] {dag.py:4180} INFO - Setting next_dagrun for weather_scrape_and_load to 2026-07-14 22:00:00+00:00, run_after=2026-07-14 23:00:00+00:00
[2026-07-14T22:48:04.523+0000] {processor.py:208} INFO - Processing /opt/airflow/dags/weather_scrape_dag.py took 0.064 seconds
[2026-07-14T22:48:34.569+0000] {processor.py:186} INFO - Started process (PID=8479) to work on /opt/airflow/dags/weather_scrape_dag.py
[2026-07-14T22:48:34.569+0000] {processor.py:914} INFO - Processing file /opt/airflow/dags/weather_scrape_dag.py for tasks to queue
[2026-07-14T22:48:34.571+0000] {logging_mixin.py:190} INFO - [2026-07-14T22:48:34.570+0000] {dagbag.py:588} INFO - Filling up the DagBag from /opt/airflow/dags/weather_scrape_dag.py
[2026-07-14T22:48:34.578+0000] {processor.py:925} INFO - DAG(s) 'weather_scrape_and_load' retrieved from /opt/airflow/dags/weather_scrape_dag.py
[2026-07-14T22:48:34.597+0000] {logging_mixin.py:190} INFO - [2026-07-14T22:48:34.597+0000] {dag.py:3239} INFO - Sync 1 DAGs
[2026-07-14T22:48:34.619+0000] {logging_mixin.py:190} INFO - [2026-07-14T22:48:34.618+0000] {dag.py:4180} INFO - Setting next_dagrun for weather_scrape_and_load to 2026-07-14 22:00:00+00:00, run_after=2026-07-14 23:00:00+00:00
[2026-07-14T22:48:34.632+0000] {processor.py:208} INFO - Processing /opt/airflow/dags/weather_scrape_dag.py took 0.067 seconds
[2026-07-14T22:49:04.725+0000] {processor.py:186} INFO - Started process (PID=8484) to work on /opt/airflow/dags/weather_scrape_dag.py
[2026-07-14T22:49:04.725+0000] {processor.py:914} INFO - Processing file /opt/airflow/dags/weather_scrape_dag.py for tasks to queue
[2026-07-14T22:49:04.727+0000] {logging_mixin.py:190} INFO - [2026-07-14T22:49:04.727+0000] {dagbag.py:588} INFO - Filling up the DagBag from /opt/airflow/dags/weather_scrape_dag.py
[2026-07-14T22:49:04.734+0000] {processor.py:925} INFO - DAG(s) 'weather_scrape_and_load' retrieved from /opt/airflow/dags/weather_scrape_dag.py
[2026-07-14T22:49:04.750+0000] {logging_mixin.py:190} INFO - [2026-07-14T22:49:04.750+0000] {dag.py:3239} INFO - Sync 1 DAGs
[2026-07-14T22:49:04.766+0000] {logging_mixin.py:190} INFO - [2026-07-14T22:49:04.766+0000] {dag.py:4180} INFO - Setting next_dagrun for weather_scrape_and_load to 2026-07-14 22:00:00+00:00, run_after=2026-07-14 23:00:00+00:00
[2026-07-14T22:49:04.783+0000] {processor.py:208} INFO - Processing /opt/airflow/dags/weather_scrape_dag.py took 0.062 seconds
[2026-07-14T22:49:34.836+0000] {processor.py:186} INFO - Started process (PID=8489) to work on /opt/airflow/dags/weather_scrape_dag.py
[2026-07-14T22:49:34.837+0000] {processor.py:914} INFO - Processing file /opt/airflow/dags/weather_scrape_dag.py for tasks to queue
[2026-07-14T22:49:34.838+0000] {logging_mixin.py:190} INFO - [2026-07-14T22:49:34.838+0000] {dagbag.py:588} INFO - Filling up the DagBag from /opt/airflow/dags/weather_scrape_dag.py
[2026-07-14T22:49:34.845+0000] {processor.py:925} INFO - DAG(s) 'weather_scrape_and_load' retrieved from /opt/airflow/dags/weather_scrape_dag.py
[2026-07-14T22:49:34.862+0000] {logging_mixin.py:190} INFO - [2026-07-14T22:49:34.862+0000] {dag.py:3239} INFO - Sync 1 DAGs
[2026-07-14T22:49:34.877+0000] {logging_mixin.py:190} INFO - [2026-07-14T22:49:34.877+0000] {dag.py:4180} INFO - Setting next_dagrun for weather_scrape_and_load to 2026-07-14 22:00:00+00:00, run_after=2026-07-14 23:00:00+00:00
[2026-07-14T22:49:34.888+0000] {processor.py:208} INFO - Processing /opt/airflow/dags/weather_scrape_dag.py took 0.056 seconds
[2026-07-14T22:50:04.995+0000] {processor.py:186} INFO - Started process (PID=8494) to work on /opt/airflow/dags/weather_scrape_dag.py
[2026-07-14T22:50:05.003+0000] {processor.py:914} INFO - Processing file /opt/airflow/dags/weather_scrape_dag.py for tasks to queue
[2026-07-14T22:50:05.005+0000] {logging_mixin.py:190} INFO - [2026-07-14T22:50:05.004+0000] {dagbag.py:588} INFO - Filling up the DagBag from /opt/airflow/dags/weather_scrape_dag.py
[2026-07-14T22:50:05.012+0000] {processor.py:925} INFO - DAG(s) 'weather_scrape_and_load' retrieved from /opt/airflow/dags/weather_scrape_dag.py
[2026-07-14T22:50:05.029+0000] {logging_mixin.py:190} INFO - [2026-07-14T22:50:05.029+0000] {dag.py:3239} INFO - Sync 1 DAGs
[2026-07-14T22:50:05.044+0000] {logging_mixin.py:190} INFO - [2026-07-14T22:50:05.043+0000] {dag.py:4180} INFO - Setting next_dagrun for weather_scrape_and_load to 2026-07-14 22:00:00+00:00, run_after=2026-07-14 23:00:00+00:00
[2026-07-14T22:50:05.056+0000] {processor.py:208} INFO - Processing /opt/airflow/dags/weather_scrape_dag.py took 0.065 seconds
[2026-07-14T22:50:35.107+0000] {processor.py:186} INFO - Started process (PID=8499) to work on /opt/airflow/dags/weather_scrape_dag.py
[2026-07-14T22:50:35.108+0000] {processor.py:914} INFO - Processing file /opt/airflow/dags/weather_scrape_dag.py for tasks to queue
[2026-07-14T22:50:35.109+0000] {logging_mixin.py:190} INFO - [2026-07-14T22:50:35.109+0000] {dagbag.py:588} INFO - Filling up the DagBag from /opt/airflow/dags/weather_scrape_dag.py
[2026-07-14T22:50:35.116+0000] {processor.py:925} INFO - DAG(s) 'weather_scrape_and_load' retrieved from /opt/airflow/dags/weather_scrape_dag.py
[2026-07-14T22:50:35.133+0000] {logging_mixin.py:190} INFO - [2026-07-14T22:50:35.133+0000] {dag.py:3239} INFO - Sync 1 DAGs
[2026-07-14T22:50:35.148+0000] {logging_mixin.py:190} INFO - [2026-07-14T22:50:35.148+0000] {dag.py:4180} INFO - Setting next_dagrun for weather_scrape_and_load to 2026-07-14 22:00:00+00:00, run_after=2026-07-14 23:00:00+00:00
[2026-07-14T22:50:35.161+0000] {processor.py:208} INFO - Processing /opt/airflow/dags/weather_scrape_dag.py took 0.057 seconds
[2026-07-14T22:51:05.265+0000] {processor.py:186} INFO - Started process (PID=8504) to work on /opt/airflow/dags/weather_scrape_dag.py
[2026-07-14T22:51:05.273+0000] {processor.py:914} INFO - Processing file /opt/airflow/dags/weather_scrape_dag.py for tasks to queue
[2026-07-14T22:51:05.275+0000] {logging_mixin.py:190} INFO - [2026-07-14T22:51:05.275+0000] {dagbag.py:588} INFO - Filling up the DagBag from /opt/airflow/dags/weather_scrape_dag.py
[2026-07-14T22:51:05.282+0000] {processor.py:925} INFO - DAG(s) 'weather_scrape_and_load' retrieved from /opt/airflow/dags/weather_scrape_dag.py
[2026-07-14T22:51:05.297+0000] {logging_mixin.py:190} INFO - [2026-07-14T22:51:05.297+0000] {dag.py:3239} INFO - Sync 1 DAGs
[2026-07-14T22:51:05.312+0000] {logging_mixin.py:190} INFO - [2026-07-14T22:51:05.312+0000] {dag.py:4180} INFO - Setting next_dagrun for weather_scrape_and_load to 2026-07-14 22:00:00+00:00, run_after=2026-07-14 23:00:00+00:00
[2026-07-14T22:51:05.324+0000] {processor.py:208} INFO - Processing /opt/airflow/dags/weather_scrape_dag.py took 0.063 seconds
[2026-07-14T22:51:35.373+0000] {processor.py:186} INFO - Started process (PID=8509) to work on /opt/airflow/dags/weather_scrape_dag.py
[2026-07-14T22:51:35.373+0000] {processor.py:914} INFO - Processing file /opt/airflow/dags/weather_scrape_dag.py for tasks to queue
[2026-07-14T22:51:35.375+0000] {logging_mixin.py:190} INFO - [2026-07-14T22:51:35.375+0000] {dagbag.py:588} INFO - Filling up the DagBag from /opt/airflow/dags/weather_scrape_dag.py
[2026-07-14T22:51:35.382+0000] {processor.py:925} INFO - DAG(s) 'weather_scrape_and_load' retrieved from /opt/airflow/dags/weather_scrape_dag.py
[2026-07-14T22:51:35.398+0000] {logging_mixin.py:190} INFO - [2026-07-14T22:51:35.398+0000] {dag.py:3239} INFO - Sync 1 DAGs
[2026-07-14T22:51:35.413+0000] {logging_mixin.py:190} INFO - [2026-07-14T22:51:35.413+0000] {dag.py:4180} INFO - Setting next_dagrun for weather_scrape_and_load to 2026-07-14 22:00:00+00:00, run_after=2026-07-14 23:00:00+00:00
[2026-07-14T22:51:35.426+0000] {processor.py:208} INFO - Processing /opt/airflow/dags/weather_scrape_dag.py took 0.058 seconds
[2026-07-14T22:52:05.531+0000] {processor.py:186} INFO - Started process (PID=8514) to work on /opt/airflow/dags/weather_scrape_dag.py
[2026-07-14T22:52:05.533+0000] {processor.py:914} INFO - Processing file /opt/airflow/dags/weather_scrape_dag.py for tasks to queue
[2026-07-14T22:52:05.534+0000] {logging_mixin.py:190} INFO - [2026-07-14T22:52:05.534+0000] {dagbag.py:588} INFO - Filling up the DagBag from /opt/airflow/dags/weather_scrape_dag.py
[2026-07-14T22:52:05.541+0000] {processor.py:925} INFO - DAG(s) 'weather_scrape_and_load' retrieved from /opt/airflow/dags/weather_scrape_dag.py
[2026-07-14T22:52:05.556+0000] {logging_mixin.py:190} INFO - [2026-07-14T22:52:05.556+0000] {dag.py:3239} INFO - Sync 1 DAGs
[2026-07-14T22:52:05.571+0000] {logging_mixin.py:190} INFO - [2026-07-14T22:52:05.571+0000] {dag.py:4180} INFO - Setting next_dagrun for weather_scrape_and_load to 2026-07-14 22:00:00+00:00, run_after=2026-07-14 23:00:00+00:00
[2026-07-14T22:52:05.584+0000] {processor.py:208} INFO - Processing /opt/airflow/dags/weather_scrape_dag.py took 0.057 seconds
[2026-07-14T22:52:35.637+0000] {processor.py:186} INFO - Started process (PID=8519) to work on /opt/airflow/dags/weather_scrape_dag.py
[2026-07-14T22:52:35.638+0000] {processor.py:914} INFO - Processing file /opt/airflow/dags/weather_scrape_dag.py for tasks to queue
[2026-07-14T22:52:35.640+0000] {logging_mixin.py:190} INFO - [2026-07-14T22:52:35.640+0000] {dagbag.py:588} INFO - Filling up the DagBag from /opt/airflow/dags/weather_scrape_dag.py
[2026-07-14T22:52:35.651+0000] {processor.py:925} INFO - DAG(s) 'weather_scrape_and_load' retrieved from /opt/airflow/dags/weather_scrape_dag.py
[2026-07-14T22:52:35.677+0000] {logging_mixin.py:190} INFO - [2026-07-14T22:52:35.676+0000] {dag.py:3239} INFO - Sync 1 DAGs
[2026-07-14T22:52:35.701+0000] {logging_mixin.py:190} INFO - [2026-07-14T22:52:35.701+0000] {dag.py:4180} INFO - Setting next_dagrun for weather_scrape_and_load to 2026-07-14 22:00:00+00:00, run_after=2026-07-14 23:00:00+00:00
[2026-07-14T22:52:35.717+0000] {processor.py:208} INFO - Processing /opt/airflow/dags/weather_scrape_dag.py took 0.084 seconds
[2026-07-14T22:53:05.798+0000] {processor.py:186} INFO - Started process (PID=8524) to work on /opt/airflow/dags/weather_scrape_dag.py
[2026-07-14T22:53:05.799+0000] {processor.py:914} INFO - Processing file /opt/airflow/dags/weather_scrape_dag.py for tasks to queue
[2026-07-14T22:53:05.800+0000] {logging_mixin.py:190} INFO - [2026-07-14T22:53:05.800+0000] {dagbag.py:588} INFO - Filling up the DagBag from /opt/airflow/dags/weather_scrape_dag.py
[2026-07-14T22:53:05.808+0000] {processor.py:925} INFO - DAG(s) 'weather_scrape_and_load' retrieved from /opt/airflow/dags/weather_scrape_dag.py
[2026-07-14T22:53:05.825+0000] {logging_mixin.py:190} INFO - [2026-07-14T22:53:05.825+0000] {dag.py:3239} INFO - Sync 1 DAGs
[2026-07-14T22:53:05.840+0000] {logging_mixin.py:190} INFO - [2026-07-14T22:53:05.840+0000] {dag.py:4180} INFO - Setting next_dagrun for weather_scrape_and_load to 2026-07-14 22:00:00+00:00, run_after=2026-07-14 23:00:00+00:00
[2026-07-14T22:53:05.853+0000] {processor.py:208} INFO - Processing /opt/airflow/dags/weather_scrape_dag.py took 0.058 seconds
[2026-07-14T22:53:35.928+0000] {processor.py:186} INFO - Started process (PID=8529) to work on /opt/airflow/dags/weather_scrape_dag.py
[2026-07-14T22:53:35.929+0000] {processor.py:914} INFO - Processing file /opt/airflow/dags/weather_scrape_dag.py for tasks to queue
[2026-07-14T22:53:35.930+0000] {logging_mixin.py:190} INFO - [2026-07-14T22:53:35.930+0000] {dagbag.py:588} INFO - Filling up the DagBag from /opt/airflow/dags/weather_scrape_dag.py
[2026-07-14T22:53:35.938+0000] {processor.py:925} INFO - DAG(s) 'weather_scrape_and_load' retrieved from /opt/airflow/dags/weather_scrape_dag.py
[2026-07-14T22:53:35.957+0000] {logging_mixin.py:190} INFO - [2026-07-14T22:53:35.957+0000] {dag.py:3239} INFO - Sync 1 DAGs
[2026-07-14T22:53:35.974+0000] {logging_mixin.py:190} INFO - [2026-07-14T22:53:35.974+0000] {dag.py:4180} INFO - Setting next_dagrun for weather_scrape_and_load to 2026-07-14 22:00:00+00:00, run_after=2026-07-14 23:00:00+00:00
[2026-07-14T22:53:35.987+0000] {processor.py:208} INFO - Processing /opt/airflow/dags/weather_scrape_dag.py took 0.063 seconds
[2026-07-14T22:54:06.052+0000] {processor.py:186} INFO - Started process (PID=8534) to work on /opt/airflow/dags/weather_scrape_dag.py
[2026-07-14T22:54:06.060+0000] {processor.py:914} INFO - Processing file /opt/airflow/dags/weather_scrape_dag.py for tasks to queue
[2026-07-14T22:54:06.062+0000] {logging_mixin.py:190} INFO - [2026-07-14T22:54:06.061+0000] {dagbag.py:588} INFO - Filling up the DagBag from /opt/airflow/dags/weather_scrape_dag.py
[2026-07-14T22:54:06.069+0000] {processor.py:925} INFO - DAG(s) 'weather_scrape_and_load' retrieved from /opt/airflow/dags/weather_scrape_dag.py
[2026-07-14T22:54:06.085+0000] {logging_mixin.py:190} INFO - [2026-07-14T22:54:06.085+0000] {dag.py:3239} INFO - Sync 1 DAGs
[2026-07-14T22:54:06.099+0000] {logging_mixin.py:190} INFO - [2026-07-14T22:54:06.099+0000] {dag.py:4180} INFO - Setting next_dagrun for weather_scrape_and_load to 2026-07-14 22:00:00+00:00, run_after=2026-07-14 23:00:00+00:00
[2026-07-14T22:54:06.112+0000] {processor.py:208} INFO - Processing /opt/airflow/dags/weather_scrape_dag.py took 0.063 seconds
[2026-07-14T22:54:36.195+0000] {processor.py:186} INFO - Started process (PID=8539) to work on /opt/airflow/dags/weather_scrape_dag.py
[2026-07-14T22:54:36.196+0000] {processor.py:914} INFO - Processing file /opt/airflow/dags/weather_scrape_dag.py for tasks to queue
[2026-07-14T22:54:36.197+0000] {logging_mixin.py:190} INFO - [2026-07-14T22:54:36.197+0000] {dagbag.py:588} INFO - Filling up the DagBag from /opt/airflow/dags/weather_scrape_dag.py
[2026-07-14T22:54:36.204+0000] {processor.py:925} INFO - DAG(s) 'weather_scrape_and_load' retrieved from /opt/airflow/dags/weather_scrape_dag.py
[2026-07-14T22:54:36.220+0000] {logging_mixin.py:190} INFO - [2026-07-14T22:54:36.220+0000] {dag.py:3239} INFO - Sync 1 DAGs
[2026-07-14T22:54:36.235+0000] {logging_mixin.py:190} INFO - [2026-07-14T22:54:36.235+0000] {dag.py:4180} INFO - Setting next_dagrun for weather_scrape_and_load to 2026-07-14 22:00:00+00:00, run_after=2026-07-14 23:00:00+00:00
[2026-07-14T22:54:36.248+0000] {processor.py:208} INFO - Processing /opt/airflow/dags/weather_scrape_dag.py took 0.057 seconds
[2026-07-14T22:55:06.328+0000] {processor.py:186} INFO - Started process (PID=8544) to work on /opt/airflow/dags/weather_scrape_dag.py
[2026-07-14T22:55:06.336+0000] {processor.py:914} INFO - Processing file /opt/airflow/dags/weather_scrape_dag.py for tasks to queue
[2026-07-14T22:55:06.338+0000] {logging_mixin.py:190} INFO - [2026-07-14T22:55:06.338+0000] {dagbag.py:588} INFO - Filling up the DagBag from /opt/airflow/dags/weather_scrape_dag.py
[2026-07-14T22:55:06.345+0000] {processor.py:925} INFO - DAG(s) 'weather_scrape_and_load' retrieved from /opt/airflow/dags/weather_scrape_dag.py
[2026-07-14T22:55:06.361+0000] {logging_mixin.py:190} INFO - [2026-07-14T22:55:06.360+0000] {dag.py:3239} INFO - Sync 1 DAGs
[2026-07-14T22:55:06.376+0000] {logging_mixin.py:190} INFO - [2026-07-14T22:55:06.375+0000] {dag.py:4180} INFO - Setting next_dagrun for weather_scrape_and_load to 2026-07-14 22:00:00+00:00, run_after=2026-07-14 23:00:00+00:00
[2026-07-14T22:55:06.389+0000] {processor.py:208} INFO - Processing /opt/airflow/dags/weather_scrape_dag.py took 0.064 seconds
[2026-07-14T22:55:36.452+0000] {processor.py:186} INFO - Started process (PID=8549) to work on /opt/airflow/dags/weather_scrape_dag.py
[2026-07-14T22:55:36.452+0000] {processor.py:914} INFO - Processing file /opt/airflow/dags/weather_scrape_dag.py for tasks to queue
[2026-07-14T22:55:36.454+0000] {logging_mixin.py:190} INFO - [2026-07-14T22:55:36.453+0000] {dagbag.py:588} INFO - Filling up the DagBag from /opt/airflow/dags/weather_scrape_dag.py
[2026-07-14T22:55:36.461+0000] {processor.py:925} INFO - DAG(s) 'weather_scrape_and_load' retrieved from /opt/airflow/dags/weather_scrape_dag.py
[2026-07-14T22:55:36.478+0000] {logging_mixin.py:190} INFO - [2026-07-14T22:55:36.478+0000] {dag.py:3239} INFO - Sync 1 DAGs
[2026-07-14T22:55:36.494+0000] {logging_mixin.py:190} INFO - [2026-07-14T22:55:36.494+0000] {dag.py:4180} INFO - Setting next_dagrun for weather_scrape_and_load to 2026-07-14 22:00:00+00:00, run_after=2026-07-14 23:00:00+00:00
[2026-07-14T22:55:36.506+0000] {processor.py:208} INFO - Processing /opt/airflow/dags/weather_scrape_dag.py took 0.058 seconds
[2026-07-14T22:56:06.587+0000] {processor.py:186} INFO - Started process (PID=8554) to work on /opt/airflow/dags/weather_scrape_dag.py
[2026-07-14T22:56:06.595+0000] {processor.py:914} INFO - Processing file /opt/airflow/dags/weather_scrape_dag.py for tasks to queue
[2026-07-14T22:56:06.597+0000] {logging_mixin.py:190} INFO - [2026-07-14T22:56:06.596+0000] {dagbag.py:588} INFO - Filling up the DagBag from /opt/airflow/dags/weather_scrape_dag.py
[2026-07-14T22:56:06.604+0000] {processor.py:925} INFO - DAG(s) 'weather_scrape_and_load' retrieved from /opt/airflow/dags/weather_scrape_dag.py
[2026-07-14T22:56:06.620+0000] {logging_mixin.py:190} INFO - [2026-07-14T22:56:06.619+0000] {dag.py:3239} INFO - Sync 1 DAGs
[2026-07-14T22:56:06.635+0000] {logging_mixin.py:190} INFO - [2026-07-14T22:56:06.635+0000] {dag.py:4180} INFO - Setting next_dagrun for weather_scrape_and_load to 2026-07-14 22:00:00+00:00, run_after=2026-07-14 23:00:00+00:00
[2026-07-14T22:56:06.649+0000] {processor.py:208} INFO - Processing /opt/airflow/dags/weather_scrape_dag.py took 0.066 seconds
[2026-07-14T22:56:36.713+0000] {processor.py:186} INFO - Started process (PID=8559) to work on /opt/airflow/dags/weather_scrape_dag.py
[2026-07-14T22:56:36.713+0000] {processor.py:914} INFO - Processing file /opt/airflow/dags/weather_scrape_dag.py for tasks to queue
[2026-07-14T22:56:36.714+0000] {logging_mixin.py:190} INFO - [2026-07-14T22:56:36.714+0000] {dagbag.py:588} INFO - Filling up the DagBag from /opt/airflow/dags/weather_scrape_dag.py
[2026-07-14T22:56:36.721+0000] {processor.py:925} INFO - DAG(s) 'weather_scrape_and_load' retrieved from /opt/airflow/dags/weather_scrape_dag.py
[2026-07-14T22:56:36.737+0000] {logging_mixin.py:190} INFO - [2026-07-14T22:56:36.737+0000] {dag.py:3239} INFO - Sync 1 DAGs
[2026-07-14T22:56:36.753+0000] {logging_mixin.py:190} INFO - [2026-07-14T22:56:36.753+0000] {dag.py:4180} INFO - Setting next_dagrun for weather_scrape_and_load to 2026-07-14 22:00:00+00:00, run_after=2026-07-14 23:00:00+00:00
[2026-07-14T22:56:36.766+0000] {processor.py:208} INFO - Processing /opt/airflow/dags/weather_scrape_dag.py took 0.058 seconds
[2026-07-14T22:57:06.860+0000] {processor.py:186} INFO - Started process (PID=8564) to work on /opt/airflow/dags/weather_scrape_dag.py
[2026-07-14T22:57:06.860+0000] {processor.py:914} INFO - Processing file /opt/airflow/dags/weather_scrape_dag.py for tasks to queue
[2026-07-14T22:57:06.862+0000] {logging_mixin.py:190} INFO - [2026-07-14T22:57:06.862+0000] {dagbag.py:588} INFO - Filling up the DagBag from /opt/airflow/dags/weather_scrape_dag.py
[2026-07-14T22:57:06.869+0000] {processor.py:925} INFO - DAG(s) 'weather_scrape_and_load' retrieved from /opt/airflow/dags/weather_scrape_dag.py
[2026-07-14T22:57:06.888+0000] {logging_mixin.py:190} INFO - [2026-07-14T22:57:06.888+0000] {dag.py:3239} INFO - Sync 1 DAGs
[2026-07-14T22:57:06.904+0000] {logging_mixin.py:190} INFO - [2026-07-14T22:57:06.904+0000] {dag.py:4180} INFO - Setting next_dagrun for weather_scrape_and_load to 2026-07-14 22:00:00+00:00, run_after=2026-07-14 23:00:00+00:00
[2026-07-14T22:57:06.918+0000] {processor.py:208} INFO - Processing /opt/airflow/dags/weather_scrape_dag.py took 0.063 seconds
[2026-07-14T22:57:36.974+0000] {processor.py:186} INFO - Started process (PID=8570) to work on /opt/airflow/dags/weather_scrape_dag.py
[2026-07-14T22:57:36.974+0000] {processor.py:914} INFO - Processing file /opt/airflow/dags/weather_scrape_dag.py for tasks to queue
[2026-07-14T22:57:36.975+0000] {logging_mixin.py:190} INFO - [2026-07-14T22:57:36.975+0000] {dagbag.py:588} INFO - Filling up the DagBag from /opt/airflow/dags/weather_scrape_dag.py
[2026-07-14T22:57:36.982+0000] {processor.py:925} INFO - DAG(s) 'weather_scrape_and_load' retrieved from /opt/airflow/dags/weather_scrape_dag.py
[2026-07-14T22:57:36.999+0000] {logging_mixin.py:190} INFO - [2026-07-14T22:57:36.999+0000] {dag.py:3239} INFO - Sync 1 DAGs
[2026-07-14T22:57:37.015+0000] {logging_mixin.py:190} INFO - [2026-07-14T22:57:37.015+0000] {dag.py:4180} INFO - Setting next_dagrun for weather_scrape_and_load to 2026-07-14 22:00:00+00:00, run_after=2026-07-14 23:00:00+00:00
[2026-07-14T22:57:37.029+0000] {processor.py:208} INFO - Processing /opt/airflow/dags/weather_scrape_dag.py took 0.059 seconds
[2026-07-14T22:58:07.134+0000] {processor.py:186} INFO - Started process (PID=8575) to work on /opt/airflow/dags/weather_scrape_dag.py
[2026-07-14T22:58:07.142+0000] {processor.py:914} INFO - Processing file /opt/airflow/dags/weather_scrape_dag.py for tasks to queue
[2026-07-14T22:58:07.143+0000] {logging_mixin.py:190} INFO - [2026-07-14T22:58:07.143+0000] {dagbag.py:588} INFO - Filling up the DagBag from /opt/airflow/dags/weather_scrape_dag.py
[2026-07-14T22:58:07.152+0000] {processor.py:925} INFO - DAG(s) 'weather_scrape_and_load' retrieved from /opt/airflow/dags/weather_scrape_dag.py
[2026-07-14T22:58:07.168+0000] {logging_mixin.py:190} INFO - [2026-07-14T22:58:07.167+0000] {dag.py:3239} INFO - Sync 1 DAGs
[2026-07-14T22:58:07.183+0000] {logging_mixin.py:190} INFO - [2026-07-14T22:58:07.183+0000] {dag.py:4180} INFO - Setting next_dagrun for weather_scrape_and_load to 2026-07-14 22:00:00+00:00, run_after=2026-07-14 23:00:00+00:00
[2026-07-14T22:58:07.196+0000] {processor.py:208} INFO - Processing /opt/airflow/dags/weather_scrape_dag.py took 0.066 seconds
[2026-07-14T22:58:37.247+0000] {processor.py:186} INFO - Started process (PID=8580) to work on /opt/airflow/dags/weather_scrape_dag.py
[2026-07-14T22:58:37.248+0000] {processor.py:914} INFO - Processing file /opt/airflow/dags/weather_scrape_dag.py for tasks to queue
[2026-07-14T22:58:37.250+0000] {logging_mixin.py:190} INFO - [2026-07-14T22:58:37.249+0000] {dagbag.py:588} INFO - Filling up the DagBag from /opt/airflow/dags/weather_scrape_dag.py
[2026-07-14T22:58:37.257+0000] {processor.py:925} INFO - DAG(s) 'weather_scrape_and_load' retrieved from /opt/airflow/dags/weather_scrape_dag.py
[2026-07-14T22:58:37.274+0000] {logging_mixin.py:190} INFO - [2026-07-14T22:58:37.273+0000] {dag.py:3239} INFO - Sync 1 DAGs
[2026-07-14T22:58:37.289+0000] {logging_mixin.py:190} INFO - [2026-07-14T22:58:37.289+0000] {dag.py:4180} INFO - Setting next_dagrun for weather_scrape_and_load to 2026-07-14 22:00:00+00:00, run_after=2026-07-14 23:00:00+00:00
[2026-07-14T22:58:37.301+0000] {processor.py:208} INFO - Processing /opt/airflow/dags/weather_scrape_dag.py took 0.058 seconds
[2026-07-14T22:59:07.405+0000] {processor.py:186} INFO - Started process (PID=8585) to work on /opt/airflow/dags/weather_scrape_dag.py
[2026-07-14T22:59:07.413+0000] {processor.py:914} INFO - Processing file /opt/airflow/dags/weather_scrape_dag.py for tasks to queue
[2026-07-14T22:59:07.414+0000] {logging_mixin.py:190} INFO - [2026-07-14T22:59:07.414+0000] {dagbag.py:588} INFO - Filling up the DagBag from /opt/airflow/dags/weather_scrape_dag.py
[2026-07-14T22:59:07.422+0000] {processor.py:925} INFO - DAG(s) 'weather_scrape_and_load' retrieved from /opt/airflow/dags/weather_scrape_dag.py
[2026-07-14T22:59:07.439+0000] {logging_mixin.py:190} INFO - [2026-07-14T22:59:07.439+0000] {dag.py:3239} INFO - Sync 1 DAGs
[2026-07-14T22:59:07.456+0000] {logging_mixin.py:190} INFO - [2026-07-14T22:59:07.456+0000] {dag.py:4180} INFO - Setting next_dagrun for weather_scrape_and_load to 2026-07-14 22:00:00+00:00, run_after=2026-07-14 23:00:00+00:00
[2026-07-14T22:59:07.469+0000] {processor.py:208} INFO - Processing /opt/airflow/dags/weather_scrape_dag.py took 0.068 seconds
[2026-07-14T22:59:37.524+0000] {processor.py:186} INFO - Started process (PID=8590) to work on /opt/airflow/dags/weather_scrape_dag.py
[2026-07-14T22:59:37.524+0000] {processor.py:914} INFO - Processing file /opt/airflow/dags/weather_scrape_dag.py for tasks to queue
[2026-07-14T22:59:37.526+0000] {logging_mixin.py:190} INFO - [2026-07-14T22:59:37.526+0000] {dagbag.py:588} INFO - Filling up the DagBag from /opt/airflow/dags/weather_scrape_dag.py
[2026-07-14T22:59:37.533+0000] {processor.py:925} INFO - DAG(s) 'weather_scrape_and_load' retrieved from /opt/airflow/dags/weather_scrape_dag.py
[2026-07-14T22:59:37.550+0000] {logging_mixin.py:190} INFO - [2026-07-14T22:59:37.549+0000] {dag.py:3239} INFO - Sync 1 DAGs
[2026-07-14T22:59:37.564+0000] {logging_mixin.py:190} INFO - [2026-07-14T22:59:37.564+0000] {dag.py:4180} INFO - Setting next_dagrun for weather_scrape_and_load to 2026-07-14 22:00:00+00:00, run_after=2026-07-14 23:00:00+00:00
[2026-07-14T22:59:37.577+0000] {processor.py:208} INFO - Processing /opt/airflow/dags/weather_scrape_dag.py took 0.057 seconds
[2026-07-14T23:00:07.672+0000] {processor.py:186} INFO - Started process (PID=8599) to work on /opt/airflow/dags/weather_scrape_dag.py
[2026-07-14T23:00:07.680+0000] {processor.py:914} INFO - Processing file /opt/airflow/dags/weather_scrape_dag.py for tasks to queue
[2026-07-14T23:00:07.681+0000] {logging_mixin.py:190} INFO - [2026-07-14T23:00:07.681+0000] {dagbag.py:588} INFO - Filling up the DagBag from /opt/airflow/dags/weather_scrape_dag.py
[2026-07-14T23:00:07.689+0000] {processor.py:925} INFO - DAG(s) 'weather_scrape_and_load' retrieved from /opt/airflow/dags/weather_scrape_dag.py
[2026-07-14T23:00:07.705+0000] {logging_mixin.py:190} INFO - [2026-07-14T23:00:07.705+0000] {dag.py:3239} INFO - Sync 1 DAGs
[2026-07-14T23:00:07.719+0000] {logging_mixin.py:190} INFO - [2026-07-14T23:00:07.719+0000] {dag.py:4180} INFO - Setting next_dagrun for weather_scrape_and_load to 2026-07-14 23:00:00+00:00, run_after=2026-07-15 00:00:00+00:00
[2026-07-14T23:00:07.733+0000] {processor.py:208} INFO - Processing /opt/airflow/dags/weather_scrape_dag.py took 0.066 seconds
[2026-07-14T23:00:37.780+0000] {processor.py:186} INFO - Started process (PID=8616) to work on /opt/airflow/dags/weather_scrape_dag.py
[2026-07-14T23:00:37.781+0000] {processor.py:914} INFO - Processing file /opt/airflow/dags/weather_scrape_dag.py for tasks to queue
[2026-07-14T23:00:37.782+0000] {logging_mixin.py:190} INFO - [2026-07-14T23:00:37.782+0000] {dagbag.py:588} INFO - Filling up the DagBag from /opt/airflow/dags/weather_scrape_dag.py
[2026-07-14T23:00:37.790+0000] {processor.py:925} INFO - DAG(s) 'weather_scrape_and_load' retrieved from /opt/airflow/dags/weather_scrape_dag.py
[2026-07-14T23:00:37.806+0000] {logging_mixin.py:190} INFO - [2026-07-14T23:00:37.806+0000] {dag.py:3239} INFO - Sync 1 DAGs
[2026-07-14T23:00:37.822+0000] {logging_mixin.py:190} INFO - [2026-07-14T23:00:37.822+0000] {dag.py:4180} INFO - Setting next_dagrun for weather_scrape_and_load to 2026-07-14 23:00:00+00:00, run_after=2026-07-15 00:00:00+00:00
[2026-07-14T23:00:37.835+0000] {processor.py:208} INFO - Processing /opt/airflow/dags/weather_scrape_dag.py took 0.059 seconds
[2026-07-14T23:01:07.945+0000] {processor.py:186} INFO - Started process (PID=8621) to work on /opt/airflow/dags/weather_scrape_dag.py
[2026-07-14T23:01:07.953+0000] {processor.py:914} INFO - Processing file /opt/airflow/dags/weather_scrape_dag.py for tasks to queue
[2026-07-14T23:01:07.954+0000] {logging_mixin.py:190} INFO - [2026-07-14T23:01:07.954+0000] {dagbag.py:588} INFO - Filling up the DagBag from /opt/airflow/dags/weather_scrape_dag.py
[2026-07-14T23:01:07.962+0000] {processor.py:925} INFO - DAG(s) 'weather_scrape_and_load' retrieved from /opt/airflow/dags/weather_scrape_dag.py
[2026-07-14T23:01:07.978+0000] {logging_mixin.py:190} INFO - [2026-07-14T23:01:07.978+0000] {dag.py:3239} INFO - Sync 1 DAGs
[2026-07-14T23:01:07.993+0000] {logging_mixin.py:190} INFO - [2026-07-14T23:01:07.993+0000] {dag.py:4180} INFO - Setting next_dagrun for weather_scrape_and_load to 2026-07-14 23:00:00+00:00, run_after=2026-07-15 00:00:00+00:00
[2026-07-14T23:01:08.007+0000] {processor.py:208} INFO - Processing /opt/airflow/dags/weather_scrape_dag.py took 0.066 seconds
[2026-07-14T23:01:38.059+0000] {processor.py:186} INFO - Started process (PID=8626) to work on /opt/airflow/dags/weather_scrape_dag.py
[2026-07-14T23:01:38.059+0000] {processor.py:914} INFO - Processing file /opt/airflow/dags/weather_scrape_dag.py for tasks to queue
[2026-07-14T23:01:38.061+0000] {logging_mixin.py:190} INFO - [2026-07-14T23:01:38.060+0000] {dagbag.py:588} INFO - Filling up the DagBag from /opt/airflow/dags/weather_scrape_dag.py
[2026-07-14T23:01:38.068+0000] {processor.py:925} INFO - DAG(s) 'weather_scrape_and_load' retrieved from /opt/airflow/dags/weather_scrape_dag.py
[2026-07-14T23:01:38.085+0000] {logging_mixin.py:190} INFO - [2026-07-14T23:01:38.084+0000] {dag.py:3239} INFO - Sync 1 DAGs
[2026-07-14T23:01:38.100+0000] {logging_mixin.py:190} INFO - [2026-07-14T23:01:38.100+0000] {dag.py:4180} INFO - Setting next_dagrun for weather_scrape_and_load to 2026-07-14 23:00:00+00:00, run_after=2026-07-15 00:00:00+00:00
[2026-07-14T23:01:38.113+0000] {processor.py:208} INFO - Processing /opt/airflow/dags/weather_scrape_dag.py took 0.059 seconds
[2026-07-14T23:02:08.225+0000] {processor.py:186} INFO - Started process (PID=8631) to work on /opt/airflow/dags/weather_scrape_dag.py
[2026-07-14T23:02:08.225+0000] {processor.py:914} INFO - Processing file /opt/airflow/dags/weather_scrape_dag.py for tasks to queue
[2026-07-14T23:02:08.227+0000] {logging_mixin.py:190} INFO - [2026-07-14T23:02:08.227+0000] {dagbag.py:588} INFO - Filling up the DagBag from /opt/airflow/dags/weather_scrape_dag.py
[2026-07-14T23:02:08.234+0000] {processor.py:925} INFO - DAG(s) 'weather_scrape_and_load' retrieved from /opt/airflow/dags/weather_scrape_dag.py
[2026-07-14T23:02:08.250+0000] {logging_mixin.py:190} INFO - [2026-07-14T23:02:08.250+0000] {dag.py:3239} INFO - Sync 1 DAGs
[2026-07-14T23:02:08.265+0000] {logging_mixin.py:190} INFO - [2026-07-14T23:02:08.265+0000] {dag.py:4180} INFO - Setting next_dagrun for weather_scrape_and_load to 2026-07-14 23:00:00+00:00, run_after=2026-07-15 00:00:00+00:00
[2026-07-14T23:02:08.278+0000] {processor.py:208} INFO - Processing /opt/airflow/dags/weather_scrape_dag.py took 0.057 seconds
[2026-07-14T23:02:38.342+0000] {processor.py:186} INFO - Started process (PID=8636) to work on /opt/airflow/dags/weather_scrape_dag.py
[2026-07-14T23:02:38.342+0000] {processor.py:914} INFO - Processing file /opt/airflow/dags/weather_scrape_dag.py for tasks to queue
[2026-07-14T23:02:38.344+0000] {logging_mixin.py:190} INFO - [2026-07-14T23:02:38.344+0000] {dagbag.py:588} INFO - Filling up the DagBag from /opt/airflow/dags/weather_scrape_dag.py
[2026-07-14T23:02:38.351+0000] {processor.py:925} INFO - DAG(s) 'weather_scrape_and_load' retrieved from /opt/airflow/dags/weather_scrape_dag.py
[2026-07-14T23:02:38.367+0000] {logging_mixin.py:190} INFO - [2026-07-14T23:02:38.367+0000] {dag.py:3239} INFO - Sync 1 DAGs
[2026-07-14T23:02:38.383+0000] {logging_mixin.py:190} INFO - [2026-07-14T23:02:38.383+0000] {dag.py:4180} INFO - Setting next_dagrun for weather_scrape_and_load to 2026-07-14 23:00:00+00:00, run_after=2026-07-15 00:00:00+00:00
[2026-07-14T23:02:38.395+0000] {processor.py:208} INFO - Processing /opt/airflow/dags/weather_scrape_dag.py took 0.057 seconds
[2026-07-14T23:03:08.483+0000] {processor.py:186} INFO - Started process (PID=8641) to work on /opt/airflow/dags/weather_scrape_dag.py
[2026-07-14T23:03:08.491+0000] {processor.py:914} INFO - Processing file /opt/airflow/dags/weather_scrape_dag.py for tasks to queue
[2026-07-14T23:03:08.493+0000] {logging_mixin.py:190} INFO - [2026-07-14T23:03:08.493+0000] {dagbag.py:588} INFO - Filling up the DagBag from /opt/airflow/dags/weather_scrape_dag.py
[2026-07-14T23:03:08.500+0000] {processor.py:925} INFO - DAG(s) 'weather_scrape_and_load' retrieved from /opt/airflow/dags/weather_scrape_dag.py
[2026-07-14T23:03:08.518+0000] {logging_mixin.py:190} INFO - [2026-07-14T23:03:08.518+0000] {dag.py:3239} INFO - Sync 1 DAGs
[2026-07-14T23:03:08.535+0000] {logging_mixin.py:190} INFO - [2026-07-14T23:03:08.534+0000] {dag.py:4180} INFO - Setting next_dagrun for weather_scrape_and_load to 2026-07-14 23:00:00+00:00, run_after=2026-07-15 00:00:00+00:00
[2026-07-14T23:03:08.547+0000] {processor.py:208} INFO - Processing /opt/airflow/dags/weather_scrape_dag.py took 0.068 seconds
[2026-07-14T23:03:38.599+0000] {processor.py:186} INFO - Started process (PID=8646) to work on /opt/airflow/dags/weather_scrape_dag.py
[2026-07-14T23:03:38.600+0000] {processor.py:914} INFO - Processing file /opt/airflow/dags/weather_scrape_dag.py for tasks to queue
[2026-07-14T23:03:38.601+0000] {logging_mixin.py:190} INFO - [2026-07-14T23:03:38.601+0000] {dagbag.py:588} INFO - Filling up the DagBag from /opt/airflow/dags/weather_scrape_dag.py
[2026-07-14T23:03:38.610+0000] {processor.py:925} INFO - DAG(s) 'weather_scrape_and_load' retrieved from /opt/airflow/dags/weather_scrape_dag.py
[2026-07-14T23:03:38.627+0000] {logging_mixin.py:190} INFO - [2026-07-14T23:03:38.627+0000] {dag.py:3239} INFO - Sync 1 DAGs
[2026-07-14T23:03:38.646+0000] {logging_mixin.py:190} INFO - [2026-07-14T23:03:38.646+0000] {dag.py:4180} INFO - Setting next_dagrun for weather_scrape_and_load to 2026-07-14 23:00:00+00:00, run_after=2026-07-15 00:00:00+00:00
[2026-07-14T23:03:38.660+0000] {processor.py:208} INFO - Processing /opt/airflow/dags/weather_scrape_dag.py took 0.065 seconds
[2026-07-14T23:04:08.755+0000] {processor.py:186} INFO - Started process (PID=8651) to work on /opt/airflow/dags/weather_scrape_dag.py
[2026-07-14T23:04:08.759+0000] {processor.py:914} INFO - Processing file /opt/airflow/dags/weather_scrape_dag.py for tasks to queue
[2026-07-14T23:04:08.761+0000] {logging_mixin.py:190} INFO - [2026-07-14T23:04:08.760+0000] {dagbag.py:588} INFO - Filling up the DagBag from /opt/airflow/dags/weather_scrape_dag.py
[2026-07-14T23:04:08.768+0000] {processor.py:925} INFO - DAG(s) 'weather_scrape_and_load' retrieved from /opt/airflow/dags/weather_scrape_dag.py
[2026-07-14T23:04:08.783+0000] {logging_mixin.py:190} INFO - [2026-07-14T23:04:08.783+0000] {dag.py:3239} INFO - Sync 1 DAGs
[2026-07-14T23:04:08.798+0000] {logging_mixin.py:190} INFO - [2026-07-14T23:04:08.798+0000] {dag.py:4180} INFO - Setting next_dagrun for weather_scrape_and_load to 2026-07-14 23:00:00+00:00, run_after=2026-07-15 00:00:00+00:00
[2026-07-14T23:04:08.810+0000] {processor.py:208} INFO - Processing /opt/airflow/dags/weather_scrape_dag.py took 0.060 seconds
[2026-07-14T23:04:38.870+0000] {processor.py:186} INFO - Started process (PID=8656) to work on /opt/airflow/dags/weather_scrape_dag.py
[2026-07-14T23:04:38.871+0000] {processor.py:914} INFO - Processing file /opt/airflow/dags/weather_scrape_dag.py for tasks to queue
[2026-07-14T23:04:38.872+0000] {logging_mixin.py:190} INFO - [2026-07-14T23:04:38.872+0000] {dagbag.py:588} INFO - Filling up the DagBag from /opt/airflow/dags/weather_scrape_dag.py
[2026-07-14T23:04:38.880+0000] {processor.py:925} INFO - DAG(s) 'weather_scrape_and_load' retrieved from /opt/airflow/dags/weather_scrape_dag.py
[2026-07-14T23:04:38.896+0000] {logging_mixin.py:190} INFO - [2026-07-14T23:04:38.896+0000] {dag.py:3239} INFO - Sync 1 DAGs
[2026-07-14T23:04:38.911+0000] {logging_mixin.py:190} INFO - [2026-07-14T23:04:38.911+0000] {dag.py:4180} INFO - Setting next_dagrun for weather_scrape_and_load to 2026-07-14 23:00:00+00:00, run_after=2026-07-15 00:00:00+00:00
[2026-07-14T23:04:38.923+0000] {processor.py:208} INFO - Processing /opt/airflow/dags/weather_scrape_dag.py took 0.056 seconds
[2026-07-14T23:05:09.020+0000] {processor.py:186} INFO - Started process (PID=8661) to work on /opt/airflow/dags/weather_scrape_dag.py
[2026-07-14T23:05:09.028+0000] {processor.py:914} INFO - Processing file /opt/airflow/dags/weather_scrape_dag.py for tasks to queue
[2026-07-14T23:05:09.030+0000] {logging_mixin.py:190} INFO - [2026-07-14T23:05:09.029+0000] {dagbag.py:588} INFO - Filling up the DagBag from /opt/airflow/dags/weather_scrape_dag.py
[2026-07-14T23:05:09.036+0000] {processor.py:925} INFO - DAG(s) 'weather_scrape_and_load' retrieved from /opt/airflow/dags/weather_scrape_dag.py
[2026-07-14T23:05:09.052+0000] {logging_mixin.py:190} INFO - [2026-07-14T23:05:09.052+0000] {dag.py:3239} INFO - Sync 1 DAGs
[2026-07-14T23:05:09.067+0000] {logging_mixin.py:190} INFO - [2026-07-14T23:05:09.067+0000] {dag.py:4180} INFO - Setting next_dagrun for weather_scrape_and_load to 2026-07-14 23:00:00+00:00, run_after=2026-07-15 00:00:00+00:00
[2026-07-14T23:05:09.080+0000] {processor.py:208} INFO - Processing /opt/airflow/dags/weather_scrape_dag.py took 0.064 seconds
[2026-07-14T23:05:39.128+0000] {processor.py:186} INFO - Started process (PID=8678) to work on /opt/airflow/dags/weather_scrape_dag.py
[2026-07-14T23:05:39.128+0000] {processor.py:914} INFO - Processing file /opt/airflow/dags/weather_scrape_dag.py for tasks to queue
[2026-07-14T23:05:39.130+0000] {logging_mixin.py:190} INFO - [2026-07-14T23:05:39.130+0000] {dagbag.py:588} INFO - Filling up the DagBag from /opt/airflow/dags/weather_scrape_dag.py
[2026-07-14T23:05:39.137+0000] {processor.py:925} INFO - DAG(s) 'weather_scrape_and_load' retrieved from /opt/airflow/dags/weather_scrape_dag.py
[2026-07-14T23:05:39.154+0000] {logging_mixin.py:190} INFO - [2026-07-14T23:05:39.154+0000] {dag.py:3239} INFO - Sync 1 DAGs
[2026-07-14T23:05:39.168+0000] {logging_mixin.py:190} INFO - [2026-07-14T23:05:39.168+0000] {dag.py:4180} INFO - Setting next_dagrun for weather_scrape_and_load to 2026-07-14 23:00:00+00:00, run_after=2026-07-15 00:00:00+00:00
[2026-07-14T23:05:39.182+0000] {processor.py:208} INFO - Processing /opt/airflow/dags/weather_scrape_dag.py took 0.058 seconds
[2026-07-14T23:06:09.288+0000] {processor.py:186} INFO - Started process (PID=8683) to work on /opt/airflow/dags/weather_scrape_dag.py
[2026-07-14T23:06:09.289+0000] {processor.py:914} INFO - Processing file /opt/airflow/dags/weather_scrape_dag.py for tasks to queue
[2026-07-14T23:06:09.290+0000] {logging_mixin.py:190} INFO - [2026-07-14T23:06:09.290+0000] {dagbag.py:588} INFO - Filling up the DagBag from /opt/airflow/dags/weather_scrape_dag.py
[2026-07-14T23:06:09.297+0000] {processor.py:925} INFO - DAG(s) 'weather_scrape_and_load' retrieved from /opt/airflow/dags/weather_scrape_dag.py
[2026-07-14T23:06:09.313+0000] {logging_mixin.py:190} INFO - [2026-07-14T23:06:09.313+0000] {dag.py:3239} INFO - Sync 1 DAGs
[2026-07-14T23:06:09.328+0000] {logging_mixin.py:190} INFO - [2026-07-14T23:06:09.328+0000] {dag.py:4180} INFO - Setting next_dagrun for weather_scrape_and_load to 2026-07-14 23:00:00+00:00, run_after=2026-07-15 00:00:00+00:00
[2026-07-14T23:06:09.341+0000] {processor.py:208} INFO - Processing /opt/airflow/dags/weather_scrape_dag.py took 0.056 seconds
[2026-07-14T23:06:39.394+0000] {processor.py:186} INFO - Started process (PID=8688) to work on /opt/airflow/dags/weather_scrape_dag.py
[2026-07-14T23:06:39.394+0000] {processor.py:914} INFO - Processing file /opt/airflow/dags/weather_scrape_dag.py for tasks to queue
[2026-07-14T23:06:39.396+0000] {logging_mixin.py:190} INFO - [2026-07-14T23:06:39.396+0000] {dagbag.py:588} INFO - Filling up the DagBag from /opt/airflow/dags/weather_scrape_dag.py
[2026-07-14T23:06:39.404+0000] {processor.py:925} INFO - DAG(s) 'weather_scrape_and_load' retrieved from /opt/airflow/dags/weather_scrape_dag.py
[2026-07-14T23:06:39.420+0000] {logging_mixin.py:190} INFO - [2026-07-14T23:06:39.420+0000] {dag.py:3239} INFO - Sync 1 DAGs
[2026-07-14T23:06:39.436+0000] {logging_mixin.py:190} INFO - [2026-07-14T23:06:39.436+0000] {dag.py:4180} INFO - Setting next_dagrun for weather_scrape_and_load to 2026-07-14 23:00:00+00:00, run_after=2026-07-15 00:00:00+00:00
[2026-07-14T23:06:39.448+0000] {processor.py:208} INFO - Processing /opt/airflow/dags/weather_scrape_dag.py took 0.058 seconds
[2026-07-14T23:07:09.541+0000] {processor.py:186} INFO - Started process (PID=8693) to work on /opt/airflow/dags/weather_scrape_dag.py
[2026-07-14T23:07:09.549+0000] {processor.py:914} INFO - Processing file /opt/airflow/dags/weather_scrape_dag.py for tasks to queue
[2026-07-14T23:07:09.551+0000] {logging_mixin.py:190} INFO - [2026-07-14T23:07:09.551+0000] {dagbag.py:588} INFO - Filling up the DagBag from /opt/airflow/dags/weather_scrape_dag.py
[2026-07-14T23:07:09.558+0000] {processor.py:925} INFO - DAG(s) 'weather_scrape_and_load' retrieved from /opt/airflow/dags/weather_scrape_dag.py
[2026-07-14T23:07:09.574+0000] {logging_mixin.py:190} INFO - [2026-07-14T23:07:09.574+0000] {dag.py:3239} INFO - Sync 1 DAGs
[2026-07-14T23:07:09.590+0000] {logging_mixin.py:190} INFO - [2026-07-14T23:07:09.589+0000] {dag.py:4180} INFO - Setting next_dagrun for weather_scrape_and_load to 2026-07-14 23:00:00+00:00, run_after=2026-07-15 00:00:00+00:00
[2026-07-14T23:07:09.603+0000] {processor.py:208} INFO - Processing /opt/airflow/dags/weather_scrape_dag.py took 0.065 seconds
[2026-07-14T23:07:39.655+0000] {processor.py:186} INFO - Started process (PID=8698) to work on /opt/airflow/dags/weather_scrape_dag.py
[2026-07-14T23:07:39.655+0000] {processor.py:914} INFO - Processing file /opt/airflow/dags/weather_scrape_dag.py for tasks to queue
[2026-07-14T23:07:39.657+0000] {logging_mixin.py:190} INFO - [2026-07-14T23:07:39.656+0000] {dagbag.py:588} INFO - Filling up the DagBag from /opt/airflow/dags/weather_scrape_dag.py
[2026-07-14T23:07:39.664+0000] {processor.py:925} INFO - DAG(s) 'weather_scrape_and_load' retrieved from /opt/airflow/dags/weather_scrape_dag.py
[2026-07-14T23:07:39.680+0000] {logging_mixin.py:190} INFO - [2026-07-14T23:07:39.679+0000] {dag.py:3239} INFO - Sync 1 DAGs
[2026-07-14T23:07:39.694+0000] {logging_mixin.py:190} INFO - [2026-07-14T23:07:39.694+0000] {dag.py:4180} INFO - Setting next_dagrun for weather_scrape_and_load to 2026-07-14 23:00:00+00:00, run_after=2026-07-15 00:00:00+00:00
[2026-07-14T23:07:39.706+0000] {processor.py:208} INFO - Processing /opt/airflow/dags/weather_scrape_dag.py took 0.055 seconds
[2026-07-14T23:08:09.810+0000] {processor.py:186} INFO - Started process (PID=8703) to work on /opt/airflow/dags/weather_scrape_dag.py
[2026-07-14T23:08:09.818+0000] {processor.py:914} INFO - Processing file /opt/airflow/dags/weather_scrape_dag.py for tasks to queue
[2026-07-14T23:08:09.820+0000] {logging_mixin.py:190} INFO - [2026-07-14T23:08:09.819+0000] {dagbag.py:588} INFO - Filling up the DagBag from /opt/airflow/dags/weather_scrape_dag.py
[2026-07-14T23:08:09.827+0000] {processor.py:925} INFO - DAG(s) 'weather_scrape_and_load' retrieved from /opt/airflow/dags/weather_scrape_dag.py
[2026-07-14T23:08:09.847+0000] {logging_mixin.py:190} INFO - [2026-07-14T23:08:09.847+0000] {dag.py:3239} INFO - Sync 1 DAGs
[2026-07-14T23:08:09.866+0000] {logging_mixin.py:190} INFO - [2026-07-14T23:08:09.866+0000] {dag.py:4180} INFO - Setting next_dagrun for weather_scrape_and_load to 2026-07-14 23:00:00+00:00, run_after=2026-07-15 00:00:00+00:00
[2026-07-14T23:08:09.891+0000] {processor.py:208} INFO - Processing /opt/airflow/dags/weather_scrape_dag.py took 0.085 seconds
[2026-07-14T23:08:39.920+0000] {processor.py:186} INFO - Started process (PID=8708) to work on /opt/airflow/dags/weather_scrape_dag.py
[2026-07-14T23:08:39.920+0000] {processor.py:914} INFO - Processing file /opt/airflow/dags/weather_scrape_dag.py for tasks to queue
[2026-07-14T23:08:39.922+0000] {logging_mixin.py:190} INFO - [2026-07-14T23:08:39.922+0000] {dagbag.py:588} INFO - Filling up the DagBag from /opt/airflow/dags/weather_scrape_dag.py
[2026-07-14T23:08:39.929+0000] {processor.py:925} INFO - DAG(s) 'weather_scrape_and_load' retrieved from /opt/airflow/dags/weather_scrape_dag.py
[2026-07-14T23:08:39.946+0000] {logging_mixin.py:190} INFO - [2026-07-14T23:08:39.945+0000] {dag.py:3239} INFO - Sync 1 DAGs
[2026-07-14T23:08:39.960+0000] {logging_mixin.py:190} INFO - [2026-07-14T23:08:39.960+0000] {dag.py:4180} INFO - Setting next_dagrun for weather_scrape_and_load to 2026-07-14 23:00:00+00:00, run_after=2026-07-15 00:00:00+00:00
[2026-07-14T23:08:39.974+0000] {processor.py:208} INFO - Processing /opt/airflow/dags/weather_scrape_dag.py took 0.058 seconds
[2026-07-14T23:09:10.027+0000] {processor.py:186} INFO - Started process (PID=8713) to work on /opt/airflow/dags/weather_scrape_dag.py
[2026-07-14T23:09:10.035+0000] {processor.py:914} INFO - Processing file /opt/airflow/dags/weather_scrape_dag.py for tasks to queue
[2026-07-14T23:09:10.036+0000] {logging_mixin.py:190} INFO - [2026-07-14T23:09:10.036+0000] {dagbag.py:588} INFO - Filling up the DagBag from /opt/airflow/dags/weather_scrape_dag.py
[2026-07-14T23:09:10.043+0000] {processor.py:925} INFO - DAG(s) 'weather_scrape_and_load' retrieved from /opt/airflow/dags/weather_scrape_dag.py
[2026-07-14T23:09:10.060+0000] {logging_mixin.py:190} INFO - [2026-07-14T23:09:10.059+0000] {dag.py:3239} INFO - Sync 1 DAGs
[2026-07-14T23:09:10.077+0000] {logging_mixin.py:190} INFO - [2026-07-14T23:09:10.076+0000] {dag.py:4180} INFO - Setting next_dagrun for weather_scrape_and_load to 2026-07-14 23:00:00+00:00, run_after=2026-07-15 00:00:00+00:00
[2026-07-14T23:09:10.089+0000] {processor.py:208} INFO - Processing /opt/airflow/dags/weather_scrape_dag.py took 0.066 seconds
[2026-07-14T23:09:40.186+0000] {processor.py:186} INFO - Started process (PID=8718) to work on /opt/airflow/dags/weather_scrape_dag.py
[2026-07-14T23:09:40.186+0000] {processor.py:914} INFO - Processing file /opt/airflow/dags/weather_scrape_dag.py for tasks to queue
[2026-07-14T23:09:40.188+0000] {logging_mixin.py:190} INFO - [2026-07-14T23:09:40.187+0000] {dagbag.py:588} INFO - Filling up the DagBag from /opt/airflow/dags/weather_scrape_dag.py
[2026-07-14T23:09:40.195+0000] {processor.py:925} INFO - DAG(s) 'weather_scrape_and_load' retrieved from /opt/airflow/dags/weather_scrape_dag.py
[2026-07-14T23:09:40.211+0000] {logging_mixin.py:190} INFO - [2026-07-14T23:09:40.211+0000] {dag.py:3239} INFO - Sync 1 DAGs
[2026-07-14T23:09:40.226+0000] {logging_mixin.py:190} INFO - [2026-07-14T23:09:40.226+0000] {dag.py:4180} INFO - Setting next_dagrun for weather_scrape_and_load to 2026-07-14 23:00:00+00:00, run_after=2026-07-15 00:00:00+00:00
[2026-07-14T23:09:40.238+0000] {processor.py:208} INFO - Processing /opt/airflow/dags/weather_scrape_dag.py took 0.056 seconds
[2026-07-14T23:10:10.306+0000] {processor.py:186} INFO - Started process (PID=8723) to work on /opt/airflow/dags/weather_scrape_dag.py
[2026-07-14T23:10:10.314+0000] {processor.py:914} INFO - Processing file /opt/airflow/dags/weather_scrape_dag.py for tasks to queue
[2026-07-14T23:10:10.316+0000] {logging_mixin.py:190} INFO - [2026-07-14T23:10:10.316+0000] {dagbag.py:588} INFO - Filling up the DagBag from /opt/airflow/dags/weather_scrape_dag.py
[2026-07-14T23:10:10.326+0000] {processor.py:925} INFO - DAG(s) 'weather_scrape_and_load' retrieved from /opt/airflow/dags/weather_scrape_dag.py
[2026-07-14T23:10:10.344+0000] {logging_mixin.py:190} INFO - [2026-07-14T23:10:10.344+0000] {dag.py:3239} INFO - Sync 1 DAGs
[2026-07-14T23:10:10.359+0000] {logging_mixin.py:190} INFO - [2026-07-14T23:10:10.359+0000] {dag.py:4180} INFO - Setting next_dagrun for weather_scrape_and_load to 2026-07-14 23:00:00+00:00, run_after=2026-07-15 00:00:00+00:00
[2026-07-14T23:10:10.372+0000] {processor.py:208} INFO - Processing /opt/airflow/dags/weather_scrape_dag.py took 0.071 seconds
[2026-07-14T23:10:40.440+0000] {processor.py:186} INFO - Started process (PID=8740) to work on /opt/airflow/dags/weather_scrape_dag.py
[2026-07-14T23:10:40.440+0000] {processor.py:914} INFO - Processing file /opt/airflow/dags/weather_scrape_dag.py for tasks to queue
[2026-07-14T23:10:40.442+0000] {logging_mixin.py:190} INFO - [2026-07-14T23:10:40.442+0000] {dagbag.py:588} INFO - Filling up the DagBag from /opt/airflow/dags/weather_scrape_dag.py
[2026-07-14T23:10:40.449+0000] {processor.py:925} INFO - DAG(s) 'weather_scrape_and_load' retrieved from /opt/airflow/dags/weather_scrape_dag.py
[2026-07-14T23:10:40.466+0000] {logging_mixin.py:190} INFO - [2026-07-14T23:10:40.466+0000] {dag.py:3239} INFO - Sync 1 DAGs
[2026-07-14T23:10:40.481+0000] {logging_mixin.py:190} INFO - [2026-07-14T23:10:40.481+0000] {dag.py:4180} INFO - Setting next_dagrun for weather_scrape_and_load to 2026-07-14 23:00:00+00:00, run_after=2026-07-15 00:00:00+00:00
[2026-07-14T23:10:40.494+0000] {processor.py:208} INFO - Processing /opt/airflow/dags/weather_scrape_dag.py took 0.058 seconds
[2026-07-14T23:11:10.580+0000] {processor.py:186} INFO - Started process (PID=8745) to work on /opt/airflow/dags/weather_scrape_dag.py
[2026-07-14T23:11:10.588+0000] {processor.py:914} INFO - Processing file /opt/airflow/dags/weather_scrape_dag.py for tasks to queue
[2026-07-14T23:11:10.590+0000] {logging_mixin.py:190} INFO - [2026-07-14T23:11:10.590+0000] {dagbag.py:588} INFO - Filling up the DagBag from /opt/airflow/dags/weather_scrape_dag.py
[2026-07-14T23:11:10.597+0000] {processor.py:925} INFO - DAG(s) 'weather_scrape_and_load' retrieved from /opt/airflow/dags/weather_scrape_dag.py
[2026-07-14T23:11:10.614+0000] {logging_mixin.py:190} INFO - [2026-07-14T23:11:10.613+0000] {dag.py:3239} INFO - Sync 1 DAGs
[2026-07-14T23:11:10.629+0000] {logging_mixin.py:190} INFO - [2026-07-14T23:11:10.629+0000] {dag.py:4180} INFO - Setting next_dagrun for weather_scrape_and_load to 2026-07-14 23:00:00+00:00, run_after=2026-07-15 00:00:00+00:00
[2026-07-14T23:11:10.643+0000] {processor.py:208} INFO - Processing /opt/airflow/dags/weather_scrape_dag.py took 0.066 seconds
[2026-07-14T23:11:40.699+0000] {processor.py:186} INFO - Started process (PID=8750) to work on /opt/airflow/dags/weather_scrape_dag.py
[2026-07-14T23:11:40.699+0000] {processor.py:914} INFO - Processing file /opt/airflow/dags/weather_scrape_dag.py for tasks to queue
[2026-07-14T23:11:40.700+0000] {logging_mixin.py:190} INFO - [2026-07-14T23:11:40.700+0000] {dagbag.py:588} INFO - Filling up the DagBag from /opt/airflow/dags/weather_scrape_dag.py
[2026-07-14T23:11:40.707+0000] {processor.py:925} INFO - DAG(s) 'weather_scrape_and_load' retrieved from /opt/airflow/dags/weather_scrape_dag.py
[2026-07-14T23:11:40.724+0000] {logging_mixin.py:190} INFO - [2026-07-14T23:11:40.724+0000] {dag.py:3239} INFO - Sync 1 DAGs
[2026-07-14T23:11:40.740+0000] {logging_mixin.py:190} INFO - [2026-07-14T23:11:40.739+0000] {dag.py:4180} INFO - Setting next_dagrun for weather_scrape_and_load to 2026-07-14 23:00:00+00:00, run_after=2026-07-15 00:00:00+00:00
[2026-07-14T23:11:40.752+0000] {processor.py:208} INFO - Processing /opt/airflow/dags/weather_scrape_dag.py took 0.057 seconds
[2026-07-14T23:12:10.853+0000] {processor.py:186} INFO - Started process (PID=8755) to work on /opt/airflow/dags/weather_scrape_dag.py
[2026-07-14T23:12:10.861+0000] {processor.py:914} INFO - Processing file /opt/airflow/dags/weather_scrape_dag.py for tasks to queue
[2026-07-14T23:12:10.862+0000] {logging_mixin.py:190} INFO - [2026-07-14T23:12:10.862+0000] {dagbag.py:588} INFO - Filling up the DagBag from /opt/airflow/dags/weather_scrape_dag.py
[2026-07-14T23:12:10.870+0000] {processor.py:925} INFO - DAG(s) 'weather_scrape_and_load' retrieved from /opt/airflow/dags/weather_scrape_dag.py
[2026-07-14T23:12:10.886+0000] {logging_mixin.py:190} INFO - [2026-07-14T23:12:10.886+0000] {dag.py:3239} INFO - Sync 1 DAGs
[2026-07-14T23:12:10.902+0000] {logging_mixin.py:190} INFO - [2026-07-14T23:12:10.902+0000] {dag.py:4180} INFO - Setting next_dagrun for weather_scrape_and_load to 2026-07-14 23:00:00+00:00, run_after=2026-07-15 00:00:00+00:00
[2026-07-14T23:12:10.915+0000] {processor.py:208} INFO - Processing /opt/airflow/dags/weather_scrape_dag.py took 0.067 seconds
[2026-07-14T23:12:40.969+0000] {processor.py:186} INFO - Started process (PID=8760) to work on /opt/airflow/dags/weather_scrape_dag.py
[2026-07-14T23:12:40.969+0000] {processor.py:914} INFO - Processing file /opt/airflow/dags/weather_scrape_dag.py for tasks to queue
[2026-07-14T23:12:40.971+0000] {logging_mixin.py:190} INFO - [2026-07-14T23:12:40.970+0000] {dagbag.py:588} INFO - Filling up the DagBag from /opt/airflow/dags/weather_scrape_dag.py
[2026-07-14T23:12:40.978+0000] {processor.py:925} INFO - DAG(s) 'weather_scrape_and_load' retrieved from /opt/airflow/dags/weather_scrape_dag.py
[2026-07-14T23:12:40.994+0000] {logging_mixin.py:190} INFO - [2026-07-14T23:12:40.994+0000] {dag.py:3239} INFO - Sync 1 DAGs
[2026-07-14T23:12:41.009+0000] {logging_mixin.py:190} INFO - [2026-07-14T23:12:41.009+0000] {dag.py:4180} INFO - Setting next_dagrun for weather_scrape_and_load to 2026-07-14 23:00:00+00:00, run_after=2026-07-15 00:00:00+00:00
[2026-07-14T23:12:41.023+0000] {processor.py:208} INFO - Processing /opt/airflow/dags/weather_scrape_dag.py took 0.058 seconds
[2026-07-14T23:13:11.123+0000] {processor.py:186} INFO - Started process (PID=8765) to work on /opt/airflow/dags/weather_scrape_dag.py
[2026-07-14T23:13:11.123+0000] {processor.py:914} INFO - Processing file /opt/airflow/dags/weather_scrape_dag.py for tasks to queue
[2026-07-14T23:13:11.125+0000] {logging_mixin.py:190} INFO - [2026-07-14T23:13:11.124+0000] {dagbag.py:588} INFO - Filling up the DagBag from /opt/airflow/dags/weather_scrape_dag.py
[2026-07-14T23:13:11.132+0000] {processor.py:925} INFO - DAG(s) 'weather_scrape_and_load' retrieved from /opt/airflow/dags/weather_scrape_dag.py
[2026-07-14T23:13:11.148+0000] {logging_mixin.py:190} INFO - [2026-07-14T23:13:11.148+0000] {dag.py:3239} INFO - Sync 1 DAGs
[2026-07-14T23:13:11.163+0000] {logging_mixin.py:190} INFO - [2026-07-14T23:13:11.163+0000] {dag.py:4180} INFO - Setting next_dagrun for weather_scrape_and_load to 2026-07-14 23:00:00+00:00, run_after=2026-07-15 00:00:00+00:00
[2026-07-14T23:13:11.176+0000] {processor.py:208} INFO - Processing /opt/airflow/dags/weather_scrape_dag.py took 0.058 seconds
[2026-07-14T23:13:41.238+0000] {processor.py:186} INFO - Started process (PID=8770) to work on /opt/airflow/dags/weather_scrape_dag.py
[2026-07-14T23:13:41.246+0000] {processor.py:914} INFO - Processing file /opt/airflow/dags/weather_scrape_dag.py for tasks to queue
[2026-07-14T23:13:41.248+0000] {logging_mixin.py:190} INFO - [2026-07-14T23:13:41.248+0000] {dagbag.py:588} INFO - Filling up the DagBag from /opt/airflow/dags/weather_scrape_dag.py
[2026-07-14T23:13:41.256+0000] {processor.py:925} INFO - DAG(s) 'weather_scrape_and_load' retrieved from /opt/airflow/dags/weather_scrape_dag.py
[2026-07-14T23:13:41.274+0000] {logging_mixin.py:190} INFO - [2026-07-14T23:13:41.274+0000] {dag.py:3239} INFO - Sync 1 DAGs
[2026-07-14T23:13:41.290+0000] {logging_mixin.py:190} INFO - [2026-07-14T23:13:41.290+0000] {dag.py:4180} INFO - Setting next_dagrun for weather_scrape_and_load to 2026-07-14 23:00:00+00:00, run_after=2026-07-15 00:00:00+00:00
[2026-07-14T23:13:41.303+0000] {processor.py:208} INFO - Processing /opt/airflow/dags/weather_scrape_dag.py took 0.069 seconds
[2026-07-14T23:14:11.386+0000] {processor.py:186} INFO - Started process (PID=8775) to work on /opt/airflow/dags/weather_scrape_dag.py
[2026-07-14T23:14:11.387+0000] {processor.py:914} INFO - Processing file /opt/airflow/dags/weather_scrape_dag.py for tasks to queue
[2026-07-14T23:14:11.388+0000] {logging_mixin.py:190} INFO - [2026-07-14T23:14:11.388+0000] {dagbag.py:588} INFO - Filling up the DagBag from /opt/airflow/dags/weather_scrape_dag.py
[2026-07-14T23:14:11.396+0000] {processor.py:925} INFO - DAG(s) 'weather_scrape_and_load' retrieved from /opt/airflow/dags/weather_scrape_dag.py
[2026-07-14T23:14:11.412+0000] {logging_mixin.py:190} INFO - [2026-07-14T23:14:11.412+0000] {dag.py:3239} INFO - Sync 1 DAGs
[2026-07-14T23:14:11.427+0000] {logging_mixin.py:190} INFO - [2026-07-14T23:14:11.427+0000] {dag.py:4180} INFO - Setting next_dagrun for weather_scrape_and_load to 2026-07-14 23:00:00+00:00, run_after=2026-07-15 00:00:00+00:00
[2026-07-14T23:14:11.440+0000] {processor.py:208} INFO - Processing /opt/airflow/dags/weather_scrape_dag.py took 0.058 seconds
[2026-07-14T23:14:41.509+0000] {processor.py:186} INFO - Started process (PID=8780) to work on /opt/airflow/dags/weather_scrape_dag.py
[2026-07-14T23:14:41.517+0000] {processor.py:914} INFO - Processing file /opt/airflow/dags/weather_scrape_dag.py for tasks to queue
[2026-07-14T23:14:41.518+0000] {logging_mixin.py:190} INFO - [2026-07-14T23:14:41.518+0000] {dagbag.py:588} INFO - Filling up the DagBag from /opt/airflow/dags/weather_scrape_dag.py
[2026-07-14T23:14:41.525+0000] {processor.py:925} INFO - DAG(s) 'weather_scrape_and_load' retrieved from /opt/airflow/dags/weather_scrape_dag.py
[2026-07-14T23:14:41.541+0000] {logging_mixin.py:190} INFO - [2026-07-14T23:14:41.541+0000] {dag.py:3239} INFO - Sync 1 DAGs
[2026-07-14T23:14:41.556+0000] {logging_mixin.py:190} INFO - [2026-07-14T23:14:41.556+0000] {dag.py:4180} INFO - Setting next_dagrun for weather_scrape_and_load to 2026-07-14 23:00:00+00:00, run_after=2026-07-15 00:00:00+00:00
[2026-07-14T23:14:41.569+0000] {processor.py:208} INFO - Processing /opt/airflow/dags/weather_scrape_dag.py took 0.064 seconds
[2026-07-14T23:15:11.650+0000] {processor.py:186} INFO - Started process (PID=8785) to work on /opt/airflow/dags/weather_scrape_dag.py
[2026-07-14T23:15:11.650+0000] {processor.py:914} INFO - Processing file /opt/airflow/dags/weather_scrape_dag.py for tasks to queue
[2026-07-14T23:15:11.652+0000] {logging_mixin.py:190} INFO - [2026-07-14T23:15:11.651+0000] {dagbag.py:588} INFO - Filling up the DagBag from /opt/airflow/dags/weather_scrape_dag.py
[2026-07-14T23:15:11.659+0000] {processor.py:925} INFO - DAG(s) 'weather_scrape_and_load' retrieved from /opt/airflow/dags/weather_scrape_dag.py
[2026-07-14T23:15:11.676+0000] {logging_mixin.py:190} INFO - [2026-07-14T23:15:11.676+0000] {dag.py:3239} INFO - Sync 1 DAGs
[2026-07-14T23:15:11.691+0000] {logging_mixin.py:190} INFO - [2026-07-14T23:15:11.691+0000] {dag.py:4180} INFO - Setting next_dagrun for weather_scrape_and_load to 2026-07-14 23:00:00+00:00, run_after=2026-07-15 00:00:00+00:00
[2026-07-14T23:15:11.705+0000] {processor.py:208} INFO - Processing /opt/airflow/dags/weather_scrape_dag.py took 0.059 seconds
[2026-07-14T23:15:41.781+0000] {processor.py:186} INFO - Started process (PID=8790) to work on /opt/airflow/dags/weather_scrape_dag.py
[2026-07-14T23:15:41.789+0000] {processor.py:914} INFO - Processing file /opt/airflow/dags/weather_scrape_dag.py for tasks to queue
[2026-07-14T23:15:41.791+0000] {logging_mixin.py:190} INFO - [2026-07-14T23:15:41.791+0000] {dagbag.py:588} INFO - Filling up the DagBag from /opt/airflow/dags/weather_scrape_dag.py
[2026-07-14T23:15:41.798+0000] {processor.py:925} INFO - DAG(s) 'weather_scrape_and_load' retrieved from /opt/airflow/dags/weather_scrape_dag.py
[2026-07-14T23:15:41.814+0000] {logging_mixin.py:190} INFO - [2026-07-14T23:15:41.814+0000] {dag.py:3239} INFO - Sync 1 DAGs
[2026-07-14T23:15:41.829+0000] {logging_mixin.py:190} INFO - [2026-07-14T23:15:41.829+0000] {dag.py:4180} INFO - Setting next_dagrun for weather_scrape_and_load to 2026-07-14 23:00:00+00:00, run_after=2026-07-15 00:00:00+00:00
[2026-07-14T23:15:41.842+0000] {processor.py:208} INFO - Processing /opt/airflow/dags/weather_scrape_dag.py took 0.064 seconds
[2026-07-14T23:16:11.915+0000] {processor.py:186} INFO - Started process (PID=8795) to work on /opt/airflow/dags/weather_scrape_dag.py
[2026-07-14T23:16:11.916+0000] {processor.py:914} INFO - Processing file /opt/airflow/dags/weather_scrape_dag.py for tasks to queue
[2026-07-14T23:16:11.917+0000] {logging_mixin.py:190} INFO - [2026-07-14T23:16:11.917+0000] {dagbag.py:588} INFO - Filling up the DagBag from /opt/airflow/dags/weather_scrape_dag.py
[2026-07-14T23:16:11.924+0000] {processor.py:925} INFO - DAG(s) 'weather_scrape_and_load' retrieved from /opt/airflow/dags/weather_scrape_dag.py
[2026-07-14T23:16:11.940+0000] {logging_mixin.py:190} INFO - [2026-07-14T23:16:11.940+0000] {dag.py:3239} INFO - Sync 1 DAGs
[2026-07-14T23:16:11.955+0000] {logging_mixin.py:190} INFO - [2026-07-14T23:16:11.955+0000] {dag.py:4180} INFO - Setting next_dagrun for weather_scrape_and_load to 2026-07-14 23:00:00+00:00, run_after=2026-07-15 00:00:00+00:00
[2026-07-14T23:16:11.968+0000] {processor.py:208} INFO - Processing /opt/airflow/dags/weather_scrape_dag.py took 0.056 seconds
[2026-07-14T23:16:42.041+0000] {processor.py:186} INFO - Started process (PID=8800) to work on /opt/airflow/dags/weather_scrape_dag.py
[2026-07-14T23:16:42.049+0000] {processor.py:914} INFO - Processing file /opt/airflow/dags/weather_scrape_dag.py for tasks to queue
[2026-07-14T23:16:42.050+0000] {logging_mixin.py:190} INFO - [2026-07-14T23:16:42.050+0000] {dagbag.py:588} INFO - Filling up the DagBag from /opt/airflow/dags/weather_scrape_dag.py
[2026-07-14T23:16:42.057+0000] {processor.py:925} INFO - DAG(s) 'weather_scrape_and_load' retrieved from /opt/airflow/dags/weather_scrape_dag.py
[2026-07-14T23:16:42.073+0000] {logging_mixin.py:190} INFO - [2026-07-14T23:16:42.073+0000] {dag.py:3239} INFO - Sync 1 DAGs
[2026-07-14T23:16:42.087+0000] {logging_mixin.py:190} INFO - [2026-07-14T23:16:42.087+0000] {dag.py:4180} INFO - Setting next_dagrun for weather_scrape_and_load to 2026-07-14 23:00:00+00:00, run_after=2026-07-15 00:00:00+00:00
[2026-07-14T23:16:42.099+0000] {processor.py:208} INFO - Processing /opt/airflow/dags/weather_scrape_dag.py took 0.062 seconds
[2026-07-14T23:17:12.169+0000] {processor.py:186} INFO - Started process (PID=8805) to work on /opt/airflow/dags/weather_scrape_dag.py
[2026-07-14T23:17:12.169+0000] {processor.py:914} INFO - Processing file /opt/airflow/dags/weather_scrape_dag.py for tasks to queue
[2026-07-14T23:17:12.171+0000] {logging_mixin.py:190} INFO - [2026-07-14T23:17:12.171+0000] {dagbag.py:588} INFO - Filling up the DagBag from /opt/airflow/dags/weather_scrape_dag.py
[2026-07-14T23:17:12.178+0000] {processor.py:925} INFO - DAG(s) 'weather_scrape_and_load' retrieved from /opt/airflow/dags/weather_scrape_dag.py
[2026-07-14T23:17:12.195+0000] {logging_mixin.py:190} INFO - [2026-07-14T23:17:12.195+0000] {dag.py:3239} INFO - Sync 1 DAGs
[2026-07-14T23:17:12.210+0000] {logging_mixin.py:190} INFO - [2026-07-14T23:17:12.209+0000] {dag.py:4180} INFO - Setting next_dagrun for weather_scrape_and_load to 2026-07-14 23:00:00+00:00, run_after=2026-07-15 00:00:00+00:00
[2026-07-14T23:17:12.224+0000] {processor.py:208} INFO - Processing /opt/airflow/dags/weather_scrape_dag.py took 0.059 seconds
[2026-07-14T23:17:42.303+0000] {processor.py:186} INFO - Started process (PID=8810) to work on /opt/airflow/dags/weather_scrape_dag.py
[2026-07-14T23:17:42.303+0000] {processor.py:914} INFO - Processing file /opt/airflow/dags/weather_scrape_dag.py for tasks to queue
[2026-07-14T23:17:42.305+0000] {logging_mixin.py:190} INFO - [2026-07-14T23:17:42.305+0000] {dagbag.py:588} INFO - Filling up the DagBag from /opt/airflow/dags/weather_scrape_dag.py
[2026-07-14T23:17:42.312+0000] {processor.py:925} INFO - DAG(s) 'weather_scrape_and_load' retrieved from /opt/airflow/dags/weather_scrape_dag.py
[2026-07-14T23:17:42.328+0000] {logging_mixin.py:190} INFO - [2026-07-14T23:17:42.328+0000] {dag.py:3239} INFO - Sync 1 DAGs
[2026-07-14T23:17:42.344+0000] {logging_mixin.py:190} INFO - [2026-07-14T23:17:42.344+0000] {dag.py:4180} INFO - Setting next_dagrun for weather_scrape_and_load to 2026-07-14 23:00:00+00:00, run_after=2026-07-15 00:00:00+00:00
[2026-07-14T23:17:42.357+0000] {processor.py:208} INFO - Processing /opt/airflow/dags/weather_scrape_dag.py took 0.058 seconds
[2026-07-14T23:18:12.423+0000] {processor.py:186} INFO - Started process (PID=8815) to work on /opt/airflow/dags/weather_scrape_dag.py
[2026-07-14T23:18:12.423+0000] {processor.py:914} INFO - Processing file /opt/airflow/dags/weather_scrape_dag.py for tasks to queue
[2026-07-14T23:18:12.425+0000] {logging_mixin.py:190} INFO - [2026-07-14T23:18:12.425+0000] {dagbag.py:588} INFO - Filling up the DagBag from /opt/airflow/dags/weather_scrape_dag.py
[2026-07-14T23:18:12.433+0000] {processor.py:925} INFO - DAG(s) 'weather_scrape_and_load' retrieved from /opt/airflow/dags/weather_scrape_dag.py
[2026-07-14T23:18:12.452+0000] {logging_mixin.py:190} INFO - [2026-07-14T23:18:12.452+0000] {dag.py:3239} INFO - Sync 1 DAGs
[2026-07-14T23:18:12.470+0000] {logging_mixin.py:190} INFO - [2026-07-14T23:18:12.470+0000] {dag.py:4180} INFO - Setting next_dagrun for weather_scrape_and_load to 2026-07-14 23:00:00+00:00, run_after=2026-07-15 00:00:00+00:00
[2026-07-14T23:18:12.484+0000] {processor.py:208} INFO - Processing /opt/airflow/dags/weather_scrape_dag.py took 0.065 seconds
[2026-07-14T23:18:42.556+0000] {processor.py:186} INFO - Started process (PID=8820) to work on /opt/airflow/dags/weather_scrape_dag.py
[2026-07-14T23:18:42.564+0000] {processor.py:914} INFO - Processing file /opt/airflow/dags/weather_scrape_dag.py for tasks to queue
[2026-07-14T23:18:42.565+0000] {logging_mixin.py:190} INFO - [2026-07-14T23:18:42.565+0000] {dagbag.py:588} INFO - Filling up the DagBag from /opt/airflow/dags/weather_scrape_dag.py
[2026-07-14T23:18:42.573+0000] {processor.py:925} INFO - DAG(s) 'weather_scrape_and_load' retrieved from /opt/airflow/dags/weather_scrape_dag.py
[2026-07-14T23:18:42.590+0000] {logging_mixin.py:190} INFO - [2026-07-14T23:18:42.589+0000] {dag.py:3239} INFO - Sync 1 DAGs
[2026-07-14T23:18:42.604+0000] {logging_mixin.py:190} INFO - [2026-07-14T23:18:42.604+0000] {dag.py:4180} INFO - Setting next_dagrun for weather_scrape_and_load to 2026-07-14 23:00:00+00:00, run_after=2026-07-15 00:00:00+00:00
[2026-07-14T23:18:42.617+0000] {processor.py:208} INFO - Processing /opt/airflow/dags/weather_scrape_dag.py took 0.065 seconds
[2026-07-14T23:19:12.687+0000] {processor.py:186} INFO - Started process (PID=8825) to work on /opt/airflow/dags/weather_scrape_dag.py
[2026-07-14T23:19:12.687+0000] {processor.py:914} INFO - Processing file /opt/airflow/dags/weather_scrape_dag.py for tasks to queue
[2026-07-14T23:19:12.688+0000] {logging_mixin.py:190} INFO - [2026-07-14T23:19:12.688+0000] {dagbag.py:588} INFO - Filling up the DagBag from /opt/airflow/dags/weather_scrape_dag.py
[2026-07-14T23:19:12.696+0000] {processor.py:925} INFO - DAG(s) 'weather_scrape_and_load' retrieved from /opt/airflow/dags/weather_scrape_dag.py
[2026-07-14T23:19:12.712+0000] {logging_mixin.py:190} INFO - [2026-07-14T23:19:12.712+0000] {dag.py:3239} INFO - Sync 1 DAGs
[2026-07-14T23:19:12.727+0000] {logging_mixin.py:190} INFO - [2026-07-14T23:19:12.727+0000] {dag.py:4180} INFO - Setting next_dagrun for weather_scrape_and_load to 2026-07-14 23:00:00+00:00, run_after=2026-07-15 00:00:00+00:00
[2026-07-14T23:19:12.739+0000] {processor.py:208} INFO - Processing /opt/airflow/dags/weather_scrape_dag.py took 0.057 seconds
[2026-07-14T23:19:42.831+0000] {processor.py:186} INFO - Started process (PID=8830) to work on /opt/airflow/dags/weather_scrape_dag.py
[2026-07-14T23:19:42.839+0000] {processor.py:914} INFO - Processing file /opt/airflow/dags/weather_scrape_dag.py for tasks to queue
[2026-07-14T23:19:42.840+0000] {logging_mixin.py:190} INFO - [2026-07-14T23:19:42.840+0000] {dagbag.py:588} INFO - Filling up the DagBag from /opt/airflow/dags/weather_scrape_dag.py
[2026-07-14T23:19:42.847+0000] {processor.py:925} INFO - DAG(s) 'weather_scrape_and_load' retrieved from /opt/airflow/dags/weather_scrape_dag.py
[2026-07-14T23:19:42.864+0000] {logging_mixin.py:190} INFO - [2026-07-14T23:19:42.863+0000] {dag.py:3239} INFO - Sync 1 DAGs
[2026-07-14T23:19:42.879+0000] {logging_mixin.py:190} INFO - [2026-07-14T23:19:42.879+0000] {dag.py:4180} INFO - Setting next_dagrun for weather_scrape_and_load to 2026-07-14 23:00:00+00:00, run_after=2026-07-15 00:00:00+00:00
[2026-07-14T23:19:42.891+0000] {processor.py:208} INFO - Processing /opt/airflow/dags/weather_scrape_dag.py took 0.063 seconds
[2026-07-14T23:20:12.951+0000] {processor.py:186} INFO - Started process (PID=8835) to work on /opt/airflow/dags/weather_scrape_dag.py
[2026-07-14T23:20:12.952+0000] {processor.py:914} INFO - Processing file /opt/airflow/dags/weather_scrape_dag.py for tasks to queue
[2026-07-14T23:20:12.954+0000] {logging_mixin.py:190} INFO - [2026-07-14T23:20:12.953+0000] {dagbag.py:588} INFO - Filling up the DagBag from /opt/airflow/dags/weather_scrape_dag.py
[2026-07-14T23:20:12.961+0000] {processor.py:925} INFO - DAG(s) 'weather_scrape_and_load' retrieved from /opt/airflow/dags/weather_scrape_dag.py
[2026-07-14T23:20:12.979+0000] {logging_mixin.py:190} INFO - [2026-07-14T23:20:12.979+0000] {dag.py:3239} INFO - Sync 1 DAGs
[2026-07-14T23:20:12.996+0000] {logging_mixin.py:190} INFO - [2026-07-14T23:20:12.996+0000] {dag.py:4180} INFO - Setting next_dagrun for weather_scrape_and_load to 2026-07-14 23:00:00+00:00, run_after=2026-07-15 00:00:00+00:00
[2026-07-14T23:20:13.010+0000] {processor.py:208} INFO - Processing /opt/airflow/dags/weather_scrape_dag.py took 0.063 seconds
[2026-07-14T23:20:43.096+0000] {processor.py:186} INFO - Started process (PID=8840) to work on /opt/airflow/dags/weather_scrape_dag.py
[2026-07-14T23:20:43.104+0000] {processor.py:914} INFO - Processing file /opt/airflow/dags/weather_scrape_dag.py for tasks to queue
[2026-07-14T23:20:43.105+0000] {logging_mixin.py:190} INFO - [2026-07-14T23:20:43.105+0000] {dagbag.py:588} INFO - Filling up the DagBag from /opt/airflow/dags/weather_scrape_dag.py
[2026-07-14T23:20:43.112+0000] {processor.py:925} INFO - DAG(s) 'weather_scrape_and_load' retrieved from /opt/airflow/dags/weather_scrape_dag.py
[2026-07-14T23:20:43.129+0000] {logging_mixin.py:190} INFO - [2026-07-14T23:20:43.129+0000] {dag.py:3239} INFO - Sync 1 DAGs
[2026-07-14T23:20:43.144+0000] {logging_mixin.py:190} INFO - [2026-07-14T23:20:43.144+0000] {dag.py:4180} INFO - Setting next_dagrun for weather_scrape_and_load to 2026-07-14 23:00:00+00:00, run_after=2026-07-15 00:00:00+00:00
[2026-07-14T23:20:43.157+0000] {processor.py:208} INFO - Processing /opt/airflow/dags/weather_scrape_dag.py took 0.065 seconds
[2026-07-14T23:21:13.224+0000] {processor.py:186} INFO - Started process (PID=8845) to work on /opt/airflow/dags/weather_scrape_dag.py
[2026-07-14T23:21:13.224+0000] {processor.py:914} INFO - Processing file /opt/airflow/dags/weather_scrape_dag.py for tasks to queue
[2026-07-14T23:21:13.226+0000] {logging_mixin.py:190} INFO - [2026-07-14T23:21:13.226+0000] {dagbag.py:588} INFO - Filling up the DagBag from /opt/airflow/dags/weather_scrape_dag.py
[2026-07-14T23:21:13.233+0000] {processor.py:925} INFO - DAG(s) 'weather_scrape_and_load' retrieved from /opt/airflow/dags/weather_scrape_dag.py
[2026-07-14T23:21:13.251+0000] {logging_mixin.py:190} INFO - [2026-07-14T23:21:13.251+0000] {dag.py:3239} INFO - Sync 1 DAGs
[2026-07-14T23:21:13.265+0000] {logging_mixin.py:190} INFO - [2026-07-14T23:21:13.265+0000] {dag.py:4180} INFO - Setting next_dagrun for weather_scrape_and_load to 2026-07-14 23:00:00+00:00, run_after=2026-07-15 00:00:00+00:00
[2026-07-14T23:21:13.277+0000] {processor.py:208} INFO - Processing /opt/airflow/dags/weather_scrape_dag.py took 0.057 seconds
[2026-07-14T23:21:43.368+0000] {processor.py:186} INFO - Started process (PID=8850) to work on /opt/airflow/dags/weather_scrape_dag.py
[2026-07-14T23:21:43.376+0000] {processor.py:914} INFO - Processing file /opt/airflow/dags/weather_scrape_dag.py for tasks to queue
[2026-07-14T23:21:43.378+0000] {logging_mixin.py:190} INFO - [2026-07-14T23:21:43.378+0000] {dagbag.py:588} INFO - Filling up the DagBag from /opt/airflow/dags/weather_scrape_dag.py
[2026-07-14T23:21:43.385+0000] {processor.py:925} INFO - DAG(s) 'weather_scrape_and_load' retrieved from /opt/airflow/dags/weather_scrape_dag.py
[2026-07-14T23:21:43.401+0000] {logging_mixin.py:190} INFO - [2026-07-14T23:21:43.401+0000] {dag.py:3239} INFO - Sync 1 DAGs
[2026-07-14T23:21:43.416+0000] {logging_mixin.py:190} INFO - [2026-07-14T23:21:43.416+0000] {dag.py:4180} INFO - Setting next_dagrun for weather_scrape_and_load to 2026-07-14 23:00:00+00:00, run_after=2026-07-15 00:00:00+00:00
[2026-07-14T23:21:43.428+0000] {processor.py:208} INFO - Processing /opt/airflow/dags/weather_scrape_dag.py took 0.063 seconds
[2026-07-14T23:22:13.493+0000] {processor.py:186} INFO - Started process (PID=8855) to work on /opt/airflow/dags/weather_scrape_dag.py
[2026-07-14T23:22:13.493+0000] {processor.py:914} INFO - Processing file /opt/airflow/dags/weather_scrape_dag.py for tasks to queue
[2026-07-14T23:22:13.495+0000] {logging_mixin.py:190} INFO - [2026-07-14T23:22:13.494+0000] {dagbag.py:588} INFO - Filling up the DagBag from /opt/airflow/dags/weather_scrape_dag.py
[2026-07-14T23:22:13.502+0000] {processor.py:925} INFO - DAG(s) 'weather_scrape_and_load' retrieved from /opt/airflow/dags/weather_scrape_dag.py
[2026-07-14T23:22:13.518+0000] {logging_mixin.py:190} INFO - [2026-07-14T23:22:13.518+0000] {dag.py:3239} INFO - Sync 1 DAGs
[2026-07-14T23:22:13.533+0000] {logging_mixin.py:190} INFO - [2026-07-14T23:22:13.533+0000] {dag.py:4180} INFO - Setting next_dagrun for weather_scrape_and_load to 2026-07-14 23:00:00+00:00, run_after=2026-07-15 00:00:00+00:00
[2026-07-14T23:22:13.546+0000] {processor.py:208} INFO - Processing /opt/airflow/dags/weather_scrape_dag.py took 0.057 seconds
[2026-07-14T23:22:43.637+0000] {processor.py:186} INFO - Started process (PID=8860) to work on /opt/airflow/dags/weather_scrape_dag.py
[2026-07-14T23:22:43.645+0000] {processor.py:914} INFO - Processing file /opt/airflow/dags/weather_scrape_dag.py for tasks to queue
[2026-07-14T23:22:43.647+0000] {logging_mixin.py:190} INFO - [2026-07-14T23:22:43.647+0000] {dagbag.py:588} INFO - Filling up the DagBag from /opt/airflow/dags/weather_scrape_dag.py
[2026-07-14T23:22:43.654+0000] {processor.py:925} INFO - DAG(s) 'weather_scrape_and_load' retrieved from /opt/airflow/dags/weather_scrape_dag.py
[2026-07-14T23:22:43.670+0000] {logging_mixin.py:190} INFO - [2026-07-14T23:22:43.670+0000] {dag.py:3239} INFO - Sync 1 DAGs
[2026-07-14T23:22:43.685+0000] {logging_mixin.py:190} INFO - [2026-07-14T23:22:43.685+0000] {dag.py:4180} INFO - Setting next_dagrun for weather_scrape_and_load to 2026-07-14 23:00:00+00:00, run_after=2026-07-15 00:00:00+00:00
[2026-07-14T23:22:43.697+0000] {processor.py:208} INFO - Processing /opt/airflow/dags/weather_scrape_dag.py took 0.064 seconds
[2026-07-14T23:23:13.755+0000] {processor.py:186} INFO - Started process (PID=8865) to work on /opt/airflow/dags/weather_scrape_dag.py
[2026-07-14T23:23:13.755+0000] {processor.py:914} INFO - Processing file /opt/airflow/dags/weather_scrape_dag.py for tasks to queue
[2026-07-14T23:23:13.757+0000] {logging_mixin.py:190} INFO - [2026-07-14T23:23:13.756+0000] {dagbag.py:588} INFO - Filling up the DagBag from /opt/airflow/dags/weather_scrape_dag.py
[2026-07-14T23:23:13.764+0000] {processor.py:925} INFO - DAG(s) 'weather_scrape_and_load' retrieved from /opt/airflow/dags/weather_scrape_dag.py
[2026-07-14T23:23:13.780+0000] {logging_mixin.py:190} INFO - [2026-07-14T23:23:13.780+0000] {dag.py:3239} INFO - Sync 1 DAGs
[2026-07-14T23:23:13.795+0000] {logging_mixin.py:190} INFO - [2026-07-14T23:23:13.795+0000] {dag.py:4180} INFO - Setting next_dagrun for weather_scrape_and_load to 2026-07-14 23:00:00+00:00, run_after=2026-07-15 00:00:00+00:00
[2026-07-14T23:23:13.808+0000] {processor.py:208} INFO - Processing /opt/airflow/dags/weather_scrape_dag.py took 0.057 seconds
[2026-07-14T23:23:43.903+0000] {processor.py:186} INFO - Started process (PID=8870) to work on /opt/airflow/dags/weather_scrape_dag.py
[2026-07-14T23:23:43.912+0000] {processor.py:914} INFO - Processing file /opt/airflow/dags/weather_scrape_dag.py for tasks to queue
[2026-07-14T23:23:43.913+0000] {logging_mixin.py:190} INFO - [2026-07-14T23:23:43.913+0000] {dagbag.py:588} INFO - Filling up the DagBag from /opt/airflow/dags/weather_scrape_dag.py
[2026-07-14T23:23:43.920+0000] {processor.py:925} INFO - DAG(s) 'weather_scrape_and_load' retrieved from /opt/airflow/dags/weather_scrape_dag.py
[2026-07-14T23:23:43.938+0000] {logging_mixin.py:190} INFO - [2026-07-14T23:23:43.937+0000] {dag.py:3239} INFO - Sync 1 DAGs
[2026-07-14T23:23:43.955+0000] {logging_mixin.py:190} INFO - [2026-07-14T23:23:43.955+0000] {dag.py:4180} INFO - Setting next_dagrun for weather_scrape_and_load to 2026-07-14 23:00:00+00:00, run_after=2026-07-15 00:00:00+00:00
[2026-07-14T23:23:43.967+0000] {processor.py:208} INFO - Processing /opt/airflow/dags/weather_scrape_dag.py took 0.067 seconds
[2026-07-14T23:24:14.017+0000] {processor.py:186} INFO - Started process (PID=8875) to work on /opt/airflow/dags/weather_scrape_dag.py
[2026-07-14T23:24:14.018+0000] {processor.py:914} INFO - Processing file /opt/airflow/dags/weather_scrape_dag.py for tasks to queue
[2026-07-14T23:24:14.020+0000] {logging_mixin.py:190} INFO - [2026-07-14T23:24:14.020+0000] {dagbag.py:588} INFO - Filling up the DagBag from /opt/airflow/dags/weather_scrape_dag.py
[2026-07-14T23:24:14.028+0000] {processor.py:925} INFO - DAG(s) 'weather_scrape_and_load' retrieved from /opt/airflow/dags/weather_scrape_dag.py
[2026-07-14T23:24:14.044+0000] {logging_mixin.py:190} INFO - [2026-07-14T23:24:14.044+0000] {dag.py:3239} INFO - Sync 1 DAGs
[2026-07-14T23:24:14.058+0000] {logging_mixin.py:190} INFO - [2026-07-14T23:24:14.058+0000] {dag.py:4180} INFO - Setting next_dagrun for weather_scrape_and_load to 2026-07-14 23:00:00+00:00, run_after=2026-07-15 00:00:00+00:00
[2026-07-14T23:24:14.070+0000] {processor.py:208} INFO - Processing /opt/airflow/dags/weather_scrape_dag.py took 0.058 seconds
[2026-07-14T23:24:44.173+0000] {processor.py:186} INFO - Started process (PID=8880) to work on /opt/airflow/dags/weather_scrape_dag.py
[2026-07-14T23:24:44.173+0000] {processor.py:914} INFO - Processing file /opt/airflow/dags/weather_scrape_dag.py for tasks to queue
[2026-07-14T23:24:44.175+0000] {logging_mixin.py:190} INFO - [2026-07-14T23:24:44.175+0000] {dagbag.py:588} INFO - Filling up the DagBag from /opt/airflow/dags/weather_scrape_dag.py
[2026-07-14T23:24:44.182+0000] {processor.py:925} INFO - DAG(s) 'weather_scrape_and_load' retrieved from /opt/airflow/dags/weather_scrape_dag.py
[2026-07-14T23:24:44.197+0000] {logging_mixin.py:190} INFO - [2026-07-14T23:24:44.197+0000] {dag.py:3239} INFO - Sync 1 DAGs
[2026-07-14T23:24:44.212+0000] {logging_mixin.py:190} INFO - [2026-07-14T23:24:44.212+0000] {dag.py:4180} INFO - Setting next_dagrun for weather_scrape_and_load to 2026-07-14 23:00:00+00:00, run_after=2026-07-15 00:00:00+00:00
[2026-07-14T23:24:44.224+0000] {processor.py:208} INFO - Processing /opt/airflow/dags/weather_scrape_dag.py took 0.055 seconds
[2026-07-14T23:25:14.292+0000] {processor.py:186} INFO - Started process (PID=8885) to work on /opt/airflow/dags/weather_scrape_dag.py
[2026-07-14T23:25:14.292+0000] {processor.py:914} INFO - Processing file /opt/airflow/dags/weather_scrape_dag.py for tasks to queue
[2026-07-14T23:25:14.293+0000] {logging_mixin.py:190} INFO - [2026-07-14T23:25:14.293+0000] {dagbag.py:588} INFO - Filling up the DagBag from /opt/airflow/dags/weather_scrape_dag.py
[2026-07-14T23:25:14.301+0000] {processor.py:925} INFO - DAG(s) 'weather_scrape_and_load' retrieved from /opt/airflow/dags/weather_scrape_dag.py
[2026-07-14T23:25:14.317+0000] {logging_mixin.py:190} INFO - [2026-07-14T23:25:14.317+0000] {dag.py:3239} INFO - Sync 1 DAGs
[2026-07-14T23:25:14.332+0000] {logging_mixin.py:190} INFO - [2026-07-14T23:25:14.332+0000] {dag.py:4180} INFO - Setting next_dagrun for weather_scrape_and_load to 2026-07-14 23:00:00+00:00, run_after=2026-07-15 00:00:00+00:00
[2026-07-14T23:25:14.345+0000] {processor.py:208} INFO - Processing /opt/airflow/dags/weather_scrape_dag.py took 0.057 seconds
[2026-07-14T23:25:44.437+0000] {processor.py:186} INFO - Started process (PID=8890) to work on /opt/airflow/dags/weather_scrape_dag.py
[2026-07-14T23:25:44.438+0000] {processor.py:914} INFO - Processing file /opt/airflow/dags/weather_scrape_dag.py for tasks to queue
[2026-07-14T23:25:44.440+0000] {logging_mixin.py:190} INFO - [2026-07-14T23:25:44.440+0000] {dagbag.py:588} INFO - Filling up the DagBag from /opt/airflow/dags/weather_scrape_dag.py
[2026-07-14T23:25:44.447+0000] {processor.py:925} INFO - DAG(s) 'weather_scrape_and_load' retrieved from /opt/airflow/dags/weather_scrape_dag.py
[2026-07-14T23:25:44.462+0000] {logging_mixin.py:190} INFO - [2026-07-14T23:25:44.462+0000] {dag.py:3239} INFO - Sync 1 DAGs
[2026-07-14T23:25:44.478+0000] {logging_mixin.py:190} INFO - [2026-07-14T23:25:44.478+0000] {dag.py:4180} INFO - Setting next_dagrun for weather_scrape_and_load to 2026-07-14 23:00:00+00:00, run_after=2026-07-15 00:00:00+00:00
[2026-07-14T23:25:44.491+0000] {processor.py:208} INFO - Processing /opt/airflow/dags/weather_scrape_dag.py took 0.058 seconds
[2026-07-14T23:26:14.545+0000] {processor.py:186} INFO - Started process (PID=8895) to work on /opt/airflow/dags/weather_scrape_dag.py
[2026-07-14T23:26:14.545+0000] {processor.py:914} INFO - Processing file /opt/airflow/dags/weather_scrape_dag.py for tasks to queue
[2026-07-14T23:26:14.546+0000] {logging_mixin.py:190} INFO - [2026-07-14T23:26:14.546+0000] {dagbag.py:588} INFO - Filling up the DagBag from /opt/airflow/dags/weather_scrape_dag.py
[2026-07-14T23:26:14.554+0000] {processor.py:925} INFO - DAG(s) 'weather_scrape_and_load' retrieved from /opt/airflow/dags/weather_scrape_dag.py
[2026-07-14T23:26:14.570+0000] {logging_mixin.py:190} INFO - [2026-07-14T23:26:14.570+0000] {dag.py:3239} INFO - Sync 1 DAGs
[2026-07-14T23:26:14.585+0000] {logging_mixin.py:190} INFO - [2026-07-14T23:26:14.585+0000] {dag.py:4180} INFO - Setting next_dagrun for weather_scrape_and_load to 2026-07-14 23:00:00+00:00, run_after=2026-07-15 00:00:00+00:00
[2026-07-14T23:26:14.598+0000] {processor.py:208} INFO - Processing /opt/airflow/dags/weather_scrape_dag.py took 0.057 seconds
[2026-07-14T23:26:44.701+0000] {processor.py:186} INFO - Started process (PID=8900) to work on /opt/airflow/dags/weather_scrape_dag.py
[2026-07-14T23:26:44.701+0000] {processor.py:914} INFO - Processing file /opt/airflow/dags/weather_scrape_dag.py for tasks to queue
[2026-07-14T23:26:44.703+0000] {logging_mixin.py:190} INFO - [2026-07-14T23:26:44.703+0000] {dagbag.py:588} INFO - Filling up the DagBag from /opt/airflow/dags/weather_scrape_dag.py
[2026-07-14T23:26:44.710+0000] {processor.py:925} INFO - DAG(s) 'weather_scrape_and_load' retrieved from /opt/airflow/dags/weather_scrape_dag.py
[2026-07-14T23:26:44.727+0000] {logging_mixin.py:190} INFO - [2026-07-14T23:26:44.727+0000] {dag.py:3239} INFO - Sync 1 DAGs
[2026-07-14T23:26:44.745+0000] {logging_mixin.py:190} INFO - [2026-07-14T23:26:44.745+0000] {dag.py:4180} INFO - Setting next_dagrun for weather_scrape_and_load to 2026-07-14 23:00:00+00:00, run_after=2026-07-15 00:00:00+00:00
[2026-07-14T23:26:44.759+0000] {processor.py:208} INFO - Processing /opt/airflow/dags/weather_scrape_dag.py took 0.063 seconds
[2026-07-14T23:27:14.818+0000] {processor.py:186} INFO - Started process (PID=8905) to work on /opt/airflow/dags/weather_scrape_dag.py
[2026-07-14T23:27:14.819+0000] {processor.py:914} INFO - Processing file /opt/airflow/dags/weather_scrape_dag.py for tasks to queue
[2026-07-14T23:27:14.820+0000] {logging_mixin.py:190} INFO - [2026-07-14T23:27:14.820+0000] {dagbag.py:588} INFO - Filling up the DagBag from /opt/airflow/dags/weather_scrape_dag.py
[2026-07-14T23:27:14.827+0000] {processor.py:925} INFO - DAG(s) 'weather_scrape_and_load' retrieved from /opt/airflow/dags/weather_scrape_dag.py
[2026-07-14T23:27:14.843+0000] {logging_mixin.py:190} INFO - [2026-07-14T23:27:14.843+0000] {dag.py:3239} INFO - Sync 1 DAGs
[2026-07-14T23:27:14.858+0000] {logging_mixin.py:190} INFO - [2026-07-14T23:27:14.858+0000] {dag.py:4180} INFO - Setting next_dagrun for weather_scrape_and_load to 2026-07-14 23:00:00+00:00, run_after=2026-07-15 00:00:00+00:00
[2026-07-14T23:27:14.871+0000] {processor.py:208} INFO - Processing /opt/airflow/dags/weather_scrape_dag.py took 0.056 seconds
[2026-07-14T23:27:44.973+0000] {processor.py:186} INFO - Started process (PID=8910) to work on /opt/airflow/dags/weather_scrape_dag.py
[2026-07-14T23:27:44.981+0000] {processor.py:914} INFO - Processing file /opt/airflow/dags/weather_scrape_dag.py for tasks to queue
[2026-07-14T23:27:44.983+0000] {logging_mixin.py:190} INFO - [2026-07-14T23:27:44.983+0000] {dagbag.py:588} INFO - Filling up the DagBag from /opt/airflow/dags/weather_scrape_dag.py
[2026-07-14T23:27:44.990+0000] {processor.py:925} INFO - DAG(s) 'weather_scrape_and_load' retrieved from /opt/airflow/dags/weather_scrape_dag.py
[2026-07-14T23:27:45.006+0000] {logging_mixin.py:190} INFO - [2026-07-14T23:27:45.006+0000] {dag.py:3239} INFO - Sync 1 DAGs
[2026-07-14T23:27:45.021+0000] {logging_mixin.py:190} INFO - [2026-07-14T23:27:45.021+0000] {dag.py:4180} INFO - Setting next_dagrun for weather_scrape_and_load to 2026-07-14 23:00:00+00:00, run_after=2026-07-15 00:00:00+00:00
[2026-07-14T23:27:45.034+0000] {processor.py:208} INFO - Processing /opt/airflow/dags/weather_scrape_dag.py took 0.064 seconds
[2026-07-14T23:28:15.090+0000] {processor.py:186} INFO - Started process (PID=8915) to work on /opt/airflow/dags/weather_scrape_dag.py
[2026-07-14T23:28:15.091+0000] {processor.py:914} INFO - Processing file /opt/airflow/dags/weather_scrape_dag.py for tasks to queue
[2026-07-14T23:28:15.092+0000] {logging_mixin.py:190} INFO - [2026-07-14T23:28:15.092+0000] {dagbag.py:588} INFO - Filling up the DagBag from /opt/airflow/dags/weather_scrape_dag.py
[2026-07-14T23:28:15.099+0000] {processor.py:925} INFO - DAG(s) 'weather_scrape_and_load' retrieved from /opt/airflow/dags/weather_scrape_dag.py
[2026-07-14T23:28:15.115+0000] {logging_mixin.py:190} INFO - [2026-07-14T23:28:15.115+0000] {dag.py:3239} INFO - Sync 1 DAGs
[2026-07-14T23:28:15.131+0000] {logging_mixin.py:190} INFO - [2026-07-14T23:28:15.131+0000] {dag.py:4180} INFO - Setting next_dagrun for weather_scrape_and_load to 2026-07-14 23:00:00+00:00, run_after=2026-07-15 00:00:00+00:00
[2026-07-14T23:28:15.143+0000] {processor.py:208} INFO - Processing /opt/airflow/dags/weather_scrape_dag.py took 0.057 seconds
[2026-07-14T23:28:45.250+0000] {processor.py:186} INFO - Started process (PID=8920) to work on /opt/airflow/dags/weather_scrape_dag.py
[2026-07-14T23:28:45.258+0000] {processor.py:914} INFO - Processing file /opt/airflow/dags/weather_scrape_dag.py for tasks to queue
[2026-07-14T23:28:45.260+0000] {logging_mixin.py:190} INFO - [2026-07-14T23:28:45.259+0000] {dagbag.py:588} INFO - Filling up the DagBag from /opt/airflow/dags/weather_scrape_dag.py
[2026-07-14T23:28:45.267+0000] {processor.py:925} INFO - DAG(s) 'weather_scrape_and_load' retrieved from /opt/airflow/dags/weather_scrape_dag.py
[2026-07-14T23:28:45.282+0000] {logging_mixin.py:190} INFO - [2026-07-14T23:28:45.282+0000] {dag.py:3239} INFO - Sync 1 DAGs
[2026-07-14T23:28:45.298+0000] {logging_mixin.py:190} INFO - [2026-07-14T23:28:45.298+0000] {dag.py:4180} INFO - Setting next_dagrun for weather_scrape_and_load to 2026-07-14 23:00:00+00:00, run_after=2026-07-15 00:00:00+00:00
[2026-07-14T23:28:45.311+0000] {processor.py:208} INFO - Processing /opt/airflow/dags/weather_scrape_dag.py took 0.065 seconds
[2026-07-14T23:29:15.357+0000] {processor.py:186} INFO - Started process (PID=8925) to work on /opt/airflow/dags/weather_scrape_dag.py
[2026-07-14T23:29:15.357+0000] {processor.py:914} INFO - Processing file /opt/airflow/dags/weather_scrape_dag.py for tasks to queue
[2026-07-14T23:29:15.360+0000] {logging_mixin.py:190} INFO - [2026-07-14T23:29:15.360+0000] {dagbag.py:588} INFO - Filling up the DagBag from /opt/airflow/dags/weather_scrape_dag.py
[2026-07-14T23:29:15.367+0000] {processor.py:925} INFO - DAG(s) 'weather_scrape_and_load' retrieved from /opt/airflow/dags/weather_scrape_dag.py
[2026-07-14T23:29:15.384+0000] {logging_mixin.py:190} INFO - [2026-07-14T23:29:15.384+0000] {dag.py:3239} INFO - Sync 1 DAGs
[2026-07-14T23:29:15.400+0000] {logging_mixin.py:190} INFO - [2026-07-14T23:29:15.400+0000] {dag.py:4180} INFO - Setting next_dagrun for weather_scrape_and_load to 2026-07-14 23:00:00+00:00, run_after=2026-07-15 00:00:00+00:00
[2026-07-14T23:29:15.413+0000] {processor.py:208} INFO - Processing /opt/airflow/dags/weather_scrape_dag.py took 0.060 seconds
[2026-07-14T23:29:45.514+0000] {processor.py:186} INFO - Started process (PID=8930) to work on /opt/airflow/dags/weather_scrape_dag.py
[2026-07-14T23:29:45.522+0000] {processor.py:914} INFO - Processing file /opt/airflow/dags/weather_scrape_dag.py for tasks to queue
[2026-07-14T23:29:45.523+0000] {logging_mixin.py:190} INFO - [2026-07-14T23:29:45.523+0000] {dagbag.py:588} INFO - Filling up the DagBag from /opt/airflow/dags/weather_scrape_dag.py
[2026-07-14T23:29:45.530+0000] {processor.py:925} INFO - DAG(s) 'weather_scrape_and_load' retrieved from /opt/airflow/dags/weather_scrape_dag.py
[2026-07-14T23:29:45.546+0000] {logging_mixin.py:190} INFO - [2026-07-14T23:29:45.546+0000] {dag.py:3239} INFO - Sync 1 DAGs
[2026-07-14T23:29:45.560+0000] {logging_mixin.py:190} INFO - [2026-07-14T23:29:45.560+0000] {dag.py:4180} INFO - Setting next_dagrun for weather_scrape_and_load to 2026-07-14 23:00:00+00:00, run_after=2026-07-15 00:00:00+00:00
[2026-07-14T23:29:45.572+0000] {processor.py:208} INFO - Processing /opt/airflow/dags/weather_scrape_dag.py took 0.062 seconds
[2026-07-14T23:30:15.633+0000] {processor.py:186} INFO - Started process (PID=8935) to work on /opt/airflow/dags/weather_scrape_dag.py
[2026-07-14T23:30:15.633+0000] {processor.py:914} INFO - Processing file /opt/airflow/dags/weather_scrape_dag.py for tasks to queue
[2026-07-14T23:30:15.634+0000] {logging_mixin.py:190} INFO - [2026-07-14T23:30:15.634+0000] {dagbag.py:588} INFO - Filling up the DagBag from /opt/airflow/dags/weather_scrape_dag.py
[2026-07-14T23:30:15.642+0000] {processor.py:925} INFO - DAG(s) 'weather_scrape_and_load' retrieved from /opt/airflow/dags/weather_scrape_dag.py
[2026-07-14T23:30:15.659+0000] {logging_mixin.py:190} INFO - [2026-07-14T23:30:15.659+0000] {dag.py:3239} INFO - Sync 1 DAGs
[2026-07-14T23:30:15.674+0000] {logging_mixin.py:190} INFO - [2026-07-14T23:30:15.673+0000] {dag.py:4180} INFO - Setting next_dagrun for weather_scrape_and_load to 2026-07-14 23:00:00+00:00, run_after=2026-07-15 00:00:00+00:00
[2026-07-14T23:30:15.685+0000] {processor.py:208} INFO - Processing /opt/airflow/dags/weather_scrape_dag.py took 0.056 seconds
[2026-07-14T23:30:45.777+0000] {processor.py:186} INFO - Started process (PID=8940) to work on /opt/airflow/dags/weather_scrape_dag.py
[2026-07-14T23:30:45.778+0000] {processor.py:914} INFO - Processing file /opt/airflow/dags/weather_scrape_dag.py for tasks to queue
[2026-07-14T23:30:45.779+0000] {logging_mixin.py:190} INFO - [2026-07-14T23:30:45.779+0000] {dagbag.py:588} INFO - Filling up the DagBag from /opt/airflow/dags/weather_scrape_dag.py
[2026-07-14T23:30:45.786+0000] {processor.py:925} INFO - DAG(s) 'weather_scrape_and_load' retrieved from /opt/airflow/dags/weather_scrape_dag.py
[2026-07-14T23:30:45.802+0000] {logging_mixin.py:190} INFO - [2026-07-14T23:30:45.802+0000] {dag.py:3239} INFO - Sync 1 DAGs
[2026-07-14T23:30:45.817+0000] {logging_mixin.py:190} INFO - [2026-07-14T23:30:45.817+0000] {dag.py:4180} INFO - Setting next_dagrun for weather_scrape_and_load to 2026-07-14 23:00:00+00:00, run_after=2026-07-15 00:00:00+00:00
[2026-07-14T23:30:45.831+0000] {processor.py:208} INFO - Processing /opt/airflow/dags/weather_scrape_dag.py took 0.057 seconds
[2026-07-14T23:31:15.894+0000] {processor.py:186} INFO - Started process (PID=8945) to work on /opt/airflow/dags/weather_scrape_dag.py
[2026-07-14T23:31:15.902+0000] {processor.py:914} INFO - Processing file /opt/airflow/dags/weather_scrape_dag.py for tasks to queue
[2026-07-14T23:31:15.904+0000] {logging_mixin.py:190} INFO - [2026-07-14T23:31:15.904+0000] {dagbag.py:588} INFO - Filling up the DagBag from /opt/airflow/dags/weather_scrape_dag.py
[2026-07-14T23:31:15.911+0000] {processor.py:925} INFO - DAG(s) 'weather_scrape_and_load' retrieved from /opt/airflow/dags/weather_scrape_dag.py
[2026-07-14T23:31:15.928+0000] {logging_mixin.py:190} INFO - [2026-07-14T23:31:15.928+0000] {dag.py:3239} INFO - Sync 1 DAGs
[2026-07-14T23:31:15.943+0000] {logging_mixin.py:190} INFO - [2026-07-14T23:31:15.943+0000] {dag.py:4180} INFO - Setting next_dagrun for weather_scrape_and_load to 2026-07-14 23:00:00+00:00, run_after=2026-07-15 00:00:00+00:00
[2026-07-14T23:31:15.956+0000] {processor.py:208} INFO - Processing /opt/airflow/dags/weather_scrape_dag.py took 0.066 seconds
[2026-07-14T23:31:46.036+0000] {processor.py:186} INFO - Started process (PID=8950) to work on /opt/airflow/dags/weather_scrape_dag.py
[2026-07-14T23:31:46.036+0000] {processor.py:914} INFO - Processing file /opt/airflow/dags/weather_scrape_dag.py for tasks to queue
[2026-07-14T23:31:46.037+0000] {logging_mixin.py:190} INFO - [2026-07-14T23:31:46.037+0000] {dagbag.py:588} INFO - Filling up the DagBag from /opt/airflow/dags/weather_scrape_dag.py
[2026-07-14T23:31:46.045+0000] {processor.py:925} INFO - DAG(s) 'weather_scrape_and_load' retrieved from /opt/airflow/dags/weather_scrape_dag.py
[2026-07-14T23:31:46.061+0000] {logging_mixin.py:190} INFO - [2026-07-14T23:31:46.061+0000] {dag.py:3239} INFO - Sync 1 DAGs
[2026-07-14T23:31:46.076+0000] {logging_mixin.py:190} INFO - [2026-07-14T23:31:46.076+0000] {dag.py:4180} INFO - Setting next_dagrun for weather_scrape_and_load to 2026-07-14 23:00:00+00:00, run_after=2026-07-15 00:00:00+00:00
[2026-07-14T23:31:46.089+0000] {processor.py:208} INFO - Processing /opt/airflow/dags/weather_scrape_dag.py took 0.058 seconds
[2026-07-14T23:32:16.155+0000] {processor.py:186} INFO - Started process (PID=8955) to work on /opt/airflow/dags/weather_scrape_dag.py
[2026-07-14T23:32:16.163+0000] {processor.py:914} INFO - Processing file /opt/airflow/dags/weather_scrape_dag.py for tasks to queue
[2026-07-14T23:32:16.164+0000] {logging_mixin.py:190} INFO - [2026-07-14T23:32:16.164+0000] {dagbag.py:588} INFO - Filling up the DagBag from /opt/airflow/dags/weather_scrape_dag.py
[2026-07-14T23:32:16.171+0000] {processor.py:925} INFO - DAG(s) 'weather_scrape_and_load' retrieved from /opt/airflow/dags/weather_scrape_dag.py
[2026-07-14T23:32:16.187+0000] {logging_mixin.py:190} INFO - [2026-07-14T23:32:16.187+0000] {dag.py:3239} INFO - Sync 1 DAGs
[2026-07-14T23:32:16.202+0000] {logging_mixin.py:190} INFO - [2026-07-14T23:32:16.202+0000] {dag.py:4180} INFO - Setting next_dagrun for weather_scrape_and_load to 2026-07-14 23:00:00+00:00, run_after=2026-07-15 00:00:00+00:00
[2026-07-14T23:32:16.215+0000] {processor.py:208} INFO - Processing /opt/airflow/dags/weather_scrape_dag.py took 0.065 seconds
[2026-07-14T23:32:46.299+0000] {processor.py:186} INFO - Started process (PID=8960) to work on /opt/airflow/dags/weather_scrape_dag.py
[2026-07-14T23:32:46.300+0000] {processor.py:914} INFO - Processing file /opt/airflow/dags/weather_scrape_dag.py for tasks to queue
[2026-07-14T23:32:46.301+0000] {logging_mixin.py:190} INFO - [2026-07-14T23:32:46.301+0000] {dagbag.py:588} INFO - Filling up the DagBag from /opt/airflow/dags/weather_scrape_dag.py
[2026-07-14T23:32:46.309+0000] {processor.py:925} INFO - DAG(s) 'weather_scrape_and_load' retrieved from /opt/airflow/dags/weather_scrape_dag.py
[2026-07-14T23:32:46.325+0000] {logging_mixin.py:190} INFO - [2026-07-14T23:32:46.325+0000] {dag.py:3239} INFO - Sync 1 DAGs
[2026-07-14T23:32:46.340+0000] {logging_mixin.py:190} INFO - [2026-07-14T23:32:46.340+0000] {dag.py:4180} INFO - Setting next_dagrun for weather_scrape_and_load to 2026-07-14 23:00:00+00:00, run_after=2026-07-15 00:00:00+00:00
[2026-07-14T23:32:46.353+0000] {processor.py:208} INFO - Processing /opt/airflow/dags/weather_scrape_dag.py took 0.057 seconds
[2026-07-14T23:33:16.421+0000] {processor.py:186} INFO - Started process (PID=8965) to work on /opt/airflow/dags/weather_scrape_dag.py
[2026-07-14T23:33:16.429+0000] {processor.py:914} INFO - Processing file /opt/airflow/dags/weather_scrape_dag.py for tasks to queue
[2026-07-14T23:33:16.431+0000] {logging_mixin.py:190} INFO - [2026-07-14T23:33:16.431+0000] {dagbag.py:588} INFO - Filling up the DagBag from /opt/airflow/dags/weather_scrape_dag.py
[2026-07-14T23:33:16.439+0000] {processor.py:925} INFO - DAG(s) 'weather_scrape_and_load' retrieved from /opt/airflow/dags/weather_scrape_dag.py
[2026-07-14T23:33:16.458+0000] {logging_mixin.py:190} INFO - [2026-07-14T23:33:16.458+0000] {dag.py:3239} INFO - Sync 1 DAGs
[2026-07-14T23:33:16.476+0000] {logging_mixin.py:190} INFO - [2026-07-14T23:33:16.476+0000] {dag.py:4180} INFO - Setting next_dagrun for weather_scrape_and_load to 2026-07-14 23:00:00+00:00, run_after=2026-07-15 00:00:00+00:00
[2026-07-14T23:33:16.499+0000] {processor.py:208} INFO - Processing /opt/airflow/dags/weather_scrape_dag.py took 0.082 seconds
[2026-07-14T23:33:46.561+0000] {processor.py:186} INFO - Started process (PID=8970) to work on /opt/airflow/dags/weather_scrape_dag.py
[2026-07-14T23:33:46.561+0000] {processor.py:914} INFO - Processing file /opt/airflow/dags/weather_scrape_dag.py for tasks to queue
[2026-07-14T23:33:46.563+0000] {logging_mixin.py:190} INFO - [2026-07-14T23:33:46.562+0000] {dagbag.py:588} INFO - Filling up the DagBag from /opt/airflow/dags/weather_scrape_dag.py
[2026-07-14T23:33:46.570+0000] {processor.py:925} INFO - DAG(s) 'weather_scrape_and_load' retrieved from /opt/airflow/dags/weather_scrape_dag.py
[2026-07-14T23:33:46.586+0000] {logging_mixin.py:190} INFO - [2026-07-14T23:33:46.586+0000] {dag.py:3239} INFO - Sync 1 DAGs
[2026-07-14T23:33:46.601+0000] {logging_mixin.py:190} INFO - [2026-07-14T23:33:46.601+0000] {dag.py:4180} INFO - Setting next_dagrun for weather_scrape_and_load to 2026-07-14 23:00:00+00:00, run_after=2026-07-15 00:00:00+00:00
[2026-07-14T23:33:46.614+0000] {processor.py:208} INFO - Processing /opt/airflow/dags/weather_scrape_dag.py took 0.057 seconds
[2026-07-14T23:34:16.713+0000] {processor.py:186} INFO - Started process (PID=8975) to work on /opt/airflow/dags/weather_scrape_dag.py
[2026-07-14T23:34:16.714+0000] {processor.py:914} INFO - Processing file /opt/airflow/dags/weather_scrape_dag.py for tasks to queue
[2026-07-14T23:34:16.715+0000] {logging_mixin.py:190} INFO - [2026-07-14T23:34:16.715+0000] {dagbag.py:588} INFO - Filling up the DagBag from /opt/airflow/dags/weather_scrape_dag.py
[2026-07-14T23:34:16.722+0000] {processor.py:925} INFO - DAG(s) 'weather_scrape_and_load' retrieved from /opt/airflow/dags/weather_scrape_dag.py
[2026-07-14T23:34:16.738+0000] {logging_mixin.py:190} INFO - [2026-07-14T23:34:16.738+0000] {dag.py:3239} INFO - Sync 1 DAGs
[2026-07-14T23:34:16.754+0000] {logging_mixin.py:190} INFO - [2026-07-14T23:34:16.754+0000] {dag.py:4180} INFO - Setting next_dagrun for weather_scrape_and_load to 2026-07-14 23:00:00+00:00, run_after=2026-07-15 00:00:00+00:00
[2026-07-14T23:34:16.767+0000] {processor.py:208} INFO - Processing /opt/airflow/dags/weather_scrape_dag.py took 0.058 seconds
[2026-07-14T23:34:46.828+0000] {processor.py:186} INFO - Started process (PID=8980) to work on /opt/airflow/dags/weather_scrape_dag.py
[2026-07-14T23:34:46.828+0000] {processor.py:914} INFO - Processing file /opt/airflow/dags/weather_scrape_dag.py for tasks to queue
[2026-07-14T23:34:46.830+0000] {logging_mixin.py:190} INFO - [2026-07-14T23:34:46.829+0000] {dagbag.py:588} INFO - Filling up the DagBag from /opt/airflow/dags/weather_scrape_dag.py
[2026-07-14T23:34:46.837+0000] {processor.py:925} INFO - DAG(s) 'weather_scrape_and_load' retrieved from /opt/airflow/dags/weather_scrape_dag.py
[2026-07-14T23:34:46.853+0000] {logging_mixin.py:190} INFO - [2026-07-14T23:34:46.853+0000] {dag.py:3239} INFO - Sync 1 DAGs
[2026-07-14T23:34:46.869+0000] {logging_mixin.py:190} INFO - [2026-07-14T23:34:46.869+0000] {dag.py:4180} INFO - Setting next_dagrun for weather_scrape_and_load to 2026-07-14 23:00:00+00:00, run_after=2026-07-15 00:00:00+00:00
[2026-07-14T23:34:46.881+0000] {processor.py:208} INFO - Processing /opt/airflow/dags/weather_scrape_dag.py took 0.058 seconds
[2026-07-14T23:35:16.981+0000] {processor.py:186} INFO - Started process (PID=8985) to work on /opt/airflow/dags/weather_scrape_dag.py
[2026-07-14T23:35:16.989+0000] {processor.py:914} INFO - Processing file /opt/airflow/dags/weather_scrape_dag.py for tasks to queue
[2026-07-14T23:35:16.991+0000] {logging_mixin.py:190} INFO - [2026-07-14T23:35:16.991+0000] {dagbag.py:588} INFO - Filling up the DagBag from /opt/airflow/dags/weather_scrape_dag.py
[2026-07-14T23:35:16.999+0000] {processor.py:925} INFO - DAG(s) 'weather_scrape_and_load' retrieved from /opt/airflow/dags/weather_scrape_dag.py
[2026-07-14T23:35:17.015+0000] {logging_mixin.py:190} INFO - [2026-07-14T23:35:17.015+0000] {dag.py:3239} INFO - Sync 1 DAGs
[2026-07-14T23:35:17.030+0000] {logging_mixin.py:190} INFO - [2026-07-14T23:35:17.030+0000] {dag.py:4180} INFO - Setting next_dagrun for weather_scrape_and_load to 2026-07-14 23:00:00+00:00, run_after=2026-07-15 00:00:00+00:00
[2026-07-14T23:35:17.044+0000] {processor.py:208} INFO - Processing /opt/airflow/dags/weather_scrape_dag.py took 0.066 seconds
[2026-07-14T23:35:47.098+0000] {processor.py:186} INFO - Started process (PID=8990) to work on /opt/airflow/dags/weather_scrape_dag.py
[2026-07-14T23:35:47.098+0000] {processor.py:914} INFO - Processing file /opt/airflow/dags/weather_scrape_dag.py for tasks to queue
[2026-07-14T23:35:47.100+0000] {logging_mixin.py:190} INFO - [2026-07-14T23:35:47.100+0000] {dagbag.py:588} INFO - Filling up the DagBag from /opt/airflow/dags/weather_scrape_dag.py
[2026-07-14T23:35:47.107+0000] {processor.py:925} INFO - DAG(s) 'weather_scrape_and_load' retrieved from /opt/airflow/dags/weather_scrape_dag.py
[2026-07-14T23:35:47.124+0000] {logging_mixin.py:190} INFO - [2026-07-14T23:35:47.124+0000] {dag.py:3239} INFO - Sync 1 DAGs
[2026-07-14T23:35:47.139+0000] {logging_mixin.py:190} INFO - [2026-07-14T23:35:47.139+0000] {dag.py:4180} INFO - Setting next_dagrun for weather_scrape_and_load to 2026-07-14 23:00:00+00:00, run_after=2026-07-15 00:00:00+00:00
[2026-07-14T23:35:47.152+0000] {processor.py:208} INFO - Processing /opt/airflow/dags/weather_scrape_dag.py took 0.058 seconds
[2026-07-14T23:36:17.254+0000] {processor.py:186} INFO - Started process (PID=8995) to work on /opt/airflow/dags/weather_scrape_dag.py
[2026-07-14T23:36:17.254+0000] {processor.py:914} INFO - Processing file /opt/airflow/dags/weather_scrape_dag.py for tasks to queue
[2026-07-14T23:36:17.255+0000] {logging_mixin.py:190} INFO - [2026-07-14T23:36:17.255+0000] {dagbag.py:588} INFO - Filling up the DagBag from /opt/airflow/dags/weather_scrape_dag.py
[2026-07-14T23:36:17.262+0000] {processor.py:925} INFO - DAG(s) 'weather_scrape_and_load' retrieved from /opt/airflow/dags/weather_scrape_dag.py
[2026-07-14T23:36:17.278+0000] {logging_mixin.py:190} INFO - [2026-07-14T23:36:17.278+0000] {dag.py:3239} INFO - Sync 1 DAGs
[2026-07-14T23:36:17.293+0000] {logging_mixin.py:190} INFO - [2026-07-14T23:36:17.293+0000] {dag.py:4180} INFO - Setting next_dagrun for weather_scrape_and_load to 2026-07-14 23:00:00+00:00, run_after=2026-07-15 00:00:00+00:00
[2026-07-14T23:36:17.306+0000] {processor.py:208} INFO - Processing /opt/airflow/dags/weather_scrape_dag.py took 0.056 seconds
[2026-07-14T23:36:47.366+0000] {processor.py:186} INFO - Started process (PID=9000) to work on /opt/airflow/dags/weather_scrape_dag.py
[2026-07-14T23:36:47.367+0000] {processor.py:914} INFO - Processing file /opt/airflow/dags/weather_scrape_dag.py for tasks to queue
[2026-07-14T23:36:47.368+0000] {logging_mixin.py:190} INFO - [2026-07-14T23:36:47.368+0000] {dagbag.py:588} INFO - Filling up the DagBag from /opt/airflow/dags/weather_scrape_dag.py
[2026-07-14T23:36:47.376+0000] {processor.py:925} INFO - DAG(s) 'weather_scrape_and_load' retrieved from /opt/airflow/dags/weather_scrape_dag.py
[2026-07-14T23:36:47.393+0000] {logging_mixin.py:190} INFO - [2026-07-14T23:36:47.393+0000] {dag.py:3239} INFO - Sync 1 DAGs
[2026-07-14T23:36:47.409+0000] {logging_mixin.py:190} INFO - [2026-07-14T23:36:47.409+0000] {dag.py:4180} INFO - Setting next_dagrun for weather_scrape_and_load to 2026-07-14 23:00:00+00:00, run_after=2026-07-15 00:00:00+00:00
[2026-07-14T23:36:47.434+0000] {processor.py:208} INFO - Processing /opt/airflow/dags/weather_scrape_dag.py took 0.072 seconds
[2026-07-14T23:37:17.512+0000] {processor.py:186} INFO - Started process (PID=9005) to work on /opt/airflow/dags/weather_scrape_dag.py
[2026-07-14T23:37:17.521+0000] {processor.py:914} INFO - Processing file /opt/airflow/dags/weather_scrape_dag.py for tasks to queue
[2026-07-14T23:37:17.522+0000] {logging_mixin.py:190} INFO - [2026-07-14T23:37:17.522+0000] {dagbag.py:588} INFO - Filling up the DagBag from /opt/airflow/dags/weather_scrape_dag.py
[2026-07-14T23:37:17.530+0000] {processor.py:925} INFO - DAG(s) 'weather_scrape_and_load' retrieved from /opt/airflow/dags/weather_scrape_dag.py
[2026-07-14T23:37:17.546+0000] {logging_mixin.py:190} INFO - [2026-07-14T23:37:17.545+0000] {dag.py:3239} INFO - Sync 1 DAGs
[2026-07-14T23:37:17.565+0000] {logging_mixin.py:190} INFO - [2026-07-14T23:37:17.565+0000] {dag.py:4180} INFO - Setting next_dagrun for weather_scrape_and_load to 2026-07-14 23:00:00+00:00, run_after=2026-07-15 00:00:00+00:00
[2026-07-14T23:37:17.577+0000] {processor.py:208} INFO - Processing /opt/airflow/dags/weather_scrape_dag.py took 0.069 seconds
[2026-07-14T23:37:47.640+0000] {processor.py:186} INFO - Started process (PID=9010) to work on /opt/airflow/dags/weather_scrape_dag.py
[2026-07-14T23:37:47.640+0000] {processor.py:914} INFO - Processing file /opt/airflow/dags/weather_scrape_dag.py for tasks to queue
[2026-07-14T23:37:47.641+0000] {logging_mixin.py:190} INFO - [2026-07-14T23:37:47.641+0000] {dagbag.py:588} INFO - Filling up the DagBag from /opt/airflow/dags/weather_scrape_dag.py
[2026-07-14T23:37:47.649+0000] {processor.py:925} INFO - DAG(s) 'weather_scrape_and_load' retrieved from /opt/airflow/dags/weather_scrape_dag.py
[2026-07-14T23:37:47.665+0000] {logging_mixin.py:190} INFO - [2026-07-14T23:37:47.665+0000] {dag.py:3239} INFO - Sync 1 DAGs
[2026-07-14T23:37:47.681+0000] {logging_mixin.py:190} INFO - [2026-07-14T23:37:47.681+0000] {dag.py:4180} INFO - Setting next_dagrun for weather_scrape_and_load to 2026-07-14 23:00:00+00:00, run_after=2026-07-15 00:00:00+00:00
[2026-07-14T23:37:47.694+0000] {processor.py:208} INFO - Processing /opt/airflow/dags/weather_scrape_dag.py took 0.058 seconds
[2026-07-14T23:38:17.790+0000] {processor.py:186} INFO - Started process (PID=9015) to work on /opt/airflow/dags/weather_scrape_dag.py
[2026-07-14T23:38:17.798+0000] {processor.py:914} INFO - Processing file /opt/airflow/dags/weather_scrape_dag.py for tasks to queue
[2026-07-14T23:38:17.799+0000] {logging_mixin.py:190} INFO - [2026-07-14T23:38:17.799+0000] {dagbag.py:588} INFO - Filling up the DagBag from /opt/airflow/dags/weather_scrape_dag.py
[2026-07-14T23:38:17.806+0000] {processor.py:925} INFO - DAG(s) 'weather_scrape_and_load' retrieved from /opt/airflow/dags/weather_scrape_dag.py
[2026-07-14T23:38:17.823+0000] {logging_mixin.py:190} INFO - [2026-07-14T23:38:17.823+0000] {dag.py:3239} INFO - Sync 1 DAGs
[2026-07-14T23:38:17.837+0000] {logging_mixin.py:190} INFO - [2026-07-14T23:38:17.837+0000] {dag.py:4180} INFO - Setting next_dagrun for weather_scrape_and_load to 2026-07-14 23:00:00+00:00, run_after=2026-07-15 00:00:00+00:00
[2026-07-14T23:38:17.850+0000] {processor.py:208} INFO - Processing /opt/airflow/dags/weather_scrape_dag.py took 0.064 seconds
[2026-07-14T23:38:47.909+0000] {processor.py:186} INFO - Started process (PID=9020) to work on /opt/airflow/dags/weather_scrape_dag.py
[2026-07-14T23:38:47.910+0000] {processor.py:914} INFO - Processing file /opt/airflow/dags/weather_scrape_dag.py for tasks to queue
[2026-07-14T23:38:47.913+0000] {logging_mixin.py:190} INFO - [2026-07-14T23:38:47.913+0000] {dagbag.py:588} INFO - Filling up the DagBag from /opt/airflow/dags/weather_scrape_dag.py
[2026-07-14T23:38:47.920+0000] {processor.py:925} INFO - DAG(s) 'weather_scrape_and_load' retrieved from /opt/airflow/dags/weather_scrape_dag.py
[2026-07-14T23:38:47.936+0000] {logging_mixin.py:190} INFO - [2026-07-14T23:38:47.936+0000] {dag.py:3239} INFO - Sync 1 DAGs
[2026-07-14T23:38:47.952+0000] {logging_mixin.py:190} INFO - [2026-07-14T23:38:47.952+0000] {dag.py:4180} INFO - Setting next_dagrun for weather_scrape_and_load to 2026-07-14 23:00:00+00:00, run_after=2026-07-15 00:00:00+00:00
[2026-07-14T23:38:47.965+0000] {processor.py:208} INFO - Processing /opt/airflow/dags/weather_scrape_dag.py took 0.059 seconds
[2026-07-14T23:39:18.065+0000] {processor.py:186} INFO - Started process (PID=9025) to work on /opt/airflow/dags/weather_scrape_dag.py
[2026-07-14T23:39:18.073+0000] {processor.py:914} INFO - Processing file /opt/airflow/dags/weather_scrape_dag.py for tasks to queue
[2026-07-14T23:39:18.075+0000] {logging_mixin.py:190} INFO - [2026-07-14T23:39:18.075+0000] {dagbag.py:588} INFO - Filling up the DagBag from /opt/airflow/dags/weather_scrape_dag.py
[2026-07-14T23:39:18.082+0000] {processor.py:925} INFO - DAG(s) 'weather_scrape_and_load' retrieved from /opt/airflow/dags/weather_scrape_dag.py
[2026-07-14T23:39:18.098+0000] {logging_mixin.py:190} INFO - [2026-07-14T23:39:18.097+0000] {dag.py:3239} INFO - Sync 1 DAGs
[2026-07-14T23:39:18.112+0000] {logging_mixin.py:190} INFO - [2026-07-14T23:39:18.112+0000] {dag.py:4180} INFO - Setting next_dagrun for weather_scrape_and_load to 2026-07-14 23:00:00+00:00, run_after=2026-07-15 00:00:00+00:00
[2026-07-14T23:39:18.125+0000] {processor.py:208} INFO - Processing /opt/airflow/dags/weather_scrape_dag.py took 0.063 seconds
[2026-07-14T23:39:48.182+0000] {processor.py:186} INFO - Started process (PID=9030) to work on /opt/airflow/dags/weather_scrape_dag.py
[2026-07-14T23:39:48.182+0000] {processor.py:914} INFO - Processing file /opt/airflow/dags/weather_scrape_dag.py for tasks to queue
[2026-07-14T23:39:48.184+0000] {logging_mixin.py:190} INFO - [2026-07-14T23:39:48.184+0000] {dagbag.py:588} INFO - Filling up the DagBag from /opt/airflow/dags/weather_scrape_dag.py
[2026-07-14T23:39:48.191+0000] {processor.py:925} INFO - DAG(s) 'weather_scrape_and_load' retrieved from /opt/airflow/dags/weather_scrape_dag.py
[2026-07-14T23:39:48.208+0000] {logging_mixin.py:190} INFO - [2026-07-14T23:39:48.207+0000] {dag.py:3239} INFO - Sync 1 DAGs
[2026-07-14T23:39:48.222+0000] {logging_mixin.py:190} INFO - [2026-07-14T23:39:48.222+0000] {dag.py:4180} INFO - Setting next_dagrun for weather_scrape_and_load to 2026-07-14 23:00:00+00:00, run_after=2026-07-15 00:00:00+00:00
[2026-07-14T23:39:48.235+0000] {processor.py:208} INFO - Processing /opt/airflow/dags/weather_scrape_dag.py took 0.057 seconds
[2026-07-14T23:40:18.338+0000] {processor.py:186} INFO - Started process (PID=9035) to work on /opt/airflow/dags/weather_scrape_dag.py
[2026-07-14T23:40:18.339+0000] {processor.py:914} INFO - Processing file /opt/airflow/dags/weather_scrape_dag.py for tasks to queue
[2026-07-14T23:40:18.340+0000] {logging_mixin.py:190} INFO - [2026-07-14T23:40:18.340+0000] {dagbag.py:588} INFO - Filling up the DagBag from /opt/airflow/dags/weather_scrape_dag.py
[2026-07-14T23:40:18.347+0000] {processor.py:925} INFO - DAG(s) 'weather_scrape_and_load' retrieved from /opt/airflow/dags/weather_scrape_dag.py
[2026-07-14T23:40:18.363+0000] {logging_mixin.py:190} INFO - [2026-07-14T23:40:18.363+0000] {dag.py:3239} INFO - Sync 1 DAGs
[2026-07-14T23:40:18.379+0000] {logging_mixin.py:190} INFO - [2026-07-14T23:40:18.379+0000] {dag.py:4180} INFO - Setting next_dagrun for weather_scrape_and_load to 2026-07-14 23:00:00+00:00, run_after=2026-07-15 00:00:00+00:00
[2026-07-14T23:40:18.393+0000] {processor.py:208} INFO - Processing /opt/airflow/dags/weather_scrape_dag.py took 0.059 seconds
[2026-07-14T23:40:48.454+0000] {processor.py:186} INFO - Started process (PID=9040) to work on /opt/airflow/dags/weather_scrape_dag.py
[2026-07-14T23:40:48.454+0000] {processor.py:914} INFO - Processing file /opt/airflow/dags/weather_scrape_dag.py for tasks to queue
[2026-07-14T23:40:48.456+0000] {logging_mixin.py:190} INFO - [2026-07-14T23:40:48.455+0000] {dagbag.py:588} INFO - Filling up the DagBag from /opt/airflow/dags/weather_scrape_dag.py
[2026-07-14T23:40:48.463+0000] {processor.py:925} INFO - DAG(s) 'weather_scrape_and_load' retrieved from /opt/airflow/dags/weather_scrape_dag.py
[2026-07-14T23:40:48.479+0000] {logging_mixin.py:190} INFO - [2026-07-14T23:40:48.479+0000] {dag.py:3239} INFO - Sync 1 DAGs
[2026-07-14T23:40:48.495+0000] {logging_mixin.py:190} INFO - [2026-07-14T23:40:48.495+0000] {dag.py:4180} INFO - Setting next_dagrun for weather_scrape_and_load to 2026-07-14 23:00:00+00:00, run_after=2026-07-15 00:00:00+00:00
[2026-07-14T23:40:48.507+0000] {processor.py:208} INFO - Processing /opt/airflow/dags/weather_scrape_dag.py took 0.058 seconds
[2026-07-14T23:41:18.603+0000] {processor.py:186} INFO - Started process (PID=9045) to work on /opt/airflow/dags/weather_scrape_dag.py
[2026-07-14T23:41:18.611+0000] {processor.py:914} INFO - Processing file /opt/airflow/dags/weather_scrape_dag.py for tasks to queue
[2026-07-14T23:41:18.613+0000] {logging_mixin.py:190} INFO - [2026-07-14T23:41:18.613+0000] {dagbag.py:588} INFO - Filling up the DagBag from /opt/airflow/dags/weather_scrape_dag.py
[2026-07-14T23:41:18.620+0000] {processor.py:925} INFO - DAG(s) 'weather_scrape_and_load' retrieved from /opt/airflow/dags/weather_scrape_dag.py
[2026-07-14T23:41:18.637+0000] {logging_mixin.py:190} INFO - [2026-07-14T23:41:18.637+0000] {dag.py:3239} INFO - Sync 1 DAGs
[2026-07-14T23:41:18.654+0000] {logging_mixin.py:190} INFO - [2026-07-14T23:41:18.654+0000] {dag.py:4180} INFO - Setting next_dagrun for weather_scrape_and_load to 2026-07-14 23:00:00+00:00, run_after=2026-07-15 00:00:00+00:00
[2026-07-14T23:41:18.667+0000] {processor.py:208} INFO - Processing /opt/airflow/dags/weather_scrape_dag.py took 0.068 seconds
[2026-07-14T23:41:48.716+0000] {processor.py:186} INFO - Started process (PID=9050) to work on /opt/airflow/dags/weather_scrape_dag.py
[2026-07-14T23:41:48.716+0000] {processor.py:914} INFO - Processing file /opt/airflow/dags/weather_scrape_dag.py for tasks to queue
[2026-07-14T23:41:48.717+0000] {logging_mixin.py:190} INFO - [2026-07-14T23:41:48.717+0000] {dagbag.py:588} INFO - Filling up the DagBag from /opt/airflow/dags/weather_scrape_dag.py
[2026-07-14T23:41:48.725+0000] {processor.py:925} INFO - DAG(s) 'weather_scrape_and_load' retrieved from /opt/airflow/dags/weather_scrape_dag.py
[2026-07-14T23:41:48.740+0000] {logging_mixin.py:190} INFO - [2026-07-14T23:41:48.740+0000] {dag.py:3239} INFO - Sync 1 DAGs
[2026-07-14T23:41:48.755+0000] {logging_mixin.py:190} INFO - [2026-07-14T23:41:48.755+0000] {dag.py:4180} INFO - Setting next_dagrun for weather_scrape_and_load to 2026-07-14 23:00:00+00:00, run_after=2026-07-15 00:00:00+00:00
[2026-07-14T23:41:48.767+0000] {processor.py:208} INFO - Processing /opt/airflow/dags/weather_scrape_dag.py took 0.056 seconds
[2026-07-14T23:42:18.884+0000] {processor.py:186} INFO - Started process (PID=9055) to work on /opt/airflow/dags/weather_scrape_dag.py
[2026-07-14T23:42:18.892+0000] {processor.py:914} INFO - Processing file /opt/airflow/dags/weather_scrape_dag.py for tasks to queue
[2026-07-14T23:42:18.893+0000] {logging_mixin.py:190} INFO - [2026-07-14T23:42:18.893+0000] {dagbag.py:588} INFO - Filling up the DagBag from /opt/airflow/dags/weather_scrape_dag.py
[2026-07-14T23:42:18.900+0000] {processor.py:925} INFO - DAG(s) 'weather_scrape_and_load' retrieved from /opt/airflow/dags/weather_scrape_dag.py
[2026-07-14T23:42:18.916+0000] {logging_mixin.py:190} INFO - [2026-07-14T23:42:18.916+0000] {dag.py:3239} INFO - Sync 1 DAGs
[2026-07-14T23:42:18.931+0000] {logging_mixin.py:190} INFO - [2026-07-14T23:42:18.931+0000] {dag.py:4180} INFO - Setting next_dagrun for weather_scrape_and_load to 2026-07-14 23:00:00+00:00, run_after=2026-07-15 00:00:00+00:00
[2026-07-14T23:42:18.944+0000] {processor.py:208} INFO - Processing /opt/airflow/dags/weather_scrape_dag.py took 0.064 seconds
[2026-07-14T23:42:48.999+0000] {processor.py:186} INFO - Started process (PID=9060) to work on /opt/airflow/dags/weather_scrape_dag.py
[2026-07-14T23:42:48.999+0000] {processor.py:914} INFO - Processing file /opt/airflow/dags/weather_scrape_dag.py for tasks to queue
[2026-07-14T23:42:49.001+0000] {logging_mixin.py:190} INFO - [2026-07-14T23:42:49.001+0000] {dagbag.py:588} INFO - Filling up the DagBag from /opt/airflow/dags/weather_scrape_dag.py
[2026-07-14T23:42:49.008+0000] {processor.py:925} INFO - DAG(s) 'weather_scrape_and_load' retrieved from /opt/airflow/dags/weather_scrape_dag.py
[2026-07-14T23:42:49.024+0000] {logging_mixin.py:190} INFO - [2026-07-14T23:42:49.024+0000] {dag.py:3239} INFO - Sync 1 DAGs
[2026-07-14T23:42:49.040+0000] {logging_mixin.py:190} INFO - [2026-07-14T23:42:49.040+0000] {dag.py:4180} INFO - Setting next_dagrun for weather_scrape_and_load to 2026-07-14 23:00:00+00:00, run_after=2026-07-15 00:00:00+00:00
[2026-07-14T23:42:49.053+0000] {processor.py:208} INFO - Processing /opt/airflow/dags/weather_scrape_dag.py took 0.058 seconds
[2026-07-14T23:43:19.159+0000] {processor.py:186} INFO - Started process (PID=9065) to work on /opt/airflow/dags/weather_scrape_dag.py
[2026-07-14T23:43:19.167+0000] {processor.py:914} INFO - Processing file /opt/airflow/dags/weather_scrape_dag.py for tasks to queue
[2026-07-14T23:43:19.169+0000] {logging_mixin.py:190} INFO - [2026-07-14T23:43:19.168+0000] {dagbag.py:588} INFO - Filling up the DagBag from /opt/airflow/dags/weather_scrape_dag.py
[2026-07-14T23:43:19.176+0000] {processor.py:925} INFO - DAG(s) 'weather_scrape_and_load' retrieved from /opt/airflow/dags/weather_scrape_dag.py
[2026-07-14T23:43:19.196+0000] {logging_mixin.py:190} INFO - [2026-07-14T23:43:19.196+0000] {dag.py:3239} INFO - Sync 1 DAGs
[2026-07-14T23:43:19.213+0000] {logging_mixin.py:190} INFO - [2026-07-14T23:43:19.213+0000] {dag.py:4180} INFO - Setting next_dagrun for weather_scrape_and_load to 2026-07-14 23:00:00+00:00, run_after=2026-07-15 00:00:00+00:00
[2026-07-14T23:43:19.226+0000] {processor.py:208} INFO - Processing /opt/airflow/dags/weather_scrape_dag.py took 0.072 seconds
[2026-07-14T23:43:49.268+0000] {processor.py:186} INFO - Started process (PID=9070) to work on /opt/airflow/dags/weather_scrape_dag.py
[2026-07-14T23:43:49.269+0000] {processor.py:914} INFO - Processing file /opt/airflow/dags/weather_scrape_dag.py for tasks to queue
[2026-07-14T23:43:49.271+0000] {logging_mixin.py:190} INFO - [2026-07-14T23:43:49.270+0000] {dagbag.py:588} INFO - Filling up the DagBag from /opt/airflow/dags/weather_scrape_dag.py
[2026-07-14T23:43:49.278+0000] {processor.py:925} INFO - DAG(s) 'weather_scrape_and_load' retrieved from /opt/airflow/dags/weather_scrape_dag.py
[2026-07-14T23:43:49.294+0000] {logging_mixin.py:190} INFO - [2026-07-14T23:43:49.294+0000] {dag.py:3239} INFO - Sync 1 DAGs
[2026-07-14T23:43:49.308+0000] {logging_mixin.py:190} INFO - [2026-07-14T23:43:49.308+0000] {dag.py:4180} INFO - Setting next_dagrun for weather_scrape_and_load to 2026-07-14 23:00:00+00:00, run_after=2026-07-15 00:00:00+00:00
[2026-07-14T23:43:49.320+0000] {processor.py:208} INFO - Processing /opt/airflow/dags/weather_scrape_dag.py took 0.056 seconds
[2026-07-14T23:44:19.426+0000] {processor.py:186} INFO - Started process (PID=9075) to work on /opt/airflow/dags/weather_scrape_dag.py
[2026-07-14T23:44:19.434+0000] {processor.py:914} INFO - Processing file /opt/airflow/dags/weather_scrape_dag.py for tasks to queue
[2026-07-14T23:44:19.436+0000] {logging_mixin.py:190} INFO - [2026-07-14T23:44:19.436+0000] {dagbag.py:588} INFO - Filling up the DagBag from /opt/airflow/dags/weather_scrape_dag.py
[2026-07-14T23:44:19.443+0000] {processor.py:925} INFO - DAG(s) 'weather_scrape_and_load' retrieved from /opt/airflow/dags/weather_scrape_dag.py
[2026-07-14T23:44:19.458+0000] {logging_mixin.py:190} INFO - [2026-07-14T23:44:19.458+0000] {dag.py:3239} INFO - Sync 1 DAGs
[2026-07-14T23:44:19.475+0000] {logging_mixin.py:190} INFO - [2026-07-14T23:44:19.474+0000] {dag.py:4180} INFO - Setting next_dagrun for weather_scrape_and_load to 2026-07-14 23:00:00+00:00, run_after=2026-07-15 00:00:00+00:00
[2026-07-14T23:44:19.488+0000] {processor.py:208} INFO - Processing /opt/airflow/dags/weather_scrape_dag.py took 0.066 seconds
[2026-07-14T23:44:49.532+0000] {processor.py:186} INFO - Started process (PID=9080) to work on /opt/airflow/dags/weather_scrape_dag.py
[2026-07-14T23:44:49.533+0000] {processor.py:914} INFO - Processing file /opt/airflow/dags/weather_scrape_dag.py for tasks to queue
[2026-07-14T23:44:49.534+0000] {logging_mixin.py:190} INFO - [2026-07-14T23:44:49.534+0000] {dagbag.py:588} INFO - Filling up the DagBag from /opt/airflow/dags/weather_scrape_dag.py
[2026-07-14T23:44:49.541+0000] {processor.py:925} INFO - DAG(s) 'weather_scrape_and_load' retrieved from /opt/airflow/dags/weather_scrape_dag.py
[2026-07-14T23:44:49.557+0000] {logging_mixin.py:190} INFO - [2026-07-14T23:44:49.557+0000] {dag.py:3239} INFO - Sync 1 DAGs
[2026-07-14T23:44:49.571+0000] {logging_mixin.py:190} INFO - [2026-07-14T23:44:49.571+0000] {dag.py:4180} INFO - Setting next_dagrun for weather_scrape_and_load to 2026-07-14 23:00:00+00:00, run_after=2026-07-15 00:00:00+00:00
[2026-07-14T23:44:49.584+0000] {processor.py:208} INFO - Processing /opt/airflow/dags/weather_scrape_dag.py took 0.056 seconds
[2026-07-14T23:45:19.697+0000] {processor.py:186} INFO - Started process (PID=9085) to work on /opt/airflow/dags/weather_scrape_dag.py
[2026-07-14T23:45:19.705+0000] {processor.py:914} INFO - Processing file /opt/airflow/dags/weather_scrape_dag.py for tasks to queue
[2026-07-14T23:45:19.707+0000] {logging_mixin.py:190} INFO - [2026-07-14T23:45:19.707+0000] {dagbag.py:588} INFO - Filling up the DagBag from /opt/airflow/dags/weather_scrape_dag.py
[2026-07-14T23:45:19.714+0000] {processor.py:925} INFO - DAG(s) 'weather_scrape_and_load' retrieved from /opt/airflow/dags/weather_scrape_dag.py
[2026-07-14T23:45:19.730+0000] {logging_mixin.py:190} INFO - [2026-07-14T23:45:19.729+0000] {dag.py:3239} INFO - Sync 1 DAGs
[2026-07-14T23:45:19.745+0000] {logging_mixin.py:190} INFO - [2026-07-14T23:45:19.745+0000] {dag.py:4180} INFO - Setting next_dagrun for weather_scrape_and_load to 2026-07-14 23:00:00+00:00, run_after=2026-07-15 00:00:00+00:00
[2026-07-14T23:45:19.758+0000] {processor.py:208} INFO - Processing /opt/airflow/dags/weather_scrape_dag.py took 0.065 seconds
[2026-07-14T23:45:49.815+0000] {processor.py:186} INFO - Started process (PID=9090) to work on /opt/airflow/dags/weather_scrape_dag.py
[2026-07-14T23:45:49.815+0000] {processor.py:914} INFO - Processing file /opt/airflow/dags/weather_scrape_dag.py for tasks to queue
[2026-07-14T23:45:49.817+0000] {logging_mixin.py:190} INFO - [2026-07-14T23:45:49.817+0000] {dagbag.py:588} INFO - Filling up the DagBag from /opt/airflow/dags/weather_scrape_dag.py
[2026-07-14T23:45:49.825+0000] {processor.py:925} INFO - DAG(s) 'weather_scrape_and_load' retrieved from /opt/airflow/dags/weather_scrape_dag.py
[2026-07-14T23:45:49.840+0000] {logging_mixin.py:190} INFO - [2026-07-14T23:45:49.840+0000] {dag.py:3239} INFO - Sync 1 DAGs
[2026-07-14T23:45:49.856+0000] {logging_mixin.py:190} INFO - [2026-07-14T23:45:49.856+0000] {dag.py:4180} INFO - Setting next_dagrun for weather_scrape_and_load to 2026-07-14 23:00:00+00:00, run_after=2026-07-15 00:00:00+00:00
[2026-07-14T23:45:49.872+0000] {processor.py:208} INFO - Processing /opt/airflow/dags/weather_scrape_dag.py took 0.061 seconds
[2026-07-14T23:46:19.970+0000] {processor.py:186} INFO - Started process (PID=9095) to work on /opt/airflow/dags/weather_scrape_dag.py
[2026-07-14T23:46:19.978+0000] {processor.py:914} INFO - Processing file /opt/airflow/dags/weather_scrape_dag.py for tasks to queue
[2026-07-14T23:46:19.979+0000] {logging_mixin.py:190} INFO - [2026-07-14T23:46:19.979+0000] {dagbag.py:588} INFO - Filling up the DagBag from /opt/airflow/dags/weather_scrape_dag.py
[2026-07-14T23:46:19.987+0000] {processor.py:925} INFO - DAG(s) 'weather_scrape_and_load' retrieved from /opt/airflow/dags/weather_scrape_dag.py
[2026-07-14T23:46:20.004+0000] {logging_mixin.py:190} INFO - [2026-07-14T23:46:20.004+0000] {dag.py:3239} INFO - Sync 1 DAGs
[2026-07-14T23:46:20.021+0000] {logging_mixin.py:190} INFO - [2026-07-14T23:46:20.020+0000] {dag.py:4180} INFO - Setting next_dagrun for weather_scrape_and_load to 2026-07-14 23:00:00+00:00, run_after=2026-07-15 00:00:00+00:00
[2026-07-14T23:46:20.032+0000] {processor.py:208} INFO - Processing /opt/airflow/dags/weather_scrape_dag.py took 0.067 seconds
[2026-07-14T23:46:50.072+0000] {processor.py:186} INFO - Started process (PID=9100) to work on /opt/airflow/dags/weather_scrape_dag.py
[2026-07-14T23:46:50.072+0000] {processor.py:914} INFO - Processing file /opt/airflow/dags/weather_scrape_dag.py for tasks to queue
[2026-07-14T23:46:50.074+0000] {logging_mixin.py:190} INFO - [2026-07-14T23:46:50.074+0000] {dagbag.py:588} INFO - Filling up the DagBag from /opt/airflow/dags/weather_scrape_dag.py
[2026-07-14T23:46:50.081+0000] {processor.py:925} INFO - DAG(s) 'weather_scrape_and_load' retrieved from /opt/airflow/dags/weather_scrape_dag.py
[2026-07-14T23:46:50.098+0000] {logging_mixin.py:190} INFO - [2026-07-14T23:46:50.097+0000] {dag.py:3239} INFO - Sync 1 DAGs
[2026-07-14T23:46:50.112+0000] {logging_mixin.py:190} INFO - [2026-07-14T23:46:50.112+0000] {dag.py:4180} INFO - Setting next_dagrun for weather_scrape_and_load to 2026-07-14 23:00:00+00:00, run_after=2026-07-15 00:00:00+00:00
[2026-07-14T23:46:50.125+0000] {processor.py:208} INFO - Processing /opt/airflow/dags/weather_scrape_dag.py took 0.056 seconds
[2026-07-14T23:47:20.236+0000] {processor.py:186} INFO - Started process (PID=9105) to work on /opt/airflow/dags/weather_scrape_dag.py
[2026-07-14T23:47:20.244+0000] {processor.py:914} INFO - Processing file /opt/airflow/dags/weather_scrape_dag.py for tasks to queue
[2026-07-14T23:47:20.246+0000] {logging_mixin.py:190} INFO - [2026-07-14T23:47:20.246+0000] {dagbag.py:588} INFO - Filling up the DagBag from /opt/airflow/dags/weather_scrape_dag.py
[2026-07-14T23:47:20.253+0000] {processor.py:925} INFO - DAG(s) 'weather_scrape_and_load' retrieved from /opt/airflow/dags/weather_scrape_dag.py
[2026-07-14T23:47:20.271+0000] {logging_mixin.py:190} INFO - [2026-07-14T23:47:20.271+0000] {dag.py:3239} INFO - Sync 1 DAGs
[2026-07-14T23:47:20.287+0000] {logging_mixin.py:190} INFO - [2026-07-14T23:47:20.286+0000] {dag.py:4180} INFO - Setting next_dagrun for weather_scrape_and_load to 2026-07-14 23:00:00+00:00, run_after=2026-07-15 00:00:00+00:00
[2026-07-14T23:47:20.299+0000] {processor.py:208} INFO - Processing /opt/airflow/dags/weather_scrape_dag.py took 0.068 seconds
[2026-07-14T23:47:50.350+0000] {processor.py:186} INFO - Started process (PID=9110) to work on /opt/airflow/dags/weather_scrape_dag.py
[2026-07-14T23:47:50.350+0000] {processor.py:914} INFO - Processing file /opt/airflow/dags/weather_scrape_dag.py for tasks to queue
[2026-07-14T23:47:50.352+0000] {logging_mixin.py:190} INFO - [2026-07-14T23:47:50.352+0000] {dagbag.py:588} INFO - Filling up the DagBag from /opt/airflow/dags/weather_scrape_dag.py
[2026-07-14T23:47:50.361+0000] {processor.py:925} INFO - DAG(s) 'weather_scrape_and_load' retrieved from /opt/airflow/dags/weather_scrape_dag.py
[2026-07-14T23:47:50.377+0000] {logging_mixin.py:190} INFO - [2026-07-14T23:47:50.377+0000] {dag.py:3239} INFO - Sync 1 DAGs
[2026-07-14T23:47:50.393+0000] {logging_mixin.py:190} INFO - [2026-07-14T23:47:50.393+0000] {dag.py:4180} INFO - Setting next_dagrun for weather_scrape_and_load to 2026-07-14 23:00:00+00:00, run_after=2026-07-15 00:00:00+00:00
[2026-07-14T23:47:50.406+0000] {processor.py:208} INFO - Processing /opt/airflow/dags/weather_scrape_dag.py took 0.061 seconds
[2026-07-14T23:48:20.512+0000] {processor.py:186} INFO - Started process (PID=9115) to work on /opt/airflow/dags/weather_scrape_dag.py
[2026-07-14T23:48:20.513+0000] {processor.py:914} INFO - Processing file /opt/airflow/dags/weather_scrape_dag.py for tasks to queue
[2026-07-14T23:48:20.514+0000] {logging_mixin.py:190} INFO - [2026-07-14T23:48:20.514+0000] {dagbag.py:588} INFO - Filling up the DagBag from /opt/airflow/dags/weather_scrape_dag.py
[2026-07-14T23:48:20.521+0000] {processor.py:925} INFO - DAG(s) 'weather_scrape_and_load' retrieved from /opt/airflow/dags/weather_scrape_dag.py
[2026-07-14T23:48:20.536+0000] {logging_mixin.py:190} INFO - [2026-07-14T23:48:20.536+0000] {dag.py:3239} INFO - Sync 1 DAGs
[2026-07-14T23:48:20.550+0000] {logging_mixin.py:190} INFO - [2026-07-14T23:48:20.550+0000] {dag.py:4180} INFO - Setting next_dagrun for weather_scrape_and_load to 2026-07-14 23:00:00+00:00, run_after=2026-07-15 00:00:00+00:00
[2026-07-14T23:48:20.562+0000] {processor.py:208} INFO - Processing /opt/airflow/dags/weather_scrape_dag.py took 0.053 seconds
[2026-07-14T23:48:50.625+0000] {processor.py:186} INFO - Started process (PID=9120) to work on /opt/airflow/dags/weather_scrape_dag.py
[2026-07-14T23:48:50.626+0000] {processor.py:914} INFO - Processing file /opt/airflow/dags/weather_scrape_dag.py for tasks to queue
[2026-07-14T23:48:50.627+0000] {logging_mixin.py:190} INFO - [2026-07-14T23:48:50.627+0000] {dagbag.py:588} INFO - Filling up the DagBag from /opt/airflow/dags/weather_scrape_dag.py
[2026-07-14T23:48:50.635+0000] {processor.py:925} INFO - DAG(s) 'weather_scrape_and_load' retrieved from /opt/airflow/dags/weather_scrape_dag.py
[2026-07-14T23:48:50.654+0000] {logging_mixin.py:190} INFO - [2026-07-14T23:48:50.654+0000] {dag.py:3239} INFO - Sync 1 DAGs
[2026-07-14T23:48:50.671+0000] {logging_mixin.py:190} INFO - [2026-07-14T23:48:50.671+0000] {dag.py:4180} INFO - Setting next_dagrun for weather_scrape_and_load to 2026-07-14 23:00:00+00:00, run_after=2026-07-15 00:00:00+00:00
[2026-07-14T23:48:50.683+0000] {processor.py:208} INFO - Processing /opt/airflow/dags/weather_scrape_dag.py took 0.062 seconds
[2026-07-14T23:49:20.763+0000] {processor.py:186} INFO - Started process (PID=9125) to work on /opt/airflow/dags/weather_scrape_dag.py
[2026-07-14T23:49:20.764+0000] {processor.py:914} INFO - Processing file /opt/airflow/dags/weather_scrape_dag.py for tasks to queue
[2026-07-14T23:49:20.765+0000] {logging_mixin.py:190} INFO - [2026-07-14T23:49:20.765+0000] {dagbag.py:588} INFO - Filling up the DagBag from /opt/airflow/dags/weather_scrape_dag.py
[2026-07-14T23:49:20.773+0000] {processor.py:925} INFO - DAG(s) 'weather_scrape_and_load' retrieved from /opt/airflow/dags/weather_scrape_dag.py
[2026-07-14T23:49:20.789+0000] {logging_mixin.py:190} INFO - [2026-07-14T23:49:20.789+0000] {dag.py:3239} INFO - Sync 1 DAGs
[2026-07-14T23:49:20.805+0000] {logging_mixin.py:190} INFO - [2026-07-14T23:49:20.804+0000] {dag.py:4180} INFO - Setting next_dagrun for weather_scrape_and_load to 2026-07-14 23:00:00+00:00, run_after=2026-07-15 00:00:00+00:00
[2026-07-14T23:49:20.817+0000] {processor.py:208} INFO - Processing /opt/airflow/dags/weather_scrape_dag.py took 0.058 seconds
[2026-07-14T23:49:50.896+0000] {processor.py:186} INFO - Started process (PID=9130) to work on /opt/airflow/dags/weather_scrape_dag.py
[2026-07-14T23:49:50.897+0000] {processor.py:914} INFO - Processing file /opt/airflow/dags/weather_scrape_dag.py for tasks to queue
[2026-07-14T23:49:50.898+0000] {logging_mixin.py:190} INFO - [2026-07-14T23:49:50.898+0000] {dagbag.py:588} INFO - Filling up the DagBag from /opt/airflow/dags/weather_scrape_dag.py
[2026-07-14T23:49:50.906+0000] {processor.py:925} INFO - DAG(s) 'weather_scrape_and_load' retrieved from /opt/airflow/dags/weather_scrape_dag.py
[2026-07-14T23:49:50.922+0000] {logging_mixin.py:190} INFO - [2026-07-14T23:49:50.922+0000] {dag.py:3239} INFO - Sync 1 DAGs
[2026-07-14T23:49:50.938+0000] {logging_mixin.py:190} INFO - [2026-07-14T23:49:50.938+0000] {dag.py:4180} INFO - Setting next_dagrun for weather_scrape_and_load to 2026-07-14 23:00:00+00:00, run_after=2026-07-15 00:00:00+00:00
[2026-07-14T23:49:50.951+0000] {processor.py:208} INFO - Processing /opt/airflow/dags/weather_scrape_dag.py took 0.058 seconds
[2026-07-14T23:50:21.028+0000] {processor.py:186} INFO - Started process (PID=9135) to work on /opt/airflow/dags/weather_scrape_dag.py
[2026-07-14T23:50:21.028+0000] {processor.py:914} INFO - Processing file /opt/airflow/dags/weather_scrape_dag.py for tasks to queue
[2026-07-14T23:50:21.030+0000] {logging_mixin.py:190} INFO - [2026-07-14T23:50:21.030+0000] {dagbag.py:588} INFO - Filling up the DagBag from /opt/airflow/dags/weather_scrape_dag.py
[2026-07-14T23:50:21.037+0000] {processor.py:925} INFO - DAG(s) 'weather_scrape_and_load' retrieved from /opt/airflow/dags/weather_scrape_dag.py
[2026-07-14T23:50:21.053+0000] {logging_mixin.py:190} INFO - [2026-07-14T23:50:21.053+0000] {dag.py:3239} INFO - Sync 1 DAGs
[2026-07-14T23:50:21.068+0000] {logging_mixin.py:190} INFO - [2026-07-14T23:50:21.068+0000] {dag.py:4180} INFO - Setting next_dagrun for weather_scrape_and_load to 2026-07-14 23:00:00+00:00, run_after=2026-07-15 00:00:00+00:00
[2026-07-14T23:50:21.080+0000] {processor.py:208} INFO - Processing /opt/airflow/dags/weather_scrape_dag.py took 0.056 seconds
[2026-07-14T23:50:51.168+0000] {processor.py:186} INFO - Started process (PID=9140) to work on /opt/airflow/dags/weather_scrape_dag.py
[2026-07-14T23:50:51.176+0000] {processor.py:914} INFO - Processing file /opt/airflow/dags/weather_scrape_dag.py for tasks to queue
[2026-07-14T23:50:51.178+0000] {logging_mixin.py:190} INFO - [2026-07-14T23:50:51.178+0000] {dagbag.py:588} INFO - Filling up the DagBag from /opt/airflow/dags/weather_scrape_dag.py
[2026-07-14T23:50:51.185+0000] {processor.py:925} INFO - DAG(s) 'weather_scrape_and_load' retrieved from /opt/airflow/dags/weather_scrape_dag.py
[2026-07-14T23:50:51.201+0000] {logging_mixin.py:190} INFO - [2026-07-14T23:50:51.200+0000] {dag.py:3239} INFO - Sync 1 DAGs
[2026-07-14T23:50:51.216+0000] {logging_mixin.py:190} INFO - [2026-07-14T23:50:51.216+0000] {dag.py:4180} INFO - Setting next_dagrun for weather_scrape_and_load to 2026-07-14 23:00:00+00:00, run_after=2026-07-15 00:00:00+00:00
[2026-07-14T23:50:51.228+0000] {processor.py:208} INFO - Processing /opt/airflow/dags/weather_scrape_dag.py took 0.064 seconds
[2026-07-14T23:51:21.290+0000] {processor.py:186} INFO - Started process (PID=9145) to work on /opt/airflow/dags/weather_scrape_dag.py
[2026-07-14T23:51:21.290+0000] {processor.py:914} INFO - Processing file /opt/airflow/dags/weather_scrape_dag.py for tasks to queue
[2026-07-14T23:51:21.292+0000] {logging_mixin.py:190} INFO - [2026-07-14T23:51:21.292+0000] {dagbag.py:588} INFO - Filling up the DagBag from /opt/airflow/dags/weather_scrape_dag.py
[2026-07-14T23:51:21.299+0000] {processor.py:925} INFO - DAG(s) 'weather_scrape_and_load' retrieved from /opt/airflow/dags/weather_scrape_dag.py
[2026-07-14T23:51:21.315+0000] {logging_mixin.py:190} INFO - [2026-07-14T23:51:21.315+0000] {dag.py:3239} INFO - Sync 1 DAGs
[2026-07-14T23:51:21.330+0000] {logging_mixin.py:190} INFO - [2026-07-14T23:51:21.330+0000] {dag.py:4180} INFO - Setting next_dagrun for weather_scrape_and_load to 2026-07-14 23:00:00+00:00, run_after=2026-07-15 00:00:00+00:00
[2026-07-14T23:51:21.344+0000] {processor.py:208} INFO - Processing /opt/airflow/dags/weather_scrape_dag.py took 0.057 seconds
[2026-07-14T23:51:51.433+0000] {processor.py:186} INFO - Started process (PID=9150) to work on /opt/airflow/dags/weather_scrape_dag.py
[2026-07-14T23:51:51.441+0000] {processor.py:914} INFO - Processing file /opt/airflow/dags/weather_scrape_dag.py for tasks to queue
[2026-07-14T23:51:51.444+0000] {logging_mixin.py:190} INFO - [2026-07-14T23:51:51.443+0000] {dagbag.py:588} INFO - Filling up the DagBag from /opt/airflow/dags/weather_scrape_dag.py
[2026-07-14T23:51:51.456+0000] {processor.py:925} INFO - DAG(s) 'weather_scrape_and_load' retrieved from /opt/airflow/dags/weather_scrape_dag.py
[2026-07-14T23:51:51.473+0000] {logging_mixin.py:190} INFO - [2026-07-14T23:51:51.472+0000] {dag.py:3239} INFO - Sync 1 DAGs
[2026-07-14T23:51:51.488+0000] {logging_mixin.py:190} INFO - [2026-07-14T23:51:51.488+0000] {dag.py:4180} INFO - Setting next_dagrun for weather_scrape_and_load to 2026-07-14 23:00:00+00:00, run_after=2026-07-15 00:00:00+00:00
[2026-07-14T23:51:51.501+0000] {processor.py:208} INFO - Processing /opt/airflow/dags/weather_scrape_dag.py took 0.073 seconds
[2026-07-14T23:52:21.550+0000] {processor.py:186} INFO - Started process (PID=9155) to work on /opt/airflow/dags/weather_scrape_dag.py
[2026-07-14T23:52:21.550+0000] {processor.py:914} INFO - Processing file /opt/airflow/dags/weather_scrape_dag.py for tasks to queue
[2026-07-14T23:52:21.552+0000] {logging_mixin.py:190} INFO - [2026-07-14T23:52:21.552+0000] {dagbag.py:588} INFO - Filling up the DagBag from /opt/airflow/dags/weather_scrape_dag.py
[2026-07-14T23:52:21.559+0000] {processor.py:925} INFO - DAG(s) 'weather_scrape_and_load' retrieved from /opt/airflow/dags/weather_scrape_dag.py
[2026-07-14T23:52:21.575+0000] {logging_mixin.py:190} INFO - [2026-07-14T23:52:21.575+0000] {dag.py:3239} INFO - Sync 1 DAGs
[2026-07-14T23:52:21.590+0000] {logging_mixin.py:190} INFO - [2026-07-14T23:52:21.590+0000] {dag.py:4180} INFO - Setting next_dagrun for weather_scrape_and_load to 2026-07-14 23:00:00+00:00, run_after=2026-07-15 00:00:00+00:00
[2026-07-14T23:52:21.603+0000] {processor.py:208} INFO - Processing /opt/airflow/dags/weather_scrape_dag.py took 0.057 seconds
[2026-07-14T23:52:51.703+0000] {processor.py:186} INFO - Started process (PID=9160) to work on /opt/airflow/dags/weather_scrape_dag.py
[2026-07-14T23:52:51.712+0000] {processor.py:914} INFO - Processing file /opt/airflow/dags/weather_scrape_dag.py for tasks to queue
[2026-07-14T23:52:51.713+0000] {logging_mixin.py:190} INFO - [2026-07-14T23:52:51.713+0000] {dagbag.py:588} INFO - Filling up the DagBag from /opt/airflow/dags/weather_scrape_dag.py
[2026-07-14T23:52:51.721+0000] {processor.py:925} INFO - DAG(s) 'weather_scrape_and_load' retrieved from /opt/airflow/dags/weather_scrape_dag.py
[2026-07-14T23:52:51.736+0000] {logging_mixin.py:190} INFO - [2026-07-14T23:52:51.736+0000] {dag.py:3239} INFO - Sync 1 DAGs
[2026-07-14T23:52:51.752+0000] {logging_mixin.py:190} INFO - [2026-07-14T23:52:51.751+0000] {dag.py:4180} INFO - Setting next_dagrun for weather_scrape_and_load to 2026-07-14 23:00:00+00:00, run_after=2026-07-15 00:00:00+00:00
[2026-07-14T23:52:51.764+0000] {processor.py:208} INFO - Processing /opt/airflow/dags/weather_scrape_dag.py took 0.065 seconds
[2026-07-14T23:53:21.824+0000] {processor.py:186} INFO - Started process (PID=9165) to work on /opt/airflow/dags/weather_scrape_dag.py
[2026-07-14T23:53:21.824+0000] {processor.py:914} INFO - Processing file /opt/airflow/dags/weather_scrape_dag.py for tasks to queue
[2026-07-14T23:53:21.826+0000] {logging_mixin.py:190} INFO - [2026-07-14T23:53:21.825+0000] {dagbag.py:588} INFO - Filling up the DagBag from /opt/airflow/dags/weather_scrape_dag.py
[2026-07-14T23:53:21.833+0000] {processor.py:925} INFO - DAG(s) 'weather_scrape_and_load' retrieved from /opt/airflow/dags/weather_scrape_dag.py
[2026-07-14T23:53:21.849+0000] {logging_mixin.py:190} INFO - [2026-07-14T23:53:21.849+0000] {dag.py:3239} INFO - Sync 1 DAGs
[2026-07-14T23:53:21.865+0000] {logging_mixin.py:190} INFO - [2026-07-14T23:53:21.864+0000] {dag.py:4180} INFO - Setting next_dagrun for weather_scrape_and_load to 2026-07-14 23:00:00+00:00, run_after=2026-07-15 00:00:00+00:00
[2026-07-14T23:53:21.878+0000] {processor.py:208} INFO - Processing /opt/airflow/dags/weather_scrape_dag.py took 0.058 seconds
[2026-07-14T23:53:51.980+0000] {processor.py:186} INFO - Started process (PID=9170) to work on /opt/airflow/dags/weather_scrape_dag.py
[2026-07-14T23:53:51.989+0000] {processor.py:914} INFO - Processing file /opt/airflow/dags/weather_scrape_dag.py for tasks to queue
[2026-07-14T23:53:51.990+0000] {logging_mixin.py:190} INFO - [2026-07-14T23:53:51.990+0000] {dagbag.py:588} INFO - Filling up the DagBag from /opt/airflow/dags/weather_scrape_dag.py
[2026-07-14T23:53:51.997+0000] {processor.py:925} INFO - DAG(s) 'weather_scrape_and_load' retrieved from /opt/airflow/dags/weather_scrape_dag.py
[2026-07-14T23:53:52.013+0000] {logging_mixin.py:190} INFO - [2026-07-14T23:53:52.013+0000] {dag.py:3239} INFO - Sync 1 DAGs
[2026-07-14T23:53:52.027+0000] {logging_mixin.py:190} INFO - [2026-07-14T23:53:52.027+0000] {dag.py:4180} INFO - Setting next_dagrun for weather_scrape_and_load to 2026-07-14 23:00:00+00:00, run_after=2026-07-15 00:00:00+00:00
[2026-07-14T23:53:52.041+0000] {processor.py:208} INFO - Processing /opt/airflow/dags/weather_scrape_dag.py took 0.065 seconds
[2026-07-14T23:54:22.096+0000] {processor.py:186} INFO - Started process (PID=9175) to work on /opt/airflow/dags/weather_scrape_dag.py
[2026-07-14T23:54:22.096+0000] {processor.py:914} INFO - Processing file /opt/airflow/dags/weather_scrape_dag.py for tasks to queue
[2026-07-14T23:54:22.098+0000] {logging_mixin.py:190} INFO - [2026-07-14T23:54:22.098+0000] {dagbag.py:588} INFO - Filling up the DagBag from /opt/airflow/dags/weather_scrape_dag.py
[2026-07-14T23:54:22.106+0000] {processor.py:925} INFO - DAG(s) 'weather_scrape_and_load' retrieved from /opt/airflow/dags/weather_scrape_dag.py
[2026-07-14T23:54:22.123+0000] {logging_mixin.py:190} INFO - [2026-07-14T23:54:22.123+0000] {dag.py:3239} INFO - Sync 1 DAGs
[2026-07-14T23:54:22.138+0000] {logging_mixin.py:190} INFO - [2026-07-14T23:54:22.138+0000] {dag.py:4180} INFO - Setting next_dagrun for weather_scrape_and_load to 2026-07-14 23:00:00+00:00, run_after=2026-07-15 00:00:00+00:00
[2026-07-14T23:54:22.150+0000] {processor.py:208} INFO - Processing /opt/airflow/dags/weather_scrape_dag.py took 0.058 seconds
[2026-07-14T23:54:52.248+0000] {processor.py:186} INFO - Started process (PID=9180) to work on /opt/airflow/dags/weather_scrape_dag.py
[2026-07-14T23:54:52.250+0000] {processor.py:914} INFO - Processing file /opt/airflow/dags/weather_scrape_dag.py for tasks to queue
[2026-07-14T23:54:52.251+0000] {logging_mixin.py:190} INFO - [2026-07-14T23:54:52.251+0000] {dagbag.py:588} INFO - Filling up the DagBag from /opt/airflow/dags/weather_scrape_dag.py
[2026-07-14T23:54:52.258+0000] {processor.py:925} INFO - DAG(s) 'weather_scrape_and_load' retrieved from /opt/airflow/dags/weather_scrape_dag.py
[2026-07-14T23:54:52.276+0000] {logging_mixin.py:190} INFO - [2026-07-14T23:54:52.275+0000] {dag.py:3239} INFO - Sync 1 DAGs
[2026-07-14T23:54:52.291+0000] {logging_mixin.py:190} INFO - [2026-07-14T23:54:52.290+0000] {dag.py:4180} INFO - Setting next_dagrun for weather_scrape_and_load to 2026-07-14 23:00:00+00:00, run_after=2026-07-15 00:00:00+00:00
[2026-07-14T23:54:52.303+0000] {processor.py:208} INFO - Processing /opt/airflow/dags/weather_scrape_dag.py took 0.059 seconds
[2026-07-14T23:55:22.360+0000] {processor.py:186} INFO - Started process (PID=9185) to work on /opt/airflow/dags/weather_scrape_dag.py
[2026-07-14T23:55:22.361+0000] {processor.py:914} INFO - Processing file /opt/airflow/dags/weather_scrape_dag.py for tasks to queue
[2026-07-14T23:55:22.362+0000] {logging_mixin.py:190} INFO - [2026-07-14T23:55:22.362+0000] {dagbag.py:588} INFO - Filling up the DagBag from /opt/airflow/dags/weather_scrape_dag.py
[2026-07-14T23:55:22.370+0000] {processor.py:925} INFO - DAG(s) 'weather_scrape_and_load' retrieved from /opt/airflow/dags/weather_scrape_dag.py
[2026-07-14T23:55:22.387+0000] {logging_mixin.py:190} INFO - [2026-07-14T23:55:22.387+0000] {dag.py:3239} INFO - Sync 1 DAGs
[2026-07-14T23:55:22.401+0000] {logging_mixin.py:190} INFO - [2026-07-14T23:55:22.401+0000] {dag.py:4180} INFO - Setting next_dagrun for weather_scrape_and_load to 2026-07-14 23:00:00+00:00, run_after=2026-07-15 00:00:00+00:00
[2026-07-14T23:55:22.413+0000] {processor.py:208} INFO - Processing /opt/airflow/dags/weather_scrape_dag.py took 0.057 seconds
[2026-07-14T23:55:52.508+0000] {processor.py:186} INFO - Started process (PID=9190) to work on /opt/airflow/dags/weather_scrape_dag.py
[2026-07-14T23:55:52.516+0000] {processor.py:914} INFO - Processing file /opt/airflow/dags/weather_scrape_dag.py for tasks to queue
[2026-07-14T23:55:52.518+0000] {logging_mixin.py:190} INFO - [2026-07-14T23:55:52.517+0000] {dagbag.py:588} INFO - Filling up the DagBag from /opt/airflow/dags/weather_scrape_dag.py
[2026-07-14T23:55:52.525+0000] {processor.py:925} INFO - DAG(s) 'weather_scrape_and_load' retrieved from /opt/airflow/dags/weather_scrape_dag.py
[2026-07-14T23:55:52.540+0000] {logging_mixin.py:190} INFO - [2026-07-14T23:55:52.540+0000] {dag.py:3239} INFO - Sync 1 DAGs
[2026-07-14T23:55:52.555+0000] {logging_mixin.py:190} INFO - [2026-07-14T23:55:52.555+0000] {dag.py:4180} INFO - Setting next_dagrun for weather_scrape_and_load to 2026-07-14 23:00:00+00:00, run_after=2026-07-15 00:00:00+00:00
[2026-07-14T23:55:52.567+0000] {processor.py:208} INFO - Processing /opt/airflow/dags/weather_scrape_dag.py took 0.064 seconds
[2026-07-14T23:56:22.633+0000] {processor.py:186} INFO - Started process (PID=9195) to work on /opt/airflow/dags/weather_scrape_dag.py
[2026-07-14T23:56:22.634+0000] {processor.py:914} INFO - Processing file /opt/airflow/dags/weather_scrape_dag.py for tasks to queue
[2026-07-14T23:56:22.636+0000] {logging_mixin.py:190} INFO - [2026-07-14T23:56:22.636+0000] {dagbag.py:588} INFO - Filling up the DagBag from /opt/airflow/dags/weather_scrape_dag.py
[2026-07-14T23:56:22.644+0000] {processor.py:925} INFO - DAG(s) 'weather_scrape_and_load' retrieved from /opt/airflow/dags/weather_scrape_dag.py
[2026-07-14T23:56:22.668+0000] {logging_mixin.py:190} INFO - [2026-07-14T23:56:22.668+0000] {dag.py:3239} INFO - Sync 1 DAGs
[2026-07-14T23:56:22.689+0000] {logging_mixin.py:190} INFO - [2026-07-14T23:56:22.688+0000] {dag.py:4180} INFO - Setting next_dagrun for weather_scrape_and_load to 2026-07-14 23:00:00+00:00, run_after=2026-07-15 00:00:00+00:00
[2026-07-14T23:56:22.703+0000] {processor.py:208} INFO - Processing /opt/airflow/dags/weather_scrape_dag.py took 0.076 seconds
[2026-07-14T23:56:52.776+0000] {processor.py:186} INFO - Started process (PID=9200) to work on /opt/airflow/dags/weather_scrape_dag.py
[2026-07-14T23:56:52.782+0000] {processor.py:914} INFO - Processing file /opt/airflow/dags/weather_scrape_dag.py for tasks to queue
[2026-07-14T23:56:52.784+0000] {logging_mixin.py:190} INFO - [2026-07-14T23:56:52.783+0000] {dagbag.py:588} INFO - Filling up the DagBag from /opt/airflow/dags/weather_scrape_dag.py
[2026-07-14T23:56:52.791+0000] {processor.py:925} INFO - DAG(s) 'weather_scrape_and_load' retrieved from /opt/airflow/dags/weather_scrape_dag.py
[2026-07-14T23:56:52.806+0000] {logging_mixin.py:190} INFO - [2026-07-14T23:56:52.806+0000] {dag.py:3239} INFO - Sync 1 DAGs
[2026-07-14T23:56:52.821+0000] {logging_mixin.py:190} INFO - [2026-07-14T23:56:52.821+0000] {dag.py:4180} INFO - Setting next_dagrun for weather_scrape_and_load to 2026-07-14 23:00:00+00:00, run_after=2026-07-15 00:00:00+00:00
[2026-07-14T23:56:52.834+0000] {processor.py:208} INFO - Processing /opt/airflow/dags/weather_scrape_dag.py took 0.062 seconds
[2026-07-14T23:57:22.910+0000] {processor.py:186} INFO - Started process (PID=9205) to work on /opt/airflow/dags/weather_scrape_dag.py
[2026-07-14T23:57:22.910+0000] {processor.py:914} INFO - Processing file /opt/airflow/dags/weather_scrape_dag.py for tasks to queue
[2026-07-14T23:57:22.912+0000] {logging_mixin.py:190} INFO - [2026-07-14T23:57:22.912+0000] {dagbag.py:588} INFO - Filling up the DagBag from /opt/airflow/dags/weather_scrape_dag.py
[2026-07-14T23:57:22.919+0000] {processor.py:925} INFO - DAG(s) 'weather_scrape_and_load' retrieved from /opt/airflow/dags/weather_scrape_dag.py
[2026-07-14T23:57:22.936+0000] {logging_mixin.py:190} INFO - [2026-07-14T23:57:22.936+0000] {dag.py:3239} INFO - Sync 1 DAGs
[2026-07-14T23:57:22.952+0000] {logging_mixin.py:190} INFO - [2026-07-14T23:57:22.951+0000] {dag.py:4180} INFO - Setting next_dagrun for weather_scrape_and_load to 2026-07-14 23:00:00+00:00, run_after=2026-07-15 00:00:00+00:00
[2026-07-14T23:57:22.963+0000] {processor.py:208} INFO - Processing /opt/airflow/dags/weather_scrape_dag.py took 0.057 seconds
[2026-07-14T23:57:53.036+0000] {processor.py:186} INFO - Started process (PID=9210) to work on /opt/airflow/dags/weather_scrape_dag.py
[2026-07-14T23:57:53.044+0000] {processor.py:914} INFO - Processing file /opt/airflow/dags/weather_scrape_dag.py for tasks to queue
[2026-07-14T23:57:53.046+0000] {logging_mixin.py:190} INFO - [2026-07-14T23:57:53.045+0000] {dagbag.py:588} INFO - Filling up the DagBag from /opt/airflow/dags/weather_scrape_dag.py
[2026-07-14T23:57:53.053+0000] {processor.py:925} INFO - DAG(s) 'weather_scrape_and_load' retrieved from /opt/airflow/dags/weather_scrape_dag.py
[2026-07-14T23:57:53.069+0000] {logging_mixin.py:190} INFO - [2026-07-14T23:57:53.069+0000] {dag.py:3239} INFO - Sync 1 DAGs
[2026-07-14T23:57:53.083+0000] {logging_mixin.py:190} INFO - [2026-07-14T23:57:53.083+0000] {dag.py:4180} INFO - Setting next_dagrun for weather_scrape_and_load to 2026-07-14 23:00:00+00:00, run_after=2026-07-15 00:00:00+00:00
[2026-07-14T23:57:53.096+0000] {processor.py:208} INFO - Processing /opt/airflow/dags/weather_scrape_dag.py took 0.063 seconds
[2026-07-14T23:58:23.164+0000] {processor.py:186} INFO - Started process (PID=9215) to work on /opt/airflow/dags/weather_scrape_dag.py
[2026-07-14T23:58:23.165+0000] {processor.py:914} INFO - Processing file /opt/airflow/dags/weather_scrape_dag.py for tasks to queue
[2026-07-14T23:58:23.166+0000] {logging_mixin.py:190} INFO - [2026-07-14T23:58:23.166+0000] {dagbag.py:588} INFO - Filling up the DagBag from /opt/airflow/dags/weather_scrape_dag.py
[2026-07-14T23:58:23.173+0000] {processor.py:925} INFO - DAG(s) 'weather_scrape_and_load' retrieved from /opt/airflow/dags/weather_scrape_dag.py
[2026-07-14T23:58:23.190+0000] {logging_mixin.py:190} INFO - [2026-07-14T23:58:23.190+0000] {dag.py:3239} INFO - Sync 1 DAGs
[2026-07-14T23:58:23.204+0000] {logging_mixin.py:190} INFO - [2026-07-14T23:58:23.204+0000] {dag.py:4180} INFO - Setting next_dagrun for weather_scrape_and_load to 2026-07-14 23:00:00+00:00, run_after=2026-07-15 00:00:00+00:00
[2026-07-14T23:58:23.217+0000] {processor.py:208} INFO - Processing /opt/airflow/dags/weather_scrape_dag.py took 0.056 seconds
[2026-07-14T23:58:53.306+0000] {processor.py:186} INFO - Started process (PID=9220) to work on /opt/airflow/dags/weather_scrape_dag.py
[2026-07-14T23:58:53.314+0000] {processor.py:914} INFO - Processing file /opt/airflow/dags/weather_scrape_dag.py for tasks to queue
[2026-07-14T23:58:53.316+0000] {logging_mixin.py:190} INFO - [2026-07-14T23:58:53.315+0000] {dagbag.py:588} INFO - Filling up the DagBag from /opt/airflow/dags/weather_scrape_dag.py
[2026-07-14T23:58:53.323+0000] {processor.py:925} INFO - DAG(s) 'weather_scrape_and_load' retrieved from /opt/airflow/dags/weather_scrape_dag.py
[2026-07-14T23:58:53.339+0000] {logging_mixin.py:190} INFO - [2026-07-14T23:58:53.339+0000] {dag.py:3239} INFO - Sync 1 DAGs
[2026-07-14T23:58:53.353+0000] {logging_mixin.py:190} INFO - [2026-07-14T23:58:53.353+0000] {dag.py:4180} INFO - Setting next_dagrun for weather_scrape_and_load to 2026-07-14 23:00:00+00:00, run_after=2026-07-15 00:00:00+00:00
[2026-07-14T23:58:53.366+0000] {processor.py:208} INFO - Processing /opt/airflow/dags/weather_scrape_dag.py took 0.063 seconds
[2026-07-14T23:59:23.430+0000] {processor.py:186} INFO - Started process (PID=9225) to work on /opt/airflow/dags/weather_scrape_dag.py
[2026-07-14T23:59:23.431+0000] {processor.py:914} INFO - Processing file /opt/airflow/dags/weather_scrape_dag.py for tasks to queue
[2026-07-14T23:59:23.432+0000] {logging_mixin.py:190} INFO - [2026-07-14T23:59:23.432+0000] {dagbag.py:588} INFO - Filling up the DagBag from /opt/airflow/dags/weather_scrape_dag.py
[2026-07-14T23:59:23.440+0000] {processor.py:925} INFO - DAG(s) 'weather_scrape_and_load' retrieved from /opt/airflow/dags/weather_scrape_dag.py
[2026-07-14T23:59:23.456+0000] {logging_mixin.py:190} INFO - [2026-07-14T23:59:23.455+0000] {dag.py:3239} INFO - Sync 1 DAGs
[2026-07-14T23:59:23.470+0000] {logging_mixin.py:190} INFO - [2026-07-14T23:59:23.470+0000] {dag.py:4180} INFO - Setting next_dagrun for weather_scrape_and_load to 2026-07-14 23:00:00+00:00, run_after=2026-07-15 00:00:00+00:00
[2026-07-14T23:59:23.482+0000] {processor.py:208} INFO - Processing /opt/airflow/dags/weather_scrape_dag.py took 0.056 seconds
[2026-07-14T23:59:53.576+0000] {processor.py:186} INFO - Started process (PID=9230) to work on /opt/airflow/dags/weather_scrape_dag.py
[2026-07-14T23:59:53.577+0000] {processor.py:914} INFO - Processing file /opt/airflow/dags/weather_scrape_dag.py for tasks to queue
[2026-07-14T23:59:53.579+0000] {logging_mixin.py:190} INFO - [2026-07-14T23:59:53.579+0000] {dagbag.py:588} INFO - Filling up the DagBag from /opt/airflow/dags/weather_scrape_dag.py
[2026-07-14T23:59:53.590+0000] {processor.py:925} INFO - DAG(s) 'weather_scrape_and_load' retrieved from /opt/airflow/dags/weather_scrape_dag.py
[2026-07-14T23:59:53.610+0000] {logging_mixin.py:190} INFO - [2026-07-14T23:59:53.610+0000] {dag.py:3239} INFO - Sync 1 DAGs
[2026-07-14T23:59:53.628+0000] {logging_mixin.py:190} INFO - [2026-07-14T23:59:53.628+0000] {dag.py:4180} INFO - Setting next_dagrun for weather_scrape_and_load to 2026-07-14 23:00:00+00:00, run_after=2026-07-15 00:00:00+00:00
[2026-07-14T23:59:53.640+0000] {processor.py:208} INFO - Processing /opt/airflow/dags/weather_scrape_dag.py took 0.069 seconds
